ISO-10303-21;
HEADER;
/* Generated by software containing ST-Developer
 * from STEP Tools, Inc. (www.steptools.com) 
 */
/* OPTION: using custom schema-name function */

FILE_DESCRIPTION(
/* description */ (''),
/* implementation_level */ '2;1');

FILE_NAME(
/* name */ 'SGX-\X2\6B6353CD7259\X0\.stp',
/* time_stamp */ '2022-08-06T13:08:26+08:00',
/* author */ (''),
/* organization */ (''),
/* preprocessor_version */ 'ST-DEVELOPER v16',
/* originating_system */ 'SIEMENS PLM Software NX 10.0',
/* authorisation */ '');

FILE_SCHEMA (('AP203_CONFIGURATION_CONTROLLED_3D_DESIGN_OF_MECHANICAL_PARTS_AND_ASSEMBLIES_MIM_LF { 1 0 10303 403 2 1 2}'));
ENDSEC;

DATA;
#10=PROPERTY_DEFINITION_REPRESENTATION(#14,#12);
#11=PROPERTY_DEFINITION_REPRESENTATION(#15,#13);
#12=REPRESENTATION('',(#16),#19257);
#13=REPRESENTATION('',(#17),#19257);
#14=PROPERTY_DEFINITION('pmi validation property','',#89);
#15=PROPERTY_DEFINITION('pmi validation property','',#89);
#16=VALUE_REPRESENTATION_ITEM('number of annotations',COUNT_MEASURE(0.));
#17=VALUE_REPRESENTATION_ITEM('number of views',COUNT_MEASURE(0.));
#18=SHAPE_REPRESENTATION_RELATIONSHIP('None',
'relationship between Admi2814D3FDwx91-None and Admi2814D3FDwx91-None',
#100,#19);
#19=ADVANCED_BREP_SHAPE_REPRESENTATION('Admi2814D3FDwx91-None',(#170,#171,
#172,#173,#174,#175,#176,#177,#178,#179,#180,#181,#182,#183),#19257);
#20=CC_DESIGN_APPROVAL(#32,(#90));
#21=CC_DESIGN_APPROVAL(#33,(#92));
#22=CC_DESIGN_APPROVAL(#34,(#39));
#23=APPROVAL_PERSON_ORGANIZATION(#77,#32,#26);
#24=APPROVAL_PERSON_ORGANIZATION(#78,#33,#27);
#25=APPROVAL_PERSON_ORGANIZATION(#79,#34,#28);
#26=APPROVAL_ROLE('approver');
#27=APPROVAL_ROLE('approver');
#28=APPROVAL_ROLE('approver');
#29=APPROVAL_DATE_TIME(#47,#32);
#30=APPROVAL_DATE_TIME(#48,#33);
#31=APPROVAL_DATE_TIME(#49,#34);
#32=APPROVAL(#35,' ');
#33=APPROVAL(#36,' ');
#34=APPROVAL(#37,' ');
#35=APPROVAL_STATUS('not_yet_approved');
#36=APPROVAL_STATUS('not_yet_approved');
#37=APPROVAL_STATUS('not_yet_approved');
#38=CC_DESIGN_SECURITY_CLASSIFICATION(#39,(#92));
#39=SECURITY_CLASSIFICATION(' ',' ',#40);
#40=SECURITY_CLASSIFICATION_LEVEL('confidential');
#41=CC_DESIGN_DATE_AND_TIME_ASSIGNMENT(#45,#43,(#90));
#42=CC_DESIGN_DATE_AND_TIME_ASSIGNMENT(#46,#44,(#39));
#43=DATE_TIME_ROLE('creation_date');
#44=DATE_TIME_ROLE('classification_date');
#45=DATE_AND_TIME(#60,#50);
#46=DATE_AND_TIME(#61,#51);
#47=DATE_AND_TIME(#62,#52);
#48=DATE_AND_TIME(#63,#53);
#49=DATE_AND_TIME(#64,#54);
#50=LOCAL_TIME(0,0,0.,#55);
#51=LOCAL_TIME(0,0,0.,#56);
#52=LOCAL_TIME(0,0,0.,#57);
#53=LOCAL_TIME(0,0,0.,#58);
#54=LOCAL_TIME(0,0,0.,#59);
#55=COORDINATED_UNIVERSAL_TIME_OFFSET(0,0,.BEHIND.);
#56=COORDINATED_UNIVERSAL_TIME_OFFSET(0,0,.BEHIND.);
#57=COORDINATED_UNIVERSAL_TIME_OFFSET(0,0,.BEHIND.);
#58=COORDINATED_UNIVERSAL_TIME_OFFSET(0,0,.BEHIND.);
#59=COORDINATED_UNIVERSAL_TIME_OFFSET(0,0,.BEHIND.);
#60=CALENDAR_DATE(0,1,1);
#61=CALENDAR_DATE(0,1,1);
#62=CALENDAR_DATE(0,1,1);
#63=CALENDAR_DATE(0,1,1);
#64=CALENDAR_DATE(0,1,1);
#65=CC_DESIGN_PERSON_AND_ORGANIZATION_ASSIGNMENT(#73,#69,(#90,#92));
#66=CC_DESIGN_PERSON_AND_ORGANIZATION_ASSIGNMENT(#74,#70,(#94));
#67=CC_DESIGN_PERSON_AND_ORGANIZATION_ASSIGNMENT(#75,#71,(#92));
#68=CC_DESIGN_PERSON_AND_ORGANIZATION_ASSIGNMENT(#76,#72,(#39));
#69=PERSON_AND_ORGANIZATION_ROLE('creator');
#70=PERSON_AND_ORGANIZATION_ROLE('design_owner');
#71=PERSON_AND_ORGANIZATION_ROLE('design_supplier');
#72=PERSON_AND_ORGANIZATION_ROLE('classification_officer');
#73=PERSON_AND_ORGANIZATION(#87,#80);
#74=PERSON_AND_ORGANIZATION(#87,#81);
#75=PERSON_AND_ORGANIZATION(#87,#82);
#76=PERSON_AND_ORGANIZATION(#87,#83);
#77=PERSON_AND_ORGANIZATION(#87,#84);
#78=PERSON_AND_ORGANIZATION(#87,#85);
#79=PERSON_AND_ORGANIZATION(#87,#86);
#80=ORGANIZATION(' ',' ',' ');
#81=ORGANIZATION(' ',' ',' ');
#82=ORGANIZATION(' ',' ',' ');
#83=ORGANIZATION(' ',' ',' ');
#84=ORGANIZATION(' ',' ',' ');
#85=ORGANIZATION(' ',' ',' ');
#86=ORGANIZATION(' ',' ',' ');
#87=PERSON(' ',' ',' ',(' '),$,$);
#88=SHAPE_DEFINITION_REPRESENTATION(#89,#100);
#89=PRODUCT_DEFINITION_SHAPE('','',#90);
#90=PRODUCT_DEFINITION(' ','',#92,#91);
#91=DESIGN_CONTEXT('',#99,'design');
#92=PRODUCT_DEFINITION_FORMATION_WITH_SPECIFIED_SOURCE(' ',' ',#94,
 .NOT_KNOWN.);
#93=PRODUCT_RELATED_PRODUCT_CATEGORY('detail','',(#94));
#94=PRODUCT('Admi2814D3FDwx91','Admi2814D3FDwx91',' ',(#97));
#95=PRODUCT_CATEGORY('part',' ');
#96=PRODUCT_CATEGORY(' ','');
#97=MECHANICAL_CONTEXT(' ',#99,'mechanical');
#98=APPLICATION_PROTOCOL_DEFINITION('international standard',
'config_control_design',2010,#99);
#99=APPLICATION_CONTEXT(
'configuration controlled 3D designs of mechanical parts and assemblie
s');
#100=SHAPE_REPRESENTATION('Admi2814D3FDwx91-None',(#10777),#19257);
#101=B_SPLINE_CURVE_WITH_KNOTS('',3,(#16091,#16092,#16093,#16094,#16095,
#16096,#16097,#16098,#16099,#16100,#16101,#16102,#16103,#16104),
 .UNSPECIFIED.,.F.,.F.,(4,2,2,2,2,2,4),(0.,0.0624999999999999,0.125,0.25,
0.5,0.75,1.),.UNSPECIFIED.);
#102=B_SPLINE_CURVE_WITH_KNOTS('',3,(#16108,#16109,#16110,#16111,#16112,
#16113,#16114,#16115,#16116,#16117,#16118,#16119,#16120,#16121),
 .UNSPECIFIED.,.F.,.F.,(4,2,2,2,2,2,4),(0.,0.25,0.499999999999999,0.749999999999999,
0.875,0.9375,1.),.UNSPECIFIED.);
#103=B_SPLINE_CURVE_WITH_KNOTS('',3,(#16153,#16154,#16155,#16156,#16157,
#16158,#16159,#16160,#16161,#16162,#16163,#16164,#16165,#16166),
 .UNSPECIFIED.,.F.,.F.,(4,2,2,2,2,2,4),(0.,0.250000000000001,0.500000000000001,
0.750000000000002,0.875000000000001,0.9375,1.),.UNSPECIFIED.);
#104=B_SPLINE_CURVE_WITH_KNOTS('',3,(#16170,#16171,#16172,#16173,#16174,
#16175,#16176,#16177,#16178,#16179,#16180,#16181,#16182,#16183),
 .UNSPECIFIED.,.F.,.F.,(4,2,2,2,2,2,4),(0.,0.0625000000000007,0.125000000000001,
0.250000000000003,0.500000000000002,0.750000000000001,1.),.UNSPECIFIED.);
#105=B_SPLINE_CURVE_WITH_KNOTS('',3,(#16197,#16198,#16199,#16200,#16201,
#16202,#16203,#16204,#16205,#16206,#16207,#16208,#16209,#16210),
 .UNSPECIFIED.,.F.,.F.,(4,2,2,2,2,2,4),(0.,0.25,0.500000000000001,0.750000000000001,
0.875000000000001,0.9375,1.),.UNSPECIFIED.);
#106=B_SPLINE_CURVE_WITH_KNOTS('',3,(#16214,#16215,#16216,#16217,#16218,
#16219,#16220,#16221,#16222,#16223,#16224,#16225,#16226,#16227),
 .UNSPECIFIED.,.F.,.F.,(4,2,2,2,2,2,4),(0.,0.0625,0.125,0.25,0.5,0.75,1.),
 .UNSPECIFIED.);
#107=B_SPLINE_CURVE_WITH_KNOTS('',3,(#16259,#16260,#16261,#16262,#16263,
#16264,#16265,#16266,#16267,#16268,#16269,#16270,#16271,#16272),
 .UNSPECIFIED.,.F.,.F.,(4,2,2,2,2,2,4),(0.,0.0624999999999996,0.124999999999999,
0.249999999999999,0.499999999999999,0.749999999999999,1.),.UNSPECIFIED.);
#108=B_SPLINE_CURVE_WITH_KNOTS('',3,(#16276,#16277,#16278,#16279,#16280,
#16281,#16282,#16283,#16284,#16285,#16286,#16287,#16288,#16289),
 .UNSPECIFIED.,.F.,.F.,(4,2,2,2,2,2,4),(0.,0.25,0.499999999999999,0.749999999999998,
0.875,0.9375,1.),.UNSPECIFIED.);
#109=B_SPLINE_CURVE_WITH_KNOTS('',3,(#16305,#16306,#16307,#16308,#16309,
#16310,#16311,#16312,#16313,#16314,#16315,#16316,#16317,#16318),
 .UNSPECIFIED.,.F.,.F.,(4,2,2,2,2,2,4),(0.,0.125,0.250000000000001,0.5,
0.75,0.875,1.),.UNSPECIFIED.);
#110=B_SPLINE_CURVE_WITH_KNOTS('',3,(#16380,#16381,#16382,#16383,#16384,
#16385,#16386,#16387,#16388,#16389,#16390,#16391,#16392,#16393),
 .UNSPECIFIED.,.F.,.F.,(4,2,2,2,2,2,4),(0.,0.25,0.500000000000001,0.750000000000002,
0.875000000000001,0.937500000000001,1.),.UNSPECIFIED.);
#111=B_SPLINE_CURVE_WITH_KNOTS('',3,(#16394,#16395,#16396,#16397,#16398,
#16399,#16400,#16401,#16402,#16403,#16404,#16405,#16406,#16407),
 .UNSPECIFIED.,.F.,.F.,(4,2,2,2,2,2,4),(0.,0.0625000000000007,0.125000000000001,
0.250000000000002,0.500000000000001,0.750000000000001,1.),.UNSPECIFIED.);
#112=B_SPLINE_CURVE_WITH_KNOTS('',3,(#16424,#16425,#16426,#16427),
 .UNSPECIFIED.,.F.,.F.,(4,4),(0.,1.),.UNSPECIFIED.);
#113=B_SPLINE_CURVE_WITH_KNOTS('',3,(#16428,#16429,#16430,#16431),
 .UNSPECIFIED.,.F.,.F.,(4,4),(0.,1.),.UNSPECIFIED.);
#114=B_SPLINE_CURVE_WITH_KNOTS('',3,(#16435,#16436,#16437,#16438),
 .UNSPECIFIED.,.F.,.F.,(4,4),(0.,1.),.UNSPECIFIED.);
#115=B_SPLINE_CURVE_WITH_KNOTS('',3,(#16439,#16440,#16441,#16442),
 .UNSPECIFIED.,.F.,.F.,(4,4),(0.,1.),.UNSPECIFIED.);
#116=B_SPLINE_CURVE_WITH_KNOTS('',3,(#16511,#16512,#16513,#16514),
 .UNSPECIFIED.,.F.,.F.,(4,4),(0.,1.),.UNSPECIFIED.);
#117=B_SPLINE_CURVE_WITH_KNOTS('',3,(#16515,#16516,#16517,#16518),
 .UNSPECIFIED.,.F.,.F.,(4,4),(0.,1.),.UNSPECIFIED.);
#118=B_SPLINE_CURVE_WITH_KNOTS('',3,(#16519,#16520,#16521,#16522),
 .UNSPECIFIED.,.F.,.F.,(4,4),(0.,1.),.UNSPECIFIED.);
#119=B_SPLINE_CURVE_WITH_KNOTS('',3,(#16523,#16524,#16525,#16526),
 .UNSPECIFIED.,.F.,.F.,(4,4),(0.,1.),.UNSPECIFIED.);
#120=B_SPLINE_CURVE_WITH_KNOTS('',3,(#16530,#16531,#16532,#16533,#16534,
#16535,#16536,#16537,#16538,#16539,#16540,#16541,#16542,#16543),
 .UNSPECIFIED.,.F.,.F.,(4,2,2,2,2,2,4),(0.,0.249999999999999,0.499999999999999,
0.749999999999998,0.874999999999999,0.9375,1.),.UNSPECIFIED.);
#121=B_SPLINE_CURVE_WITH_KNOTS('',3,(#16544,#16545,#16546,#16547,#16548,
#16549,#16550,#16551,#16552,#16553,#16554,#16555,#16556,#16557),
 .UNSPECIFIED.,.F.,.F.,(4,2,2,2,2,2,4),(0.,0.0624999999999992,0.124999999999998,
0.249999999999998,0.499999999999999,0.749999999999999,1.),.UNSPECIFIED.);
#122=B_SPLINE_CURVE_WITH_KNOTS('',3,(#16575,#16576,#16577,#16578,#16579,
#16580,#16581,#16582,#16583,#16584,#16585,#16586,#16587,#16588),
 .UNSPECIFIED.,.F.,.F.,(4,2,2,2,2,2,4),(0.,0.125,0.249999999999999,0.499999999999999,
0.749999999999999,0.874999999999999,1.),.UNSPECIFIED.);
#123=B_SPLINE_CURVE_WITH_KNOTS('',3,(#17190,#17191,#17192,#17193,#17194,
#17195,#17196,#17197,#17198,#17199,#17200,#17201,#17202,#17203,#17204,#17205,
#17206,#17207,#17208,#17209,#17210,#17211,#17212,#17213,#17214,#17215,#17216,
#17217,#17218,#17219,#17220),.UNSPECIFIED.,.F.,.F.,(4,3,3,3,3,3,3,3,3,3,
4),(0.,0.0972238795420227,0.194179636313746,0.295145603208874,0.404793345012575,
0.521608984781475,0.640291159794985,0.755196003763175,0.86396475589512,
0.967524321251851,1.),.UNSPECIFIED.);
#124=B_SPLINE_CURVE_WITH_KNOTS('',3,(#17224,#17225,#17226,#17227,#17228,
#17229,#17230,#17231,#17232,#17233,#17234,#17235,#17236,#17237,#17238,#17239,
#17240,#17241,#17242,#17243,#17244,#17245,#17246,#17247,#17248,#17249,#17250,
#17251,#17252,#17253,#17254,#17255,#17256,#17257,#17258,#17259,#17260,#17261,
#17262,#17263,#17264,#17265,#17266),.UNSPECIFIED.,.F.,.F.,(4,3,3,3,3,3,
3,3,3,3,3,3,3,3,4),(0.,0.0262223566920679,0.0522772119843495,0.0873239653532513,
0.137847555616185,0.220841937584738,0.375077304170433,0.548732206505647,
0.707841927205316,0.803198010423212,0.874698223209984,0.917412783602778,
0.950831797530121,0.977627602573313,1.),.UNSPECIFIED.);
#125=B_SPLINE_CURVE_WITH_KNOTS('',3,(#17270,#17271,#17272,#17273,#17274,
#17275,#17276,#17277,#17278,#17279,#17280,#17281,#17282,#17283,#17284,#17285,
#17286,#17287,#17288,#17289,#17290,#17291,#17292,#17293,#17294,#17295,#17296,
#17297,#17298,#17299,#17300,#17301,#17302,#17303,#17304,#17305,#17306,#17307,
#17308,#17309,#17310,#17311,#17312),.UNSPECIFIED.,.F.,.F.,(4,3,3,3,3,3,
3,3,3,3,3,3,3,3,4),(0.,0.0262223566920738,0.05227721198435,0.087323965353244,
0.137847555616186,0.220841937584758,0.375077304170463,0.548732206505649,
0.707841927205353,0.803198010423219,0.874698223209989,0.917412783602782,
0.950831797530127,0.977627602573311,1.),.UNSPECIFIED.);
#126=B_SPLINE_CURVE_WITH_KNOTS('',3,(#17316,#17317,#17318,#17319,#17320,
#17321,#17322,#17323,#17324,#17325,#17326,#17327,#17328,#17329,#17330,#17331,
#17332,#17333,#17334,#17335,#17336,#17337,#17338,#17339,#17340,#17341,#17342,
#17343,#17344,#17345,#17346,#17347,#17348,#17349,#17350,#17351,#17352,#17353,
#17354,#17355,#17356,#17357,#17358),.UNSPECIFIED.,.F.,.F.,(4,3,3,3,3,3,
3,3,3,3,3,3,3,3,4),(0.,0.0223723974267143,0.0491682024698966,0.0825872163972427,
0.125301776790034,0.196801989576799,0.292158072794666,0.451267793494361,
0.624922695829543,0.779158062415245,0.862152444383819,0.912676034646756,
0.947722788015652,0.973777643307926,1.),.UNSPECIFIED.);
#127=B_SPLINE_CURVE_WITH_KNOTS('',3,(#17362,#17363,#17364,#17365,#17366,
#17367,#17368,#17369,#17370,#17371,#17372,#17373,#17374,#17375,#17376,#17377,
#17378,#17379,#17380,#17381,#17382,#17383,#17384,#17385,#17386,#17387,#17388,
#17389,#17390,#17391,#17392,#17393,#17394,#17395,#17396,#17397,#17398,#17399,
#17400,#17401,#17402,#17403,#17404),.UNSPECIFIED.,.F.,.F.,(4,3,3,3,3,3,
3,3,3,3,3,3,3,3,4),(0.,0.0223723974266876,0.0491682024698724,0.0825872163972172,
0.12530177679001,0.19680198957678,0.292158072794646,0.45126779349435,0.624922695829536,
0.779158062415242,0.862152444383814,0.912676034646756,0.94772278801565,
0.973777643307926,1.),.UNSPECIFIED.);
#128=B_SPLINE_CURVE_WITH_KNOTS('',3,(#17408,#17409,#17410,#17411,#17412,
#17413,#17414,#17415,#17416,#17417,#17418,#17419,#17420,#17421,#17422,#17423,
#17424,#17425,#17426,#17427,#17428,#17429,#17430,#17431,#17432,#17433,#17434,
#17435,#17436,#17437,#17438,#17439,#17440,#17441,#17442,#17443,#17444,#17445,
#17446,#17447,#17448,#17449,#17450),.UNSPECIFIED.,.F.,.F.,(4,3,3,3,3,3,
3,3,3,3,3,3,3,3,4),(0.,0.0223723974266876,0.0491682024698724,0.0825872163972172,
0.12530177679001,0.19680198957678,0.292158072794646,0.45126779349435,0.624922695829536,
0.779158062415242,0.862152444383814,0.912676034646756,0.94772278801565,
0.973777643307926,1.),.UNSPECIFIED.);
#129=B_SPLINE_CURVE_WITH_KNOTS('',3,(#17454,#17455,#17456,#17457,#17458,
#17459,#17460,#17461,#17462,#17463,#17464,#17465,#17466,#17467,#17468,#17469,
#17470,#17471,#17472,#17473,#17474,#17475,#17476,#17477,#17478,#17479,#17480,
#17481,#17482,#17483,#17484,#17485,#17486,#17487,#17488,#17489,#17490,#17491,
#17492,#17493,#17494,#17495,#17496),.UNSPECIFIED.,.F.,.F.,(4,3,3,3,3,3,
3,3,3,3,3,3,3,3,4),(0.,0.0223723974266876,0.0491682024698724,0.0825872163972172,
0.12530177679001,0.19680198957678,0.292158072794646,0.45126779349435,0.624922695829536,
0.779158062415242,0.862152444383814,0.912676034646756,0.94772278801565,
0.973777643307926,1.),.UNSPECIFIED.);
#130=B_SPLINE_CURVE_WITH_KNOTS('',3,(#17593,#17594,#17595,#17596,#17597,
#17598,#17599,#17600,#17601,#17602,#17603,#17604,#17605,#17606,#17607,#17608,
#17609,#17610,#17611,#17612,#17613,#17614,#17615,#17616,#17617,#17618,#17619,
#17620,#17621,#17622,#17623,#17624,#17625,#17626),.UNSPECIFIED.,.F.,.F.,
(4,3,3,3,3,3,3,3,3,3,3,4),(0.,0.0409155390853115,0.0813780332524632,0.151125318184857,
0.275858927176285,0.501803556388379,0.741619967440536,0.819671632836298,
0.898464848482736,0.94417134796565,0.990606130485477,1.),.UNSPECIFIED.);
#131=B_SPLINE_CURVE_WITH_KNOTS('',3,(#17659,#17660,#17661,#17662,#17663,
#17664,#17665,#17666,#17667,#17668,#17669,#17670,#17671,#17672,#17673,#17674,
#17675,#17676,#17677,#17678,#17679,#17680,#17681,#17682,#17683),
 .UNSPECIFIED.,.F.,.F.,(4,3,3,3,3,3,3,3,4),(0.,0.0385570301186227,0.0768677682432669,
0.128400082484626,0.202689346960172,0.324723263393229,0.551509045641422,
0.806849073931507,1.),.UNSPECIFIED.);
#132=B_SPLINE_CURVE_WITH_KNOTS('',3,(#17685,#17686,#17687,#17688,#17689,
#17690,#17691,#17692,#17693,#17694,#17695,#17696,#17697),.UNSPECIFIED.,
 .F.,.F.,(4,3,3,3,4),(0.,0.302295731613186,0.605562477879549,0.893695079392334,
1.),.UNSPECIFIED.);
#133=B_SPLINE_CURVE_WITH_KNOTS('',3,(#17701,#17702,#17703,#17704,#17705,
#17706,#17707,#17708,#17709,#17710,#17711,#17712,#17713,#17714,#17715,#17716,
#17717,#17718,#17719,#17720,#17721,#17722,#17723,#17724,#17725,#17726,#17727,
#17728,#17729,#17730,#17731),.UNSPECIFIED.,.F.,.F.,(4,3,3,3,3,3,3,3,3,3,
4),(0.,0.0857166717946938,0.170910152540154,0.2630644931369,0.373175050372093,
0.50081503556335,0.635457755370917,0.7617955092679,0.872874334937139,0.97173862986941,
1.),.UNSPECIFIED.);
#134=B_SPLINE_CURVE_WITH_KNOTS('',3,(#17736,#17737,#17738,#17739,#17740,
#17741,#17742,#17743,#17744,#17745,#17746,#17747,#17748,#17749,#17750,#17751,
#17752,#17753,#17754,#17755,#17756,#17757,#17758,#17759,#17760,#17761,#17762,
#17763,#17764,#17765,#17766,#17767,#17768,#17769,#17770,#17771,#17772,#17773,
#17774,#17775,#17776,#17777,#17778),.UNSPECIFIED.,.F.,.F.,(4,3,3,3,3,3,
3,3,3,3,3,3,3,3,4),(0.,0.0262223566920705,0.0522772119843455,0.0873239653532512,
0.137847555616192,0.220841937584745,0.375077304170449,0.548732206505654,
0.707841927205334,0.803198010423197,0.874698223209973,0.917412783602779,
0.950831797530136,0.977627602573316,1.),.UNSPECIFIED.);
#135=B_SPLINE_CURVE_WITH_KNOTS('',3,(#17782,#17783,#17784,#17785,#17786,
#17787,#17788,#17789,#17790,#17791,#17792,#17793,#17794,#17795,#17796,#17797,
#17798,#17799,#17800,#17801,#17802,#17803,#17804,#17805,#17806,#17807,#17808,
#17809,#17810,#17811,#17812),.UNSPECIFIED.,.F.,.F.,(4,3,3,3,3,3,3,3,3,3,
4),(0.,0.0928016941330106,0.185432411466885,0.280627310461728,0.383296936245454,
0.496884777245189,0.623057924583658,0.757665818664406,0.860310082171235,
0.946730181904728,1.),.UNSPECIFIED.);
#136=B_SPLINE_CURVE_WITH_KNOTS('',3,(#17868,#17869,#17870,#17871,#17872,
#17873,#17874,#17875,#17876,#17877,#17878,#17879,#17880,#17881,#17882,#17883,
#17884,#17885,#17886,#17887,#17888,#17889,#17890,#17891,#17892,#17893,#17894,
#17895,#17896,#17897,#17898,#17899,#17900,#17901),.UNSPECIFIED.,.F.,.F.,
(4,3,3,3,3,3,3,3,3,3,3,4),(0.,0.040902148010401,0.0813513993778126,0.151075857014318,
0.275768642466844,0.5016393232104,0.741377245756815,0.819355578968836,0.898072698068704,
0.943746754919365,0.990147068263099,1.),.UNSPECIFIED.);
#137=B_SPLINE_CURVE_WITH_KNOTS('',3,(#17904,#17905,#17906,#17907,#17908,
#17909,#17910,#17911,#17912,#17913,#17914,#17915,#17916,#17917,#17918,#17919,
#17920,#17921,#17922,#17923,#17924,#17925,#17926,#17927,#17928,#17929,#17930,
#17931,#17932,#17933,#17934,#17935,#17936,#17937),.UNSPECIFIED.,.F.,.F.,
(4,3,3,3,3,3,3,3,3,3,3,4),(0.,0.0410089470889701,0.0815596103636188,0.151654528974071,
0.277141845869645,0.504118146330444,0.744825945950651,0.822140911568699,
0.900200948063834,0.945626385889317,0.991769860501059,1.),.UNSPECIFIED.);
#138=B_SPLINE_CURVE_WITH_KNOTS('',3,(#17992,#17993,#17994,#17995,#17996,
#17997,#17998,#17999,#18000,#18001,#18002,#18003,#18004,#18005,#18006,#18007,
#18008,#18009,#18010,#18011,#18012,#18013,#18014,#18015,#18016,#18017,#18018,
#18019,#18020,#18021,#18022,#18023,#18024,#18025),.UNSPECIFIED.,.F.,.F.,
(4,3,3,3,3,3,3,3,3,3,3,4),(0.,0.0409155390853092,0.0813780332524611,0.151125318184855,
0.275858927176289,0.501803556388414,0.741619967440569,0.819671632836328,
0.898464848482757,0.944171347965653,0.990606130485479,1.),.UNSPECIFIED.);
#139=B_SPLINE_CURVE_WITH_KNOTS('',3,(#18029,#18030,#18031,#18032,#18033,
#18034,#18035,#18036,#18037,#18038,#18039,#18040,#18041,#18042,#18043,#18044,
#18045,#18046,#18047,#18048,#18049,#18050,#18051,#18052,#18053,#18054,#18055,
#18056),.UNSPECIFIED.,.F.,.F.,(4,3,3,3,3,3,3,3,3,4),(0.,0.0315373778188007,
0.0628733033046824,0.105023698682825,0.165787937900362,0.265604488018904,
0.451101889574167,0.659954981206826,0.851314721876804,1.),.UNSPECIFIED.);
#140=B_SPLINE_CURVE_WITH_KNOTS('',3,(#18058,#18059,#18060,#18061,#18062,
#18063,#18064,#18065,#18066,#18067,#18068,#18069,#18070,#18071,#18072,#18073,
#18074,#18075,#18076),.UNSPECIFIED.,.F.,.F.,(4,3,3,3,3,3,4),(0.,0.200909882132384,
0.401635201847212,0.604739131302235,0.799699735572219,0.977899941137775,
1.),.UNSPECIFIED.);
#141=B_SPLINE_CURVE_WITH_KNOTS('',3,(#18077,#18078,#18079,#18080,#18081,
#18082,#18083,#18084,#18085,#18086,#18087,#18088,#18089,#18090,#18091,#18092,
#18093,#18094,#18095,#18096,#18097,#18098,#18099,#18100,#18101,#18102,#18103,
#18104,#18105,#18106,#18107),.UNSPECIFIED.,.F.,.F.,(4,3,3,3,3,3,3,3,3,3,
4),(0.,0.0990709084590575,0.19791849773434,0.300148834544118,0.409513362002969,
0.524604795734442,0.641064121575528,0.754449894701655,0.862923517103971,
0.967192407259691,1.),.UNSPECIFIED.);
#142=B_SPLINE_CURVE_WITH_KNOTS('',3,(#18344,#18345,#18346,#18347,#18348,
#18349,#18350,#18351,#18352,#18353,#18354,#18355,#18356,#18357),
 .UNSPECIFIED.,.F.,.F.,(4,2,2,2,2,2,4),(0.,0.0624999999999999,0.125,0.25,
0.5,0.75,1.),.UNSPECIFIED.);
#143=B_SPLINE_CURVE_WITH_KNOTS('',3,(#18361,#18362,#18363,#18364,#18365,
#18366,#18367,#18368,#18369,#18370,#18371,#18372,#18373,#18374),
 .UNSPECIFIED.,.F.,.F.,(4,2,2,2,2,2,4),(0.,0.25,0.499999999999999,0.749999999999999,
0.875,0.9375,1.),.UNSPECIFIED.);
#144=B_SPLINE_CURVE_WITH_KNOTS('',3,(#18406,#18407,#18408,#18409,#18410,
#18411,#18412,#18413,#18414,#18415,#18416,#18417,#18418,#18419),
 .UNSPECIFIED.,.F.,.F.,(4,2,2,2,2,2,4),(0.,0.25,0.5,0.75,0.875,0.9375,1.),
 .UNSPECIFIED.);
#145=B_SPLINE_CURVE_WITH_KNOTS('',3,(#18423,#18424,#18425,#18426,#18427,
#18428,#18429,#18430,#18431,#18432,#18433,#18434,#18435,#18436),
 .UNSPECIFIED.,.F.,.F.,(4,2,2,2,2,2,4),(0.,0.0624999999999994,0.124999999999999,
0.249999999999999,0.499999999999999,0.749999999999999,1.),.UNSPECIFIED.);
#146=B_SPLINE_CURVE_WITH_KNOTS('',3,(#18450,#18451,#18452,#18453,#18454,
#18455,#18456,#18457,#18458,#18459,#18460,#18461,#18462,#18463),
 .UNSPECIFIED.,.F.,.F.,(4,2,2,2,2,2,4),(0.,0.25,0.500000000000001,0.750000000000001,
0.875000000000001,0.9375,1.),.UNSPECIFIED.);
#147=B_SPLINE_CURVE_WITH_KNOTS('',3,(#18467,#18468,#18469,#18470,#18471,
#18472,#18473,#18474,#18475,#18476,#18477,#18478,#18479,#18480),
 .UNSPECIFIED.,.F.,.F.,(4,2,2,2,2,2,4),(0.,0.0625,0.125,0.25,0.5,0.75,1.),
 .UNSPECIFIED.);
#148=B_SPLINE_CURVE_WITH_KNOTS('',3,(#18512,#18513,#18514,#18515,#18516,
#18517,#18518,#18519,#18520,#18521,#18522,#18523,#18524,#18525),
 .UNSPECIFIED.,.F.,.F.,(4,2,2,2,2,2,4),(0.,0.0625000000000002,0.125,0.25,
0.5,0.75,1.),.UNSPECIFIED.);
#149=B_SPLINE_CURVE_WITH_KNOTS('',3,(#18529,#18530,#18531,#18532,#18533,
#18534,#18535,#18536,#18537,#18538,#18539,#18540,#18541,#18542),
 .UNSPECIFIED.,.F.,.F.,(4,2,2,2,2,2,4),(0.,0.249999999999999,0.499999999999998,
0.749999999999998,0.874999999999998,0.937499999999999,1.),.UNSPECIFIED.);
#150=B_SPLINE_CURVE_WITH_KNOTS('',3,(#18558,#18559,#18560,#18561,#18562,
#18563,#18564,#18565,#18566,#18567,#18568,#18569,#18570,#18571),
 .UNSPECIFIED.,.F.,.F.,(4,2,2,2,2,2,4),(0.,0.125,0.250000000000001,0.5,
0.75,0.875,1.),.UNSPECIFIED.);
#151=B_SPLINE_CURVE_WITH_KNOTS('',3,(#18633,#18634,#18635,#18636,#18637,
#18638,#18639,#18640,#18641,#18642,#18643,#18644,#18645,#18646),
 .UNSPECIFIED.,.F.,.F.,(4,2,2,2,2,2,4),(0.,0.25,0.499999999999999,0.749999999999999,
0.874999999999999,0.937499999999999,1.),.UNSPECIFIED.);
#152=B_SPLINE_CURVE_WITH_KNOTS('',3,(#18647,#18648,#18649,#18650,#18651,
#18652,#18653,#18654,#18655,#18656,#18657,#18658,#18659,#18660),
 .UNSPECIFIED.,.F.,.F.,(4,2,2,2,2,2,4),(0.,0.0625,0.125,0.25,0.5,0.75,1.),
 .UNSPECIFIED.);
#153=B_SPLINE_CURVE_WITH_KNOTS('',3,(#18664,#18665,#18666,#18667),
 .UNSPECIFIED.,.F.,.F.,(4,4),(0.,1.),.UNSPECIFIED.);
#154=B_SPLINE_CURVE_WITH_KNOTS('',3,(#18668,#18669,#18670,#18671),
 .UNSPECIFIED.,.F.,.F.,(4,4),(0.,1.),.UNSPECIFIED.);
#155=B_SPLINE_CURVE_WITH_KNOTS('',3,(#18675,#18676,#18677,#18678),
 .UNSPECIFIED.,.F.,.F.,(4,4),(0.,1.),.UNSPECIFIED.);
#156=B_SPLINE_CURVE_WITH_KNOTS('',3,(#18679,#18680,#18681,#18682),
 .UNSPECIFIED.,.F.,.F.,(4,4),(0.,1.),.UNSPECIFIED.);
#157=B_SPLINE_CURVE_WITH_KNOTS('',3,(#18767,#18768,#18769,#18770),
 .UNSPECIFIED.,.F.,.F.,(4,4),(0.,1.),.UNSPECIFIED.);
#158=B_SPLINE_CURVE_WITH_KNOTS('',3,(#18771,#18772,#18773,#18774),
 .UNSPECIFIED.,.F.,.F.,(4,4),(0.,1.),.UNSPECIFIED.);
#159=B_SPLINE_CURVE_WITH_KNOTS('',3,(#18775,#18776,#18777,#18778),
 .UNSPECIFIED.,.F.,.F.,(4,4),(0.,1.),.UNSPECIFIED.);
#160=B_SPLINE_CURVE_WITH_KNOTS('',3,(#18779,#18780,#18781,#18782),
 .UNSPECIFIED.,.F.,.F.,(4,4),(0.,1.),.UNSPECIFIED.);
#161=B_SPLINE_CURVE_WITH_KNOTS('',3,(#18783,#18784,#18785,#18786,#18787,
#18788,#18789,#18790,#18791,#18792,#18793,#18794,#18795,#18796),
 .UNSPECIFIED.,.F.,.F.,(4,2,2,2,2,2,4),(0.,0.25,0.499999999999999,0.749999999999999,
0.874999999999999,0.9375,1.),.UNSPECIFIED.);
#162=B_SPLINE_CURVE_WITH_KNOTS('',3,(#18797,#18798,#18799,#18800,#18801,
#18802,#18803,#18804,#18805,#18806,#18807,#18808,#18809,#18810),
 .UNSPECIFIED.,.F.,.F.,(4,2,2,2,2,2,4),(0.,0.0625000000000009,0.125000000000002,
0.250000000000002,0.500000000000001,0.750000000000001,1.),.UNSPECIFIED.);
#163=B_SPLINE_CURVE_WITH_KNOTS('',3,(#18828,#18829,#18830,#18831,#18832,
#18833,#18834,#18835,#18836,#18837,#18838,#18839,#18840,#18841),
 .UNSPECIFIED.,.F.,.F.,(4,2,2,2,2,2,4),(0.,0.125,0.249999999999999,0.499999999999999,
0.749999999999999,0.874999999999999,1.),.UNSPECIFIED.);
#164=TOROIDAL_SURFACE('',#10804,7.,1.);
#165=TOROIDAL_SURFACE('',#10809,7.,1.);
#166=TOROIDAL_SURFACE('',#10814,3.,1.);
#167=TOROIDAL_SURFACE('',#10837,3.,1.);
#168=TOROIDAL_SURFACE('',#10838,7.,1.);
#169=TOROIDAL_SURFACE('',#10839,7.,1.);
#170=MANIFOLD_SOLID_BREP('',#184);
#171=MANIFOLD_SOLID_BREP('',#185);
#172=MANIFOLD_SOLID_BREP('',#186);
#173=MANIFOLD_SOLID_BREP('',#187);
#174=MANIFOLD_SOLID_BREP('',#188);
#175=MANIFOLD_SOLID_BREP('',#189);
#176=MANIFOLD_SOLID_BREP('',#190);
#177=MANIFOLD_SOLID_BREP('',#191);
#178=MANIFOLD_SOLID_BREP('',#192);
#179=MANIFOLD_SOLID_BREP('',#193);
#180=MANIFOLD_SOLID_BREP('',#194);
#181=MANIFOLD_SOLID_BREP('',#195);
#182=MANIFOLD_SOLID_BREP('',#196);
#183=MANIFOLD_SOLID_BREP('',#197);
#184=CLOSED_SHELL('',(#1023,#1024,#1025,#1026,#1027,#1028,#1029,#1030,#1031,
#1032));
#185=CLOSED_SHELL('',(#1033,#1034,#1035,#1036,#1037,#1038,#1039,#1040,#1041,
#1042,#1043,#1044,#1045,#1046,#1047,#1048));
#186=CLOSED_SHELL('',(#1049,#1050,#1051,#1052,#1053,#1054,#1055,#1056,#1057,
#1058,#1059,#1060,#1061,#1062,#1063));
#187=CLOSED_SHELL('',(#1064,#1065,#1066,#1067,#1068,#1069,#1070,#1071,#1072,
#1073,#1074,#1075,#1076,#1077,#1078,#1079,#1080,#1081,#1082,#1083,#1084,
#1085,#1086,#1087,#1088,#1089,#1090,#1091,#1092,#1093,#1094,#1095,#1096,
#1097,#1098,#1099,#1100,#1101,#1102,#1103,#1104,#1105));
#188=CLOSED_SHELL('',(#1106,#1107,#1108,#1109,#1110,#1111,#1112,#1113,#1114,
#1115,#1116,#1117,#1118,#1119,#1120,#1121,#1122,#1123,#1124,#1125,#1126,
#1127,#1128,#1129,#1130,#1131,#1132,#1133,#1134,#1135,#1136,#1137,#1138,
#1139,#1140,#1141,#1142,#1143,#1144,#1145,#1146,#1147,#1148,#1149,#1150,
#1151,#1152,#1153,#1154,#1155,#1156,#1157,#1158,#1159,#1160,#1161,#1162,
#1163,#1164,#1165,#1166,#1167,#1168,#1169,#1170,#1171,#1172,#1173,#1174,
#1175,#1176,#1177,#1178,#1179,#1180,#1181,#1182,#1183,#1184,#1185,#1186,
#1187,#1188,#1189,#1190,#1191));
#189=CLOSED_SHELL('',(#1192,#1193,#1194,#1195,#1196,#1197,#1198,#1199,#1200,
#1201,#1202,#1203,#1204,#1205,#1206,#1207,#1208,#1209,#1210,#1211,#1212,
#1213,#1214,#1215,#1216,#1217,#1218,#1219,#1220,#1221,#1222,#1223,#1224,
#1225,#1226,#1227,#1228,#1229,#1230,#1231,#1232,#1233,#1234,#1235,#1236,
#1237,#1238,#1239,#1240,#1241,#1242,#1243,#1244,#1245,#1246,#1247,#1248,
#1249,#1250,#1251,#1252,#1253,#1254,#1255,#1256,#1257,#1258,#1259,#1260,
#1261,#1262,#1263,#1264,#1265,#1266,#1267,#1268,#1269,#1270,#1271,#1272,
#1273,#1274,#1275,#1276,#1277,#1278,#1279));
#190=CLOSED_SHELL('',(#1280,#1281,#1282,#1283,#1284,#1285,#1286,#1287,#1288,
#1289,#1290,#1291,#1292,#1293,#1294,#1295,#1296,#1297,#1298,#1299,#1300,
#1301,#1302,#1303,#1304,#1305,#1306,#1307,#1308,#1309,#1310,#1311,#1312,
#1313,#1314,#1315,#1316,#1317,#1318,#1319,#1320,#1321,#1322,#1323,#1324));
#191=CLOSED_SHELL('',(#1325,#1326,#1327,#1328,#1329,#1330,#1331,#1332,#1333,
#1334,#1335,#1336,#1337,#1338,#1339,#1340,#1341,#1342,#1343,#1344,#1345,
#1346,#1347,#1348,#1349,#1350,#1351,#1352,#1353,#1354,#1355,#1356,#1357,
#1358,#1359,#1360,#1361,#1362,#1363,#1364,#1365,#1366,#1367,#1368,#1369,
#1370,#1371,#1372,#1373,#1374,#1375,#1376,#1377,#1378,#1379,#1380,#1381,
#1382,#1383,#1384,#1385,#1386,#1387,#1388,#1389,#1390));
#192=CLOSED_SHELL('',(#1391,#1392,#1393,#1394,#1395,#1396,#1397,#1398,#1399,
#1400,#1401,#1402,#1403,#1404,#1405,#1406,#1407,#1408,#1409,#1410,#1411,
#1412,#1413,#1414,#1415,#1416,#1417,#1418,#1419,#1420,#1421,#1422,#1423,
#1424,#1425,#1426,#1427,#1428,#1429,#1430,#1431,#1432,#1433,#1434,#1435,
#1436,#1437,#1438,#1439,#1440,#1441,#1442,#1443,#1444,#1445,#1446,#1447,
#1448,#1449,#1450,#1451,#1452,#1453,#1454,#1455,#1456,#1457,#1458));
#193=CLOSED_SHELL('',(#1459,#1460,#1461,#1462,#1463,#1464,#1465,#1466,#1467,
#1468));
#194=CLOSED_SHELL('',(#1469,#1470,#1471,#1472,#1473,#1474,#1475,#1476,#1477,
#1478,#1479,#1480,#1481,#1482,#1483,#1484,#1485,#1486,#1487,#1488,#1489,
#1490,#1491,#1492,#1493,#1494,#1495,#1496,#1497,#1498,#1499,#1500,#1501,
#1502,#1503,#1504,#1505,#1506,#1507,#1508,#1509,#1510,#1511,#1512,#1513,
#1514,#1515,#1516,#1517,#1518,#1519,#1520,#1521,#1522,#1523,#1524,#1525,
#1526,#1527,#1528,#1529,#1530,#1531,#1532,#1533,#1534,#1535,#1536,#1537,
#1538,#1539,#1540,#1541,#1542,#1543,#1544,#1545,#1546,#1547,#1548,#1549,
#1550,#1551,#1552,#1553,#1554,#1555,#1556));
#195=CLOSED_SHELL('',(#1557,#1558,#1559,#1560,#1561,#1562,#1563,#1564,#1565,
#1566,#1567,#1568,#1569,#1570,#1571,#1572,#1573,#1574,#1575,#1576,#1577,
#1578,#1579,#1580,#1581,#1582,#1583,#1584,#1585,#1586,#1587,#1588,#1589,
#1590,#1591,#1592,#1593,#1594,#1595,#1596,#1597,#1598,#1599,#1600,#1601,
#1602,#1603,#1604,#1605,#1606,#1607,#1608,#1609,#1610,#1611,#1612,#1613,
#1614,#1615,#1616,#1617,#1618,#1619,#1620,#1621,#1622));
#196=CLOSED_SHELL('',(#1623,#1624,#1625,#1626));
#197=CLOSED_SHELL('',(#1627,#1628,#1629,#1630));
#198=PLANE('',#10793);
#199=PLANE('',#10796);
#200=PLANE('',#10826);
#201=PLANE('',#10829);
#202=PLANE('',#10833);
#203=PLANE('',#10836);
#204=PLANE('',#10843);
#205=PLANE('',#10857);
#206=PLANE('',#10858);
#207=PLANE('',#10859);
#208=PLANE('',#10860);
#209=PLANE('',#10861);
#210=PLANE('',#10864);
#211=PLANE('',#10865);
#212=PLANE('',#10866);
#213=PLANE('',#10901);
#214=PLANE('',#10902);
#215=PLANE('',#10907);
#216=PLANE('',#10911);
#217=PLANE('',#10912);
#218=PLANE('',#10916);
#219=PLANE('',#10918);
#220=PLANE('',#10920);
#221=PLANE('',#10924);
#222=PLANE('',#10925);
#223=PLANE('',#10926);
#224=PLANE('',#10927);
#225=PLANE('',#10931);
#226=PLANE('',#10936);
#227=PLANE('',#10941);
#228=PLANE('',#10946);
#229=PLANE('',#10951);
#230=PLANE('',#10955);
#231=PLANE('',#10956);
#232=PLANE('',#10973);
#233=PLANE('',#10974);
#234=PLANE('',#10975);
#235=PLANE('',#10976);
#236=PLANE('',#10977);
#237=PLANE('',#10978);
#238=PLANE('',#10979);
#239=PLANE('',#10980);
#240=PLANE('',#10981);
#241=PLANE('',#10982);
#242=PLANE('',#10983);
#243=PLANE('',#10984);
#244=PLANE('',#10987);
#245=PLANE('',#10990);
#246=PLANE('',#10991);
#247=PLANE('',#10992);
#248=PLANE('',#10993);
#249=PLANE('',#10994);
#250=PLANE('',#10995);
#251=PLANE('',#10996);
#252=PLANE('',#10997);
#253=PLANE('',#10998);
#254=PLANE('',#10999);
#255=PLANE('',#11000);
#256=PLANE('',#11001);
#257=PLANE('',#11002);
#258=PLANE('',#11003);
#259=PLANE('',#11004);
#260=PLANE('',#11005);
#261=PLANE('',#11006);
#262=PLANE('',#11007);
#263=PLANE('',#11008);
#264=PLANE('',#11009);
#265=PLANE('',#11010);
#266=PLANE('',#11011);
#267=PLANE('',#11012);
#268=PLANE('',#11013);
#269=PLANE('',#11014);
#270=PLANE('',#11015);
#271=PLANE('',#11016);
#272=PLANE('',#11017);
#273=PLANE('',#11018);
#274=PLANE('',#11019);
#275=PLANE('',#11020);
#276=PLANE('',#11021);
#277=PLANE('',#11022);
#278=PLANE('',#11023);
#279=PLANE('',#11024);
#280=PLANE('',#11025);
#281=PLANE('',#11026);
#282=PLANE('',#11027);
#283=PLANE('',#11028);
#284=PLANE('',#11029);
#285=PLANE('',#11030);
#286=PLANE('',#11031);
#287=PLANE('',#11032);
#288=PLANE('',#11033);
#289=PLANE('',#11034);
#290=PLANE('',#11035);
#291=PLANE('',#11036);
#292=PLANE('',#11037);
#293=PLANE('',#11038);
#294=PLANE('',#11039);
#295=PLANE('',#11040);
#296=PLANE('',#11041);
#297=PLANE('',#11042);
#298=PLANE('',#11043);
#299=PLANE('',#11044);
#300=PLANE('',#11045);
#301=PLANE('',#11046);
#302=PLANE('',#11151);
#303=PLANE('',#11154);
#304=PLANE('',#11159);
#305=PLANE('',#11162);
#306=PLANE('',#11165);
#307=PLANE('',#11167);
#308=PLANE('',#11170);
#309=PLANE('',#11175);
#310=PLANE('',#11184);
#311=PLANE('',#11187);
#312=PLANE('',#11191);
#313=PLANE('',#11195);
#314=PLANE('',#11208);
#315=PLANE('',#11212);
#316=PLANE('',#11219);
#317=PLANE('',#11223);
#318=PLANE('',#11264);
#319=PLANE('',#11279);
#320=PLANE('',#11281);
#321=PLANE('',#11283);
#322=PLANE('',#11285);
#323=PLANE('',#11287);
#324=PLANE('',#11308);
#325=PLANE('',#11309);
#326=PLANE('',#11310);
#327=PLANE('',#11311);
#328=PLANE('',#11320);
#329=PLANE('',#11323);
#330=PLANE('',#11326);
#331=PLANE('',#11327);
#332=PLANE('',#11330);
#333=PLANE('',#11332);
#334=PLANE('',#11336);
#335=PLANE('',#11339);
#336=PLANE('',#11378);
#337=PLANE('',#11382);
#338=PLANE('',#11383);
#339=PLANE('',#11387);
#340=PLANE('',#11388);
#341=PLANE('',#11391);
#342=PLANE('',#11392);
#343=PLANE('',#11393);
#344=PLANE('',#11394);
#345=PLANE('',#11395);
#346=PLANE('',#11400);
#347=PLANE('',#11401);
#348=PLANE('',#11402);
#349=PLANE('',#11404);
#350=PLANE('',#11405);
#351=PLANE('',#11406);
#352=PLANE('',#11407);
#353=PLANE('',#11408);
#354=PLANE('',#11410);
#355=PLANE('',#11411);
#356=PLANE('',#11412);
#357=PLANE('',#11413);
#358=PLANE('',#11414);
#359=PLANE('',#11415);
#360=PLANE('',#11418);
#361=PLANE('',#11419);
#362=PLANE('',#11420);
#363=PLANE('',#11421);
#364=PLANE('',#11422);
#365=PLANE('',#11425);
#366=PLANE('',#11426);
#367=PLANE('',#11429);
#368=PLANE('',#11430);
#369=PLANE('',#11431);
#370=PLANE('',#11433);
#371=PLANE('',#11438);
#372=PLANE('',#11439);
#373=PLANE('',#11492);
#374=PLANE('',#11496);
#375=PLANE('',#11499);
#376=PLANE('',#11500);
#377=PLANE('',#11503);
#378=PLANE('',#11504);
#379=PLANE('',#11506);
#380=PLANE('',#11535);
#381=PLANE('',#11536);
#382=PLANE('',#11538);
#383=PLANE('',#11539);
#384=PLANE('',#11541);
#385=PLANE('',#11553);
#386=PLANE('',#11558);
#387=PLANE('',#11563);
#388=PLANE('',#11568);
#389=PLANE('',#11573);
#390=PLANE('',#11581);
#391=PLANE('',#11588);
#392=PLANE('',#11595);
#393=PLANE('',#11602);
#394=PLANE('',#11618);
#395=PLANE('',#11621);
#396=PLANE('',#11717);
#397=PLANE('',#11720);
#398=PLANE('',#11725);
#399=PLANE('',#11728);
#400=PLANE('',#11731);
#401=PLANE('',#11733);
#402=PLANE('',#11736);
#403=PLANE('',#11741);
#404=PLANE('',#11750);
#405=PLANE('',#11753);
#406=PLANE('',#11757);
#407=PLANE('',#11761);
#408=PLANE('',#11774);
#409=PLANE('',#11778);
#410=PLANE('',#11785);
#411=PLANE('',#11789);
#412=PLANE('',#11845);
#413=PLANE('',#11849);
#414=PLANE('',#11850);
#415=PLANE('',#11854);
#416=PLANE('',#11855);
#417=PLANE('',#11858);
#418=PLANE('',#11859);
#419=PLANE('',#11860);
#420=PLANE('',#11861);
#421=PLANE('',#11862);
#422=PLANE('',#11867);
#423=PLANE('',#11868);
#424=PLANE('',#11869);
#425=PLANE('',#11871);
#426=PLANE('',#11872);
#427=PLANE('',#11873);
#428=PLANE('',#11874);
#429=PLANE('',#11875);
#430=PLANE('',#11877);
#431=PLANE('',#11878);
#432=PLANE('',#11879);
#433=PLANE('',#11880);
#434=PLANE('',#11881);
#435=PLANE('',#11882);
#436=PLANE('',#11885);
#437=PLANE('',#11886);
#438=PLANE('',#11887);
#439=PLANE('',#11888);
#440=PLANE('',#11889);
#441=PLANE('',#11892);
#442=PLANE('',#11893);
#443=PLANE('',#11896);
#444=PLANE('',#11897);
#445=PLANE('',#11898);
#446=PLANE('',#11900);
#447=PLANE('',#11905);
#448=PLANE('',#11906);
#449=PLANE('',#11921);
#450=PLANE('',#11922);
#451=PLANE('',#11929);
#452=PLANE('',#11930);
#453=FACE_BOUND('',#2209,.T.);
#454=FACE_BOUND('',#2210,.T.);
#455=FACE_BOUND('',#2211,.T.);
#456=FACE_BOUND('',#2212,.T.);
#457=FACE_BOUND('',#2223,.T.);
#458=FACE_BOUND('',#2224,.T.);
#459=FACE_BOUND('',#2225,.T.);
#460=FACE_BOUND('',#2226,.T.);
#461=FACE_BOUND('',#2234,.T.);
#462=FACE_BOUND('',#2235,.T.);
#463=FACE_BOUND('',#2236,.T.);
#464=FACE_BOUND('',#2237,.T.);
#465=FACE_BOUND('',#2238,.T.);
#466=FACE_BOUND('',#2239,.T.);
#467=FACE_BOUND('',#2240,.T.);
#468=FACE_BOUND('',#2241,.T.);
#469=FACE_BOUND('',#2242,.T.);
#470=FACE_BOUND('',#2243,.T.);
#471=FACE_BOUND('',#2244,.T.);
#472=FACE_BOUND('',#2245,.T.);
#473=FACE_BOUND('',#2246,.T.);
#474=FACE_BOUND('',#2247,.T.);
#475=FACE_BOUND('',#2252,.T.);
#476=FACE_BOUND('',#2253,.T.);
#477=FACE_BOUND('',#2254,.T.);
#478=FACE_BOUND('',#2255,.T.);
#479=FACE_BOUND('',#2256,.T.);
#480=FACE_BOUND('',#2257,.T.);
#481=FACE_BOUND('',#2258,.T.);
#482=FACE_BOUND('',#2259,.T.);
#483=FACE_BOUND('',#2260,.T.);
#484=FACE_BOUND('',#2261,.T.);
#485=FACE_BOUND('',#2262,.T.);
#486=FACE_BOUND('',#2263,.T.);
#487=FACE_BOUND('',#2274,.T.);
#488=FACE_BOUND('',#2275,.T.);
#489=FACE_BOUND('',#2276,.T.);
#490=FACE_BOUND('',#2277,.T.);
#491=FACE_BOUND('',#2278,.T.);
#492=FACE_BOUND('',#2280,.T.);
#493=FACE_BOUND('',#2281,.T.);
#494=FACE_BOUND('',#2282,.T.);
#495=FACE_BOUND('',#2283,.T.);
#496=FACE_BOUND('',#2284,.T.);
#497=FACE_BOUND('',#2285,.T.);
#498=FACE_BOUND('',#2286,.T.);
#499=FACE_BOUND('',#2288,.T.);
#500=FACE_BOUND('',#2289,.T.);
#501=FACE_BOUND('',#2298,.T.);
#502=FACE_BOUND('',#2299,.T.);
#503=FACE_BOUND('',#2302,.T.);
#504=FACE_BOUND('',#2303,.T.);
#505=FACE_BOUND('',#2306,.T.);
#506=FACE_BOUND('',#2307,.T.);
#507=FACE_BOUND('',#2310,.T.);
#508=FACE_BOUND('',#2311,.T.);
#509=FACE_BOUND('',#2314,.T.);
#510=FACE_BOUND('',#2315,.T.);
#511=FACE_BOUND('',#2341,.T.);
#512=FACE_BOUND('',#2342,.T.);
#513=FACE_BOUND('',#2343,.T.);
#514=FACE_BOUND('',#2344,.T.);
#515=FACE_BOUND('',#2345,.T.);
#516=FACE_BOUND('',#2346,.T.);
#517=FACE_BOUND('',#2448,.T.);
#518=FACE_BOUND('',#2449,.T.);
#519=FACE_BOUND('',#2450,.T.);
#520=FACE_BOUND('',#2453,.T.);
#521=FACE_BOUND('',#2454,.T.);
#522=FACE_BOUND('',#2455,.T.);
#523=FACE_BOUND('',#2456,.T.);
#524=FACE_BOUND('',#2457,.T.);
#525=FACE_BOUND('',#2459,.T.);
#526=FACE_BOUND('',#2460,.T.);
#527=FACE_BOUND('',#2461,.T.);
#528=FACE_BOUND('',#2462,.T.);
#529=FACE_BOUND('',#2463,.T.);
#530=FACE_BOUND('',#2464,.T.);
#531=FACE_BOUND('',#2465,.T.);
#532=FACE_BOUND('',#2466,.T.);
#533=FACE_BOUND('',#2467,.T.);
#534=FACE_BOUND('',#2468,.T.);
#535=FACE_BOUND('',#2469,.T.);
#536=FACE_BOUND('',#2470,.T.);
#537=FACE_BOUND('',#2471,.T.);
#538=FACE_BOUND('',#2472,.T.);
#539=FACE_BOUND('',#2473,.T.);
#540=FACE_BOUND('',#2474,.T.);
#541=FACE_BOUND('',#2475,.T.);
#542=FACE_BOUND('',#2476,.T.);
#543=FACE_BOUND('',#2477,.T.);
#544=FACE_BOUND('',#2478,.T.);
#545=FACE_BOUND('',#2479,.T.);
#546=FACE_BOUND('',#2480,.T.);
#547=FACE_BOUND('',#2483,.T.);
#548=FACE_BOUND('',#2484,.T.);
#549=FACE_BOUND('',#2486,.T.);
#550=FACE_BOUND('',#2487,.T.);
#551=FACE_BOUND('',#2496,.T.);
#552=FACE_BOUND('',#2497,.T.);
#553=FACE_BOUND('',#2499,.T.);
#554=FACE_BOUND('',#2500,.T.);
#555=FACE_BOUND('',#2505,.T.);
#556=FACE_BOUND('',#2506,.T.);
#557=FACE_BOUND('',#2508,.T.);
#558=FACE_BOUND('',#2509,.T.);
#559=FACE_BOUND('',#2527,.T.);
#560=FACE_BOUND('',#2528,.T.);
#561=FACE_BOUND('',#2529,.T.);
#562=FACE_BOUND('',#2530,.T.);
#563=FACE_BOUND('',#2531,.T.);
#564=FACE_BOUND('',#2532,.T.);
#565=FACE_BOUND('',#2533,.T.);
#566=FACE_BOUND('',#2534,.T.);
#567=FACE_BOUND('',#2535,.T.);
#568=FACE_BOUND('',#2536,.T.);
#569=FACE_BOUND('',#2537,.T.);
#570=FACE_BOUND('',#2538,.T.);
#571=FACE_BOUND('',#2539,.T.);
#572=FACE_BOUND('',#2540,.T.);
#573=FACE_BOUND('',#2541,.T.);
#574=FACE_BOUND('',#2542,.T.);
#575=FACE_BOUND('',#2543,.T.);
#576=FACE_BOUND('',#2544,.T.);
#577=FACE_BOUND('',#2545,.T.);
#578=FACE_BOUND('',#2546,.T.);
#579=FACE_BOUND('',#2555,.T.);
#580=FACE_BOUND('',#2556,.T.);
#581=FACE_BOUND('',#2557,.T.);
#582=FACE_BOUND('',#2558,.T.);
#583=FACE_BOUND('',#2560,.T.);
#584=FACE_BOUND('',#2561,.T.);
#585=FACE_BOUND('',#2562,.T.);
#586=FACE_BOUND('',#2563,.T.);
#587=FACE_BOUND('',#2564,.T.);
#588=FACE_BOUND('',#2565,.T.);
#589=FACE_BOUND('',#2566,.T.);
#590=FACE_BOUND('',#2567,.T.);
#591=FACE_BOUND('',#2568,.T.);
#592=FACE_BOUND('',#2569,.T.);
#593=FACE_BOUND('',#2570,.T.);
#594=FACE_BOUND('',#2571,.T.);
#595=FACE_BOUND('',#2576,.T.);
#596=FACE_BOUND('',#2577,.T.);
#597=FACE_BOUND('',#2578,.T.);
#598=FACE_BOUND('',#2579,.T.);
#599=FACE_BOUND('',#2580,.T.);
#600=FACE_BOUND('',#2581,.T.);
#601=FACE_BOUND('',#2582,.T.);
#602=FACE_BOUND('',#2583,.T.);
#603=FACE_BOUND('',#2584,.T.);
#604=FACE_BOUND('',#2585,.T.);
#605=FACE_BOUND('',#2586,.T.);
#606=FACE_BOUND('',#2587,.T.);
#607=FACE_BOUND('',#2588,.T.);
#608=FACE_BOUND('',#2589,.T.);
#609=FACE_BOUND('',#2590,.T.);
#610=FACE_BOUND('',#2591,.T.);
#611=FACE_BOUND('',#2592,.T.);
#612=FACE_BOUND('',#2593,.T.);
#613=FACE_BOUND('',#2594,.T.);
#614=FACE_BOUND('',#2595,.T.);
#615=FACE_BOUND('',#2596,.T.);
#616=FACE_BOUND('',#2597,.T.);
#617=FACE_BOUND('',#2599,.T.);
#618=FACE_BOUND('',#2600,.T.);
#619=FACE_BOUND('',#2601,.T.);
#620=FACE_BOUND('',#2602,.T.);
#621=FACE_BOUND('',#2603,.T.);
#622=FACE_BOUND('',#2604,.T.);
#623=FACE_BOUND('',#2605,.T.);
#624=FACE_BOUND('',#2606,.T.);
#625=FACE_BOUND('',#2611,.T.);
#626=FACE_BOUND('',#2612,.T.);
#627=FACE_BOUND('',#2613,.T.);
#628=FACE_BOUND('',#2614,.T.);
#629=FACE_BOUND('',#2615,.T.);
#630=FACE_BOUND('',#2616,.T.);
#631=FACE_BOUND('',#2617,.T.);
#632=FACE_BOUND('',#2618,.T.);
#633=FACE_BOUND('',#2634,.T.);
#634=FACE_BOUND('',#2635,.T.);
#635=FACE_BOUND('',#2637,.T.);
#636=FACE_BOUND('',#2638,.T.);
#637=FACE_BOUND('',#2670,.T.);
#638=FACE_BOUND('',#2671,.T.);
#639=FACE_BOUND('',#2672,.T.);
#640=FACE_BOUND('',#2674,.T.);
#641=FACE_BOUND('',#2675,.T.);
#642=FACE_BOUND('',#2676,.T.);
#643=FACE_BOUND('',#2703,.T.);
#644=FACE_BOUND('',#2704,.T.);
#645=FACE_BOUND('',#2705,.T.);
#646=FACE_BOUND('',#2706,.T.);
#647=FACE_BOUND('',#2707,.T.);
#648=FACE_BOUND('',#2708,.T.);
#649=FACE_BOUND('',#2709,.T.);
#650=FACE_BOUND('',#2710,.T.);
#651=FACE_BOUND('',#2711,.T.);
#652=FACE_BOUND('',#2712,.T.);
#653=FACE_BOUND('',#2720,.T.);
#654=FACE_BOUND('',#2721,.T.);
#655=FACE_BOUND('',#2723,.T.);
#656=FACE_BOUND('',#2724,.T.);
#657=FACE_BOUND('',#2725,.T.);
#658=FACE_BOUND('',#2741,.T.);
#659=FACE_BOUND('',#2742,.T.);
#660=FACE_BOUND('',#2745,.T.);
#661=FACE_BOUND('',#2746,.T.);
#662=FACE_BOUND('',#2749,.T.);
#663=FACE_BOUND('',#2750,.T.);
#664=FACE_BOUND('',#2753,.T.);
#665=FACE_BOUND('',#2754,.T.);
#666=FACE_BOUND('',#2757,.T.);
#667=FACE_BOUND('',#2758,.T.);
#668=FACE_BOUND('',#2760,.T.);
#669=FACE_BOUND('',#2761,.T.);
#670=FACE_BOUND('',#2764,.T.);
#671=FACE_BOUND('',#2765,.T.);
#672=FACE_BOUND('',#2766,.T.);
#673=FACE_BOUND('',#2767,.T.);
#674=FACE_BOUND('',#2770,.T.);
#675=FACE_BOUND('',#2771,.T.);
#676=FACE_BOUND('',#2772,.T.);
#677=FACE_BOUND('',#2773,.T.);
#678=FACE_BOUND('',#2776,.T.);
#679=FACE_BOUND('',#2777,.T.);
#680=FACE_BOUND('',#2778,.T.);
#681=FACE_BOUND('',#2779,.T.);
#682=FACE_BOUND('',#2782,.T.);
#683=FACE_BOUND('',#2783,.T.);
#684=FACE_BOUND('',#2789,.T.);
#685=FACE_BOUND('',#2790,.T.);
#686=FACE_BOUND('',#2791,.T.);
#687=FACE_BOUND('',#2792,.T.);
#688=FACE_BOUND('',#2833,.T.);
#689=FACE_BOUND('',#2834,.T.);
#690=FACE_BOUND('',#2835,.T.);
#691=FACE_BOUND('',#2838,.T.);
#692=FACE_BOUND('',#2839,.T.);
#693=FACE_BOUND('',#2840,.T.);
#694=FACE_BOUND('',#2841,.T.);
#695=FACE_BOUND('',#2842,.T.);
#696=FACE_BOUND('',#2844,.T.);
#697=FACE_BOUND('',#2845,.T.);
#698=FACE_BOUND('',#2846,.T.);
#699=FACE_BOUND('',#2847,.T.);
#700=FACE_BOUND('',#2848,.T.);
#701=FACE_BOUND('',#2849,.T.);
#702=FACE_BOUND('',#2850,.T.);
#703=FACE_BOUND('',#2851,.T.);
#704=FACE_BOUND('',#2852,.T.);
#705=FACE_BOUND('',#2853,.T.);
#706=FACE_BOUND('',#2854,.T.);
#707=FACE_BOUND('',#2855,.T.);
#708=FACE_BOUND('',#2856,.T.);
#709=FACE_BOUND('',#2857,.T.);
#710=FACE_BOUND('',#2858,.T.);
#711=FACE_BOUND('',#2859,.T.);
#712=FACE_BOUND('',#2860,.T.);
#713=FACE_BOUND('',#2861,.T.);
#714=FACE_BOUND('',#2862,.T.);
#715=FACE_BOUND('',#2863,.T.);
#716=FACE_BOUND('',#2864,.T.);
#717=FACE_BOUND('',#2865,.T.);
#718=FACE_BOUND('',#2868,.T.);
#719=FACE_BOUND('',#2869,.T.);
#720=FACE_BOUND('',#2871,.T.);
#721=FACE_BOUND('',#2872,.T.);
#722=FACE_BOUND('',#2881,.T.);
#723=FACE_BOUND('',#2882,.T.);
#724=FACE_BOUND('',#2884,.T.);
#725=FACE_BOUND('',#2885,.T.);
#726=FACE_BOUND('',#2890,.T.);
#727=FACE_BOUND('',#2891,.T.);
#728=FACE_BOUND('',#2893,.T.);
#729=FACE_BOUND('',#2894,.T.);
#730=FACE_BOUND('',#2927,.T.);
#731=FACE_BOUND('',#2928,.T.);
#732=FACE_BOUND('',#2930,.T.);
#733=FACE_BOUND('',#2931,.T.);
#734=FACE_BOUND('',#2963,.T.);
#735=FACE_BOUND('',#2964,.T.);
#736=FACE_BOUND('',#2965,.T.);
#737=FACE_BOUND('',#2967,.T.);
#738=FACE_BOUND('',#2968,.T.);
#739=FACE_BOUND('',#2969,.T.);
#740=FACE_BOUND('',#2984,.T.);
#741=FACE_BOUND('',#2985,.T.);
#742=FACE_BOUND('',#2986,.T.);
#743=FACE_BOUND('',#2987,.T.);
#744=FACE_BOUND('',#2988,.T.);
#745=FACE_BOUND('',#2989,.T.);
#746=FACE_BOUND('',#2990,.T.);
#747=FACE_BOUND('',#2991,.T.);
#748=FACE_BOUND('',#2992,.T.);
#749=FACE_BOUND('',#2993,.T.);
#750=FACE_BOUND('',#2994,.T.);
#751=FACE_BOUND('',#2995,.T.);
#752=FACE_BOUND('',#2996,.T.);
#753=FACE_BOUND('',#2997,.T.);
#754=FACE_BOUND('',#2998,.T.);
#755=FACE_BOUND('',#2999,.T.);
#756=CYLINDRICAL_SURFACE('',#10786,7.);
#757=CYLINDRICAL_SURFACE('',#10787,13.5);
#758=CYLINDRICAL_SURFACE('',#10790,13.5);
#759=CYLINDRICAL_SURFACE('',#10797,7.);
#760=CYLINDRICAL_SURFACE('',#10817,4.);
#761=CYLINDRICAL_SURFACE('',#10819,4.);
#762=CYLINDRICAL_SURFACE('',#10820,8.);
#763=CYLINDRICAL_SURFACE('',#10823,8.);
#764=CYLINDRICAL_SURFACE('',#10831,4.);
#765=CYLINDRICAL_SURFACE('',#10835,4.);
#766=CYLINDRICAL_SURFACE('',#10846,4.);
#767=CYLINDRICAL_SURFACE('',#10848,2.25);
#768=CYLINDRICAL_SURFACE('',#10851,4.);
#769=CYLINDRICAL_SURFACE('',#10853,2.25);
#770=CYLINDRICAL_SURFACE('',#10856,6.);
#771=CYLINDRICAL_SURFACE('',#10863,11.);
#772=CYLINDRICAL_SURFACE('',#10869,2.85);
#773=CYLINDRICAL_SURFACE('',#10872,1.7);
#774=CYLINDRICAL_SURFACE('',#10875,2.85);
#775=CYLINDRICAL_SURFACE('',#10878,1.7);
#776=CYLINDRICAL_SURFACE('',#10881,2.85);
#777=CYLINDRICAL_SURFACE('',#10884,1.7);
#778=CYLINDRICAL_SURFACE('',#10887,2.85);
#779=CYLINDRICAL_SURFACE('',#10890,1.7);
#780=CYLINDRICAL_SURFACE('',#10893,7.);
#781=CYLINDRICAL_SURFACE('',#10896,11.);
#782=CYLINDRICAL_SURFACE('',#10923,0.5);
#783=CYLINDRICAL_SURFACE('',#10929,11.);
#784=CYLINDRICAL_SURFACE('',#10932,7.);
#785=CYLINDRICAL_SURFACE('',#10934,1.7);
#786=CYLINDRICAL_SURFACE('',#10937,2.85);
#787=CYLINDRICAL_SURFACE('',#10939,1.7);
#788=CYLINDRICAL_SURFACE('',#10942,2.85);
#789=CYLINDRICAL_SURFACE('',#10944,1.7);
#790=CYLINDRICAL_SURFACE('',#10947,2.85);
#791=CYLINDRICAL_SURFACE('',#10949,1.7);
#792=CYLINDRICAL_SURFACE('',#10952,2.85);
#793=CYLINDRICAL_SURFACE('',#10953,3.);
#794=CYLINDRICAL_SURFACE('',#10954,3.);
#795=CYLINDRICAL_SURFACE('',#10959,1.65);
#796=CYLINDRICAL_SURFACE('',#10963,1.65);
#797=CYLINDRICAL_SURFACE('',#10967,1.65);
#798=CYLINDRICAL_SURFACE('',#10971,1.65);
#799=CYLINDRICAL_SURFACE('',#11049,1.65);
#800=CYLINDRICAL_SURFACE('',#11052,1.65);
#801=CYLINDRICAL_SURFACE('',#11055,1.65);
#802=CYLINDRICAL_SURFACE('',#11058,1.65);
#803=CYLINDRICAL_SURFACE('',#11061,1.65);
#804=CYLINDRICAL_SURFACE('',#11065,1.65);
#805=CYLINDRICAL_SURFACE('',#11069,1.65);
#806=CYLINDRICAL_SURFACE('',#11073,1.65);
#807=CYLINDRICAL_SURFACE('',#11077,1.65);
#808=CYLINDRICAL_SURFACE('',#11081,1.65);
#809=CYLINDRICAL_SURFACE('',#11085,1.65);
#810=CYLINDRICAL_SURFACE('',#11089,1.65);
#811=CYLINDRICAL_SURFACE('',#11092,3.25);
#812=CYLINDRICAL_SURFACE('',#11094,3.25);
#813=CYLINDRICAL_SURFACE('',#11097,1.7);
#814=CYLINDRICAL_SURFACE('',#11100,1.7);
#815=CYLINDRICAL_SURFACE('',#11102,3.25);
#816=CYLINDRICAL_SURFACE('',#11104,3.25);
#817=CYLINDRICAL_SURFACE('',#11106,3.25);
#818=CYLINDRICAL_SURFACE('',#11108,3.25);
#819=CYLINDRICAL_SURFACE('',#11111,1.7);
#820=CYLINDRICAL_SURFACE('',#11114,1.7);
#821=CYLINDRICAL_SURFACE('',#11116,3.25);
#822=CYLINDRICAL_SURFACE('',#11118,3.25);
#823=CYLINDRICAL_SURFACE('',#11122,9.);
#824=CYLINDRICAL_SURFACE('',#11125,1.65);
#825=CYLINDRICAL_SURFACE('',#11129,1.65);
#826=CYLINDRICAL_SURFACE('',#11133,4.);
#827=CYLINDRICAL_SURFACE('',#11136,4.);
#828=CYLINDRICAL_SURFACE('',#11139,4.);
#829=CYLINDRICAL_SURFACE('',#11142,4.);
#830=CYLINDRICAL_SURFACE('',#11149,13.5);
#831=CYLINDRICAL_SURFACE('',#11186,13.5);
#832=CYLINDRICAL_SURFACE('',#11189,4.);
#833=CYLINDRICAL_SURFACE('',#11193,4.);
#834=CYLINDRICAL_SURFACE('',#11198,1.65);
#835=CYLINDRICAL_SURFACE('',#11201,1.65);
#836=CYLINDRICAL_SURFACE('',#11202,9.);
#837=CYLINDRICAL_SURFACE('',#11203,3.25);
#838=CYLINDRICAL_SURFACE('',#11205,3.25);
#839=CYLINDRICAL_SURFACE('',#11207,1.7);
#840=CYLINDRICAL_SURFACE('',#11210,1.7);
#841=CYLINDRICAL_SURFACE('',#11213,3.25);
#842=CYLINDRICAL_SURFACE('',#11214,3.25);
#843=CYLINDRICAL_SURFACE('',#11216,3.25);
#844=CYLINDRICAL_SURFACE('',#11218,1.7);
#845=CYLINDRICAL_SURFACE('',#11221,1.7);
#846=CYLINDRICAL_SURFACE('',#11224,3.25);
#847=CYLINDRICAL_SURFACE('',#11227,1.65);
#848=CYLINDRICAL_SURFACE('',#11230,1.65);
#849=CYLINDRICAL_SURFACE('',#11233,1.65);
#850=CYLINDRICAL_SURFACE('',#11236,1.65);
#851=CYLINDRICAL_SURFACE('',#11239,1.65);
#852=CYLINDRICAL_SURFACE('',#11242,1.65);
#853=CYLINDRICAL_SURFACE('',#11245,1.65);
#854=CYLINDRICAL_SURFACE('',#11248,1.65);
#855=CYLINDRICAL_SURFACE('',#11280,3.);
#856=CYLINDRICAL_SURFACE('',#11282,3.);
#857=CYLINDRICAL_SURFACE('',#11284,3.);
#858=CYLINDRICAL_SURFACE('',#11286,3.);
#859=CYLINDRICAL_SURFACE('',#11289,4.);
#860=CYLINDRICAL_SURFACE('',#11291,4.);
#861=CYLINDRICAL_SURFACE('',#11294,19.);
#862=CYLINDRICAL_SURFACE('',#11296,3.25);
#863=CYLINDRICAL_SURFACE('',#11298,3.25);
#864=CYLINDRICAL_SURFACE('',#11301,1.65);
#865=CYLINDRICAL_SURFACE('',#11303,3.25);
#866=CYLINDRICAL_SURFACE('',#11305,3.25);
#867=CYLINDRICAL_SURFACE('',#11307,11.1);
#868=CYLINDRICAL_SURFACE('',#11322,1.65);
#869=CYLINDRICAL_SURFACE('',#11325,1.65);
#870=CYLINDRICAL_SURFACE('',#11329,1.65);
#871=CYLINDRICAL_SURFACE('',#11333,19.);
#872=CYLINDRICAL_SURFACE('',#11335,2.25);
#873=CYLINDRICAL_SURFACE('',#11338,2.25);
#874=CYLINDRICAL_SURFACE('',#11340,3.);
#875=CYLINDRICAL_SURFACE('',#11341,3.);
#876=CYLINDRICAL_SURFACE('',#11342,3.);
#877=CYLINDRICAL_SURFACE('',#11343,3.);
#878=CYLINDRICAL_SURFACE('',#11344,1.65);
#879=CYLINDRICAL_SURFACE('',#11345,1.65);
#880=CYLINDRICAL_SURFACE('',#11346,1.65);
#881=CYLINDRICAL_SURFACE('',#11347,1.65);
#882=CYLINDRICAL_SURFACE('',#11350,0.7);
#883=CYLINDRICAL_SURFACE('',#11353,1.25);
#884=CYLINDRICAL_SURFACE('',#11356,0.7);
#885=CYLINDRICAL_SURFACE('',#11361,0.3);
#886=CYLINDRICAL_SURFACE('',#11364,1.5);
#887=CYLINDRICAL_SURFACE('',#11367,1.5);
#888=CYLINDRICAL_SURFACE('',#11370,1.5);
#889=CYLINDRICAL_SURFACE('',#11373,1.5);
#890=CYLINDRICAL_SURFACE('',#11390,0.7);
#891=CYLINDRICAL_SURFACE('',#11396,1.25);
#892=CYLINDRICAL_SURFACE('',#11397,1.25);
#893=CYLINDRICAL_SURFACE('',#11399,0.7);
#894=CYLINDRICAL_SURFACE('',#11432,0.3);
#895=CYLINDRICAL_SURFACE('',#11435,1.5);
#896=CYLINDRICAL_SURFACE('',#11437,1.5);
#897=CYLINDRICAL_SURFACE('',#11441,1.5);
#898=CYLINDRICAL_SURFACE('',#11443,1.5);
#899=CYLINDRICAL_SURFACE('',#11449,0.3);
#900=CYLINDRICAL_SURFACE('',#11452,3.25);
#901=CYLINDRICAL_SURFACE('',#11455,1.7);
#902=CYLINDRICAL_SURFACE('',#11458,3.25);
#903=CYLINDRICAL_SURFACE('',#11461,1.7);
#904=CYLINDRICAL_SURFACE('',#11464,3.25);
#905=CYLINDRICAL_SURFACE('',#11467,1.7);
#906=CYLINDRICAL_SURFACE('',#11470,3.25);
#907=CYLINDRICAL_SURFACE('',#11473,1.7);
#908=CYLINDRICAL_SURFACE('',#11476,3.25);
#909=CYLINDRICAL_SURFACE('',#11479,1.7);
#910=CYLINDRICAL_SURFACE('',#11482,1.25);
#911=CYLINDRICAL_SURFACE('',#11493,0.3);
#912=CYLINDRICAL_SURFACE('',#11495,0.3);
#913=CYLINDRICAL_SURFACE('',#11505,1.25);
#914=CYLINDRICAL_SURFACE('',#11537,1.25);
#915=CYLINDRICAL_SURFACE('',#11540,0.3);
#916=CYLINDRICAL_SURFACE('',#11542,4.31757861624976);
#917=CYLINDRICAL_SURFACE('',#11543,4.31757861624976);
#918=CYLINDRICAL_SURFACE('',#11544,4.76123644785077);
#919=CYLINDRICAL_SURFACE('',#11545,4.76123644785077);
#920=CYLINDRICAL_SURFACE('',#11546,4.76123644785077);
#921=CYLINDRICAL_SURFACE('',#11547,4.76123644785077);
#922=CYLINDRICAL_SURFACE('',#11548,3.);
#923=CYLINDRICAL_SURFACE('',#11549,3.);
#924=CYLINDRICAL_SURFACE('',#11551,1.7);
#925=CYLINDRICAL_SURFACE('',#11554,3.25);
#926=CYLINDRICAL_SURFACE('',#11556,1.7);
#927=CYLINDRICAL_SURFACE('',#11559,3.25);
#928=CYLINDRICAL_SURFACE('',#11561,1.7);
#929=CYLINDRICAL_SURFACE('',#11564,3.25);
#930=CYLINDRICAL_SURFACE('',#11566,1.7);
#931=CYLINDRICAL_SURFACE('',#11569,3.25);
#932=CYLINDRICAL_SURFACE('',#11571,1.7);
#933=CYLINDRICAL_SURFACE('',#11574,3.25);
#934=CYLINDRICAL_SURFACE('',#11576,3.25);
#935=CYLINDRICAL_SURFACE('',#11578,1.7);
#936=CYLINDRICAL_SURFACE('',#11580,1.7);
#937=CYLINDRICAL_SURFACE('',#11583,3.25);
#938=CYLINDRICAL_SURFACE('',#11585,1.7);
#939=CYLINDRICAL_SURFACE('',#11587,1.7);
#940=CYLINDRICAL_SURFACE('',#11590,3.25);
#941=CYLINDRICAL_SURFACE('',#11592,1.7);
#942=CYLINDRICAL_SURFACE('',#11594,1.7);
#943=CYLINDRICAL_SURFACE('',#11597,3.25);
#944=CYLINDRICAL_SURFACE('',#11599,1.7);
#945=CYLINDRICAL_SURFACE('',#11601,1.7);
#946=CYLINDRICAL_SURFACE('',#11611,7.);
#947=CYLINDRICAL_SURFACE('',#11612,13.5);
#948=CYLINDRICAL_SURFACE('',#11615,13.5);
#949=CYLINDRICAL_SURFACE('',#11622,7.);
#950=CYLINDRICAL_SURFACE('',#11627,1.65);
#951=CYLINDRICAL_SURFACE('',#11631,1.65);
#952=CYLINDRICAL_SURFACE('',#11635,1.65);
#953=CYLINDRICAL_SURFACE('',#11639,1.65);
#954=CYLINDRICAL_SURFACE('',#11643,1.65);
#955=CYLINDRICAL_SURFACE('',#11647,1.65);
#956=CYLINDRICAL_SURFACE('',#11651,1.65);
#957=CYLINDRICAL_SURFACE('',#11655,1.65);
#958=CYLINDRICAL_SURFACE('',#11658,3.25);
#959=CYLINDRICAL_SURFACE('',#11660,3.25);
#960=CYLINDRICAL_SURFACE('',#11663,1.7);
#961=CYLINDRICAL_SURFACE('',#11666,1.7);
#962=CYLINDRICAL_SURFACE('',#11668,3.25);
#963=CYLINDRICAL_SURFACE('',#11670,3.25);
#964=CYLINDRICAL_SURFACE('',#11672,3.25);
#965=CYLINDRICAL_SURFACE('',#11674,3.25);
#966=CYLINDRICAL_SURFACE('',#11677,1.7);
#967=CYLINDRICAL_SURFACE('',#11680,1.7);
#968=CYLINDRICAL_SURFACE('',#11682,3.25);
#969=CYLINDRICAL_SURFACE('',#11684,3.25);
#970=CYLINDRICAL_SURFACE('',#11688,9.);
#971=CYLINDRICAL_SURFACE('',#11691,1.65);
#972=CYLINDRICAL_SURFACE('',#11695,1.65);
#973=CYLINDRICAL_SURFACE('',#11699,4.);
#974=CYLINDRICAL_SURFACE('',#11702,4.);
#975=CYLINDRICAL_SURFACE('',#11705,4.);
#976=CYLINDRICAL_SURFACE('',#11708,4.);
#977=CYLINDRICAL_SURFACE('',#11715,13.5);
#978=CYLINDRICAL_SURFACE('',#11752,13.5);
#979=CYLINDRICAL_SURFACE('',#11755,4.);
#980=CYLINDRICAL_SURFACE('',#11759,4.);
#981=CYLINDRICAL_SURFACE('',#11764,1.65);
#982=CYLINDRICAL_SURFACE('',#11767,1.65);
#983=CYLINDRICAL_SURFACE('',#11768,9.);
#984=CYLINDRICAL_SURFACE('',#11769,3.25);
#985=CYLINDRICAL_SURFACE('',#11771,3.25);
#986=CYLINDRICAL_SURFACE('',#11773,1.7);
#987=CYLINDRICAL_SURFACE('',#11776,1.7);
#988=CYLINDRICAL_SURFACE('',#11779,3.25);
#989=CYLINDRICAL_SURFACE('',#11780,3.25);
#990=CYLINDRICAL_SURFACE('',#11782,3.25);
#991=CYLINDRICAL_SURFACE('',#11784,1.7);
#992=CYLINDRICAL_SURFACE('',#11787,1.7);
#993=CYLINDRICAL_SURFACE('',#11790,3.25);
#994=CYLINDRICAL_SURFACE('',#11793,1.65);
#995=CYLINDRICAL_SURFACE('',#11796,1.65);
#996=CYLINDRICAL_SURFACE('',#11799,1.65);
#997=CYLINDRICAL_SURFACE('',#11802,1.65);
#998=CYLINDRICAL_SURFACE('',#11805,1.65);
#999=CYLINDRICAL_SURFACE('',#11808,1.65);
#1000=CYLINDRICAL_SURFACE('',#11811,1.65);
#1001=CYLINDRICAL_SURFACE('',#11814,1.65);
#1002=CYLINDRICAL_SURFACE('',#11817,0.7);
#1003=CYLINDRICAL_SURFACE('',#11820,1.25);
#1004=CYLINDRICAL_SURFACE('',#11823,0.7);
#1005=CYLINDRICAL_SURFACE('',#11828,0.3);
#1006=CYLINDRICAL_SURFACE('',#11831,1.5);
#1007=CYLINDRICAL_SURFACE('',#11834,1.5);
#1008=CYLINDRICAL_SURFACE('',#11837,1.5);
#1009=CYLINDRICAL_SURFACE('',#11840,1.5);
#1010=CYLINDRICAL_SURFACE('',#11857,0.7);
#1011=CYLINDRICAL_SURFACE('',#11863,1.25);
#1012=CYLINDRICAL_SURFACE('',#11864,1.25);
#1013=CYLINDRICAL_SURFACE('',#11866,0.7);
#1014=CYLINDRICAL_SURFACE('',#11899,0.3);
#1015=CYLINDRICAL_SURFACE('',#11902,1.5);
#1016=CYLINDRICAL_SURFACE('',#11904,1.5);
#1017=CYLINDRICAL_SURFACE('',#11908,1.5);
#1018=CYLINDRICAL_SURFACE('',#11910,1.5);
#1019=CYLINDRICAL_SURFACE('',#11917,4.);
#1020=CYLINDRICAL_SURFACE('',#11920,11.);
#1021=CYLINDRICAL_SURFACE('',#11925,4.);
#1022=CYLINDRICAL_SURFACE('',#11928,11.);
#1023=ADVANCED_FACE('',(#1711),#1631,.T.);
#1024=ADVANCED_FACE('',(#1712),#1632,.T.);
#1025=ADVANCED_FACE('',(#1713),#756,.F.);
#1026=ADVANCED_FACE('',(#1714),#757,.T.);
#1027=ADVANCED_FACE('',(#1715),#758,.T.);
#1028=ADVANCED_FACE('',(#453,#454),#198,.T.);
#1029=ADVANCED_FACE('',(#455,#456),#199,.F.);
#1030=ADVANCED_FACE('',(#1716),#759,.F.);
#1031=ADVANCED_FACE('',(#1717),#1633,.T.);
#1032=ADVANCED_FACE('',(#1718),#1634,.T.);
#1033=ADVANCED_FACE('',(#1719),#164,.T.);
#1034=ADVANCED_FACE('',(#1720),#165,.T.);
#1035=ADVANCED_FACE('',(#1721),#166,.T.);
#1036=ADVANCED_FACE('',(#1722),#760,.T.);
#1037=ADVANCED_FACE('',(#1723),#761,.T.);
#1038=ADVANCED_FACE('',(#1724),#762,.T.);
#1039=ADVANCED_FACE('',(#1725),#763,.T.);
#1040=ADVANCED_FACE('',(#457,#458),#200,.T.);
#1041=ADVANCED_FACE('',(#459,#460),#201,.T.);
#1042=ADVANCED_FACE('',(#1726),#764,.T.);
#1043=ADVANCED_FACE('',(#1727),#202,.T.);
#1044=ADVANCED_FACE('',(#1728),#765,.T.);
#1045=ADVANCED_FACE('',(#1729),#203,.T.);
#1046=ADVANCED_FACE('',(#1730),#167,.T.);
#1047=ADVANCED_FACE('',(#1731),#168,.T.);
#1048=ADVANCED_FACE('',(#1732),#169,.T.);
#1049=ADVANCED_FACE('',(#461,#462,#463,#464),#204,.F.);
#1050=ADVANCED_FACE('',(#465,#466),#766,.F.);
#1051=ADVANCED_FACE('',(#467,#468),#767,.F.);
#1052=ADVANCED_FACE('',(#469,#470),#768,.F.);
#1053=ADVANCED_FACE('',(#471,#472),#769,.F.);
#1054=ADVANCED_FACE('',(#473,#474),#770,.F.);
#1055=ADVANCED_FACE('',(#1733),#205,.F.);
#1056=ADVANCED_FACE('',(#1734),#206,.F.);
#1057=ADVANCED_FACE('',(#1735),#207,.F.);
#1058=ADVANCED_FACE('',(#1736),#208,.F.);
#1059=ADVANCED_FACE('',(#475,#476,#477,#478),#209,.T.);
#1060=ADVANCED_FACE('',(#479,#480),#771,.F.);
#1061=ADVANCED_FACE('',(#481,#482),#210,.T.);
#1062=ADVANCED_FACE('',(#483,#484),#211,.F.);
#1063=ADVANCED_FACE('',(#485,#486),#212,.F.);
#1064=ADVANCED_FACE('',(#1737),#772,.F.);
#1065=ADVANCED_FACE('',(#1738),#773,.F.);
#1066=ADVANCED_FACE('',(#1739),#774,.F.);
#1067=ADVANCED_FACE('',(#1740),#775,.F.);
#1068=ADVANCED_FACE('',(#1741),#776,.F.);
#1069=ADVANCED_FACE('',(#1742),#777,.F.);
#1070=ADVANCED_FACE('',(#1743),#778,.F.);
#1071=ADVANCED_FACE('',(#1744),#779,.F.);
#1072=ADVANCED_FACE('',(#1745),#780,.F.);
#1073=ADVANCED_FACE('',(#1746),#781,.F.);
#1074=ADVANCED_FACE('',(#487,#488,#489,#490,#491),#213,.F.);
#1075=ADVANCED_FACE('',(#1747),#214,.T.);
#1076=ADVANCED_FACE('',(#492,#493,#494,#495,#496),#215,.T.);
#1077=ADVANCED_FACE('',(#497,#498),#216,.T.);
#1078=ADVANCED_FACE('',(#1748),#217,.T.);
#1079=ADVANCED_FACE('',(#499,#500),#218,.F.);
#1080=ADVANCED_FACE('',(#1749),#219,.F.);
#1081=ADVANCED_FACE('',(#1750),#220,.T.);
#1082=ADVANCED_FACE('',(#1751),#782,.F.);
#1083=ADVANCED_FACE('',(#1752),#221,.F.);
#1084=ADVANCED_FACE('',(#1753),#222,.F.);
#1085=ADVANCED_FACE('',(#1754),#223,.F.);
#1086=ADVANCED_FACE('',(#1755),#224,.F.);
#1087=ADVANCED_FACE('',(#1756),#783,.F.);
#1088=ADVANCED_FACE('',(#501,#502),#225,.T.);
#1089=ADVANCED_FACE('',(#1757),#784,.F.);
#1090=ADVANCED_FACE('',(#1758),#785,.F.);
#1091=ADVANCED_FACE('',(#503,#504),#226,.F.);
#1092=ADVANCED_FACE('',(#1759),#786,.F.);
#1093=ADVANCED_FACE('',(#1760),#787,.F.);
#1094=ADVANCED_FACE('',(#505,#506),#227,.F.);
#1095=ADVANCED_FACE('',(#1761),#788,.F.);
#1096=ADVANCED_FACE('',(#1762),#789,.F.);
#1097=ADVANCED_FACE('',(#507,#508),#228,.F.);
#1098=ADVANCED_FACE('',(#1763),#790,.F.);
#1099=ADVANCED_FACE('',(#1764),#791,.F.);
#1100=ADVANCED_FACE('',(#509,#510),#229,.F.);
#1101=ADVANCED_FACE('',(#1765),#792,.F.);
#1102=ADVANCED_FACE('',(#1766),#793,.T.);
#1103=ADVANCED_FACE('',(#1767),#794,.T.);
#1104=ADVANCED_FACE('',(#1768),#230,.T.);
#1105=ADVANCED_FACE('',(#1769),#231,.T.);
#1106=ADVANCED_FACE('',(#1770),#795,.F.);
#1107=ADVANCED_FACE('',(#1771),#1635,.F.);
#1108=ADVANCED_FACE('',(#1772),#796,.F.);
#1109=ADVANCED_FACE('',(#1773),#1636,.F.);
#1110=ADVANCED_FACE('',(#1774),#797,.F.);
#1111=ADVANCED_FACE('',(#1775),#1637,.F.);
#1112=ADVANCED_FACE('',(#1776),#798,.F.);
#1113=ADVANCED_FACE('',(#1777),#1638,.F.);
#1114=ADVANCED_FACE('',(#1778),#232,.F.);
#1115=ADVANCED_FACE('',(#1779),#233,.F.);
#1116=ADVANCED_FACE('',(#1780),#234,.F.);
#1117=ADVANCED_FACE('',(#1781),#235,.F.);
#1118=ADVANCED_FACE('',(#1782),#236,.T.);
#1119=ADVANCED_FACE('',(#1783),#237,.T.);
#1120=ADVANCED_FACE('',(#1784),#238,.T.);
#1121=ADVANCED_FACE('',(#1785),#239,.F.);
#1122=ADVANCED_FACE('',(#1786),#240,.F.);
#1123=ADVANCED_FACE('',(#1787),#241,.F.);
#1124=ADVANCED_FACE('',(#1788),#242,.F.);
#1125=ADVANCED_FACE('',(#1789),#243,.F.);
#1126=ADVANCED_FACE('',(#511,#512,#513),#244,.F.);
#1127=ADVANCED_FACE('',(#514,#515,#516),#245,.T.);
#1128=ADVANCED_FACE('',(#1790),#246,.F.);
#1129=ADVANCED_FACE('',(#1791),#247,.F.);
#1130=ADVANCED_FACE('',(#1792),#248,.T.);
#1131=ADVANCED_FACE('',(#1793),#249,.F.);
#1132=ADVANCED_FACE('',(#1794),#250,.F.);
#1133=ADVANCED_FACE('',(#1795),#251,.F.);
#1134=ADVANCED_FACE('',(#1796),#252,.F.);
#1135=ADVANCED_FACE('',(#1797),#253,.F.);
#1136=ADVANCED_FACE('',(#1798),#254,.F.);
#1137=ADVANCED_FACE('',(#1799),#255,.F.);
#1138=ADVANCED_FACE('',(#1800),#256,.F.);
#1139=ADVANCED_FACE('',(#1801),#257,.F.);
#1140=ADVANCED_FACE('',(#1802),#258,.F.);
#1141=ADVANCED_FACE('',(#1803),#259,.F.);
#1142=ADVANCED_FACE('',(#1804),#260,.F.);
#1143=ADVANCED_FACE('',(#1805),#261,.F.);
#1144=ADVANCED_FACE('',(#1806),#262,.F.);
#1145=ADVANCED_FACE('',(#1807),#263,.F.);
#1146=ADVANCED_FACE('',(#1808),#264,.F.);
#1147=ADVANCED_FACE('',(#1809),#265,.F.);
#1148=ADVANCED_FACE('',(#1810),#266,.F.);
#1149=ADVANCED_FACE('',(#1811),#267,.F.);
#1150=ADVANCED_FACE('',(#1812),#268,.F.);
#1151=ADVANCED_FACE('',(#1813),#269,.F.);
#1152=ADVANCED_FACE('',(#1814),#270,.F.);
#1153=ADVANCED_FACE('',(#1815),#271,.F.);
#1154=ADVANCED_FACE('',(#1816),#272,.F.);
#1155=ADVANCED_FACE('',(#1817),#273,.F.);
#1156=ADVANCED_FACE('',(#1818),#274,.F.);
#1157=ADVANCED_FACE('',(#1819),#275,.F.);
#1158=ADVANCED_FACE('',(#1820),#276,.F.);
#1159=ADVANCED_FACE('',(#1821),#277,.F.);
#1160=ADVANCED_FACE('',(#1822),#278,.F.);
#1161=ADVANCED_FACE('',(#1823),#279,.F.);
#1162=ADVANCED_FACE('',(#1824),#280,.F.);
#1163=ADVANCED_FACE('',(#1825),#281,.F.);
#1164=ADVANCED_FACE('',(#1826),#282,.F.);
#1165=ADVANCED_FACE('',(#1827),#283,.F.);
#1166=ADVANCED_FACE('',(#1828),#284,.F.);
#1167=ADVANCED_FACE('',(#1829),#285,.F.);
#1168=ADVANCED_FACE('',(#1830),#286,.F.);
#1169=ADVANCED_FACE('',(#1831),#287,.F.);
#1170=ADVANCED_FACE('',(#1832),#288,.F.);
#1171=ADVANCED_FACE('',(#1833),#289,.F.);
#1172=ADVANCED_FACE('',(#1834),#290,.F.);
#1173=ADVANCED_FACE('',(#1835),#291,.F.);
#1174=ADVANCED_FACE('',(#1836),#292,.F.);
#1175=ADVANCED_FACE('',(#1837),#293,.F.);
#1176=ADVANCED_FACE('',(#1838),#294,.F.);
#1177=ADVANCED_FACE('',(#1839),#295,.F.);
#1178=ADVANCED_FACE('',(#1840),#296,.F.);
#1179=ADVANCED_FACE('',(#1841),#297,.F.);
#1180=ADVANCED_FACE('',(#1842),#298,.F.);
#1181=ADVANCED_FACE('',(#1843),#299,.F.);
#1182=ADVANCED_FACE('',(#1844),#300,.F.);
#1183=ADVANCED_FACE('',(#1845),#301,.F.);
#1184=ADVANCED_FACE('',(#1846),#1639,.F.);
#1185=ADVANCED_FACE('',(#1847),#799,.F.);
#1186=ADVANCED_FACE('',(#1848),#1640,.F.);
#1187=ADVANCED_FACE('',(#1849),#800,.F.);
#1188=ADVANCED_FACE('',(#1850),#1641,.F.);
#1189=ADVANCED_FACE('',(#1851),#801,.F.);
#1190=ADVANCED_FACE('',(#1852),#1642,.F.);
#1191=ADVANCED_FACE('',(#1853),#802,.F.);
#1192=ADVANCED_FACE('',(#1854),#803,.F.);
#1193=ADVANCED_FACE('',(#1855),#1643,.F.);
#1194=ADVANCED_FACE('',(#1856),#804,.F.);
#1195=ADVANCED_FACE('',(#1857),#1644,.F.);
#1196=ADVANCED_FACE('',(#1858),#805,.F.);
#1197=ADVANCED_FACE('',(#1859),#1645,.F.);
#1198=ADVANCED_FACE('',(#1860),#806,.F.);
#1199=ADVANCED_FACE('',(#1861),#1646,.F.);
#1200=ADVANCED_FACE('',(#1862),#807,.F.);
#1201=ADVANCED_FACE('',(#1863),#1647,.F.);
#1202=ADVANCED_FACE('',(#1864),#808,.F.);
#1203=ADVANCED_FACE('',(#1865),#1648,.F.);
#1204=ADVANCED_FACE('',(#1866),#809,.F.);
#1205=ADVANCED_FACE('',(#1867),#1649,.F.);
#1206=ADVANCED_FACE('',(#1868),#810,.F.);
#1207=ADVANCED_FACE('',(#1869),#1650,.F.);
#1208=ADVANCED_FACE('',(#1870),#811,.F.);
#1209=ADVANCED_FACE('',(#1871),#812,.F.);
#1210=ADVANCED_FACE('',(#1872),#813,.F.);
#1211=ADVANCED_FACE('',(#1873),#814,.F.);
#1212=ADVANCED_FACE('',(#1874),#815,.F.);
#1213=ADVANCED_FACE('',(#1875),#816,.F.);
#1214=ADVANCED_FACE('',(#1876),#817,.F.);
#1215=ADVANCED_FACE('',(#1877),#818,.F.);
#1216=ADVANCED_FACE('',(#1878),#819,.F.);
#1217=ADVANCED_FACE('',(#1879),#820,.F.);
#1218=ADVANCED_FACE('',(#1880),#821,.F.);
#1219=ADVANCED_FACE('',(#1881),#822,.F.);
#1220=ADVANCED_FACE('',(#1882),#823,.F.);
#1221=ADVANCED_FACE('',(#1883),#824,.F.);
#1222=ADVANCED_FACE('',(#1884),#1651,.F.);
#1223=ADVANCED_FACE('',(#1885),#825,.F.);
#1224=ADVANCED_FACE('',(#1886),#1652,.F.);
#1225=ADVANCED_FACE('',(#1887),#826,.F.);
#1226=ADVANCED_FACE('',(#1888),#827,.F.);
#1227=ADVANCED_FACE('',(#1889),#828,.F.);
#1228=ADVANCED_FACE('',(#1890),#829,.F.);
#1229=ADVANCED_FACE('',(#517,#518,#519),#830,.F.);
#1230=ADVANCED_FACE('',(#1891),#302,.T.);
#1231=ADVANCED_FACE('',(#1892),#303,.T.);
#1232=ADVANCED_FACE('',(#520,#521,#522,#523,#524),#304,.T.);
#1233=ADVANCED_FACE('',(#1893),#305,.T.);
#1234=ADVANCED_FACE('',(#525,#526,#527),#306,.F.);
#1235=ADVANCED_FACE('',(#528,#529),#307,.F.);
#1236=ADVANCED_FACE('',(#530,#531,#532),#308,.F.);
#1237=ADVANCED_FACE('',(#533,#534),#309,.F.);
#1238=ADVANCED_FACE('',(#535,#536,#537,#538,#539,#540,#541,#542,#543),#310,
 .F.);
#1239=ADVANCED_FACE('',(#544,#545,#546),#831,.F.);
#1240=ADVANCED_FACE('',(#1894),#311,.T.);
#1241=ADVANCED_FACE('',(#1895),#832,.F.);
#1242=ADVANCED_FACE('',(#547,#548),#312,.T.);
#1243=ADVANCED_FACE('',(#1896),#833,.F.);
#1244=ADVANCED_FACE('',(#549,#550),#313,.T.);
#1245=ADVANCED_FACE('',(#1897),#1653,.F.);
#1246=ADVANCED_FACE('',(#1898),#834,.F.);
#1247=ADVANCED_FACE('',(#1899),#1654,.F.);
#1248=ADVANCED_FACE('',(#1900),#835,.F.);
#1249=ADVANCED_FACE('',(#1901),#836,.F.);
#1250=ADVANCED_FACE('',(#1902),#837,.F.);
#1251=ADVANCED_FACE('',(#1903),#838,.F.);
#1252=ADVANCED_FACE('',(#1904),#839,.F.);
#1253=ADVANCED_FACE('',(#551,#552),#314,.F.);
#1254=ADVANCED_FACE('',(#1905),#840,.F.);
#1255=ADVANCED_FACE('',(#553,#554),#315,.F.);
#1256=ADVANCED_FACE('',(#1906),#841,.F.);
#1257=ADVANCED_FACE('',(#1907),#842,.F.);
#1258=ADVANCED_FACE('',(#1908),#843,.F.);
#1259=ADVANCED_FACE('',(#1909),#844,.F.);
#1260=ADVANCED_FACE('',(#555,#556),#316,.F.);
#1261=ADVANCED_FACE('',(#1910),#845,.F.);
#1262=ADVANCED_FACE('',(#557,#558),#317,.F.);
#1263=ADVANCED_FACE('',(#1911),#846,.F.);
#1264=ADVANCED_FACE('',(#1912),#1655,.F.);
#1265=ADVANCED_FACE('',(#1913),#847,.F.);
#1266=ADVANCED_FACE('',(#1914),#1656,.F.);
#1267=ADVANCED_FACE('',(#1915),#848,.F.);
#1268=ADVANCED_FACE('',(#1916),#1657,.F.);
#1269=ADVANCED_FACE('',(#1917),#849,.F.);
#1270=ADVANCED_FACE('',(#1918),#1658,.F.);
#1271=ADVANCED_FACE('',(#1919),#850,.F.);
#1272=ADVANCED_FACE('',(#1920),#1659,.F.);
#1273=ADVANCED_FACE('',(#1921),#851,.F.);
#1274=ADVANCED_FACE('',(#1922),#1660,.F.);
#1275=ADVANCED_FACE('',(#1923),#852,.F.);
#1276=ADVANCED_FACE('',(#1924),#1661,.F.);
#1277=ADVANCED_FACE('',(#1925),#853,.F.);
#1278=ADVANCED_FACE('',(#1926),#1662,.F.);
#1279=ADVANCED_FACE('',(#1927),#854,.F.);
#1280=ADVANCED_FACE('',(#559,#560,#561,#562,#563,#564,#565,#566,#567,#568,
#569,#570),#318,.T.);
#1281=ADVANCED_FACE('',(#571,#572,#573,#574,#575,#576,#577,#578),#319,.F.);
#1282=ADVANCED_FACE('',(#1928),#855,.T.);
#1283=ADVANCED_FACE('',(#1929),#320,.F.);
#1284=ADVANCED_FACE('',(#1930),#856,.T.);
#1285=ADVANCED_FACE('',(#1931),#321,.F.);
#1286=ADVANCED_FACE('',(#1932),#857,.T.);
#1287=ADVANCED_FACE('',(#1933),#322,.F.);
#1288=ADVANCED_FACE('',(#1934),#858,.T.);
#1289=ADVANCED_FACE('',(#1935),#323,.F.);
#1290=ADVANCED_FACE('',(#579,#580),#859,.F.);
#1291=ADVANCED_FACE('',(#581,#582),#860,.F.);
#1292=ADVANCED_FACE('',(#1936),#861,.F.);
#1293=ADVANCED_FACE('',(#583,#584),#862,.F.);
#1294=ADVANCED_FACE('',(#585,#586),#863,.F.);
#1295=ADVANCED_FACE('',(#587,#588),#864,.F.);
#1296=ADVANCED_FACE('',(#589,#590),#865,.F.);
#1297=ADVANCED_FACE('',(#591,#592),#866,.F.);
#1298=ADVANCED_FACE('',(#593,#594),#867,.F.);
#1299=ADVANCED_FACE('',(#1937),#324,.F.);
#1300=ADVANCED_FACE('',(#1938),#325,.F.);
#1301=ADVANCED_FACE('',(#1939),#326,.F.);
#1302=ADVANCED_FACE('',(#1940),#327,.F.);
#1303=ADVANCED_FACE('',(#595,#596,#597,#598,#599,#600),#328,.T.);
#1304=ADVANCED_FACE('',(#601,#602),#868,.F.);
#1305=ADVANCED_FACE('',(#603,#604),#329,.F.);
#1306=ADVANCED_FACE('',(#605,#606),#869,.F.);
#1307=ADVANCED_FACE('',(#607,#608),#330,.F.);
#1308=ADVANCED_FACE('',(#609,#610),#331,.F.);
#1309=ADVANCED_FACE('',(#611,#612),#870,.F.);
#1310=ADVANCED_FACE('',(#613,#614),#332,.F.);
#1311=ADVANCED_FACE('',(#615,#616),#333,.T.);
#1312=ADVANCED_FACE('',(#1941),#871,.F.);
#1313=ADVANCED_FACE('',(#617,#618),#872,.F.);
#1314=ADVANCED_FACE('',(#619,#620),#334,.F.);
#1315=ADVANCED_FACE('',(#621,#622),#873,.F.);
#1316=ADVANCED_FACE('',(#623,#624),#335,.F.);
#1317=ADVANCED_FACE('',(#1942),#874,.F.);
#1318=ADVANCED_FACE('',(#1943),#875,.F.);
#1319=ADVANCED_FACE('',(#1944),#876,.F.);
#1320=ADVANCED_FACE('',(#1945),#877,.F.);
#1321=ADVANCED_FACE('',(#625,#626),#878,.F.);
#1322=ADVANCED_FACE('',(#627,#628),#879,.F.);
#1323=ADVANCED_FACE('',(#629,#630),#880,.F.);
#1324=ADVANCED_FACE('',(#631,#632),#881,.F.);
#1325=ADVANCED_FACE('',(#1946),#882,.F.);
#1326=ADVANCED_FACE('',(#1947),#883,.T.);
#1327=ADVANCED_FACE('',(#1948),#884,.F.);
#1328=ADVANCED_FACE('',(#1949),#1663,.F.);
#1329=ADVANCED_FACE('',(#1950),#1664,.F.);
#1330=ADVANCED_FACE('',(#1951),#885,.F.);
#1331=ADVANCED_FACE('',(#1952),#886,.F.);
#1332=ADVANCED_FACE('',(#1953),#887,.F.);
#1333=ADVANCED_FACE('',(#1954),#888,.F.);
#1334=ADVANCED_FACE('',(#1955),#889,.F.);
#1335=ADVANCED_FACE('',(#1956),#1665,.F.);
#1336=ADVANCED_FACE('',(#1957),#1666,.F.);
#1337=ADVANCED_FACE('',(#1958),#1667,.F.);
#1338=ADVANCED_FACE('',(#1959),#1668,.F.);
#1339=ADVANCED_FACE('',(#1960),#336,.T.);
#1340=ADVANCED_FACE('',(#633,#634),#337,.F.);
#1341=ADVANCED_FACE('',(#1961),#338,.T.);
#1342=ADVANCED_FACE('',(#635,#636),#339,.T.);
#1343=ADVANCED_FACE('',(#1962),#340,.T.);
#1344=ADVANCED_FACE('',(#1963),#890,.F.);
#1345=ADVANCED_FACE('',(#1964),#341,.T.);
#1346=ADVANCED_FACE('',(#1965),#342,.T.);
#1347=ADVANCED_FACE('',(#1966),#343,.T.);
#1348=ADVANCED_FACE('',(#1967),#344,.T.);
#1349=ADVANCED_FACE('',(#1968),#345,.T.);
#1350=ADVANCED_FACE('',(#1969),#891,.T.);
#1351=ADVANCED_FACE('',(#1970),#892,.T.);
#1352=ADVANCED_FACE('',(#1971),#893,.F.);
#1353=ADVANCED_FACE('',(#1972),#346,.T.);
#1354=ADVANCED_FACE('',(#1973),#347,.T.);
#1355=ADVANCED_FACE('',(#1974),#348,.F.);
#1356=ADVANCED_FACE('',(#1975),#1669,.F.);
#1357=ADVANCED_FACE('',(#1976),#349,.F.);
#1358=ADVANCED_FACE('',(#1977),#350,.F.);
#1359=ADVANCED_FACE('',(#1978),#351,.T.);
#1360=ADVANCED_FACE('',(#1979),#352,.F.);
#1361=ADVANCED_FACE('',(#1980),#353,.F.);
#1362=ADVANCED_FACE('',(#1981),#354,.T.);
#1363=ADVANCED_FACE('',(#1982),#355,.F.);
#1364=ADVANCED_FACE('',(#1983),#356,.F.);
#1365=ADVANCED_FACE('',(#1984),#357,.F.);
#1366=ADVANCED_FACE('',(#1985),#358,.T.);
#1367=ADVANCED_FACE('',(#1986),#359,.T.);
#1368=ADVANCED_FACE('',(#1987),#1670,.F.);
#1369=ADVANCED_FACE('',(#1988),#360,.T.);
#1370=ADVANCED_FACE('',(#1989),#361,.F.);
#1371=ADVANCED_FACE('',(#1990),#362,.T.);
#1372=ADVANCED_FACE('',(#1991),#363,.T.);
#1373=ADVANCED_FACE('',(#1992),#364,.T.);
#1374=ADVANCED_FACE('',(#637,#638,#639),#365,.T.);
#1375=ADVANCED_FACE('',(#1993),#366,.T.);
#1376=ADVANCED_FACE('',(#640,#641,#642),#367,.T.);
#1377=ADVANCED_FACE('',(#1994),#368,.T.);
#1378=ADVANCED_FACE('',(#1995),#369,.F.);
#1379=ADVANCED_FACE('',(#1996),#894,.F.);
#1380=ADVANCED_FACE('',(#1997),#370,.F.);
#1381=ADVANCED_FACE('',(#1998),#895,.F.);
#1382=ADVANCED_FACE('',(#1999),#896,.F.);
#1383=ADVANCED_FACE('',(#2000),#371,.T.);
#1384=ADVANCED_FACE('',(#2001),#372,.F.);
#1385=ADVANCED_FACE('',(#2002),#897,.F.);
#1386=ADVANCED_FACE('',(#2003),#898,.F.);
#1387=ADVANCED_FACE('',(#2004),#1671,.F.);
#1388=ADVANCED_FACE('',(#2005),#1672,.F.);
#1389=ADVANCED_FACE('',(#2006),#1673,.F.);
#1390=ADVANCED_FACE('',(#2007),#1674,.F.);
#1391=ADVANCED_FACE('',(#2008),#899,.F.);
#1392=ADVANCED_FACE('',(#2009),#900,.F.);
#1393=ADVANCED_FACE('',(#2010),#901,.F.);
#1394=ADVANCED_FACE('',(#2011),#902,.F.);
#1395=ADVANCED_FACE('',(#2012),#903,.F.);
#1396=ADVANCED_FACE('',(#2013),#904,.F.);
#1397=ADVANCED_FACE('',(#2014),#905,.F.);
#1398=ADVANCED_FACE('',(#2015),#906,.F.);
#1399=ADVANCED_FACE('',(#2016),#907,.F.);
#1400=ADVANCED_FACE('',(#2017),#908,.F.);
#1401=ADVANCED_FACE('',(#2018),#909,.F.);
#1402=ADVANCED_FACE('',(#2019),#910,.F.);
#1403=ADVANCED_FACE('',(#643,#644,#645,#646,#647,#648,#649,#650,#651,#652),
#373,.F.);
#1404=ADVANCED_FACE('',(#2020),#911,.F.);
#1405=ADVANCED_FACE('',(#2021),#912,.F.);
#1406=ADVANCED_FACE('',(#2022),#374,.F.);
#1407=ADVANCED_FACE('',(#2023),#375,.F.);
#1408=ADVANCED_FACE('',(#2024),#376,.F.);
#1409=ADVANCED_FACE('',(#2025),#377,.T.);
#1410=ADVANCED_FACE('',(#2026),#378,.F.);
#1411=ADVANCED_FACE('',(#653,#654),#913,.F.);
#1412=ADVANCED_FACE('',(#2027),#379,.F.);
#1413=ADVANCED_FACE('',(#655,#656,#657),#380,.F.);
#1414=ADVANCED_FACE('',(#2028),#381,.F.);
#1415=ADVANCED_FACE('',(#2029),#914,.F.);
#1416=ADVANCED_FACE('',(#2030),#382,.F.);
#1417=ADVANCED_FACE('',(#2031),#383,.F.);
#1418=ADVANCED_FACE('',(#2032),#915,.F.);
#1419=ADVANCED_FACE('',(#2033),#384,.F.);
#1420=ADVANCED_FACE('',(#2034),#916,.T.);
#1421=ADVANCED_FACE('',(#2035),#917,.T.);
#1422=ADVANCED_FACE('',(#2036),#918,.T.);
#1423=ADVANCED_FACE('',(#2037),#919,.T.);
#1424=ADVANCED_FACE('',(#2038),#920,.T.);
#1425=ADVANCED_FACE('',(#2039),#921,.T.);
#1426=ADVANCED_FACE('',(#2040),#922,.T.);
#1427=ADVANCED_FACE('',(#2041),#923,.T.);
#1428=ADVANCED_FACE('',(#2042),#924,.F.);
#1429=ADVANCED_FACE('',(#658,#659),#385,.F.);
#1430=ADVANCED_FACE('',(#2043),#925,.F.);
#1431=ADVANCED_FACE('',(#2044),#926,.F.);
#1432=ADVANCED_FACE('',(#660,#661),#386,.F.);
#1433=ADVANCED_FACE('',(#2045),#927,.F.);
#1434=ADVANCED_FACE('',(#2046),#928,.F.);
#1435=ADVANCED_FACE('',(#662,#663),#387,.F.);
#1436=ADVANCED_FACE('',(#2047),#929,.F.);
#1437=ADVANCED_FACE('',(#2048),#930,.F.);
#1438=ADVANCED_FACE('',(#664,#665),#388,.F.);
#1439=ADVANCED_FACE('',(#2049),#931,.F.);
#1440=ADVANCED_FACE('',(#2050),#932,.F.);
#1441=ADVANCED_FACE('',(#666,#667),#389,.F.);
#1442=ADVANCED_FACE('',(#2051),#933,.F.);
#1443=ADVANCED_FACE('',(#668,#669),#934,.F.);
#1444=ADVANCED_FACE('',(#2052),#935,.F.);
#1445=ADVANCED_FACE('',(#2053),#936,.F.);
#1446=ADVANCED_FACE('',(#670,#671),#390,.F.);
#1447=ADVANCED_FACE('',(#672,#673),#937,.F.);
#1448=ADVANCED_FACE('',(#2054),#938,.F.);
#1449=ADVANCED_FACE('',(#2055),#939,.F.);
#1450=ADVANCED_FACE('',(#674,#675),#391,.F.);
#1451=ADVANCED_FACE('',(#676,#677),#940,.F.);
#1452=ADVANCED_FACE('',(#2056),#941,.F.);
#1453=ADVANCED_FACE('',(#2057),#942,.F.);
#1454=ADVANCED_FACE('',(#678,#679),#392,.F.);
#1455=ADVANCED_FACE('',(#680,#681),#943,.F.);
#1456=ADVANCED_FACE('',(#2058),#944,.F.);
#1457=ADVANCED_FACE('',(#2059),#945,.F.);
#1458=ADVANCED_FACE('',(#682,#683),#393,.F.);
#1459=ADVANCED_FACE('',(#2060),#1675,.T.);
#1460=ADVANCED_FACE('',(#2061),#1676,.T.);
#1461=ADVANCED_FACE('',(#2062),#946,.F.);
#1462=ADVANCED_FACE('',(#2063),#947,.T.);
#1463=ADVANCED_FACE('',(#2064),#948,.T.);
#1464=ADVANCED_FACE('',(#684,#685),#394,.T.);
#1465=ADVANCED_FACE('',(#686,#687),#395,.F.);
#1466=ADVANCED_FACE('',(#2065),#949,.F.);
#1467=ADVANCED_FACE('',(#2066),#1677,.T.);
#1468=ADVANCED_FACE('',(#2067),#1678,.T.);
#1469=ADVANCED_FACE('',(#2068),#950,.F.);
#1470=ADVANCED_FACE('',(#2069),#1679,.F.);
#1471=ADVANCED_FACE('',(#2070),#951,.F.);
#1472=ADVANCED_FACE('',(#2071),#1680,.F.);
#1473=ADVANCED_FACE('',(#2072),#952,.F.);
#1474=ADVANCED_FACE('',(#2073),#1681,.F.);
#1475=ADVANCED_FACE('',(#2074),#953,.F.);
#1476=ADVANCED_FACE('',(#2075),#1682,.F.);
#1477=ADVANCED_FACE('',(#2076),#954,.F.);
#1478=ADVANCED_FACE('',(#2077),#1683,.F.);
#1479=ADVANCED_FACE('',(#2078),#955,.F.);
#1480=ADVANCED_FACE('',(#2079),#1684,.F.);
#1481=ADVANCED_FACE('',(#2080),#956,.F.);
#1482=ADVANCED_FACE('',(#2081),#1685,.F.);
#1483=ADVANCED_FACE('',(#2082),#957,.F.);
#1484=ADVANCED_FACE('',(#2083),#1686,.F.);
#1485=ADVANCED_FACE('',(#2084),#958,.F.);
#1486=ADVANCED_FACE('',(#2085),#959,.F.);
#1487=ADVANCED_FACE('',(#2086),#960,.F.);
#1488=ADVANCED_FACE('',(#2087),#961,.F.);
#1489=ADVANCED_FACE('',(#2088),#962,.F.);
#1490=ADVANCED_FACE('',(#2089),#963,.F.);
#1491=ADVANCED_FACE('',(#2090),#964,.F.);
#1492=ADVANCED_FACE('',(#2091),#965,.F.);
#1493=ADVANCED_FACE('',(#2092),#966,.F.);
#1494=ADVANCED_FACE('',(#2093),#967,.F.);
#1495=ADVANCED_FACE('',(#2094),#968,.F.);
#1496=ADVANCED_FACE('',(#2095),#969,.F.);
#1497=ADVANCED_FACE('',(#2096),#970,.F.);
#1498=ADVANCED_FACE('',(#2097),#971,.F.);
#1499=ADVANCED_FACE('',(#2098),#1687,.F.);
#1500=ADVANCED_FACE('',(#2099),#972,.F.);
#1501=ADVANCED_FACE('',(#2100),#1688,.F.);
#1502=ADVANCED_FACE('',(#2101),#973,.F.);
#1503=ADVANCED_FACE('',(#2102),#974,.F.);
#1504=ADVANCED_FACE('',(#2103),#975,.F.);
#1505=ADVANCED_FACE('',(#2104),#976,.F.);
#1506=ADVANCED_FACE('',(#688,#689,#690),#977,.F.);
#1507=ADVANCED_FACE('',(#2105),#396,.T.);
#1508=ADVANCED_FACE('',(#2106),#397,.T.);
#1509=ADVANCED_FACE('',(#691,#692,#693,#694,#695),#398,.T.);
#1510=ADVANCED_FACE('',(#2107),#399,.T.);
#1511=ADVANCED_FACE('',(#696,#697,#698),#400,.F.);
#1512=ADVANCED_FACE('',(#699,#700),#401,.F.);
#1513=ADVANCED_FACE('',(#701,#702,#703),#402,.F.);
#1514=ADVANCED_FACE('',(#704,#705),#403,.F.);
#1515=ADVANCED_FACE('',(#706,#707,#708,#709,#710,#711,#712,#713,#714),#404,
 .F.);
#1516=ADVANCED_FACE('',(#715,#716,#717),#978,.F.);
#1517=ADVANCED_FACE('',(#2108),#405,.T.);
#1518=ADVANCED_FACE('',(#2109),#979,.F.);
#1519=ADVANCED_FACE('',(#718,#719),#406,.T.);
#1520=ADVANCED_FACE('',(#2110),#980,.F.);
#1521=ADVANCED_FACE('',(#720,#721),#407,.T.);
#1522=ADVANCED_FACE('',(#2111),#1689,.F.);
#1523=ADVANCED_FACE('',(#2112),#981,.F.);
#1524=ADVANCED_FACE('',(#2113),#1690,.F.);
#1525=ADVANCED_FACE('',(#2114),#982,.F.);
#1526=ADVANCED_FACE('',(#2115),#983,.F.);
#1527=ADVANCED_FACE('',(#2116),#984,.F.);
#1528=ADVANCED_FACE('',(#2117),#985,.F.);
#1529=ADVANCED_FACE('',(#2118),#986,.F.);
#1530=ADVANCED_FACE('',(#722,#723),#408,.F.);
#1531=ADVANCED_FACE('',(#2119),#987,.F.);
#1532=ADVANCED_FACE('',(#724,#725),#409,.F.);
#1533=ADVANCED_FACE('',(#2120),#988,.F.);
#1534=ADVANCED_FACE('',(#2121),#989,.F.);
#1535=ADVANCED_FACE('',(#2122),#990,.F.);
#1536=ADVANCED_FACE('',(#2123),#991,.F.);
#1537=ADVANCED_FACE('',(#726,#727),#410,.F.);
#1538=ADVANCED_FACE('',(#2124),#992,.F.);
#1539=ADVANCED_FACE('',(#728,#729),#411,.F.);
#1540=ADVANCED_FACE('',(#2125),#993,.F.);
#1541=ADVANCED_FACE('',(#2126),#1691,.F.);
#1542=ADVANCED_FACE('',(#2127),#994,.F.);
#1543=ADVANCED_FACE('',(#2128),#1692,.F.);
#1544=ADVANCED_FACE('',(#2129),#995,.F.);
#1545=ADVANCED_FACE('',(#2130),#1693,.F.);
#1546=ADVANCED_FACE('',(#2131),#996,.F.);
#1547=ADVANCED_FACE('',(#2132),#1694,.F.);
#1548=ADVANCED_FACE('',(#2133),#997,.F.);
#1549=ADVANCED_FACE('',(#2134),#1695,.F.);
#1550=ADVANCED_FACE('',(#2135),#998,.F.);
#1551=ADVANCED_FACE('',(#2136),#1696,.F.);
#1552=ADVANCED_FACE('',(#2137),#999,.F.);
#1553=ADVANCED_FACE('',(#2138),#1697,.F.);
#1554=ADVANCED_FACE('',(#2139),#1000,.F.);
#1555=ADVANCED_FACE('',(#2140),#1698,.F.);
#1556=ADVANCED_FACE('',(#2141),#1001,.F.);
#1557=ADVANCED_FACE('',(#2142),#1002,.F.);
#1558=ADVANCED_FACE('',(#2143),#1003,.T.);
#1559=ADVANCED_FACE('',(#2144),#1004,.F.);
#1560=ADVANCED_FACE('',(#2145),#1699,.F.);
#1561=ADVANCED_FACE('',(#2146),#1700,.F.);
#1562=ADVANCED_FACE('',(#2147),#1005,.F.);
#1563=ADVANCED_FACE('',(#2148),#1006,.F.);
#1564=ADVANCED_FACE('',(#2149),#1007,.F.);
#1565=ADVANCED_FACE('',(#2150),#1008,.F.);
#1566=ADVANCED_FACE('',(#2151),#1009,.F.);
#1567=ADVANCED_FACE('',(#2152),#1701,.F.);
#1568=ADVANCED_FACE('',(#2153),#1702,.F.);
#1569=ADVANCED_FACE('',(#2154),#1703,.F.);
#1570=ADVANCED_FACE('',(#2155),#1704,.F.);
#1571=ADVANCED_FACE('',(#2156),#412,.T.);
#1572=ADVANCED_FACE('',(#730,#731),#413,.F.);
#1573=ADVANCED_FACE('',(#2157),#414,.T.);
#1574=ADVANCED_FACE('',(#732,#733),#415,.T.);
#1575=ADVANCED_FACE('',(#2158),#416,.T.);
#1576=ADVANCED_FACE('',(#2159),#1010,.F.);
#1577=ADVANCED_FACE('',(#2160),#417,.T.);
#1578=ADVANCED_FACE('',(#2161),#418,.T.);
#1579=ADVANCED_FACE('',(#2162),#419,.T.);
#1580=ADVANCED_FACE('',(#2163),#420,.T.);
#1581=ADVANCED_FACE('',(#2164),#421,.T.);
#1582=ADVANCED_FACE('',(#2165),#1011,.T.);
#1583=ADVANCED_FACE('',(#2166),#1012,.T.);
#1584=ADVANCED_FACE('',(#2167),#1013,.F.);
#1585=ADVANCED_FACE('',(#2168),#422,.T.);
#1586=ADVANCED_FACE('',(#2169),#423,.T.);
#1587=ADVANCED_FACE('',(#2170),#424,.F.);
#1588=ADVANCED_FACE('',(#2171),#1705,.F.);
#1589=ADVANCED_FACE('',(#2172),#425,.F.);
#1590=ADVANCED_FACE('',(#2173),#426,.F.);
#1591=ADVANCED_FACE('',(#2174),#427,.T.);
#1592=ADVANCED_FACE('',(#2175),#428,.F.);
#1593=ADVANCED_FACE('',(#2176),#429,.F.);
#1594=ADVANCED_FACE('',(#2177),#430,.T.);
#1595=ADVANCED_FACE('',(#2178),#431,.F.);
#1596=ADVANCED_FACE('',(#2179),#432,.F.);
#1597=ADVANCED_FACE('',(#2180),#433,.F.);
#1598=ADVANCED_FACE('',(#2181),#434,.T.);
#1599=ADVANCED_FACE('',(#2182),#435,.T.);
#1600=ADVANCED_FACE('',(#2183),#1706,.F.);
#1601=ADVANCED_FACE('',(#2184),#436,.T.);
#1602=ADVANCED_FACE('',(#2185),#437,.F.);
#1603=ADVANCED_FACE('',(#2186),#438,.T.);
#1604=ADVANCED_FACE('',(#2187),#439,.T.);
#1605=ADVANCED_FACE('',(#2188),#440,.T.);
#1606=ADVANCED_FACE('',(#734,#735,#736),#441,.T.);
#1607=ADVANCED_FACE('',(#2189),#442,.T.);
#1608=ADVANCED_FACE('',(#737,#738,#739),#443,.T.);
#1609=ADVANCED_FACE('',(#2190),#444,.T.);
#1610=ADVANCED_FACE('',(#2191),#445,.F.);
#1611=ADVANCED_FACE('',(#2192),#1014,.F.);
#1612=ADVANCED_FACE('',(#2193),#446,.F.);
#1613=ADVANCED_FACE('',(#2194),#1015,.F.);
#1614=ADVANCED_FACE('',(#2195),#1016,.F.);
#1615=ADVANCED_FACE('',(#2196),#447,.T.);
#1616=ADVANCED_FACE('',(#2197),#448,.F.);
#1617=ADVANCED_FACE('',(#2198),#1017,.F.);
#1618=ADVANCED_FACE('',(#2199),#1018,.F.);
#1619=ADVANCED_FACE('',(#2200),#1707,.F.);
#1620=ADVANCED_FACE('',(#2201),#1708,.F.);
#1621=ADVANCED_FACE('',(#2202),#1709,.F.);
#1622=ADVANCED_FACE('',(#2203),#1710,.F.);
#1623=ADVANCED_FACE('',(#740,#741),#1019,.F.);
#1624=ADVANCED_FACE('',(#742,#743),#1020,.T.);
#1625=ADVANCED_FACE('',(#744,#745),#449,.F.);
#1626=ADVANCED_FACE('',(#746,#747),#450,.F.);
#1627=ADVANCED_FACE('',(#748,#749),#1021,.F.);
#1628=ADVANCED_FACE('',(#750,#751),#1022,.T.);
#1629=ADVANCED_FACE('',(#752,#753),#451,.F.);
#1630=ADVANCED_FACE('',(#754,#755),#452,.F.);
#1631=CONICAL_SURFACE('',#10780,12.5,44.9999999999999);
#1632=CONICAL_SURFACE('',#10783,13.5,45.0000000000002);
#1633=CONICAL_SURFACE('',#10798,13.5,45.0000000000002);
#1634=CONICAL_SURFACE('',#10799,12.5,44.9999999999999);
#1635=CONICAL_SURFACE('',#10960,1.65,58.9999999999997);
#1636=CONICAL_SURFACE('',#10964,1.65,58.9999999999997);
#1637=CONICAL_SURFACE('',#10968,1.65,58.9999999999994);
#1638=CONICAL_SURFACE('',#10972,1.65,58.9999999999994);
#1639=CONICAL_SURFACE('',#11048,1.65,58.9999999999994);
#1640=CONICAL_SURFACE('',#11051,1.65,58.9999999999994);
#1641=CONICAL_SURFACE('',#11054,1.65,58.9999999999997);
#1642=CONICAL_SURFACE('',#11057,1.65,58.9999999999997);
#1643=CONICAL_SURFACE('',#11062,1.65,58.9999999999997);
#1644=CONICAL_SURFACE('',#11066,1.65,58.9999999999997);
#1645=CONICAL_SURFACE('',#11070,1.65,58.9999999999997);
#1646=CONICAL_SURFACE('',#11074,1.65,58.9999999999997);
#1647=CONICAL_SURFACE('',#11078,1.65,58.9999999999998);
#1648=CONICAL_SURFACE('',#11082,1.65,58.9999999999998);
#1649=CONICAL_SURFACE('',#11086,1.65,58.9999999999998);
#1650=CONICAL_SURFACE('',#11090,1.65,58.9999999999998);
#1651=CONICAL_SURFACE('',#11126,1.65,58.9999999999997);
#1652=CONICAL_SURFACE('',#11130,1.65,58.9999999999997);
#1653=CONICAL_SURFACE('',#11197,1.65,58.9999999999997);
#1654=CONICAL_SURFACE('',#11200,1.65,58.9999999999997);
#1655=CONICAL_SURFACE('',#11226,1.65,58.9999999999998);
#1656=CONICAL_SURFACE('',#11229,1.65,58.9999999999998);
#1657=CONICAL_SURFACE('',#11232,1.65,58.9999999999998);
#1658=CONICAL_SURFACE('',#11235,1.65,58.9999999999998);
#1659=CONICAL_SURFACE('',#11238,1.65,58.9999999999997);
#1660=CONICAL_SURFACE('',#11241,1.65,58.9999999999997);
#1661=CONICAL_SURFACE('',#11244,1.65,58.9999999999997);
#1662=CONICAL_SURFACE('',#11247,1.65,58.9999999999997);
#1663=CONICAL_SURFACE('',#11357,0.699999999824286,58.9999999898371);
#1664=CONICAL_SURFACE('',#11358,0.699999999824286,58.9999999898371);
#1665=CONICAL_SURFACE('',#11374,1.50000000001228,59.0000000001234);
#1666=CONICAL_SURFACE('',#11375,1.50000000003047,59.0000000004302);
#1667=CONICAL_SURFACE('',#11376,1.50000000001228,59.0000000001234);
#1668=CONICAL_SURFACE('',#11377,1.50000000003047,59.0000000004302);
#1669=CONICAL_SURFACE('',#11403,0.699999999824286,58.9999999898371);
#1670=CONICAL_SURFACE('',#11416,0.699999999824286,58.9999999898371);
#1671=CONICAL_SURFACE('',#11444,1.50000000001228,59.0000000001234);
#1672=CONICAL_SURFACE('',#11445,1.50000000003047,59.0000000004302);
#1673=CONICAL_SURFACE('',#11446,1.50000000001228,59.0000000001234);
#1674=CONICAL_SURFACE('',#11447,1.50000000003047,59.0000000004302);
#1675=CONICAL_SURFACE('',#11605,12.5,44.9999999999999);
#1676=CONICAL_SURFACE('',#11608,13.5,45.0000000000002);
#1677=CONICAL_SURFACE('',#11623,13.5,45.0000000000002);
#1678=CONICAL_SURFACE('',#11624,12.5,44.9999999999999);
#1679=CONICAL_SURFACE('',#11628,1.65,58.9999999999997);
#1680=CONICAL_SURFACE('',#11632,1.65,58.9999999999997);
#1681=CONICAL_SURFACE('',#11636,1.65,58.9999999999997);
#1682=CONICAL_SURFACE('',#11640,1.65,58.9999999999997);
#1683=CONICAL_SURFACE('',#11644,1.65,58.9999999999998);
#1684=CONICAL_SURFACE('',#11648,1.65,58.9999999999998);
#1685=CONICAL_SURFACE('',#11652,1.65,58.9999999999998);
#1686=CONICAL_SURFACE('',#11656,1.65,58.9999999999998);
#1687=CONICAL_SURFACE('',#11692,1.65,58.9999999999997);
#1688=CONICAL_SURFACE('',#11696,1.65,58.9999999999997);
#1689=CONICAL_SURFACE('',#11763,1.65,58.9999999999997);
#1690=CONICAL_SURFACE('',#11766,1.65,58.9999999999997);
#1691=CONICAL_SURFACE('',#11792,1.65,58.9999999999998);
#1692=CONICAL_SURFACE('',#11795,1.65,58.9999999999998);
#1693=CONICAL_SURFACE('',#11798,1.65,58.9999999999998);
#1694=CONICAL_SURFACE('',#11801,1.65,58.9999999999998);
#1695=CONICAL_SURFACE('',#11804,1.65,58.9999999999997);
#1696=CONICAL_SURFACE('',#11807,1.65,58.9999999999997);
#1697=CONICAL_SURFACE('',#11810,1.65,58.9999999999997);
#1698=CONICAL_SURFACE('',#11813,1.65,58.9999999999997);
#1699=CONICAL_SURFACE('',#11824,0.699999999824286,58.9999999898371);
#1700=CONICAL_SURFACE('',#11825,0.699999999824286,58.9999999898371);
#1701=CONICAL_SURFACE('',#11841,1.50000000001228,59.0000000001234);
#1702=CONICAL_SURFACE('',#11842,1.50000000003047,59.0000000004302);
#1703=CONICAL_SURFACE('',#11843,1.50000000001228,59.0000000001234);
#1704=CONICAL_SURFACE('',#11844,1.50000000003047,59.0000000004302);
#1705=CONICAL_SURFACE('',#11870,0.699999999824286,58.9999999898371);
#1706=CONICAL_SURFACE('',#11883,0.699999999824286,58.9999999898371);
#1707=CONICAL_SURFACE('',#11911,1.50000000001228,59.0000000001234);
#1708=CONICAL_SURFACE('',#11912,1.50000000003047,59.0000000004302);
#1709=CONICAL_SURFACE('',#11913,1.50000000001228,59.0000000001234);
#1710=CONICAL_SURFACE('',#11914,1.50000000003047,59.0000000004302);
#1711=FACE_OUTER_BOUND('',#2204,.T.);
#1712=FACE_OUTER_BOUND('',#2205,.T.);
#1713=FACE_OUTER_BOUND('',#2206,.T.);
#1714=FACE_OUTER_BOUND('',#2207,.T.);
#1715=FACE_OUTER_BOUND('',#2208,.T.);
#1716=FACE_OUTER_BOUND('',#2213,.T.);
#1717=FACE_OUTER_BOUND('',#2214,.T.);
#1718=FACE_OUTER_BOUND('',#2215,.T.);
#1719=FACE_OUTER_BOUND('',#2216,.T.);
#1720=FACE_OUTER_BOUND('',#2217,.T.);
#1721=FACE_OUTER_BOUND('',#2218,.T.);
#1722=FACE_OUTER_BOUND('',#2219,.T.);
#1723=FACE_OUTER_BOUND('',#2220,.T.);
#1724=FACE_OUTER_BOUND('',#2221,.T.);
#1725=FACE_OUTER_BOUND('',#2222,.T.);
#1726=FACE_OUTER_BOUND('',#2227,.T.);
#1727=FACE_OUTER_BOUND('',#2228,.T.);
#1728=FACE_OUTER_BOUND('',#2229,.T.);
#1729=FACE_OUTER_BOUND('',#2230,.T.);
#1730=FACE_OUTER_BOUND('',#2231,.T.);
#1731=FACE_OUTER_BOUND('',#2232,.T.);
#1732=FACE_OUTER_BOUND('',#2233,.T.);
#1733=FACE_OUTER_BOUND('',#2248,.T.);
#1734=FACE_OUTER_BOUND('',#2249,.T.);
#1735=FACE_OUTER_BOUND('',#2250,.T.);
#1736=FACE_OUTER_BOUND('',#2251,.T.);
#1737=FACE_OUTER_BOUND('',#2264,.T.);
#1738=FACE_OUTER_BOUND('',#2265,.T.);
#1739=FACE_OUTER_BOUND('',#2266,.T.);
#1740=FACE_OUTER_BOUND('',#2267,.T.);
#1741=FACE_OUTER_BOUND('',#2268,.T.);
#1742=FACE_OUTER_BOUND('',#2269,.T.);
#1743=FACE_OUTER_BOUND('',#2270,.T.);
#1744=FACE_OUTER_BOUND('',#2271,.T.);
#1745=FACE_OUTER_BOUND('',#2272,.T.);
#1746=FACE_OUTER_BOUND('',#2273,.T.);
#1747=FACE_OUTER_BOUND('',#2279,.T.);
#1748=FACE_OUTER_BOUND('',#2287,.T.);
#1749=FACE_OUTER_BOUND('',#2290,.T.);
#1750=FACE_OUTER_BOUND('',#2291,.T.);
#1751=FACE_OUTER_BOUND('',#2292,.T.);
#1752=FACE_OUTER_BOUND('',#2293,.T.);
#1753=FACE_OUTER_BOUND('',#2294,.T.);
#1754=FACE_OUTER_BOUND('',#2295,.T.);
#1755=FACE_OUTER_BOUND('',#2296,.T.);
#1756=FACE_OUTER_BOUND('',#2297,.T.);
#1757=FACE_OUTER_BOUND('',#2300,.T.);
#1758=FACE_OUTER_BOUND('',#2301,.T.);
#1759=FACE_OUTER_BOUND('',#2304,.T.);
#1760=FACE_OUTER_BOUND('',#2305,.T.);
#1761=FACE_OUTER_BOUND('',#2308,.T.);
#1762=FACE_OUTER_BOUND('',#2309,.T.);
#1763=FACE_OUTER_BOUND('',#2312,.T.);
#1764=FACE_OUTER_BOUND('',#2313,.T.);
#1765=FACE_OUTER_BOUND('',#2316,.T.);
#1766=FACE_OUTER_BOUND('',#2317,.T.);
#1767=FACE_OUTER_BOUND('',#2318,.T.);
#1768=FACE_OUTER_BOUND('',#2319,.T.);
#1769=FACE_OUTER_BOUND('',#2320,.T.);
#1770=FACE_OUTER_BOUND('',#2321,.T.);
#1771=FACE_OUTER_BOUND('',#2322,.T.);
#1772=FACE_OUTER_BOUND('',#2323,.T.);
#1773=FACE_OUTER_BOUND('',#2324,.T.);
#1774=FACE_OUTER_BOUND('',#2325,.T.);
#1775=FACE_OUTER_BOUND('',#2326,.T.);
#1776=FACE_OUTER_BOUND('',#2327,.T.);
#1777=FACE_OUTER_BOUND('',#2328,.T.);
#1778=FACE_OUTER_BOUND('',#2329,.T.);
#1779=FACE_OUTER_BOUND('',#2330,.T.);
#1780=FACE_OUTER_BOUND('',#2331,.T.);
#1781=FACE_OUTER_BOUND('',#2332,.T.);
#1782=FACE_OUTER_BOUND('',#2333,.T.);
#1783=FACE_OUTER_BOUND('',#2334,.T.);
#1784=FACE_OUTER_BOUND('',#2335,.T.);
#1785=FACE_OUTER_BOUND('',#2336,.T.);
#1786=FACE_OUTER_BOUND('',#2337,.T.);
#1787=FACE_OUTER_BOUND('',#2338,.T.);
#1788=FACE_OUTER_BOUND('',#2339,.T.);
#1789=FACE_OUTER_BOUND('',#2340,.T.);
#1790=FACE_OUTER_BOUND('',#2347,.T.);
#1791=FACE_OUTER_BOUND('',#2348,.T.);
#1792=FACE_OUTER_BOUND('',#2349,.T.);
#1793=FACE_OUTER_BOUND('',#2350,.T.);
#1794=FACE_OUTER_BOUND('',#2351,.T.);
#1795=FACE_OUTER_BOUND('',#2352,.T.);
#1796=FACE_OUTER_BOUND('',#2353,.T.);
#1797=FACE_OUTER_BOUND('',#2354,.T.);
#1798=FACE_OUTER_BOUND('',#2355,.T.);
#1799=FACE_OUTER_BOUND('',#2356,.T.);
#1800=FACE_OUTER_BOUND('',#2357,.T.);
#1801=FACE_OUTER_BOUND('',#2358,.T.);
#1802=FACE_OUTER_BOUND('',#2359,.T.);
#1803=FACE_OUTER_BOUND('',#2360,.T.);
#1804=FACE_OUTER_BOUND('',#2361,.T.);
#1805=FACE_OUTER_BOUND('',#2362,.T.);
#1806=FACE_OUTER_BOUND('',#2363,.T.);
#1807=FACE_OUTER_BOUND('',#2364,.T.);
#1808=FACE_OUTER_BOUND('',#2365,.T.);
#1809=FACE_OUTER_BOUND('',#2366,.T.);
#1810=FACE_OUTER_BOUND('',#2367,.T.);
#1811=FACE_OUTER_BOUND('',#2368,.T.);
#1812=FACE_OUTER_BOUND('',#2369,.T.);
#1813=FACE_OUTER_BOUND('',#2370,.T.);
#1814=FACE_OUTER_BOUND('',#2371,.T.);
#1815=FACE_OUTER_BOUND('',#2372,.T.);
#1816=FACE_OUTER_BOUND('',#2373,.T.);
#1817=FACE_OUTER_BOUND('',#2374,.T.);
#1818=FACE_OUTER_BOUND('',#2375,.T.);
#1819=FACE_OUTER_BOUND('',#2376,.T.);
#1820=FACE_OUTER_BOUND('',#2377,.T.);
#1821=FACE_OUTER_BOUND('',#2378,.T.);
#1822=FACE_OUTER_BOUND('',#2379,.T.);
#1823=FACE_OUTER_BOUND('',#2380,.T.);
#1824=FACE_OUTER_BOUND('',#2381,.T.);
#1825=FACE_OUTER_BOUND('',#2382,.T.);
#1826=FACE_OUTER_BOUND('',#2383,.T.);
#1827=FACE_OUTER_BOUND('',#2384,.T.);
#1828=FACE_OUTER_BOUND('',#2385,.T.);
#1829=FACE_OUTER_BOUND('',#2386,.T.);
#1830=FACE_OUTER_BOUND('',#2387,.T.);
#1831=FACE_OUTER_BOUND('',#2388,.T.);
#1832=FACE_OUTER_BOUND('',#2389,.T.);
#1833=FACE_OUTER_BOUND('',#2390,.T.);
#1834=FACE_OUTER_BOUND('',#2391,.T.);
#1835=FACE_OUTER_BOUND('',#2392,.T.);
#1836=FACE_OUTER_BOUND('',#2393,.T.);
#1837=FACE_OUTER_BOUND('',#2394,.T.);
#1838=FACE_OUTER_BOUND('',#2395,.T.);
#1839=FACE_OUTER_BOUND('',#2396,.T.);
#1840=FACE_OUTER_BOUND('',#2397,.T.);
#1841=FACE_OUTER_BOUND('',#2398,.T.);
#1842=FACE_OUTER_BOUND('',#2399,.T.);
#1843=FACE_OUTER_BOUND('',#2400,.T.);
#1844=FACE_OUTER_BOUND('',#2401,.T.);
#1845=FACE_OUTER_BOUND('',#2402,.T.);
#1846=FACE_OUTER_BOUND('',#2403,.T.);
#1847=FACE_OUTER_BOUND('',#2404,.T.);
#1848=FACE_OUTER_BOUND('',#2405,.T.);
#1849=FACE_OUTER_BOUND('',#2406,.T.);
#1850=FACE_OUTER_BOUND('',#2407,.T.);
#1851=FACE_OUTER_BOUND('',#2408,.T.);
#1852=FACE_OUTER_BOUND('',#2409,.T.);
#1853=FACE_OUTER_BOUND('',#2410,.T.);
#1854=FACE_OUTER_BOUND('',#2411,.T.);
#1855=FACE_OUTER_BOUND('',#2412,.T.);
#1856=FACE_OUTER_BOUND('',#2413,.T.);
#1857=FACE_OUTER_BOUND('',#2414,.T.);
#1858=FACE_OUTER_BOUND('',#2415,.T.);
#1859=FACE_OUTER_BOUND('',#2416,.T.);
#1860=FACE_OUTER_BOUND('',#2417,.T.);
#1861=FACE_OUTER_BOUND('',#2418,.T.);
#1862=FACE_OUTER_BOUND('',#2419,.T.);
#1863=FACE_OUTER_BOUND('',#2420,.T.);
#1864=FACE_OUTER_BOUND('',#2421,.T.);
#1865=FACE_OUTER_BOUND('',#2422,.T.);
#1866=FACE_OUTER_BOUND('',#2423,.T.);
#1867=FACE_OUTER_BOUND('',#2424,.T.);
#1868=FACE_OUTER_BOUND('',#2425,.T.);
#1869=FACE_OUTER_BOUND('',#2426,.T.);
#1870=FACE_OUTER_BOUND('',#2427,.T.);
#1871=FACE_OUTER_BOUND('',#2428,.T.);
#1872=FACE_OUTER_BOUND('',#2429,.T.);
#1873=FACE_OUTER_BOUND('',#2430,.T.);
#1874=FACE_OUTER_BOUND('',#2431,.T.);
#1875=FACE_OUTER_BOUND('',#2432,.T.);
#1876=FACE_OUTER_BOUND('',#2433,.T.);
#1877=FACE_OUTER_BOUND('',#2434,.T.);
#1878=FACE_OUTER_BOUND('',#2435,.T.);
#1879=FACE_OUTER_BOUND('',#2436,.T.);
#1880=FACE_OUTER_BOUND('',#2437,.T.);
#1881=FACE_OUTER_BOUND('',#2438,.T.);
#1882=FACE_OUTER_BOUND('',#2439,.T.);
#1883=FACE_OUTER_BOUND('',#2440,.T.);
#1884=FACE_OUTER_BOUND('',#2441,.T.);
#1885=FACE_OUTER_BOUND('',#2442,.T.);
#1886=FACE_OUTER_BOUND('',#2443,.T.);
#1887=FACE_OUTER_BOUND('',#2444,.T.);
#1888=FACE_OUTER_BOUND('',#2445,.T.);
#1889=FACE_OUTER_BOUND('',#2446,.T.);
#1890=FACE_OUTER_BOUND('',#2447,.T.);
#1891=FACE_OUTER_BOUND('',#2451,.T.);
#1892=FACE_OUTER_BOUND('',#2452,.T.);
#1893=FACE_OUTER_BOUND('',#2458,.T.);
#1894=FACE_OUTER_BOUND('',#2481,.T.);
#1895=FACE_OUTER_BOUND('',#2482,.T.);
#1896=FACE_OUTER_BOUND('',#2485,.T.);
#1897=FACE_OUTER_BOUND('',#2488,.T.);
#1898=FACE_OUTER_BOUND('',#2489,.T.);
#1899=FACE_OUTER_BOUND('',#2490,.T.);
#1900=FACE_OUTER_BOUND('',#2491,.T.);
#1901=FACE_OUTER_BOUND('',#2492,.T.);
#1902=FACE_OUTER_BOUND('',#2493,.T.);
#1903=FACE_OUTER_BOUND('',#2494,.T.);
#1904=FACE_OUTER_BOUND('',#2495,.T.);
#1905=FACE_OUTER_BOUND('',#2498,.T.);
#1906=FACE_OUTER_BOUND('',#2501,.T.);
#1907=FACE_OUTER_BOUND('',#2502,.T.);
#1908=FACE_OUTER_BOUND('',#2503,.T.);
#1909=FACE_OUTER_BOUND('',#2504,.T.);
#1910=FACE_OUTER_BOUND('',#2507,.T.);
#1911=FACE_OUTER_BOUND('',#2510,.T.);
#1912=FACE_OUTER_BOUND('',#2511,.T.);
#1913=FACE_OUTER_BOUND('',#2512,.T.);
#1914=FACE_OUTER_BOUND('',#2513,.T.);
#1915=FACE_OUTER_BOUND('',#2514,.T.);
#1916=FACE_OUTER_BOUND('',#2515,.T.);
#1917=FACE_OUTER_BOUND('',#2516,.T.);
#1918=FACE_OUTER_BOUND('',#2517,.T.);
#1919=FACE_OUTER_BOUND('',#2518,.T.);
#1920=FACE_OUTER_BOUND('',#2519,.T.);
#1921=FACE_OUTER_BOUND('',#2520,.T.);
#1922=FACE_OUTER_BOUND('',#2521,.T.);
#1923=FACE_OUTER_BOUND('',#2522,.T.);
#1924=FACE_OUTER_BOUND('',#2523,.T.);
#1925=FACE_OUTER_BOUND('',#2524,.T.);
#1926=FACE_OUTER_BOUND('',#2525,.T.);
#1927=FACE_OUTER_BOUND('',#2526,.T.);
#1928=FACE_OUTER_BOUND('',#2547,.T.);
#1929=FACE_OUTER_BOUND('',#2548,.T.);
#1930=FACE_OUTER_BOUND('',#2549,.T.);
#1931=FACE_OUTER_BOUND('',#2550,.T.);
#1932=FACE_OUTER_BOUND('',#2551,.T.);
#1933=FACE_OUTER_BOUND('',#2552,.T.);
#1934=FACE_OUTER_BOUND('',#2553,.T.);
#1935=FACE_OUTER_BOUND('',#2554,.T.);
#1936=FACE_OUTER_BOUND('',#2559,.T.);
#1937=FACE_OUTER_BOUND('',#2572,.T.);
#1938=FACE_OUTER_BOUND('',#2573,.T.);
#1939=FACE_OUTER_BOUND('',#2574,.T.);
#1940=FACE_OUTER_BOUND('',#2575,.T.);
#1941=FACE_OUTER_BOUND('',#2598,.T.);
#1942=FACE_OUTER_BOUND('',#2607,.T.);
#1943=FACE_OUTER_BOUND('',#2608,.T.);
#1944=FACE_OUTER_BOUND('',#2609,.T.);
#1945=FACE_OUTER_BOUND('',#2610,.T.);
#1946=FACE_OUTER_BOUND('',#2619,.T.);
#1947=FACE_OUTER_BOUND('',#2620,.T.);
#1948=FACE_OUTER_BOUND('',#2621,.T.);
#1949=FACE_OUTER_BOUND('',#2622,.T.);
#1950=FACE_OUTER_BOUND('',#2623,.T.);
#1951=FACE_OUTER_BOUND('',#2624,.T.);
#1952=FACE_OUTER_BOUND('',#2625,.T.);
#1953=FACE_OUTER_BOUND('',#2626,.T.);
#1954=FACE_OUTER_BOUND('',#2627,.T.);
#1955=FACE_OUTER_BOUND('',#2628,.T.);
#1956=FACE_OUTER_BOUND('',#2629,.T.);
#1957=FACE_OUTER_BOUND('',#2630,.T.);
#1958=FACE_OUTER_BOUND('',#2631,.T.);
#1959=FACE_OUTER_BOUND('',#2632,.T.);
#1960=FACE_OUTER_BOUND('',#2633,.T.);
#1961=FACE_OUTER_BOUND('',#2636,.T.);
#1962=FACE_OUTER_BOUND('',#2639,.T.);
#1963=FACE_OUTER_BOUND('',#2640,.T.);
#1964=FACE_OUTER_BOUND('',#2641,.T.);
#1965=FACE_OUTER_BOUND('',#2642,.T.);
#1966=FACE_OUTER_BOUND('',#2643,.T.);
#1967=FACE_OUTER_BOUND('',#2644,.T.);
#1968=FACE_OUTER_BOUND('',#2645,.T.);
#1969=FACE_OUTER_BOUND('',#2646,.T.);
#1970=FACE_OUTER_BOUND('',#2647,.T.);
#1971=FACE_OUTER_BOUND('',#2648,.T.);
#1972=FACE_OUTER_BOUND('',#2649,.T.);
#1973=FACE_OUTER_BOUND('',#2650,.T.);
#1974=FACE_OUTER_BOUND('',#2651,.T.);
#1975=FACE_OUTER_BOUND('',#2652,.T.);
#1976=FACE_OUTER_BOUND('',#2653,.T.);
#1977=FACE_OUTER_BOUND('',#2654,.T.);
#1978=FACE_OUTER_BOUND('',#2655,.T.);
#1979=FACE_OUTER_BOUND('',#2656,.T.);
#1980=FACE_OUTER_BOUND('',#2657,.T.);
#1981=FACE_OUTER_BOUND('',#2658,.T.);
#1982=FACE_OUTER_BOUND('',#2659,.T.);
#1983=FACE_OUTER_BOUND('',#2660,.T.);
#1984=FACE_OUTER_BOUND('',#2661,.T.);
#1985=FACE_OUTER_BOUND('',#2662,.T.);
#1986=FACE_OUTER_BOUND('',#2663,.T.);
#1987=FACE_OUTER_BOUND('',#2664,.T.);
#1988=FACE_OUTER_BOUND('',#2665,.T.);
#1989=FACE_OUTER_BOUND('',#2666,.T.);
#1990=FACE_OUTER_BOUND('',#2667,.T.);
#1991=FACE_OUTER_BOUND('',#2668,.T.);
#1992=FACE_OUTER_BOUND('',#2669,.T.);
#1993=FACE_OUTER_BOUND('',#2673,.T.);
#1994=FACE_OUTER_BOUND('',#2677,.T.);
#1995=FACE_OUTER_BOUND('',#2678,.T.);
#1996=FACE_OUTER_BOUND('',#2679,.T.);
#1997=FACE_OUTER_BOUND('',#2680,.T.);
#1998=FACE_OUTER_BOUND('',#2681,.T.);
#1999=FACE_OUTER_BOUND('',#2682,.T.);
#2000=FACE_OUTER_BOUND('',#2683,.T.);
#2001=FACE_OUTER_BOUND('',#2684,.T.);
#2002=FACE_OUTER_BOUND('',#2685,.T.);
#2003=FACE_OUTER_BOUND('',#2686,.T.);
#2004=FACE_OUTER_BOUND('',#2687,.T.);
#2005=FACE_OUTER_BOUND('',#2688,.T.);
#2006=FACE_OUTER_BOUND('',#2689,.T.);
#2007=FACE_OUTER_BOUND('',#2690,.T.);
#2008=FACE_OUTER_BOUND('',#2691,.T.);
#2009=FACE_OUTER_BOUND('',#2692,.T.);
#2010=FACE_OUTER_BOUND('',#2693,.T.);
#2011=FACE_OUTER_BOUND('',#2694,.T.);
#2012=FACE_OUTER_BOUND('',#2695,.T.);
#2013=FACE_OUTER_BOUND('',#2696,.T.);
#2014=FACE_OUTER_BOUND('',#2697,.T.);
#2015=FACE_OUTER_BOUND('',#2698,.T.);
#2016=FACE_OUTER_BOUND('',#2699,.T.);
#2017=FACE_OUTER_BOUND('',#2700,.T.);
#2018=FACE_OUTER_BOUND('',#2701,.T.);
#2019=FACE_OUTER_BOUND('',#2702,.T.);
#2020=FACE_OUTER_BOUND('',#2713,.T.);
#2021=FACE_OUTER_BOUND('',#2714,.T.);
#2022=FACE_OUTER_BOUND('',#2715,.T.);
#2023=FACE_OUTER_BOUND('',#2716,.T.);
#2024=FACE_OUTER_BOUND('',#2717,.T.);
#2025=FACE_OUTER_BOUND('',#2718,.T.);
#2026=FACE_OUTER_BOUND('',#2719,.T.);
#2027=FACE_OUTER_BOUND('',#2722,.T.);
#2028=FACE_OUTER_BOUND('',#2726,.T.);
#2029=FACE_OUTER_BOUND('',#2727,.T.);
#2030=FACE_OUTER_BOUND('',#2728,.T.);
#2031=FACE_OUTER_BOUND('',#2729,.T.);
#2032=FACE_OUTER_BOUND('',#2730,.T.);
#2033=FACE_OUTER_BOUND('',#2731,.T.);
#2034=FACE_OUTER_BOUND('',#2732,.T.);
#2035=FACE_OUTER_BOUND('',#2733,.T.);
#2036=FACE_OUTER_BOUND('',#2734,.T.);
#2037=FACE_OUTER_BOUND('',#2735,.T.);
#2038=FACE_OUTER_BOUND('',#2736,.T.);
#2039=FACE_OUTER_BOUND('',#2737,.T.);
#2040=FACE_OUTER_BOUND('',#2738,.T.);
#2041=FACE_OUTER_BOUND('',#2739,.T.);
#2042=FACE_OUTER_BOUND('',#2740,.T.);
#2043=FACE_OUTER_BOUND('',#2743,.T.);
#2044=FACE_OUTER_BOUND('',#2744,.T.);
#2045=FACE_OUTER_BOUND('',#2747,.T.);
#2046=FACE_OUTER_BOUND('',#2748,.T.);
#2047=FACE_OUTER_BOUND('',#2751,.T.);
#2048=FACE_OUTER_BOUND('',#2752,.T.);
#2049=FACE_OUTER_BOUND('',#2755,.T.);
#2050=FACE_OUTER_BOUND('',#2756,.T.);
#2051=FACE_OUTER_BOUND('',#2759,.T.);
#2052=FACE_OUTER_BOUND('',#2762,.T.);
#2053=FACE_OUTER_BOUND('',#2763,.T.);
#2054=FACE_OUTER_BOUND('',#2768,.T.);
#2055=FACE_OUTER_BOUND('',#2769,.T.);
#2056=FACE_OUTER_BOUND('',#2774,.T.);
#2057=FACE_OUTER_BOUND('',#2775,.T.);
#2058=FACE_OUTER_BOUND('',#2780,.T.);
#2059=FACE_OUTER_BOUND('',#2781,.T.);
#2060=FACE_OUTER_BOUND('',#2784,.T.);
#2061=FACE_OUTER_BOUND('',#2785,.T.);
#2062=FACE_OUTER_BOUND('',#2786,.T.);
#2063=FACE_OUTER_BOUND('',#2787,.T.);
#2064=FACE_OUTER_BOUND('',#2788,.T.);
#2065=FACE_OUTER_BOUND('',#2793,.T.);
#2066=FACE_OUTER_BOUND('',#2794,.T.);
#2067=FACE_OUTER_BOUND('',#2795,.T.);
#2068=FACE_OUTER_BOUND('',#2796,.T.);
#2069=FACE_OUTER_BOUND('',#2797,.T.);
#2070=FACE_OUTER_BOUND('',#2798,.T.);
#2071=FACE_OUTER_BOUND('',#2799,.T.);
#2072=FACE_OUTER_BOUND('',#2800,.T.);
#2073=FACE_OUTER_BOUND('',#2801,.T.);
#2074=FACE_OUTER_BOUND('',#2802,.T.);
#2075=FACE_OUTER_BOUND('',#2803,.T.);
#2076=FACE_OUTER_BOUND('',#2804,.T.);
#2077=FACE_OUTER_BOUND('',#2805,.T.);
#2078=FACE_OUTER_BOUND('',#2806,.T.);
#2079=FACE_OUTER_BOUND('',#2807,.T.);
#2080=FACE_OUTER_BOUND('',#2808,.T.);
#2081=FACE_OUTER_BOUND('',#2809,.T.);
#2082=FACE_OUTER_BOUND('',#2810,.T.);
#2083=FACE_OUTER_BOUND('',#2811,.T.);
#2084=FACE_OUTER_BOUND('',#2812,.T.);
#2085=FACE_OUTER_BOUND('',#2813,.T.);
#2086=FACE_OUTER_BOUND('',#2814,.T.);
#2087=FACE_OUTER_BOUND('',#2815,.T.);
#2088=FACE_OUTER_BOUND('',#2816,.T.);
#2089=FACE_OUTER_BOUND('',#2817,.T.);
#2090=FACE_OUTER_BOUND('',#2818,.T.);
#2091=FACE_OUTER_BOUND('',#2819,.T.);
#2092=FACE_OUTER_BOUND('',#2820,.T.);
#2093=FACE_OUTER_BOUND('',#2821,.T.);
#2094=FACE_OUTER_BOUND('',#2822,.T.);
#2095=FACE_OUTER_BOUND('',#2823,.T.);
#2096=FACE_OUTER_BOUND('',#2824,.T.);
#2097=FACE_OUTER_BOUND('',#2825,.T.);
#2098=FACE_OUTER_BOUND('',#2826,.T.);
#2099=FACE_OUTER_BOUND('',#2827,.T.);
#2100=FACE_OUTER_BOUND('',#2828,.T.);
#2101=FACE_OUTER_BOUND('',#2829,.T.);
#2102=FACE_OUTER_BOUND('',#2830,.T.);
#2103=FACE_OUTER_BOUND('',#2831,.T.);
#2104=FACE_OUTER_BOUND('',#2832,.T.);
#2105=FACE_OUTER_BOUND('',#2836,.T.);
#2106=FACE_OUTER_BOUND('',#2837,.T.);
#2107=FACE_OUTER_BOUND('',#2843,.T.);
#2108=FACE_OUTER_BOUND('',#2866,.T.);
#2109=FACE_OUTER_BOUND('',#2867,.T.);
#2110=FACE_OUTER_BOUND('',#2870,.T.);
#2111=FACE_OUTER_BOUND('',#2873,.T.);
#2112=FACE_OUTER_BOUND('',#2874,.T.);
#2113=FACE_OUTER_BOUND('',#2875,.T.);
#2114=FACE_OUTER_BOUND('',#2876,.T.);
#2115=FACE_OUTER_BOUND('',#2877,.T.);
#2116=FACE_OUTER_BOUND('',#2878,.T.);
#2117=FACE_OUTER_BOUND('',#2879,.T.);
#2118=FACE_OUTER_BOUND('',#2880,.T.);
#2119=FACE_OUTER_BOUND('',#2883,.T.);
#2120=FACE_OUTER_BOUND('',#2886,.T.);
#2121=FACE_OUTER_BOUND('',#2887,.T.);
#2122=FACE_OUTER_BOUND('',#2888,.T.);
#2123=FACE_OUTER_BOUND('',#2889,.T.);
#2124=FACE_OUTER_BOUND('',#2892,.T.);
#2125=FACE_OUTER_BOUND('',#2895,.T.);
#2126=FACE_OUTER_BOUND('',#2896,.T.);
#2127=FACE_OUTER_BOUND('',#2897,.T.);
#2128=FACE_OUTER_BOUND('',#2898,.T.);
#2129=FACE_OUTER_BOUND('',#2899,.T.);
#2130=FACE_OUTER_BOUND('',#2900,.T.);
#2131=FACE_OUTER_BOUND('',#2901,.T.);
#2132=FACE_OUTER_BOUND('',#2902,.T.);
#2133=FACE_OUTER_BOUND('',#2903,.T.);
#2134=FACE_OUTER_BOUND('',#2904,.T.);
#2135=FACE_OUTER_BOUND('',#2905,.T.);
#2136=FACE_OUTER_BOUND('',#2906,.T.);
#2137=FACE_OUTER_BOUND('',#2907,.T.);
#2138=FACE_OUTER_BOUND('',#2908,.T.);
#2139=FACE_OUTER_BOUND('',#2909,.T.);
#2140=FACE_OUTER_BOUND('',#2910,.T.);
#2141=FACE_OUTER_BOUND('',#2911,.T.);
#2142=FACE_OUTER_BOUND('',#2912,.T.);
#2143=FACE_OUTER_BOUND('',#2913,.T.);
#2144=FACE_OUTER_BOUND('',#2914,.T.);
#2145=FACE_OUTER_BOUND('',#2915,.T.);
#2146=FACE_OUTER_BOUND('',#2916,.T.);
#2147=FACE_OUTER_BOUND('',#2917,.T.);
#2148=FACE_OUTER_BOUND('',#2918,.T.);
#2149=FACE_OUTER_BOUND('',#2919,.T.);
#2150=FACE_OUTER_BOUND('',#2920,.T.);
#2151=FACE_OUTER_BOUND('',#2921,.T.);
#2152=FACE_OUTER_BOUND('',#2922,.T.);
#2153=FACE_OUTER_BOUND('',#2923,.T.);
#2154=FACE_OUTER_BOUND('',#2924,.T.);
#2155=FACE_OUTER_BOUND('',#2925,.T.);
#2156=FACE_OUTER_BOUND('',#2926,.T.);
#2157=FACE_OUTER_BOUND('',#2929,.T.);
#2158=FACE_OUTER_BOUND('',#2932,.T.);
#2159=FACE_OUTER_BOUND('',#2933,.T.);
#2160=FACE_OUTER_BOUND('',#2934,.T.);
#2161=FACE_OUTER_BOUND('',#2935,.T.);
#2162=FACE_OUTER_BOUND('',#2936,.T.);
#2163=FACE_OUTER_BOUND('',#2937,.T.);
#2164=FACE_OUTER_BOUND('',#2938,.T.);
#2165=FACE_OUTER_BOUND('',#2939,.T.);
#2166=FACE_OUTER_BOUND('',#2940,.T.);
#2167=FACE_OUTER_BOUND('',#2941,.T.);
#2168=FACE_OUTER_BOUND('',#2942,.T.);
#2169=FACE_OUTER_BOUND('',#2943,.T.);
#2170=FACE_OUTER_BOUND('',#2944,.T.);
#2171=FACE_OUTER_BOUND('',#2945,.T.);
#2172=FACE_OUTER_BOUND('',#2946,.T.);
#2173=FACE_OUTER_BOUND('',#2947,.T.);
#2174=FACE_OUTER_BOUND('',#2948,.T.);
#2175=FACE_OUTER_BOUND('',#2949,.T.);
#2176=FACE_OUTER_BOUND('',#2950,.T.);
#2177=FACE_OUTER_BOUND('',#2951,.T.);
#2178=FACE_OUTER_BOUND('',#2952,.T.);
#2179=FACE_OUTER_BOUND('',#2953,.T.);
#2180=FACE_OUTER_BOUND('',#2954,.T.);
#2181=FACE_OUTER_BOUND('',#2955,.T.);
#2182=FACE_OUTER_BOUND('',#2956,.T.);
#2183=FACE_OUTER_BOUND('',#2957,.T.);
#2184=FACE_OUTER_BOUND('',#2958,.T.);
#2185=FACE_OUTER_BOUND('',#2959,.T.);
#2186=FACE_OUTER_BOUND('',#2960,.T.);
#2187=FACE_OUTER_BOUND('',#2961,.T.);
#2188=FACE_OUTER_BOUND('',#2962,.T.);
#2189=FACE_OUTER_BOUND('',#2966,.T.);
#2190=FACE_OUTER_BOUND('',#2970,.T.);
#2191=FACE_OUTER_BOUND('',#2971,.T.);
#2192=FACE_OUTER_BOUND('',#2972,.T.);
#2193=FACE_OUTER_BOUND('',#2973,.T.);
#2194=FACE_OUTER_BOUND('',#2974,.T.);
#2195=FACE_OUTER_BOUND('',#2975,.T.);
#2196=FACE_OUTER_BOUND('',#2976,.T.);
#2197=FACE_OUTER_BOUND('',#2977,.T.);
#2198=FACE_OUTER_BOUND('',#2978,.T.);
#2199=FACE_OUTER_BOUND('',#2979,.T.);
#2200=FACE_OUTER_BOUND('',#2980,.T.);
#2201=FACE_OUTER_BOUND('',#2981,.T.);
#2202=FACE_OUTER_BOUND('',#2982,.T.);
#2203=FACE_OUTER_BOUND('',#2983,.T.);
#2204=EDGE_LOOP('',(#4764,#4765,#4766,#4767));
#2205=EDGE_LOOP('',(#4768,#4769,#4770,#4771));
#2206=EDGE_LOOP('',(#4772,#4773,#4774,#4775));
#2207=EDGE_LOOP('',(#4776,#4777,#4778,#4779));
#2208=EDGE_LOOP('',(#4780,#4781,#4782,#4783));
#2209=EDGE_LOOP('',(#4784,#4785));
#2210=EDGE_LOOP('',(#4786,#4787));
#2211=EDGE_LOOP('',(#4788,#4789));
#2212=EDGE_LOOP('',(#4790,#4791));
#2213=EDGE_LOOP('',(#4792,#4793,#4794,#4795));
#2214=EDGE_LOOP('',(#4796,#4797,#4798,#4799));
#2215=EDGE_LOOP('',(#4800,#4801,#4802,#4803));
#2216=EDGE_LOOP('',(#4804,#4805,#4806,#4807));
#2217=EDGE_LOOP('',(#4808,#4809,#4810,#4811));
#2218=EDGE_LOOP('',(#4812,#4813,#4814,#4815));
#2219=EDGE_LOOP('',(#4816,#4817,#4818,#4819));
#2220=EDGE_LOOP('',(#4820,#4821,#4822,#4823));
#2221=EDGE_LOOP('',(#4824,#4825,#4826,#4827));
#2222=EDGE_LOOP('',(#4828,#4829,#4830,#4831));
#2223=EDGE_LOOP('',(#4832,#4833));
#2224=EDGE_LOOP('',(#4834,#4835));
#2225=EDGE_LOOP('',(#4836,#4837));
#2226=EDGE_LOOP('',(#4838,#4839));
#2227=EDGE_LOOP('',(#4840,#4841,#4842,#4843));
#2228=EDGE_LOOP('',(#4844,#4845));
#2229=EDGE_LOOP('',(#4846,#4847,#4848,#4849));
#2230=EDGE_LOOP('',(#4850,#4851));
#2231=EDGE_LOOP('',(#4852,#4853,#4854,#4855));
#2232=EDGE_LOOP('',(#4856,#4857,#4858,#4859));
#2233=EDGE_LOOP('',(#4860,#4861,#4862,#4863));
#2234=EDGE_LOOP('',(#4864));
#2235=EDGE_LOOP('',(#4865,#4866,#4867,#4868));
#2236=EDGE_LOOP('',(#4869));
#2237=EDGE_LOOP('',(#4870));
#2238=EDGE_LOOP('',(#4871));
#2239=EDGE_LOOP('',(#4872));
#2240=EDGE_LOOP('',(#4873));
#2241=EDGE_LOOP('',(#4874));
#2242=EDGE_LOOP('',(#4875));
#2243=EDGE_LOOP('',(#4876));
#2244=EDGE_LOOP('',(#4877));
#2245=EDGE_LOOP('',(#4878));
#2246=EDGE_LOOP('',(#4879));
#2247=EDGE_LOOP('',(#4880));
#2248=EDGE_LOOP('',(#4881,#4882,#4883,#4884));
#2249=EDGE_LOOP('',(#4885,#4886,#4887,#4888));
#2250=EDGE_LOOP('',(#4889,#4890,#4891,#4892));
#2251=EDGE_LOOP('',(#4893,#4894,#4895,#4896));
#2252=EDGE_LOOP('',(#4897,#4898,#4899,#4900));
#2253=EDGE_LOOP('',(#4901));
#2254=EDGE_LOOP('',(#4902));
#2255=EDGE_LOOP('',(#4903));
#2256=EDGE_LOOP('',(#4904));
#2257=EDGE_LOOP('',(#4905));
#2258=EDGE_LOOP('',(#4906));
#2259=EDGE_LOOP('',(#4907));
#2260=EDGE_LOOP('',(#4908));
#2261=EDGE_LOOP('',(#4909));
#2262=EDGE_LOOP('',(#4910));
#2263=EDGE_LOOP('',(#4911));
#2264=EDGE_LOOP('',(#4912,#4913,#4914,#4915));
#2265=EDGE_LOOP('',(#4916,#4917,#4918,#4919));
#2266=EDGE_LOOP('',(#4920,#4921,#4922,#4923));
#2267=EDGE_LOOP('',(#4924,#4925,#4926,#4927));
#2268=EDGE_LOOP('',(#4928,#4929,#4930,#4931));
#2269=EDGE_LOOP('',(#4932,#4933,#4934,#4935));
#2270=EDGE_LOOP('',(#4936,#4937,#4938,#4939));
#2271=EDGE_LOOP('',(#4940,#4941,#4942,#4943));
#2272=EDGE_LOOP('',(#4944,#4945,#4946,#4947));
#2273=EDGE_LOOP('',(#4948,#4949,#4950,#4951));
#2274=EDGE_LOOP('',(#4952,#4953));
#2275=EDGE_LOOP('',(#4954,#4955));
#2276=EDGE_LOOP('',(#4956,#4957));
#2277=EDGE_LOOP('',(#4958,#4959));
#2278=EDGE_LOOP('',(#4960,#4961,#4962,#4963,#4964,#4965));
#2279=EDGE_LOOP('',(#4966,#4967,#4968,#4969));
#2280=EDGE_LOOP('',(#4970,#4971));
#2281=EDGE_LOOP('',(#4972,#4973));
#2282=EDGE_LOOP('',(#4974,#4975));
#2283=EDGE_LOOP('',(#4976,#4977));
#2284=EDGE_LOOP('',(#4978,#4979,#4980,#4981,#4982,#4983));
#2285=EDGE_LOOP('',(#4984,#4985));
#2286=EDGE_LOOP('',(#4986,#4987,#4988,#4989,#4990,#4991));
#2287=EDGE_LOOP('',(#4992,#4993,#4994,#4995));
#2288=EDGE_LOOP('',(#4996,#4997));
#2289=EDGE_LOOP('',(#4998,#4999,#5000,#5001,#5002,#5003,#5004,#5005,#5006,
#5007));
#2290=EDGE_LOOP('',(#5008,#5009,#5010,#5011,#5012));
#2291=EDGE_LOOP('',(#5013,#5014,#5015,#5016,#5017));
#2292=EDGE_LOOP('',(#5018,#5019,#5020,#5021,#5022,#5023,#5024,#5025));
#2293=EDGE_LOOP('',(#5026,#5027,#5028,#5029,#5030,#5031));
#2294=EDGE_LOOP('',(#5032,#5033,#5034,#5035,#5036,#5037));
#2295=EDGE_LOOP('',(#5038,#5039,#5040,#5041));
#2296=EDGE_LOOP('',(#5042,#5043,#5044,#5045));
#2297=EDGE_LOOP('',(#5046,#5047,#5048,#5049));
#2298=EDGE_LOOP('',(#5050,#5051));
#2299=EDGE_LOOP('',(#5052,#5053));
#2300=EDGE_LOOP('',(#5054,#5055,#5056,#5057));
#2301=EDGE_LOOP('',(#5058,#5059,#5060,#5061));
#2302=EDGE_LOOP('',(#5062,#5063));
#2303=EDGE_LOOP('',(#5064,#5065));
#2304=EDGE_LOOP('',(#5066,#5067,#5068,#5069));
#2305=EDGE_LOOP('',(#5070,#5071,#5072,#5073));
#2306=EDGE_LOOP('',(#5074,#5075));
#2307=EDGE_LOOP('',(#5076,#5077));
#2308=EDGE_LOOP('',(#5078,#5079,#5080,#5081));
#2309=EDGE_LOOP('',(#5082,#5083,#5084,#5085));
#2310=EDGE_LOOP('',(#5086,#5087));
#2311=EDGE_LOOP('',(#5088,#5089));
#2312=EDGE_LOOP('',(#5090,#5091,#5092,#5093));
#2313=EDGE_LOOP('',(#5094,#5095,#5096,#5097));
#2314=EDGE_LOOP('',(#5098,#5099));
#2315=EDGE_LOOP('',(#5100,#5101));
#2316=EDGE_LOOP('',(#5102,#5103,#5104,#5105));
#2317=EDGE_LOOP('',(#5106,#5107,#5108,#5109));
#2318=EDGE_LOOP('',(#5110,#5111,#5112,#5113));
#2319=EDGE_LOOP('',(#5114,#5115,#5116,#5117));
#2320=EDGE_LOOP('',(#5118,#5119,#5120,#5121));
#2321=EDGE_LOOP('',(#5122,#5123,#5124,#5125));
#2322=EDGE_LOOP('',(#5126,#5127,#5128));
#2323=EDGE_LOOP('',(#5129,#5130,#5131,#5132));
#2324=EDGE_LOOP('',(#5133,#5134,#5135));
#2325=EDGE_LOOP('',(#5136,#5137,#5138,#5139));
#2326=EDGE_LOOP('',(#5140,#5141,#5142));
#2327=EDGE_LOOP('',(#5143,#5144,#5145,#5146));
#2328=EDGE_LOOP('',(#5147,#5148,#5149));
#2329=EDGE_LOOP('',(#5150,#5151,#5152,#5153));
#2330=EDGE_LOOP('',(#5154,#5155,#5156,#5157));
#2331=EDGE_LOOP('',(#5158,#5159,#5160,#5161));
#2332=EDGE_LOOP('',(#5162,#5163,#5164,#5165));
#2333=EDGE_LOOP('',(#5166,#5167,#5168,#5169));
#2334=EDGE_LOOP('',(#5170,#5171,#5172,#5173));
#2335=EDGE_LOOP('',(#5174,#5175,#5176,#5177));
#2336=EDGE_LOOP('',(#5178,#5179,#5180,#5181));
#2337=EDGE_LOOP('',(#5182,#5183,#5184,#5185));
#2338=EDGE_LOOP('',(#5186,#5187,#5188,#5189));
#2339=EDGE_LOOP('',(#5190,#5191,#5192,#5193));
#2340=EDGE_LOOP('',(#5194,#5195,#5196,#5197));
#2341=EDGE_LOOP('',(#5198,#5199));
#2342=EDGE_LOOP('',(#5200,#5201));
#2343=EDGE_LOOP('',(#5202,#5203,#5204,#5205,#5206,#5207,#5208,#5209,#5210,
#5211,#5212,#5213,#5214,#5215,#5216,#5217,#5218,#5219,#5220,#5221,#5222,
#5223,#5224,#5225,#5226,#5227,#5228,#5229,#5230,#5231,#5232,#5233,#5234,
#5235,#5236,#5237,#5238,#5239,#5240,#5241,#5242,#5243,#5244,#5245,#5246,
#5247,#5248,#5249,#5250,#5251,#5252,#5253,#5254,#5255,#5256,#5257,#5258,
#5259,#5260,#5261,#5262,#5263,#5264,#5265,#5266,#5267,#5268,#5269));
#2344=EDGE_LOOP('',(#5270,#5271));
#2345=EDGE_LOOP('',(#5272,#5273));
#2346=EDGE_LOOP('',(#5274,#5275,#5276,#5277,#5278,#5279,#5280,#5281,#5282,
#5283,#5284,#5285,#5286,#5287,#5288,#5289,#5290,#5291,#5292,#5293,#5294,
#5295,#5296,#5297,#5298,#5299,#5300,#5301,#5302,#5303,#5304,#5305,#5306,
#5307,#5308,#5309,#5310,#5311,#5312,#5313,#5314,#5315,#5316,#5317,#5318,
#5319,#5320,#5321,#5322,#5323,#5324,#5325,#5326,#5327,#5328,#5329,#5330,
#5331,#5332,#5333,#5334,#5335,#5336,#5337,#5338,#5339,#5340,#5341));
#2347=EDGE_LOOP('',(#5342,#5343,#5344,#5345));
#2348=EDGE_LOOP('',(#5346,#5347,#5348,#5349));
#2349=EDGE_LOOP('',(#5350,#5351,#5352,#5353));
#2350=EDGE_LOOP('',(#5354,#5355,#5356,#5357));
#2351=EDGE_LOOP('',(#5358,#5359,#5360,#5361));
#2352=EDGE_LOOP('',(#5362,#5363,#5364,#5365));
#2353=EDGE_LOOP('',(#5366,#5367,#5368,#5369));
#2354=EDGE_LOOP('',(#5370,#5371,#5372,#5373));
#2355=EDGE_LOOP('',(#5374,#5375,#5376,#5377));
#2356=EDGE_LOOP('',(#5378,#5379,#5380,#5381));
#2357=EDGE_LOOP('',(#5382,#5383,#5384,#5385));
#2358=EDGE_LOOP('',(#5386,#5387,#5388,#5389));
#2359=EDGE_LOOP('',(#5390,#5391,#5392,#5393));
#2360=EDGE_LOOP('',(#5394,#5395,#5396,#5397));
#2361=EDGE_LOOP('',(#5398,#5399,#5400,#5401));
#2362=EDGE_LOOP('',(#5402,#5403,#5404,#5405));
#2363=EDGE_LOOP('',(#5406,#5407,#5408,#5409));
#2364=EDGE_LOOP('',(#5410,#5411,#5412,#5413));
#2365=EDGE_LOOP('',(#5414,#5415,#5416,#5417));
#2366=EDGE_LOOP('',(#5418,#5419,#5420,#5421));
#2367=EDGE_LOOP('',(#5422,#5423,#5424,#5425));
#2368=EDGE_LOOP('',(#5426,#5427,#5428,#5429));
#2369=EDGE_LOOP('',(#5430,#5431,#5432,#5433));
#2370=EDGE_LOOP('',(#5434,#5435,#5436,#5437));
#2371=EDGE_LOOP('',(#5438,#5439,#5440,#5441));
#2372=EDGE_LOOP('',(#5442,#5443,#5444,#5445));
#2373=EDGE_LOOP('',(#5446,#5447,#5448,#5449));
#2374=EDGE_LOOP('',(#5450,#5451,#5452,#5453));
#2375=EDGE_LOOP('',(#5454,#5455,#5456,#5457));
#2376=EDGE_LOOP('',(#5458,#5459,#5460,#5461));
#2377=EDGE_LOOP('',(#5462,#5463,#5464,#5465));
#2378=EDGE_LOOP('',(#5466,#5467,#5468,#5469));
#2379=EDGE_LOOP('',(#5470,#5471,#5472,#5473));
#2380=EDGE_LOOP('',(#5474,#5475,#5476,#5477));
#2381=EDGE_LOOP('',(#5478,#5479,#5480,#5481));
#2382=EDGE_LOOP('',(#5482,#5483,#5484,#5485));
#2383=EDGE_LOOP('',(#5486,#5487,#5488,#5489));
#2384=EDGE_LOOP('',(#5490,#5491,#5492,#5493));
#2385=EDGE_LOOP('',(#5494,#5495,#5496,#5497));
#2386=EDGE_LOOP('',(#5498,#5499,#5500,#5501));
#2387=EDGE_LOOP('',(#5502,#5503,#5504,#5505));
#2388=EDGE_LOOP('',(#5506,#5507,#5508,#5509));
#2389=EDGE_LOOP('',(#5510,#5511,#5512,#5513));
#2390=EDGE_LOOP('',(#5514,#5515,#5516,#5517));
#2391=EDGE_LOOP('',(#5518,#5519,#5520,#5521));
#2392=EDGE_LOOP('',(#5522,#5523,#5524,#5525));
#2393=EDGE_LOOP('',(#5526,#5527,#5528,#5529));
#2394=EDGE_LOOP('',(#5530,#5531,#5532,#5533));
#2395=EDGE_LOOP('',(#5534,#5535,#5536,#5537));
#2396=EDGE_LOOP('',(#5538,#5539,#5540,#5541));
#2397=EDGE_LOOP('',(#5542,#5543,#5544,#5545));
#2398=EDGE_LOOP('',(#5546,#5547,#5548,#5549));
#2399=EDGE_LOOP('',(#5550,#5551,#5552,#5553));
#2400=EDGE_LOOP('',(#5554,#5555,#5556,#5557));
#2401=EDGE_LOOP('',(#5558,#5559,#5560,#5561));
#2402=EDGE_LOOP('',(#5562,#5563,#5564,#5565));
#2403=EDGE_LOOP('',(#5566,#5567,#5568));
#2404=EDGE_LOOP('',(#5569,#5570,#5571,#5572));
#2405=EDGE_LOOP('',(#5573,#5574,#5575));
#2406=EDGE_LOOP('',(#5576,#5577,#5578,#5579));
#2407=EDGE_LOOP('',(#5580,#5581,#5582));
#2408=EDGE_LOOP('',(#5583,#5584,#5585,#5586));
#2409=EDGE_LOOP('',(#5587,#5588,#5589));
#2410=EDGE_LOOP('',(#5590,#5591,#5592,#5593));
#2411=EDGE_LOOP('',(#5594,#5595,#5596,#5597));
#2412=EDGE_LOOP('',(#5598,#5599,#5600));
#2413=EDGE_LOOP('',(#5601,#5602,#5603,#5604));
#2414=EDGE_LOOP('',(#5605,#5606,#5607));
#2415=EDGE_LOOP('',(#5608,#5609,#5610,#5611));
#2416=EDGE_LOOP('',(#5612,#5613,#5614));
#2417=EDGE_LOOP('',(#5615,#5616,#5617,#5618));
#2418=EDGE_LOOP('',(#5619,#5620,#5621));
#2419=EDGE_LOOP('',(#5622,#5623,#5624,#5625));
#2420=EDGE_LOOP('',(#5626,#5627,#5628));
#2421=EDGE_LOOP('',(#5629,#5630,#5631,#5632));
#2422=EDGE_LOOP('',(#5633,#5634,#5635));
#2423=EDGE_LOOP('',(#5636,#5637,#5638,#5639));
#2424=EDGE_LOOP('',(#5640,#5641,#5642));
#2425=EDGE_LOOP('',(#5643,#5644,#5645,#5646));
#2426=EDGE_LOOP('',(#5647,#5648,#5649));
#2427=EDGE_LOOP('',(#5650,#5651,#5652,#5653));
#2428=EDGE_LOOP('',(#5654,#5655,#5656,#5657));
#2429=EDGE_LOOP('',(#5658,#5659,#5660,#5661));
#2430=EDGE_LOOP('',(#5662,#5663,#5664,#5665));
#2431=EDGE_LOOP('',(#5666,#5667,#5668,#5669));
#2432=EDGE_LOOP('',(#5670,#5671,#5672,#5673));
#2433=EDGE_LOOP('',(#5674,#5675,#5676,#5677));
#2434=EDGE_LOOP('',(#5678,#5679,#5680,#5681));
#2435=EDGE_LOOP('',(#5682,#5683,#5684,#5685));
#2436=EDGE_LOOP('',(#5686,#5687,#5688,#5689));
#2437=EDGE_LOOP('',(#5690,#5691,#5692,#5693));
#2438=EDGE_LOOP('',(#5694,#5695,#5696,#5697));
#2439=EDGE_LOOP('',(#5698,#5699,#5700,#5701,#5702,#5703));
#2440=EDGE_LOOP('',(#5704,#5705,#5706,#5707));
#2441=EDGE_LOOP('',(#5708,#5709,#5710));
#2442=EDGE_LOOP('',(#5711,#5712,#5713,#5714));
#2443=EDGE_LOOP('',(#5715,#5716,#5717));
#2444=EDGE_LOOP('',(#5718,#5719,#5720,#5721));
#2445=EDGE_LOOP('',(#5722,#5723,#5724,#5725));
#2446=EDGE_LOOP('',(#5726,#5727,#5728,#5729));
#2447=EDGE_LOOP('',(#5730,#5731,#5732,#5733));
#2448=EDGE_LOOP('',(#5734,#5735));
#2449=EDGE_LOOP('',(#5736,#5737));
#2450=EDGE_LOOP('',(#5738,#5739,#5740,#5741,#5742,#5743,#5744,#5745,#5746,
#5747,#5748,#5749,#5750,#5751,#5752,#5753));
#2451=EDGE_LOOP('',(#5754,#5755));
#2452=EDGE_LOOP('',(#5756,#5757,#5758,#5759,#5760,#5761));
#2453=EDGE_LOOP('',(#5762,#5763,#5764,#5765));
#2454=EDGE_LOOP('',(#5766,#5767));
#2455=EDGE_LOOP('',(#5768,#5769));
#2456=EDGE_LOOP('',(#5770,#5771));
#2457=EDGE_LOOP('',(#5772,#5773));
#2458=EDGE_LOOP('',(#5774,#5775,#5776,#5777,#5778,#5779));
#2459=EDGE_LOOP('',(#5780,#5781,#5782,#5783));
#2460=EDGE_LOOP('',(#5784,#5785));
#2461=EDGE_LOOP('',(#5786,#5787));
#2462=EDGE_LOOP('',(#5788,#5789,#5790,#5791));
#2463=EDGE_LOOP('',(#5792,#5793));
#2464=EDGE_LOOP('',(#5794,#5795,#5796,#5797));
#2465=EDGE_LOOP('',(#5798,#5799));
#2466=EDGE_LOOP('',(#5800,#5801));
#2467=EDGE_LOOP('',(#5802,#5803,#5804,#5805));
#2468=EDGE_LOOP('',(#5806,#5807,#5808,#5809,#5810,#5811,#5812,#5813,#5814,
#5815));
#2469=EDGE_LOOP('',(#5816,#5817,#5818,#5819));
#2470=EDGE_LOOP('',(#5820,#5821));
#2471=EDGE_LOOP('',(#5822,#5823));
#2472=EDGE_LOOP('',(#5824,#5825));
#2473=EDGE_LOOP('',(#5826,#5827));
#2474=EDGE_LOOP('',(#5828,#5829));
#2475=EDGE_LOOP('',(#5830,#5831));
#2476=EDGE_LOOP('',(#5832,#5833));
#2477=EDGE_LOOP('',(#5834,#5835));
#2478=EDGE_LOOP('',(#5836,#5837,#5838,#5839,#5840,#5841,#5842,#5843,#5844,
#5845,#5846,#5847,#5848,#5849,#5850,#5851));
#2479=EDGE_LOOP('',(#5852,#5853));
#2480=EDGE_LOOP('',(#5854,#5855));
#2481=EDGE_LOOP('',(#5856,#5857));
#2482=EDGE_LOOP('',(#5858,#5859,#5860,#5861));
#2483=EDGE_LOOP('',(#5862,#5863));
#2484=EDGE_LOOP('',(#5864,#5865,#5866,#5867));
#2485=EDGE_LOOP('',(#5868,#5869,#5870,#5871));
#2486=EDGE_LOOP('',(#5872,#5873));
#2487=EDGE_LOOP('',(#5874,#5875,#5876,#5877));
#2488=EDGE_LOOP('',(#5878,#5879,#5880));
#2489=EDGE_LOOP('',(#5881,#5882,#5883,#5884));
#2490=EDGE_LOOP('',(#5885,#5886,#5887));
#2491=EDGE_LOOP('',(#5888,#5889,#5890,#5891));
#2492=EDGE_LOOP('',(#5892,#5893,#5894,#5895,#5896,#5897));
#2493=EDGE_LOOP('',(#5898,#5899,#5900,#5901));
#2494=EDGE_LOOP('',(#5902,#5903,#5904,#5905));
#2495=EDGE_LOOP('',(#5906,#5907,#5908,#5909));
#2496=EDGE_LOOP('',(#5910,#5911));
#2497=EDGE_LOOP('',(#5912,#5913));
#2498=EDGE_LOOP('',(#5914,#5915,#5916,#5917));
#2499=EDGE_LOOP('',(#5918,#5919));
#2500=EDGE_LOOP('',(#5920,#5921));
#2501=EDGE_LOOP('',(#5922,#5923,#5924,#5925,#5926,#5927,#5928,#5929,#5930,
#5931,#5932,#5933,#5934,#5935));
#2502=EDGE_LOOP('',(#5936,#5937,#5938,#5939));
#2503=EDGE_LOOP('',(#5940,#5941,#5942,#5943));
#2504=EDGE_LOOP('',(#5944,#5945,#5946,#5947));
#2505=EDGE_LOOP('',(#5948,#5949));
#2506=EDGE_LOOP('',(#5950,#5951));
#2507=EDGE_LOOP('',(#5952,#5953,#5954,#5955));
#2508=EDGE_LOOP('',(#5956,#5957));
#2509=EDGE_LOOP('',(#5958,#5959));
#2510=EDGE_LOOP('',(#5960,#5961,#5962,#5963,#5964,#5965,#5966,#5967,#5968,
#5969,#5970,#5971,#5972,#5973));
#2511=EDGE_LOOP('',(#5974,#5975,#5976));
#2512=EDGE_LOOP('',(#5977,#5978,#5979,#5980));
#2513=EDGE_LOOP('',(#5981,#5982,#5983));
#2514=EDGE_LOOP('',(#5984,#5985,#5986,#5987));
#2515=EDGE_LOOP('',(#5988,#5989,#5990));
#2516=EDGE_LOOP('',(#5991,#5992,#5993,#5994));
#2517=EDGE_LOOP('',(#5995,#5996,#5997));
#2518=EDGE_LOOP('',(#5998,#5999,#6000,#6001));
#2519=EDGE_LOOP('',(#6002,#6003,#6004));
#2520=EDGE_LOOP('',(#6005,#6006,#6007,#6008));
#2521=EDGE_LOOP('',(#6009,#6010,#6011));
#2522=EDGE_LOOP('',(#6012,#6013,#6014,#6015));
#2523=EDGE_LOOP('',(#6016,#6017,#6018));
#2524=EDGE_LOOP('',(#6019,#6020,#6021,#6022));
#2525=EDGE_LOOP('',(#6023,#6024,#6025));
#2526=EDGE_LOOP('',(#6026,#6027,#6028,#6029));
#2527=EDGE_LOOP('',(#6030));
#2528=EDGE_LOOP('',(#6031));
#2529=EDGE_LOOP('',(#6032));
#2530=EDGE_LOOP('',(#6033));
#2531=EDGE_LOOP('',(#6034));
#2532=EDGE_LOOP('',(#6035));
#2533=EDGE_LOOP('',(#6036));
#2534=EDGE_LOOP('',(#6037));
#2535=EDGE_LOOP('',(#6038));
#2536=EDGE_LOOP('',(#6039));
#2537=EDGE_LOOP('',(#6040));
#2538=EDGE_LOOP('',(#6041,#6042,#6043,#6044,#6045,#6046,#6047,#6048));
#2539=EDGE_LOOP('',(#6049));
#2540=EDGE_LOOP('',(#6050));
#2541=EDGE_LOOP('',(#6051));
#2542=EDGE_LOOP('',(#6052));
#2543=EDGE_LOOP('',(#6053));
#2544=EDGE_LOOP('',(#6054,#6055,#6056,#6057,#6058,#6059,#6060,#6061));
#2545=EDGE_LOOP('',(#6062,#6063,#6064,#6065,#6066,#6067,#6068,#6069));
#2546=EDGE_LOOP('',(#6070));
#2547=EDGE_LOOP('',(#6071,#6072,#6073,#6074));
#2548=EDGE_LOOP('',(#6075,#6076,#6077,#6078));
#2549=EDGE_LOOP('',(#6079,#6080,#6081,#6082));
#2550=EDGE_LOOP('',(#6083,#6084,#6085,#6086));
#2551=EDGE_LOOP('',(#6087,#6088,#6089,#6090));
#2552=EDGE_LOOP('',(#6091,#6092,#6093,#6094));
#2553=EDGE_LOOP('',(#6095,#6096,#6097,#6098));
#2554=EDGE_LOOP('',(#6099,#6100,#6101,#6102));
#2555=EDGE_LOOP('',(#6103));
#2556=EDGE_LOOP('',(#6104));
#2557=EDGE_LOOP('',(#6105));
#2558=EDGE_LOOP('',(#6106));
#2559=EDGE_LOOP('',(#6107,#6108,#6109,#6110));
#2560=EDGE_LOOP('',(#6111));
#2561=EDGE_LOOP('',(#6112));
#2562=EDGE_LOOP('',(#6113));
#2563=EDGE_LOOP('',(#6114));
#2564=EDGE_LOOP('',(#6115));
#2565=EDGE_LOOP('',(#6116));
#2566=EDGE_LOOP('',(#6117));
#2567=EDGE_LOOP('',(#6118));
#2568=EDGE_LOOP('',(#6119));
#2569=EDGE_LOOP('',(#6120));
#2570=EDGE_LOOP('',(#6121));
#2571=EDGE_LOOP('',(#6122));
#2572=EDGE_LOOP('',(#6123,#6124,#6125,#6126));
#2573=EDGE_LOOP('',(#6127,#6128,#6129,#6130));
#2574=EDGE_LOOP('',(#6131,#6132,#6133,#6134));
#2575=EDGE_LOOP('',(#6135,#6136,#6137,#6138));
#2576=EDGE_LOOP('',(#6139,#6140));
#2577=EDGE_LOOP('',(#6141));
#2578=EDGE_LOOP('',(#6142));
#2579=EDGE_LOOP('',(#6143));
#2580=EDGE_LOOP('',(#6144));
#2581=EDGE_LOOP('',(#6145,#6146,#6147,#6148,#6149,#6150,#6151,#6152));
#2582=EDGE_LOOP('',(#6153));
#2583=EDGE_LOOP('',(#6154));
#2584=EDGE_LOOP('',(#6155));
#2585=EDGE_LOOP('',(#6156));
#2586=EDGE_LOOP('',(#6157));
#2587=EDGE_LOOP('',(#6158));
#2588=EDGE_LOOP('',(#6159));
#2589=EDGE_LOOP('',(#6160));
#2590=EDGE_LOOP('',(#6161));
#2591=EDGE_LOOP('',(#6162));
#2592=EDGE_LOOP('',(#6163));
#2593=EDGE_LOOP('',(#6164));
#2594=EDGE_LOOP('',(#6165));
#2595=EDGE_LOOP('',(#6166));
#2596=EDGE_LOOP('',(#6167));
#2597=EDGE_LOOP('',(#6168,#6169));
#2598=EDGE_LOOP('',(#6170,#6171,#6172,#6173));
#2599=EDGE_LOOP('',(#6174));
#2600=EDGE_LOOP('',(#6175));
#2601=EDGE_LOOP('',(#6176));
#2602=EDGE_LOOP('',(#6177));
#2603=EDGE_LOOP('',(#6178));
#2604=EDGE_LOOP('',(#6179));
#2605=EDGE_LOOP('',(#6180));
#2606=EDGE_LOOP('',(#6181));
#2607=EDGE_LOOP('',(#6182,#6183,#6184,#6185));
#2608=EDGE_LOOP('',(#6186,#6187,#6188,#6189));
#2609=EDGE_LOOP('',(#6190,#6191,#6192,#6193));
#2610=EDGE_LOOP('',(#6194,#6195,#6196,#6197));
#2611=EDGE_LOOP('',(#6198));
#2612=EDGE_LOOP('',(#6199));
#2613=EDGE_LOOP('',(#6200));
#2614=EDGE_LOOP('',(#6201));
#2615=EDGE_LOOP('',(#6202));
#2616=EDGE_LOOP('',(#6203));
#2617=EDGE_LOOP('',(#6204));
#2618=EDGE_LOOP('',(#6205));
#2619=EDGE_LOOP('',(#6206,#6207,#6208,#6209));
#2620=EDGE_LOOP('',(#6210,#6211,#6212,#6213));
#2621=EDGE_LOOP('',(#6214,#6215,#6216,#6217));
#2622=EDGE_LOOP('',(#6218,#6219,#6220));
#2623=EDGE_LOOP('',(#6221,#6222,#6223));
#2624=EDGE_LOOP('',(#6224,#6225,#6226,#6227));
#2625=EDGE_LOOP('',(#6228,#6229,#6230,#6231));
#2626=EDGE_LOOP('',(#6232,#6233,#6234,#6235));
#2627=EDGE_LOOP('',(#6236,#6237,#6238,#6239));
#2628=EDGE_LOOP('',(#6240,#6241,#6242,#6243));
#2629=EDGE_LOOP('',(#6244,#6245,#6246));
#2630=EDGE_LOOP('',(#6247,#6248,#6249));
#2631=EDGE_LOOP('',(#6250,#6251,#6252));
#2632=EDGE_LOOP('',(#6253,#6254,#6255));
#2633=EDGE_LOOP('',(#6256,#6257,#6258,#6259));
#2634=EDGE_LOOP('',(#6260,#6261));
#2635=EDGE_LOOP('',(#6262,#6263,#6264,#6265,#6266,#6267,#6268,#6269,#6270,
#6271,#6272,#6273,#6274,#6275,#6276,#6277,#6278));
#2636=EDGE_LOOP('',(#6279,#6280,#6281,#6282));
#2637=EDGE_LOOP('',(#6283,#6284));
#2638=EDGE_LOOP('',(#6285,#6286,#6287,#6288,#6289,#6290,#6291,#6292,#6293,
#6294,#6295,#6296,#6297,#6298,#6299,#6300,#6301));
#2639=EDGE_LOOP('',(#6302,#6303,#6304,#6305));
#2640=EDGE_LOOP('',(#6306,#6307,#6308,#6309));
#2641=EDGE_LOOP('',(#6310,#6311,#6312,#6313,#6314,#6315,#6316,#6317));
#2642=EDGE_LOOP('',(#6318,#6319,#6320,#6321));
#2643=EDGE_LOOP('',(#6322,#6323,#6324,#6325));
#2644=EDGE_LOOP('',(#6326,#6327,#6328,#6329));
#2645=EDGE_LOOP('',(#6330,#6331,#6332,#6333,#6334,#6335,#6336,#6337));
#2646=EDGE_LOOP('',(#6338,#6339,#6340,#6341));
#2647=EDGE_LOOP('',(#6342,#6343,#6344,#6345));
#2648=EDGE_LOOP('',(#6346,#6347,#6348,#6349));
#2649=EDGE_LOOP('',(#6350,#6351,#6352,#6353));
#2650=EDGE_LOOP('',(#6354,#6355,#6356,#6357));
#2651=EDGE_LOOP('',(#6358,#6359,#6360,#6361));
#2652=EDGE_LOOP('',(#6362,#6363,#6364));
#2653=EDGE_LOOP('',(#6365,#6366,#6367,#6368));
#2654=EDGE_LOOP('',(#6369,#6370,#6371,#6372));
#2655=EDGE_LOOP('',(#6373,#6374,#6375,#6376));
#2656=EDGE_LOOP('',(#6377,#6378,#6379,#6380));
#2657=EDGE_LOOP('',(#6381,#6382,#6383,#6384));
#2658=EDGE_LOOP('',(#6385,#6386,#6387,#6388,#6389,#6390,#6391,#6392,#6393,
#6394,#6395,#6396,#6397,#6398,#6399,#6400,#6401,#6402,#6403,#6404,#6405,
#6406,#6407));
#2659=EDGE_LOOP('',(#6408,#6409,#6410,#6411));
#2660=EDGE_LOOP('',(#6412,#6413,#6414,#6415));
#2661=EDGE_LOOP('',(#6416,#6417,#6418,#6419));
#2662=EDGE_LOOP('',(#6420,#6421,#6422,#6423));
#2663=EDGE_LOOP('',(#6424,#6425,#6426,#6427));
#2664=EDGE_LOOP('',(#6428,#6429,#6430));
#2665=EDGE_LOOP('',(#6431,#6432,#6433,#6434,#6435,#6436,#6437,#6438,#6439,
#6440,#6441,#6442,#6443,#6444,#6445,#6446,#6447,#6448,#6449,#6450,#6451,
#6452,#6453));
#2666=EDGE_LOOP('',(#6454,#6455,#6456,#6457));
#2667=EDGE_LOOP('',(#6458,#6459,#6460,#6461));
#2668=EDGE_LOOP('',(#6462,#6463,#6464,#6465));
#2669=EDGE_LOOP('',(#6466,#6467,#6468,#6469));
#2670=EDGE_LOOP('',(#6470,#6471));
#2671=EDGE_LOOP('',(#6472,#6473));
#2672=EDGE_LOOP('',(#6474,#6475,#6476,#6477));
#2673=EDGE_LOOP('',(#6478,#6479,#6480,#6481));
#2674=EDGE_LOOP('',(#6482,#6483));
#2675=EDGE_LOOP('',(#6484,#6485));
#2676=EDGE_LOOP('',(#6486,#6487,#6488,#6489));
#2677=EDGE_LOOP('',(#6490,#6491,#6492,#6493));
#2678=EDGE_LOOP('',(#6494,#6495,#6496,#6497));
#2679=EDGE_LOOP('',(#6498,#6499,#6500,#6501));
#2680=EDGE_LOOP('',(#6502,#6503,#6504,#6505));
#2681=EDGE_LOOP('',(#6506,#6507,#6508,#6509));
#2682=EDGE_LOOP('',(#6510,#6511,#6512,#6513));
#2683=EDGE_LOOP('',(#6514,#6515,#6516,#6517));
#2684=EDGE_LOOP('',(#6518,#6519,#6520,#6521));
#2685=EDGE_LOOP('',(#6522,#6523,#6524,#6525));
#2686=EDGE_LOOP('',(#6526,#6527,#6528,#6529));
#2687=EDGE_LOOP('',(#6530,#6531,#6532));
#2688=EDGE_LOOP('',(#6533,#6534,#6535));
#2689=EDGE_LOOP('',(#6536,#6537,#6538));
#2690=EDGE_LOOP('',(#6539,#6540,#6541));
#2691=EDGE_LOOP('',(#6542,#6543,#6544,#6545,#6546,#6547,#6548,#6549,#6550,
#6551,#6552,#6553,#6554,#6555,#6556,#6557));
#2692=EDGE_LOOP('',(#6558,#6559,#6560,#6561));
#2693=EDGE_LOOP('',(#6562,#6563,#6564,#6565));
#2694=EDGE_LOOP('',(#6566,#6567,#6568,#6569));
#2695=EDGE_LOOP('',(#6570,#6571,#6572,#6573));
#2696=EDGE_LOOP('',(#6574,#6575,#6576,#6577));
#2697=EDGE_LOOP('',(#6578,#6579,#6580,#6581));
#2698=EDGE_LOOP('',(#6582,#6583,#6584,#6585));
#2699=EDGE_LOOP('',(#6586,#6587,#6588,#6589));
#2700=EDGE_LOOP('',(#6590,#6591,#6592,#6593));
#2701=EDGE_LOOP('',(#6594,#6595,#6596,#6597));
#2702=EDGE_LOOP('',(#6598,#6599,#6600,#6601,#6602,#6603));
#2703=EDGE_LOOP('',(#6604,#6605,#6606,#6607));
#2704=EDGE_LOOP('',(#6608));
#2705=EDGE_LOOP('',(#6609));
#2706=EDGE_LOOP('',(#6610));
#2707=EDGE_LOOP('',(#6611));
#2708=EDGE_LOOP('',(#6612,#6613));
#2709=EDGE_LOOP('',(#6614,#6615));
#2710=EDGE_LOOP('',(#6616,#6617));
#2711=EDGE_LOOP('',(#6618,#6619));
#2712=EDGE_LOOP('',(#6620,#6621));
#2713=EDGE_LOOP('',(#6622,#6623,#6624,#6625,#6626));
#2714=EDGE_LOOP('',(#6627,#6628,#6629,#6630,#6631,#6632));
#2715=EDGE_LOOP('',(#6633,#6634,#6635,#6636));
#2716=EDGE_LOOP('',(#6637,#6638,#6639,#6640,#6641,#6642,#6643,#6644,#6645,
#6646,#6647,#6648,#6649,#6650,#6651));
#2717=EDGE_LOOP('',(#6652,#6653,#6654,#6655));
#2718=EDGE_LOOP('',(#6656,#6657,#6658,#6659,#6660,#6661,#6662,#6663,#6664,
#6665,#6666,#6667,#6668,#6669,#6670));
#2719=EDGE_LOOP('',(#6671,#6672,#6673,#6674));
#2720=EDGE_LOOP('',(#6675,#6676));
#2721=EDGE_LOOP('',(#6677,#6678,#6679,#6680));
#2722=EDGE_LOOP('',(#6681,#6682,#6683,#6684));
#2723=EDGE_LOOP('',(#6685,#6686,#6687,#6688,#6689,#6690,#6691,#6692,#6693,
#6694,#6695,#6696,#6697,#6698,#6699,#6700,#6701,#6702,#6703,#6704,#6705,
#6706,#6707,#6708,#6709,#6710,#6711,#6712,#6713,#6714,#6715,#6716,#6717,
#6718,#6719,#6720,#6721,#6722,#6723,#6724));
#2724=EDGE_LOOP('',(#6725,#6726,#6727,#6728,#6729,#6730,#6731));
#2725=EDGE_LOOP('',(#6732,#6733,#6734,#6735,#6736,#6737,#6738));
#2726=EDGE_LOOP('',(#6739,#6740,#6741,#6742));
#2727=EDGE_LOOP('',(#6743,#6744,#6745,#6746,#6747,#6748));
#2728=EDGE_LOOP('',(#6749,#6750,#6751,#6752));
#2729=EDGE_LOOP('',(#6753,#6754,#6755,#6756));
#2730=EDGE_LOOP('',(#6757,#6758,#6759,#6760,#6761));
#2731=EDGE_LOOP('',(#6762,#6763,#6764,#6765));
#2732=EDGE_LOOP('',(#6766,#6767));
#2733=EDGE_LOOP('',(#6768,#6769,#6770));
#2734=EDGE_LOOP('',(#6771,#6772));
#2735=EDGE_LOOP('',(#6773,#6774));
#2736=EDGE_LOOP('',(#6775,#6776,#6777));
#2737=EDGE_LOOP('',(#6778,#6779));
#2738=EDGE_LOOP('',(#6780,#6781));
#2739=EDGE_LOOP('',(#6782,#6783));
#2740=EDGE_LOOP('',(#6784,#6785,#6786,#6787,#6788,#6789));
#2741=EDGE_LOOP('',(#6790,#6791));
#2742=EDGE_LOOP('',(#6792,#6793));
#2743=EDGE_LOOP('',(#6794,#6795,#6796,#6797));
#2744=EDGE_LOOP('',(#6798,#6799,#6800,#6801,#6802,#6803));
#2745=EDGE_LOOP('',(#6804,#6805));
#2746=EDGE_LOOP('',(#6806,#6807));
#2747=EDGE_LOOP('',(#6808,#6809,#6810,#6811));
#2748=EDGE_LOOP('',(#6812,#6813,#6814,#6815,#6816,#6817,#6818));
#2749=EDGE_LOOP('',(#6819,#6820));
#2750=EDGE_LOOP('',(#6821,#6822));
#2751=EDGE_LOOP('',(#6823,#6824,#6825,#6826));
#2752=EDGE_LOOP('',(#6827,#6828,#6829,#6830,#6831,#6832,#6833));
#2753=EDGE_LOOP('',(#6834,#6835));
#2754=EDGE_LOOP('',(#6836,#6837));
#2755=EDGE_LOOP('',(#6838,#6839,#6840,#6841));
#2756=EDGE_LOOP('',(#6842,#6843,#6844,#6845,#6846,#6847));
#2757=EDGE_LOOP('',(#6848,#6849));
#2758=EDGE_LOOP('',(#6850,#6851));
#2759=EDGE_LOOP('',(#6852,#6853,#6854,#6855));
#2760=EDGE_LOOP('',(#6856));
#2761=EDGE_LOOP('',(#6857));
#2762=EDGE_LOOP('',(#6858,#6859,#6860,#6861));
#2763=EDGE_LOOP('',(#6862,#6863,#6864,#6865,#6866,#6867));
#2764=EDGE_LOOP('',(#6868,#6869));
#2765=EDGE_LOOP('',(#6870));
#2766=EDGE_LOOP('',(#6871));
#2767=EDGE_LOOP('',(#6872));
#2768=EDGE_LOOP('',(#6873,#6874,#6875,#6876));
#2769=EDGE_LOOP('',(#6877,#6878,#6879,#6880,#6881,#6882));
#2770=EDGE_LOOP('',(#6883,#6884));
#2771=EDGE_LOOP('',(#6885));
#2772=EDGE_LOOP('',(#6886));
#2773=EDGE_LOOP('',(#6887));
#2774=EDGE_LOOP('',(#6888,#6889,#6890,#6891));
#2775=EDGE_LOOP('',(#6892,#6893,#6894,#6895,#6896,#6897));
#2776=EDGE_LOOP('',(#6898,#6899));
#2777=EDGE_LOOP('',(#6900));
#2778=EDGE_LOOP('',(#6901));
#2779=EDGE_LOOP('',(#6902));
#2780=EDGE_LOOP('',(#6903,#6904,#6905,#6906));
#2781=EDGE_LOOP('',(#6907,#6908,#6909,#6910,#6911,#6912));
#2782=EDGE_LOOP('',(#6913,#6914));
#2783=EDGE_LOOP('',(#6915));
#2784=EDGE_LOOP('',(#6916,#6917,#6918,#6919));
#2785=EDGE_LOOP('',(#6920,#6921,#6922,#6923));
#2786=EDGE_LOOP('',(#6924,#6925,#6926,#6927));
#2787=EDGE_LOOP('',(#6928,#6929,#6930,#6931));
#2788=EDGE_LOOP('',(#6932,#6933,#6934,#6935));
#2789=EDGE_LOOP('',(#6936,#6937));
#2790=EDGE_LOOP('',(#6938,#6939));
#2791=EDGE_LOOP('',(#6940,#6941));
#2792=EDGE_LOOP('',(#6942,#6943));
#2793=EDGE_LOOP('',(#6944,#6945,#6946,#6947));
#2794=EDGE_LOOP('',(#6948,#6949,#6950,#6951));
#2795=EDGE_LOOP('',(#6952,#6953,#6954,#6955));
#2796=EDGE_LOOP('',(#6956,#6957,#6958,#6959));
#2797=EDGE_LOOP('',(#6960,#6961,#6962));
#2798=EDGE_LOOP('',(#6963,#6964,#6965,#6966));
#2799=EDGE_LOOP('',(#6967,#6968,#6969));
#2800=EDGE_LOOP('',(#6970,#6971,#6972,#6973));
#2801=EDGE_LOOP('',(#6974,#6975,#6976));
#2802=EDGE_LOOP('',(#6977,#6978,#6979,#6980));
#2803=EDGE_LOOP('',(#6981,#6982,#6983));
#2804=EDGE_LOOP('',(#6984,#6985,#6986,#6987));
#2805=EDGE_LOOP('',(#6988,#6989,#6990));
#2806=EDGE_LOOP('',(#6991,#6992,#6993,#6994));
#2807=EDGE_LOOP('',(#6995,#6996,#6997));
#2808=EDGE_LOOP('',(#6998,#6999,#7000,#7001));
#2809=EDGE_LOOP('',(#7002,#7003,#7004));
#2810=EDGE_LOOP('',(#7005,#7006,#7007,#7008));
#2811=EDGE_LOOP('',(#7009,#7010,#7011));
#2812=EDGE_LOOP('',(#7012,#7013,#7014,#7015));
#2813=EDGE_LOOP('',(#7016,#7017,#7018,#7019));
#2814=EDGE_LOOP('',(#7020,#7021,#7022,#7023));
#2815=EDGE_LOOP('',(#7024,#7025,#7026,#7027));
#2816=EDGE_LOOP('',(#7028,#7029,#7030,#7031));
#2817=EDGE_LOOP('',(#7032,#7033,#7034,#7035));
#2818=EDGE_LOOP('',(#7036,#7037,#7038,#7039));
#2819=EDGE_LOOP('',(#7040,#7041,#7042,#7043));
#2820=EDGE_LOOP('',(#7044,#7045,#7046,#7047));
#2821=EDGE_LOOP('',(#7048,#7049,#7050,#7051));
#2822=EDGE_LOOP('',(#7052,#7053,#7054,#7055));
#2823=EDGE_LOOP('',(#7056,#7057,#7058,#7059));
#2824=EDGE_LOOP('',(#7060,#7061,#7062,#7063,#7064,#7065));
#2825=EDGE_LOOP('',(#7066,#7067,#7068,#7069));
#2826=EDGE_LOOP('',(#7070,#7071,#7072));
#2827=EDGE_LOOP('',(#7073,#7074,#7075,#7076));
#2828=EDGE_LOOP('',(#7077,#7078,#7079));
#2829=EDGE_LOOP('',(#7080,#7081,#7082,#7083));
#2830=EDGE_LOOP('',(#7084,#7085,#7086,#7087));
#2831=EDGE_LOOP('',(#7088,#7089,#7090,#7091));
#2832=EDGE_LOOP('',(#7092,#7093,#7094,#7095));
#2833=EDGE_LOOP('',(#7096,#7097));
#2834=EDGE_LOOP('',(#7098,#7099));
#2835=EDGE_LOOP('',(#7100,#7101,#7102,#7103,#7104,#7105,#7106,#7107,#7108,
#7109,#7110,#7111,#7112,#7113,#7114,#7115));
#2836=EDGE_LOOP('',(#7116,#7117));
#2837=EDGE_LOOP('',(#7118,#7119,#7120,#7121,#7122,#7123));
#2838=EDGE_LOOP('',(#7124,#7125,#7126,#7127));
#2839=EDGE_LOOP('',(#7128,#7129));
#2840=EDGE_LOOP('',(#7130,#7131));
#2841=EDGE_LOOP('',(#7132,#7133));
#2842=EDGE_LOOP('',(#7134,#7135));
#2843=EDGE_LOOP('',(#7136,#7137,#7138,#7139,#7140,#7141));
#2844=EDGE_LOOP('',(#7142,#7143,#7144,#7145));
#2845=EDGE_LOOP('',(#7146,#7147));
#2846=EDGE_LOOP('',(#7148,#7149));
#2847=EDGE_LOOP('',(#7150,#7151,#7152,#7153));
#2848=EDGE_LOOP('',(#7154,#7155));
#2849=EDGE_LOOP('',(#7156,#7157,#7158,#7159));
#2850=EDGE_LOOP('',(#7160,#7161));
#2851=EDGE_LOOP('',(#7162,#7163));
#2852=EDGE_LOOP('',(#7164,#7165,#7166,#7167));
#2853=EDGE_LOOP('',(#7168,#7169,#7170,#7171,#7172,#7173,#7174,#7175,#7176,
#7177));
#2854=EDGE_LOOP('',(#7178,#7179,#7180,#7181));
#2855=EDGE_LOOP('',(#7182,#7183));
#2856=EDGE_LOOP('',(#7184,#7185));
#2857=EDGE_LOOP('',(#7186,#7187));
#2858=EDGE_LOOP('',(#7188,#7189));
#2859=EDGE_LOOP('',(#7190,#7191));
#2860=EDGE_LOOP('',(#7192,#7193));
#2861=EDGE_LOOP('',(#7194,#7195));
#2862=EDGE_LOOP('',(#7196,#7197));
#2863=EDGE_LOOP('',(#7198,#7199,#7200,#7201,#7202,#7203,#7204,#7205,#7206,
#7207,#7208,#7209,#7210,#7211,#7212,#7213));
#2864=EDGE_LOOP('',(#7214,#7215));
#2865=EDGE_LOOP('',(#7216,#7217));
#2866=EDGE_LOOP('',(#7218,#7219));
#2867=EDGE_LOOP('',(#7220,#7221,#7222,#7223));
#2868=EDGE_LOOP('',(#7224,#7225));
#2869=EDGE_LOOP('',(#7226,#7227,#7228,#7229));
#2870=EDGE_LOOP('',(#7230,#7231,#7232,#7233));
#2871=EDGE_LOOP('',(#7234,#7235));
#2872=EDGE_LOOP('',(#7236,#7237,#7238,#7239));
#2873=EDGE_LOOP('',(#7240,#7241,#7242));
#2874=EDGE_LOOP('',(#7243,#7244,#7245,#7246));
#2875=EDGE_LOOP('',(#7247,#7248,#7249));
#2876=EDGE_LOOP('',(#7250,#7251,#7252,#7253));
#2877=EDGE_LOOP('',(#7254,#7255,#7256,#7257,#7258,#7259));
#2878=EDGE_LOOP('',(#7260,#7261,#7262,#7263));
#2879=EDGE_LOOP('',(#7264,#7265,#7266,#7267));
#2880=EDGE_LOOP('',(#7268,#7269,#7270,#7271));
#2881=EDGE_LOOP('',(#7272,#7273));
#2882=EDGE_LOOP('',(#7274,#7275));
#2883=EDGE_LOOP('',(#7276,#7277,#7278,#7279));
#2884=EDGE_LOOP('',(#7280,#7281));
#2885=EDGE_LOOP('',(#7282,#7283));
#2886=EDGE_LOOP('',(#7284,#7285,#7286,#7287,#7288,#7289,#7290,#7291,#7292,
#7293,#7294,#7295,#7296,#7297));
#2887=EDGE_LOOP('',(#7298,#7299,#7300,#7301));
#2888=EDGE_LOOP('',(#7302,#7303,#7304,#7305));
#2889=EDGE_LOOP('',(#7306,#7307,#7308,#7309));
#2890=EDGE_LOOP('',(#7310,#7311));
#2891=EDGE_LOOP('',(#7312,#7313));
#2892=EDGE_LOOP('',(#7314,#7315,#7316,#7317));
#2893=EDGE_LOOP('',(#7318,#7319));
#2894=EDGE_LOOP('',(#7320,#7321));
#2895=EDGE_LOOP('',(#7322,#7323,#7324,#7325,#7326,#7327,#7328,#7329,#7330,
#7331,#7332,#7333,#7334,#7335));
#2896=EDGE_LOOP('',(#7336,#7337,#7338));
#2897=EDGE_LOOP('',(#7339,#7340,#7341,#7342));
#2898=EDGE_LOOP('',(#7343,#7344,#7345));
#2899=EDGE_LOOP('',(#7346,#7347,#7348,#7349));
#2900=EDGE_LOOP('',(#7350,#7351,#7352));
#2901=EDGE_LOOP('',(#7353,#7354,#7355,#7356));
#2902=EDGE_LOOP('',(#7357,#7358,#7359));
#2903=EDGE_LOOP('',(#7360,#7361,#7362,#7363));
#2904=EDGE_LOOP('',(#7364,#7365,#7366));
#2905=EDGE_LOOP('',(#7367,#7368,#7369,#7370));
#2906=EDGE_LOOP('',(#7371,#7372,#7373));
#2907=EDGE_LOOP('',(#7374,#7375,#7376,#7377));
#2908=EDGE_LOOP('',(#7378,#7379,#7380));
#2909=EDGE_LOOP('',(#7381,#7382,#7383,#7384));
#2910=EDGE_LOOP('',(#7385,#7386,#7387));
#2911=EDGE_LOOP('',(#7388,#7389,#7390,#7391));
#2912=EDGE_LOOP('',(#7392,#7393,#7394,#7395));
#2913=EDGE_LOOP('',(#7396,#7397,#7398,#7399));
#2914=EDGE_LOOP('',(#7400,#7401,#7402,#7403));
#2915=EDGE_LOOP('',(#7404,#7405,#7406));
#2916=EDGE_LOOP('',(#7407,#7408,#7409));
#2917=EDGE_LOOP('',(#7410,#7411,#7412,#7413));
#2918=EDGE_LOOP('',(#7414,#7415,#7416,#7417));
#2919=EDGE_LOOP('',(#7418,#7419,#7420,#7421));
#2920=EDGE_LOOP('',(#7422,#7423,#7424,#7425));
#2921=EDGE_LOOP('',(#7426,#7427,#7428,#7429));
#2922=EDGE_LOOP('',(#7430,#7431,#7432));
#2923=EDGE_LOOP('',(#7433,#7434,#7435));
#2924=EDGE_LOOP('',(#7436,#7437,#7438));
#2925=EDGE_LOOP('',(#7439,#7440,#7441));
#2926=EDGE_LOOP('',(#7442,#7443,#7444,#7445));
#2927=EDGE_LOOP('',(#7446,#7447));
#2928=EDGE_LOOP('',(#7448,#7449,#7450,#7451,#7452,#7453,#7454,#7455,#7456,
#7457,#7458,#7459,#7460,#7461,#7462,#7463,#7464));
#2929=EDGE_LOOP('',(#7465,#7466,#7467,#7468));
#2930=EDGE_LOOP('',(#7469,#7470));
#2931=EDGE_LOOP('',(#7471,#7472,#7473,#7474,#7475,#7476,#7477,#7478,#7479,
#7480,#7481,#7482,#7483,#7484,#7485,#7486,#7487));
#2932=EDGE_LOOP('',(#7488,#7489,#7490,#7491));
#2933=EDGE_LOOP('',(#7492,#7493,#7494,#7495));
#2934=EDGE_LOOP('',(#7496,#7497,#7498,#7499,#7500,#7501,#7502,#7503));
#2935=EDGE_LOOP('',(#7504,#7505,#7506,#7507));
#2936=EDGE_LOOP('',(#7508,#7509,#7510,#7511));
#2937=EDGE_LOOP('',(#7512,#7513,#7514,#7515));
#2938=EDGE_LOOP('',(#7516,#7517,#7518,#7519,#7520,#7521,#7522,#7523));
#2939=EDGE_LOOP('',(#7524,#7525,#7526,#7527));
#2940=EDGE_LOOP('',(#7528,#7529,#7530,#7531));
#2941=EDGE_LOOP('',(#7532,#7533,#7534,#7535));
#2942=EDGE_LOOP('',(#7536,#7537,#7538,#7539));
#2943=EDGE_LOOP('',(#7540,#7541,#7542,#7543));
#2944=EDGE_LOOP('',(#7544,#7545,#7546,#7547));
#2945=EDGE_LOOP('',(#7548,#7549,#7550));
#2946=EDGE_LOOP('',(#7551,#7552,#7553,#7554));
#2947=EDGE_LOOP('',(#7555,#7556,#7557,#7558));
#2948=EDGE_LOOP('',(#7559,#7560,#7561,#7562));
#2949=EDGE_LOOP('',(#7563,#7564,#7565,#7566));
#2950=EDGE_LOOP('',(#7567,#7568,#7569,#7570));
#2951=EDGE_LOOP('',(#7571,#7572,#7573,#7574,#7575,#7576,#7577,#7578,#7579,
#7580,#7581,#7582,#7583,#7584,#7585,#7586,#7587,#7588,#7589,#7590,#7591,
#7592,#7593));
#2952=EDGE_LOOP('',(#7594,#7595,#7596,#7597));
#2953=EDGE_LOOP('',(#7598,#7599,#7600,#7601));
#2954=EDGE_LOOP('',(#7602,#7603,#7604,#7605));
#2955=EDGE_LOOP('',(#7606,#7607,#7608,#7609));
#2956=EDGE_LOOP('',(#7610,#7611,#7612,#7613));
#2957=EDGE_LOOP('',(#7614,#7615,#7616));
#2958=EDGE_LOOP('',(#7617,#7618,#7619,#7620,#7621,#7622,#7623,#7624,#7625,
#7626,#7627,#7628,#7629,#7630,#7631,#7632,#7633,#7634,#7635,#7636,#7637,
#7638,#7639));
#2959=EDGE_LOOP('',(#7640,#7641,#7642,#7643));
#2960=EDGE_LOOP('',(#7644,#7645,#7646,#7647));
#2961=EDGE_LOOP('',(#7648,#7649,#7650,#7651));
#2962=EDGE_LOOP('',(#7652,#7653,#7654,#7655));
#2963=EDGE_LOOP('',(#7656,#7657));
#2964=EDGE_LOOP('',(#7658,#7659));
#2965=EDGE_LOOP('',(#7660,#7661,#7662,#7663));
#2966=EDGE_LOOP('',(#7664,#7665,#7666,#7667));
#2967=EDGE_LOOP('',(#7668,#7669));
#2968=EDGE_LOOP('',(#7670,#7671));
#2969=EDGE_LOOP('',(#7672,#7673,#7674,#7675));
#2970=EDGE_LOOP('',(#7676,#7677,#7678,#7679));
#2971=EDGE_LOOP('',(#7680,#7681,#7682,#7683));
#2972=EDGE_LOOP('',(#7684,#7685,#7686,#7687));
#2973=EDGE_LOOP('',(#7688,#7689,#7690,#7691));
#2974=EDGE_LOOP('',(#7692,#7693,#7694,#7695));
#2975=EDGE_LOOP('',(#7696,#7697,#7698,#7699));
#2976=EDGE_LOOP('',(#7700,#7701,#7702,#7703));
#2977=EDGE_LOOP('',(#7704,#7705,#7706,#7707));
#2978=EDGE_LOOP('',(#7708,#7709,#7710,#7711));
#2979=EDGE_LOOP('',(#7712,#7713,#7714,#7715));
#2980=EDGE_LOOP('',(#7716,#7717,#7718));
#2981=EDGE_LOOP('',(#7719,#7720,#7721));
#2982=EDGE_LOOP('',(#7722,#7723,#7724));
#2983=EDGE_LOOP('',(#7725,#7726,#7727));
#2984=EDGE_LOOP('',(#7728));
#2985=EDGE_LOOP('',(#7729));
#2986=EDGE_LOOP('',(#7730));
#2987=EDGE_LOOP('',(#7731));
#2988=EDGE_LOOP('',(#7732));
#2989=EDGE_LOOP('',(#7733));
#2990=EDGE_LOOP('',(#7734));
#2991=EDGE_LOOP('',(#7735));
#2992=EDGE_LOOP('',(#7736));
#2993=EDGE_LOOP('',(#7737));
#2994=EDGE_LOOP('',(#7738));
#2995=EDGE_LOOP('',(#7739));
#2996=EDGE_LOOP('',(#7740));
#2997=EDGE_LOOP('',(#7741));
#2998=EDGE_LOOP('',(#7742));
#2999=EDGE_LOOP('',(#7743));
#3000=LINE('',#15125,#3882);
#3001=LINE('',#15129,#3883);
#3002=LINE('',#15134,#3884);
#3003=LINE('',#15138,#3885);
#3004=LINE('',#15143,#3886);
#3005=LINE('',#15147,#3887);
#3006=LINE('',#15149,#3888);
#3007=LINE('',#15150,#3889);
#3008=LINE('',#15194,#3890);
#3009=LINE('',#15198,#3891);
#3010=LINE('',#15200,#3892);
#3011=LINE('',#15204,#3893);
#3012=LINE('',#15206,#3894);
#3013=LINE('',#15207,#3895);
#3014=LINE('',#15230,#3896);
#3015=LINE('',#15233,#3897);
#3016=LINE('',#15235,#3898);
#3017=LINE('',#15237,#3899);
#3018=LINE('',#15264,#3900);
#3019=LINE('',#15266,#3901);
#3020=LINE('',#15268,#3902);
#3021=LINE('',#15270,#3903);
#3022=LINE('',#15272,#3904);
#3023=LINE('',#15274,#3905);
#3024=LINE('',#15276,#3906);
#3025=LINE('',#15278,#3907);
#3026=LINE('',#15290,#3908);
#3027=LINE('',#15294,#3909);
#3028=LINE('',#15299,#3910);
#3029=LINE('',#15303,#3911);
#3030=LINE('',#15308,#3912);
#3031=LINE('',#15312,#3913);
#3032=LINE('',#15317,#3914);
#3033=LINE('',#15321,#3915);
#3034=LINE('',#15326,#3916);
#3035=LINE('',#15330,#3917);
#3036=LINE('',#15335,#3918);
#3037=LINE('',#15339,#3919);
#3038=LINE('',#15344,#3920);
#3039=LINE('',#15348,#3921);
#3040=LINE('',#15353,#3922);
#3041=LINE('',#15357,#3923);
#3042=LINE('',#15362,#3924);
#3043=LINE('',#15366,#3925);
#3044=LINE('',#15371,#3926);
#3045=LINE('',#15375,#3927);
#3046=LINE('',#15381,#3928);
#3047=LINE('',#15384,#3929);
#3048=LINE('',#15386,#3930);
#3049=LINE('',#15388,#3931);
#3050=LINE('',#15390,#3932);
#3051=LINE('',#15392,#3933);
#3052=LINE('',#15394,#3934);
#3053=LINE('',#15397,#3935);
#3054=LINE('',#15398,#3936);
#3055=LINE('',#15404,#3937);
#3056=LINE('',#15407,#3938);
#3057=LINE('',#15408,#3939);
#3058=LINE('',#15410,#3940);
#3059=LINE('',#15412,#3941);
#3060=LINE('',#15415,#3942);
#3061=LINE('',#15420,#3943);
#3062=LINE('',#15422,#3944);
#3063=LINE('',#15424,#3945);
#3064=LINE('',#15428,#3946);
#3065=LINE('',#15431,#3947);
#3066=LINE('',#15432,#3948);
#3067=LINE('',#15435,#3949);
#3068=LINE('',#15441,#3950);
#3069=LINE('',#15443,#3951);
#3070=LINE('',#15445,#3952);
#3071=LINE('',#15446,#3953);
#3072=LINE('',#15448,#3954);
#3073=LINE('',#15450,#3955);
#3074=LINE('',#15451,#3956);
#3075=LINE('',#15455,#3957);
#3076=LINE('',#15458,#3958);
#3077=LINE('',#15462,#3959);
#3078=LINE('',#15463,#3960);
#3079=LINE('',#15467,#3961);
#3080=LINE('',#15468,#3962);
#3081=LINE('',#15470,#3963);
#3082=LINE('',#15471,#3964);
#3083=LINE('',#15507,#3965);
#3084=LINE('',#15511,#3966);
#3085=LINE('',#15513,#3967);
#3086=LINE('',#15515,#3968);
#3087=LINE('',#15520,#3969);
#3088=LINE('',#15524,#3970);
#3089=LINE('',#15526,#3971);
#3090=LINE('',#15528,#3972);
#3091=LINE('',#15533,#3973);
#3092=LINE('',#15537,#3974);
#3093=LINE('',#15539,#3975);
#3094=LINE('',#15541,#3976);
#3095=LINE('',#15546,#3977);
#3096=LINE('',#15550,#3978);
#3097=LINE('',#15552,#3979);
#3098=LINE('',#15554,#3980);
#3099=LINE('',#15556,#3981);
#3100=LINE('',#15559,#3982);
#3101=LINE('',#15561,#3983);
#3102=LINE('',#15563,#3984);
#3103=LINE('',#15565,#3985);
#3104=LINE('',#15568,#3986);
#3105=LINE('',#15570,#3987);
#3106=LINE('',#15572,#3988);
#3107=LINE('',#15574,#3989);
#3108=LINE('',#15577,#3990);
#3109=LINE('',#15579,#3991);
#3110=LINE('',#15581,#3992);
#3111=LINE('',#15583,#3993);
#3112=LINE('',#15586,#3994);
#3113=LINE('',#15588,#3995);
#3114=LINE('',#15590,#3996);
#3115=LINE('',#15592,#3997);
#3116=LINE('',#15595,#3998);
#3117=LINE('',#15597,#3999);
#3118=LINE('',#15599,#4000);
#3119=LINE('',#15601,#4001);
#3120=LINE('',#15604,#4002);
#3121=LINE('',#15606,#4003);
#3122=LINE('',#15608,#4004);
#3123=LINE('',#15610,#4005);
#3124=LINE('',#15613,#4006);
#3125=LINE('',#15615,#4007);
#3126=LINE('',#15617,#4008);
#3127=LINE('',#15619,#4009);
#3128=LINE('',#15621,#4010);
#3129=LINE('',#15623,#4011);
#3130=LINE('',#15625,#4012);
#3131=LINE('',#15627,#4013);
#3132=LINE('',#15629,#4014);
#3133=LINE('',#15631,#4015);
#3134=LINE('',#15634,#4016);
#3135=LINE('',#15636,#4017);
#3136=LINE('',#15638,#4018);
#3137=LINE('',#15640,#4019);
#3138=LINE('',#15642,#4020);
#3139=LINE('',#15644,#4021);
#3140=LINE('',#15646,#4022);
#3141=LINE('',#15648,#4023);
#3142=LINE('',#15650,#4024);
#3143=LINE('',#15654,#4025);
#3144=LINE('',#15656,#4026);
#3145=LINE('',#15658,#4027);
#3146=LINE('',#15660,#4028);
#3147=LINE('',#15662,#4029);
#3148=LINE('',#15664,#4030);
#3149=LINE('',#15666,#4031);
#3150=LINE('',#15668,#4032);
#3151=LINE('',#15670,#4033);
#3152=LINE('',#15672,#4034);
#3153=LINE('',#15674,#4035);
#3154=LINE('',#15675,#4036);
#3155=LINE('',#15677,#4037);
#3156=LINE('',#15679,#4038);
#3157=LINE('',#15681,#4039);
#3158=LINE('',#15683,#4040);
#3159=LINE('',#15685,#4041);
#3160=LINE('',#15687,#4042);
#3161=LINE('',#15688,#4043);
#3162=LINE('',#15689,#4044);
#3163=LINE('',#15691,#4045);
#3164=LINE('',#15693,#4046);
#3165=LINE('',#15695,#4047);
#3166=LINE('',#15697,#4048);
#3167=LINE('',#15699,#4049);
#3168=LINE('',#15701,#4050);
#3169=LINE('',#15702,#4051);
#3170=LINE('',#15704,#4052);
#3171=LINE('',#15706,#4053);
#3172=LINE('',#15708,#4054);
#3173=LINE('',#15710,#4055);
#3174=LINE('',#15712,#4056);
#3175=LINE('',#15714,#4057);
#3176=LINE('',#15715,#4058);
#3177=LINE('',#15717,#4059);
#3178=LINE('',#15719,#4060);
#3179=LINE('',#15721,#4061);
#3180=LINE('',#15723,#4062);
#3181=LINE('',#15725,#4063);
#3182=LINE('',#15727,#4064);
#3183=LINE('',#15728,#4065);
#3184=LINE('',#15730,#4066);
#3185=LINE('',#15732,#4067);
#3186=LINE('',#15734,#4068);
#3187=LINE('',#15736,#4069);
#3188=LINE('',#15738,#4070);
#3189=LINE('',#15740,#4071);
#3190=LINE('',#15741,#4072);
#3191=LINE('',#15743,#4073);
#3192=LINE('',#15745,#4074);
#3193=LINE('',#15747,#4075);
#3194=LINE('',#15749,#4076);
#3195=LINE('',#15751,#4077);
#3196=LINE('',#15753,#4078);
#3197=LINE('',#15755,#4079);
#3198=LINE('',#15757,#4080);
#3199=LINE('',#15761,#4081);
#3200=LINE('',#15763,#4082);
#3201=LINE('',#15765,#4083);
#3202=LINE('',#15767,#4084);
#3203=LINE('',#15769,#4085);
#3204=LINE('',#15771,#4086);
#3205=LINE('',#15773,#4087);
#3206=LINE('',#15775,#4088);
#3207=LINE('',#15777,#4089);
#3208=LINE('',#15779,#4090);
#3209=LINE('',#15780,#4091);
#3210=LINE('',#15782,#4092);
#3211=LINE('',#15784,#4093);
#3212=LINE('',#15786,#4094);
#3213=LINE('',#15788,#4095);
#3214=LINE('',#15790,#4096);
#3215=LINE('',#15792,#4097);
#3216=LINE('',#15793,#4098);
#3217=LINE('',#15795,#4099);
#3218=LINE('',#15797,#4100);
#3219=LINE('',#15799,#4101);
#3220=LINE('',#15801,#4102);
#3221=LINE('',#15803,#4103);
#3222=LINE('',#15805,#4104);
#3223=LINE('',#15806,#4105);
#3224=LINE('',#15808,#4106);
#3225=LINE('',#15810,#4107);
#3226=LINE('',#15812,#4108);
#3227=LINE('',#15814,#4109);
#3228=LINE('',#15816,#4110);
#3229=LINE('',#15818,#4111);
#3230=LINE('',#15819,#4112);
#3231=LINE('',#15821,#4113);
#3232=LINE('',#15823,#4114);
#3233=LINE('',#15825,#4115);
#3234=LINE('',#15827,#4116);
#3235=LINE('',#15829,#4117);
#3236=LINE('',#15831,#4118);
#3237=LINE('',#15832,#4119);
#3238=LINE('',#15833,#4120);
#3239=LINE('',#15835,#4121);
#3240=LINE('',#15837,#4122);
#3241=LINE('',#15839,#4123);
#3242=LINE('',#15841,#4124);
#3243=LINE('',#15843,#4125);
#3244=LINE('',#15845,#4126);
#3245=LINE('',#15846,#4127);
#3246=LINE('',#15848,#4128);
#3247=LINE('',#15850,#4129);
#3248=LINE('',#15852,#4130);
#3249=LINE('',#15854,#4131);
#3250=LINE('',#15856,#4132);
#3251=LINE('',#15858,#4133);
#3252=LINE('',#15860,#4134);
#3253=LINE('',#15862,#4135);
#3254=LINE('',#15864,#4136);
#3255=LINE('',#15866,#4137);
#3256=LINE('',#15869,#4138);
#3257=LINE('',#15871,#4139);
#3258=LINE('',#15873,#4140);
#3259=LINE('',#15875,#4141);
#3260=LINE('',#15877,#4142);
#3261=LINE('',#15879,#4143);
#3262=LINE('',#15881,#4144);
#3263=LINE('',#15884,#4145);
#3264=LINE('',#15885,#4146);
#3265=LINE('',#15887,#4147);
#3266=LINE('',#15888,#4148);
#3267=LINE('',#15890,#4149);
#3268=LINE('',#15892,#4150);
#3269=LINE('',#15894,#4151);
#3270=LINE('',#15896,#4152);
#3271=LINE('',#15899,#4153);
#3272=LINE('',#15901,#4154);
#3273=LINE('',#15903,#4155);
#3274=LINE('',#15905,#4156);
#3275=LINE('',#15907,#4157);
#3276=LINE('',#15909,#4158);
#3277=LINE('',#15912,#4159);
#3278=LINE('',#15914,#4160);
#3279=LINE('',#15916,#4161);
#3280=LINE('',#15918,#4162);
#3281=LINE('',#15920,#4163);
#3282=LINE('',#15922,#4164);
#3283=LINE('',#15925,#4165);
#3284=LINE('',#15927,#4166);
#3285=LINE('',#15929,#4167);
#3286=LINE('',#15930,#4168);
#3287=LINE('',#15933,#4169);
#3288=LINE('',#15935,#4170);
#3289=LINE('',#15938,#4171);
#3290=LINE('',#15940,#4172);
#3291=LINE('',#15942,#4173);
#3292=LINE('',#15944,#4174);
#3293=LINE('',#15946,#4175);
#3294=LINE('',#15948,#4176);
#3295=LINE('',#15951,#4177);
#3296=LINE('',#15953,#4178);
#3297=LINE('',#15955,#4179);
#3298=LINE('',#15957,#4180);
#3299=LINE('',#15959,#4181);
#3300=LINE('',#15961,#4182);
#3301=LINE('',#15964,#4183);
#3302=LINE('',#15967,#4184);
#3303=LINE('',#15985,#4185);
#3304=LINE('',#15989,#4186);
#3305=LINE('',#15991,#4187);
#3306=LINE('',#15993,#4188);
#3307=LINE('',#15998,#4189);
#3308=LINE('',#16002,#4190);
#3309=LINE('',#16004,#4191);
#3310=LINE('',#16006,#4192);
#3311=LINE('',#16011,#4193);
#3312=LINE('',#16015,#4194);
#3313=LINE('',#16017,#4195);
#3314=LINE('',#16019,#4196);
#3315=LINE('',#16024,#4197);
#3316=LINE('',#16028,#4198);
#3317=LINE('',#16030,#4199);
#3318=LINE('',#16032,#4200);
#3319=LINE('',#16037,#4201);
#3320=LINE('',#16041,#4202);
#3321=LINE('',#16043,#4203);
#3322=LINE('',#16045,#4204);
#3323=LINE('',#16050,#4205);
#3324=LINE('',#16054,#4206);
#3325=LINE('',#16056,#4207);
#3326=LINE('',#16058,#4208);
#3327=LINE('',#16063,#4209);
#3328=LINE('',#16067,#4210);
#3329=LINE('',#16069,#4211);
#3330=LINE('',#16071,#4212);
#3331=LINE('',#16076,#4213);
#3332=LINE('',#16080,#4214);
#3333=LINE('',#16082,#4215);
#3334=LINE('',#16084,#4216);
#3335=LINE('',#16089,#4217);
#3336=LINE('',#16106,#4218);
#3337=LINE('',#16124,#4219);
#3338=LINE('',#16128,#4220);
#3339=LINE('',#16133,#4221);
#3340=LINE('',#16137,#4222);
#3341=LINE('',#16142,#4223);
#3342=LINE('',#16146,#4224);
#3343=LINE('',#16151,#4225);
#3344=LINE('',#16168,#4226);
#3345=LINE('',#16186,#4227);
#3346=LINE('',#16190,#4228);
#3347=LINE('',#16195,#4229);
#3348=LINE('',#16212,#4230);
#3349=LINE('',#16230,#4231);
#3350=LINE('',#16234,#4232);
#3351=LINE('',#16239,#4233);
#3352=LINE('',#16243,#4234);
#3353=LINE('',#16248,#4235);
#3354=LINE('',#16252,#4236);
#3355=LINE('',#16257,#4237);
#3356=LINE('',#16274,#4238);
#3357=LINE('',#16292,#4239);
#3358=LINE('',#16296,#4240);
#3359=LINE('',#16301,#4241);
#3360=LINE('',#16322,#4242);
#3361=LINE('',#16327,#4243);
#3362=LINE('',#16331,#4244);
#3363=LINE('',#16333,#4245);
#3364=LINE('',#16335,#4246);
#3365=LINE('',#16340,#4247);
#3366=LINE('',#16344,#4248);
#3367=LINE('',#16346,#4249);
#3368=LINE('',#16348,#4250);
#3369=LINE('',#16353,#4251);
#3370=LINE('',#16357,#4252);
#3371=LINE('',#16361,#4253);
#3372=LINE('',#16368,#4254);
#3373=LINE('',#16372,#4255);
#3374=LINE('',#16378,#4256);
#3375=LINE('',#16411,#4257);
#3376=LINE('',#16415,#4258);
#3377=LINE('',#16420,#4259);
#3378=LINE('',#16444,#4260);
#3379=LINE('',#16449,#4261);
#3380=LINE('',#16453,#4262);
#3381=LINE('',#16456,#4263);
#3382=LINE('',#16459,#4264);
#3383=LINE('',#16461,#4265);
#3384=LINE('',#16463,#4266);
#3385=LINE('',#16469,#4267);
#3386=LINE('',#16473,#4268);
#3387=LINE('',#16476,#4269);
#3388=LINE('',#16478,#4270);
#3389=LINE('',#16480,#4271);
#3390=LINE('',#16484,#4272);
#3391=LINE('',#16486,#4273);
#3392=LINE('',#16489,#4274);
#3393=LINE('',#16491,#4275);
#3394=LINE('',#16495,#4276);
#3395=LINE('',#16527,#4277);
#3396=LINE('',#16559,#4278);
#3397=LINE('',#16661,#4279);
#3398=LINE('',#16665,#4280);
#3399=LINE('',#16669,#4281);
#3400=LINE('',#16673,#4282);
#3401=LINE('',#16685,#4283);
#3402=LINE('',#16690,#4284);
#3403=LINE('',#16694,#4285);
#3404=LINE('',#16698,#4286);
#3405=LINE('',#16701,#4287);
#3406=LINE('',#16706,#4288);
#3407=LINE('',#16710,#4289);
#3408=LINE('',#16714,#4290);
#3409=LINE('',#16720,#4291);
#3410=LINE('',#16721,#4292);
#3411=LINE('',#16723,#4293);
#3412=LINE('',#16725,#4294);
#3413=LINE('',#16727,#4295);
#3414=LINE('',#16729,#4296);
#3415=LINE('',#16731,#4297);
#3416=LINE('',#16733,#4298);
#3417=LINE('',#16745,#4299);
#3418=LINE('',#16749,#4300);
#3419=LINE('',#16771,#4301);
#3420=LINE('',#16773,#4302);
#3421=LINE('',#16775,#4303);
#3422=LINE('',#16777,#4304);
#3423=LINE('',#16779,#4305);
#3424=LINE('',#16781,#4306);
#3425=LINE('',#16783,#4307);
#3426=LINE('',#16785,#4308);
#3427=LINE('',#16787,#4309);
#3428=LINE('',#16789,#4310);
#3429=LINE('',#16791,#4311);
#3430=LINE('',#16793,#4312);
#3431=LINE('',#16842,#4313);
#3432=LINE('',#16846,#4314);
#3433=LINE('',#16851,#4315);
#3434=LINE('',#16855,#4316);
#3435=LINE('',#16860,#4317);
#3436=LINE('',#16864,#4318);
#3437=LINE('',#16866,#4319);
#3438=LINE('',#16868,#4320);
#3439=LINE('',#16870,#4321);
#3440=LINE('',#16872,#4322);
#3441=LINE('',#16877,#4323);
#3442=LINE('',#16881,#4324);
#3443=LINE('',#16886,#4325);
#3444=LINE('',#16890,#4326);
#3445=LINE('',#16895,#4327);
#3446=LINE('',#16899,#4328);
#3447=LINE('',#16904,#4329);
#3448=LINE('',#16908,#4330);
#3449=LINE('',#16913,#4331);
#3450=LINE('',#16917,#4332);
#3451=LINE('',#16919,#4333);
#3452=LINE('',#16921,#4334);
#3453=LINE('',#16923,#4335);
#3454=LINE('',#16925,#4336);
#3455=LINE('',#16927,#4337);
#3456=LINE('',#16929,#4338);
#3457=LINE('',#16931,#4339);
#3458=LINE('',#16933,#4340);
#3459=LINE('',#16935,#4341);
#3460=LINE('',#16938,#4342);
#3461=LINE('',#16940,#4343);
#3462=LINE('',#16942,#4344);
#3463=LINE('',#16945,#4345);
#3464=LINE('',#16948,#4346);
#3465=LINE('',#16950,#4347);
#3466=LINE('',#16952,#4348);
#3467=LINE('',#16954,#4349);
#3468=LINE('',#16956,#4350);
#3469=LINE('',#16958,#4351);
#3470=LINE('',#16960,#4352);
#3471=LINE('',#16962,#4353);
#3472=LINE('',#16964,#4354);
#3473=LINE('',#16967,#4355);
#3474=LINE('',#16968,#4356);
#3475=LINE('',#16972,#4357);
#3476=LINE('',#16974,#4358);
#3477=LINE('',#16976,#4359);
#3478=LINE('',#16979,#4360);
#3479=LINE('',#16983,#4361);
#3480=LINE('',#16986,#4362);
#3481=LINE('',#16988,#4363);
#3482=LINE('',#16990,#4364);
#3483=LINE('',#16992,#4365);
#3484=LINE('',#16994,#4366);
#3485=LINE('',#16996,#4367);
#3486=LINE('',#16998,#4368);
#3487=LINE('',#17000,#4369);
#3488=LINE('',#17002,#4370);
#3489=LINE('',#17004,#4371);
#3490=LINE('',#17006,#4372);
#3491=LINE('',#17010,#4373);
#3492=LINE('',#17013,#4374);
#3493=LINE('',#17015,#4375);
#3494=LINE('',#17016,#4376);
#3495=LINE('',#17017,#4377);
#3496=LINE('',#17019,#4378);
#3497=LINE('',#17021,#4379);
#3498=LINE('',#17023,#4380);
#3499=LINE('',#17025,#4381);
#3500=LINE('',#17027,#4382);
#3501=LINE('',#17029,#4383);
#3502=LINE('',#17031,#4384);
#3503=LINE('',#17033,#4385);
#3504=LINE('',#17035,#4386);
#3505=LINE('',#17037,#4387);
#3506=LINE('',#17039,#4388);
#3507=LINE('',#17042,#4389);
#3508=LINE('',#17044,#4390);
#3509=LINE('',#17045,#4391);
#3510=LINE('',#17046,#4392);
#3511=LINE('',#17048,#4393);
#3512=LINE('',#17051,#4394);
#3513=LINE('',#17055,#4395);
#3514=LINE('',#17057,#4396);
#3515=LINE('',#17059,#4397);
#3516=LINE('',#17061,#4398);
#3517=LINE('',#17063,#4399);
#3518=LINE('',#17065,#4400);
#3519=LINE('',#17067,#4401);
#3520=LINE('',#17069,#4402);
#3521=LINE('',#17071,#4403);
#3522=LINE('',#17074,#4404);
#3523=LINE('',#17076,#4405);
#3524=LINE('',#17078,#4406);
#3525=LINE('',#17080,#4407);
#3526=LINE('',#17083,#4408);
#3527=LINE('',#17085,#4409);
#3528=LINE('',#17087,#4410);
#3529=LINE('',#17091,#4411);
#3530=LINE('',#17093,#4412);
#3531=LINE('',#17094,#4413);
#3532=LINE('',#17095,#4414);
#3533=LINE('',#17096,#4415);
#3534=LINE('',#17098,#4416);
#3535=LINE('',#17100,#4417);
#3536=LINE('',#17102,#4418);
#3537=LINE('',#17104,#4419);
#3538=LINE('',#17106,#4420);
#3539=LINE('',#17108,#4421);
#3540=LINE('',#17110,#4422);
#3541=LINE('',#17114,#4423);
#3542=LINE('',#17116,#4424);
#3543=LINE('',#17119,#4425);
#3544=LINE('',#17122,#4426);
#3545=LINE('',#17125,#4427);
#3546=LINE('',#17126,#4428);
#3547=LINE('',#17127,#4429);
#3548=LINE('',#17128,#4430);
#3549=LINE('',#17131,#4431);
#3550=LINE('',#17133,#4432);
#3551=LINE('',#17135,#4433);
#3552=LINE('',#17137,#4434);
#3553=LINE('',#17139,#4435);
#3554=LINE('',#17141,#4436);
#3555=LINE('',#17143,#4437);
#3556=LINE('',#17147,#4438);
#3557=LINE('',#17149,#4439);
#3558=LINE('',#17153,#4440);
#3559=LINE('',#17154,#4441);
#3560=LINE('',#17156,#4442);
#3561=LINE('',#17157,#4443);
#3562=LINE('',#17161,#4444);
#3563=LINE('',#17162,#4445);
#3564=LINE('',#17164,#4446);
#3565=LINE('',#17183,#4447);
#3566=LINE('',#17188,#4448);
#3567=LINE('',#17222,#4449);
#3568=LINE('',#17268,#4450);
#3569=LINE('',#17314,#4451);
#3570=LINE('',#17360,#4452);
#3571=LINE('',#17406,#4453);
#3572=LINE('',#17452,#4454);
#3573=LINE('',#17501,#4455);
#3574=LINE('',#17505,#4456);
#3575=LINE('',#17510,#4457);
#3576=LINE('',#17514,#4458);
#3577=LINE('',#17519,#4459);
#3578=LINE('',#17523,#4460);
#3579=LINE('',#17528,#4461);
#3580=LINE('',#17532,#4462);
#3581=LINE('',#17537,#4463);
#3582=LINE('',#17541,#4464);
#3583=LINE('',#17546,#4465);
#3584=LINE('',#17550,#4466);
#3585=LINE('',#17555,#4467);
#3586=LINE('',#17559,#4468);
#3587=LINE('',#17564,#4469);
#3588=LINE('',#17568,#4470);
#3589=LINE('',#17573,#4471);
#3590=LINE('',#17577,#4472);
#3591=LINE('',#17582,#4473);
#3592=LINE('',#17586,#4474);
#3593=LINE('',#17591,#4475);
#3594=LINE('',#17628,#4476);
#3595=LINE('',#17632,#4477);
#3596=LINE('',#17634,#4478);
#3597=LINE('',#17637,#4479);
#3598=LINE('',#17639,#4480);
#3599=LINE('',#17641,#4481);
#3600=LINE('',#17656,#4482);
#3601=LINE('',#17699,#4483);
#3602=LINE('',#17733,#4484);
#3603=LINE('',#17780,#4485);
#3604=LINE('',#17814,#4486);
#3605=LINE('',#17818,#4487);
#3606=LINE('',#17820,#4488);
#3607=LINE('',#17822,#4489);
#3608=LINE('',#17824,#4490);
#3609=LINE('',#17827,#4491);
#3610=LINE('',#17829,#4492);
#3611=LINE('',#17830,#4493);
#3612=LINE('',#17832,#4494);
#3613=LINE('',#17834,#4495);
#3614=LINE('',#17837,#4496);
#3615=LINE('',#17839,#4497);
#3616=LINE('',#17840,#4498);
#3617=LINE('',#17844,#4499);
#3618=LINE('',#17846,#4500);
#3619=LINE('',#17848,#4501);
#3620=LINE('',#17851,#4502);
#3621=LINE('',#17853,#4503);
#3622=LINE('',#17855,#4504);
#3623=LINE('',#17856,#4505);
#3624=LINE('',#17858,#4506);
#3625=LINE('',#17860,#4507);
#3626=LINE('',#17864,#4508);
#3627=LINE('',#17866,#4509);
#3628=LINE('',#17938,#4510);
#3629=LINE('',#17940,#4511);
#3630=LINE('',#17967,#4512);
#3631=LINE('',#17971,#4513);
#3632=LINE('',#17983,#4514);
#3633=LINE('',#17987,#4515);
#3634=LINE('',#17989,#4516);
#3635=LINE('',#17990,#4517);
#3636=LINE('',#18111,#4518);
#3637=LINE('',#18115,#4519);
#3638=LINE('',#18148,#4520);
#3639=LINE('',#18152,#4521);
#3640=LINE('',#18160,#4522);
#3641=LINE('',#18164,#4523);
#3642=LINE('',#18172,#4524);
#3643=LINE('',#18176,#4525);
#3644=LINE('',#18184,#4526);
#3645=LINE('',#18188,#4527);
#3646=LINE('',#18196,#4528);
#3647=LINE('',#18200,#4529);
#3648=LINE('',#18205,#4530);
#3649=LINE('',#18209,#4531);
#3650=LINE('',#18214,#4532);
#3651=LINE('',#18218,#4533);
#3652=LINE('',#18220,#4534);
#3653=LINE('',#18221,#4535);
#3654=LINE('',#18238,#4536);
#3655=LINE('',#18242,#4537);
#3656=LINE('',#18244,#4538);
#3657=LINE('',#18246,#4539);
#3658=LINE('',#18251,#4540);
#3659=LINE('',#18255,#4541);
#3660=LINE('',#18257,#4542);
#3661=LINE('',#18259,#4543);
#3662=LINE('',#18264,#4544);
#3663=LINE('',#18268,#4545);
#3664=LINE('',#18270,#4546);
#3665=LINE('',#18272,#4547);
#3666=LINE('',#18277,#4548);
#3667=LINE('',#18281,#4549);
#3668=LINE('',#18283,#4550);
#3669=LINE('',#18285,#4551);
#3670=LINE('',#18290,#4552);
#3671=LINE('',#18294,#4553);
#3672=LINE('',#18296,#4554);
#3673=LINE('',#18298,#4555);
#3674=LINE('',#18303,#4556);
#3675=LINE('',#18307,#4557);
#3676=LINE('',#18309,#4558);
#3677=LINE('',#18311,#4559);
#3678=LINE('',#18316,#4560);
#3679=LINE('',#18320,#4561);
#3680=LINE('',#18322,#4562);
#3681=LINE('',#18324,#4563);
#3682=LINE('',#18329,#4564);
#3683=LINE('',#18333,#4565);
#3684=LINE('',#18335,#4566);
#3685=LINE('',#18337,#4567);
#3686=LINE('',#18342,#4568);
#3687=LINE('',#18359,#4569);
#3688=LINE('',#18377,#4570);
#3689=LINE('',#18381,#4571);
#3690=LINE('',#18386,#4572);
#3691=LINE('',#18390,#4573);
#3692=LINE('',#18395,#4574);
#3693=LINE('',#18399,#4575);
#3694=LINE('',#18404,#4576);
#3695=LINE('',#18421,#4577);
#3696=LINE('',#18439,#4578);
#3697=LINE('',#18443,#4579);
#3698=LINE('',#18448,#4580);
#3699=LINE('',#18465,#4581);
#3700=LINE('',#18483,#4582);
#3701=LINE('',#18487,#4583);
#3702=LINE('',#18492,#4584);
#3703=LINE('',#18496,#4585);
#3704=LINE('',#18501,#4586);
#3705=LINE('',#18505,#4587);
#3706=LINE('',#18510,#4588);
#3707=LINE('',#18527,#4589);
#3708=LINE('',#18545,#4590);
#3709=LINE('',#18549,#4591);
#3710=LINE('',#18554,#4592);
#3711=LINE('',#18575,#4593);
#3712=LINE('',#18580,#4594);
#3713=LINE('',#18584,#4595);
#3714=LINE('',#18586,#4596);
#3715=LINE('',#18588,#4597);
#3716=LINE('',#18593,#4598);
#3717=LINE('',#18597,#4599);
#3718=LINE('',#18599,#4600);
#3719=LINE('',#18601,#4601);
#3720=LINE('',#18606,#4602);
#3721=LINE('',#18610,#4603);
#3722=LINE('',#18614,#4604);
#3723=LINE('',#18621,#4605);
#3724=LINE('',#18625,#4606);
#3725=LINE('',#18629,#4607);
#3726=LINE('',#18686,#4608);
#3727=LINE('',#18691,#4609);
#3728=LINE('',#18695,#4610);
#3729=LINE('',#18697,#4611);
#3730=LINE('',#18702,#4612);
#3731=LINE('',#18706,#4613);
#3732=LINE('',#18709,#4614);
#3733=LINE('',#18712,#4615);
#3734=LINE('',#18714,#4616);
#3735=LINE('',#18716,#4617);
#3736=LINE('',#18722,#4618);
#3737=LINE('',#18726,#4619);
#3738=LINE('',#18729,#4620);
#3739=LINE('',#18731,#4621);
#3740=LINE('',#18733,#4622);
#3741=LINE('',#18737,#4623);
#3742=LINE('',#18739,#4624);
#3743=LINE('',#18742,#4625);
#3744=LINE('',#18744,#4626);
#3745=LINE('',#18748,#4627);
#3746=LINE('',#18766,#4628);
#3747=LINE('',#18812,#4629);
#3748=LINE('',#18892,#4630);
#3749=LINE('',#18896,#4631);
#3750=LINE('',#18901,#4632);
#3751=LINE('',#18905,#4633);
#3752=LINE('',#18910,#4634);
#3753=LINE('',#18914,#4635);
#3754=LINE('',#18916,#4636);
#3755=LINE('',#18918,#4637);
#3756=LINE('',#18920,#4638);
#3757=LINE('',#18922,#4639);
#3758=LINE('',#18927,#4640);
#3759=LINE('',#18931,#4641);
#3760=LINE('',#18936,#4642);
#3761=LINE('',#18940,#4643);
#3762=LINE('',#18945,#4644);
#3763=LINE('',#18949,#4645);
#3764=LINE('',#18954,#4646);
#3765=LINE('',#18958,#4647);
#3766=LINE('',#18963,#4648);
#3767=LINE('',#18967,#4649);
#3768=LINE('',#18969,#4650);
#3769=LINE('',#18971,#4651);
#3770=LINE('',#18973,#4652);
#3771=LINE('',#18975,#4653);
#3772=LINE('',#18977,#4654);
#3773=LINE('',#18979,#4655);
#3774=LINE('',#18981,#4656);
#3775=LINE('',#18983,#4657);
#3776=LINE('',#18985,#4658);
#3777=LINE('',#18988,#4659);
#3778=LINE('',#18990,#4660);
#3779=LINE('',#18992,#4661);
#3780=LINE('',#18995,#4662);
#3781=LINE('',#18998,#4663);
#3782=LINE('',#19002,#4664);
#3783=LINE('',#19003,#4665);
#3784=LINE('',#19006,#4666);
#3785=LINE('',#19008,#4667);
#3786=LINE('',#19010,#4668);
#3787=LINE('',#19012,#4669);
#3788=LINE('',#19014,#4670);
#3789=LINE('',#19016,#4671);
#3790=LINE('',#19018,#4672);
#3791=LINE('',#19020,#4673);
#3792=LINE('',#19022,#4674);
#3793=LINE('',#19024,#4675);
#3794=LINE('',#19026,#4676);
#3795=LINE('',#19029,#4677);
#3796=LINE('',#19032,#4678);
#3797=LINE('',#19034,#4679);
#3798=LINE('',#19036,#4680);
#3799=LINE('',#19038,#4681);
#3800=LINE('',#19040,#4682);
#3801=LINE('',#19042,#4683);
#3802=LINE('',#19044,#4684);
#3803=LINE('',#19046,#4685);
#3804=LINE('',#19048,#4686);
#3805=LINE('',#19050,#4687);
#3806=LINE('',#19053,#4688);
#3807=LINE('',#19056,#4689);
#3808=LINE('',#19060,#4690);
#3809=LINE('',#19063,#4691);
#3810=LINE('',#19065,#4692);
#3811=LINE('',#19066,#4693);
#3812=LINE('',#19067,#4694);
#3813=LINE('',#19069,#4695);
#3814=LINE('',#19071,#4696);
#3815=LINE('',#19073,#4697);
#3816=LINE('',#19075,#4698);
#3817=LINE('',#19077,#4699);
#3818=LINE('',#19079,#4700);
#3819=LINE('',#19081,#4701);
#3820=LINE('',#19083,#4702);
#3821=LINE('',#19085,#4703);
#3822=LINE('',#19087,#4704);
#3823=LINE('',#19089,#4705);
#3824=LINE('',#19092,#4706);
#3825=LINE('',#19094,#4707);
#3826=LINE('',#19095,#4708);
#3827=LINE('',#19096,#4709);
#3828=LINE('',#19098,#4710);
#3829=LINE('',#19101,#4711);
#3830=LINE('',#19105,#4712);
#3831=LINE('',#19107,#4713);
#3832=LINE('',#19109,#4714);
#3833=LINE('',#19111,#4715);
#3834=LINE('',#19113,#4716);
#3835=LINE('',#19115,#4717);
#3836=LINE('',#19117,#4718);
#3837=LINE('',#19119,#4719);
#3838=LINE('',#19121,#4720);
#3839=LINE('',#19124,#4721);
#3840=LINE('',#19126,#4722);
#3841=LINE('',#19128,#4723);
#3842=LINE('',#19130,#4724);
#3843=LINE('',#19133,#4725);
#3844=LINE('',#19135,#4726);
#3845=LINE('',#19137,#4727);
#3846=LINE('',#19139,#4728);
#3847=LINE('',#19141,#4729);
#3848=LINE('',#19143,#4730);
#3849=LINE('',#19145,#4731);
#3850=LINE('',#19147,#4732);
#3851=LINE('',#19149,#4733);
#3852=LINE('',#19151,#4734);
#3853=LINE('',#19153,#4735);
#3854=LINE('',#19154,#4736);
#3855=LINE('',#19155,#4737);
#3856=LINE('',#19156,#4738);
#3857=LINE('',#19158,#4739);
#3858=LINE('',#19164,#4740);
#3859=LINE('',#19166,#4741);
#3860=LINE('',#19169,#4742);
#3861=LINE('',#19172,#4743);
#3862=LINE('',#19175,#4744);
#3863=LINE('',#19177,#4745);
#3864=LINE('',#19179,#4746);
#3865=LINE('',#19181,#4747);
#3866=LINE('',#19183,#4748);
#3867=LINE('',#19185,#4749);
#3868=LINE('',#19187,#4750);
#3869=LINE('',#19190,#4751);
#3870=LINE('',#19191,#4752);
#3871=LINE('',#19192,#4753);
#3872=LINE('',#19193,#4754);
#3873=LINE('',#19197,#4755);
#3874=LINE('',#19199,#4756);
#3875=LINE('',#19203,#4757);
#3876=LINE('',#19204,#4758);
#3877=LINE('',#19206,#4759);
#3878=LINE('',#19207,#4760);
#3879=LINE('',#19211,#4761);
#3880=LINE('',#19212,#4762);
#3881=LINE('',#19214,#4763);
#3882=VECTOR('',#11935,1.);
#3883=VECTOR('',#11938,1.);
#3884=VECTOR('',#11943,1.);
#3885=VECTOR('',#11946,1.);
#3886=VECTOR('',#11951,1.);
#3887=VECTOR('',#11954,1.);
#3888=VECTOR('',#11957,1.);
#3889=VECTOR('',#11958,1.);
#3890=VECTOR('',#12017,1.);
#3891=VECTOR('',#12020,1.);
#3892=VECTOR('',#12023,1.);
#3893=VECTOR('',#12026,1.);
#3894=VECTOR('',#12029,1.);
#3895=VECTOR('',#12030,1.);
#3896=VECTOR('',#12073,1.);
#3897=VECTOR('',#12074,1.);
#3898=VECTOR('',#12075,1.);
#3899=VECTOR('',#12076,1.);
#3900=VECTOR('',#12109,1.);
#3901=VECTOR('',#12110,1.);
#3902=VECTOR('',#12111,1.);
#3903=VECTOR('',#12114,1.);
#3904=VECTOR('',#12115,1.);
#3905=VECTOR('',#12118,1.);
#3906=VECTOR('',#12119,1.);
#3907=VECTOR('',#12122,1.);
#3908=VECTOR('',#12139,1.);
#3909=VECTOR('',#12142,1.);
#3910=VECTOR('',#12147,1.);
#3911=VECTOR('',#12150,1.);
#3912=VECTOR('',#12155,1.);
#3913=VECTOR('',#12158,1.);
#3914=VECTOR('',#12163,1.);
#3915=VECTOR('',#12166,1.);
#3916=VECTOR('',#12171,1.);
#3917=VECTOR('',#12174,1.);
#3918=VECTOR('',#12179,1.);
#3919=VECTOR('',#12182,1.);
#3920=VECTOR('',#12187,1.);
#3921=VECTOR('',#12190,1.);
#3922=VECTOR('',#12195,1.);
#3923=VECTOR('',#12198,1.);
#3924=VECTOR('',#12203,1.);
#3925=VECTOR('',#12206,1.);
#3926=VECTOR('',#12211,1.);
#3927=VECTOR('',#12214,1.);
#3928=VECTOR('',#12225,1.);
#3929=VECTOR('',#12226,1.);
#3930=VECTOR('',#12227,1.);
#3931=VECTOR('',#12228,1.);
#3932=VECTOR('',#12229,1.);
#3933=VECTOR('',#12230,1.);
#3934=VECTOR('',#12233,1.);
#3935=VECTOR('',#12234,1.);
#3936=VECTOR('',#12235,1.);
#3937=VECTOR('',#12246,1.);
#3938=VECTOR('',#12247,1.);
#3939=VECTOR('',#12248,1.);
#3940=VECTOR('',#12249,1.);
#3941=VECTOR('',#12250,1.);
#3942=VECTOR('',#12255,1.);
#3943=VECTOR('',#12258,1.);
#3944=VECTOR('',#12259,1.);
#3945=VECTOR('',#12260,1.);
#3946=VECTOR('',#12265,1.);
#3947=VECTOR('',#12266,1.);
#3948=VECTOR('',#12267,1.);
#3949=VECTOR('',#12272,1.);
#3950=VECTOR('',#12277,1.);
#3951=VECTOR('',#12278,1.);
#3952=VECTOR('',#12279,1.);
#3953=VECTOR('',#12280,1.);
#3954=VECTOR('',#12281,1.);
#3955=VECTOR('',#12284,1.);
#3956=VECTOR('',#12285,1.);
#3957=VECTOR('',#12290,1.);
#3958=VECTOR('',#12293,1.);
#3959=VECTOR('',#12298,1.);
#3960=VECTOR('',#12299,1.);
#3961=VECTOR('',#12304,1.);
#3962=VECTOR('',#12305,1.);
#3963=VECTOR('',#12308,1.);
#3964=VECTOR('',#12309,1.);
#3965=VECTOR('',#12376,1.);
#3966=VECTOR('',#12379,1.);
#3967=VECTOR('',#12382,1.);
#3968=VECTOR('',#12383,1.);
#3969=VECTOR('',#12388,1.);
#3970=VECTOR('',#12391,1.);
#3971=VECTOR('',#12394,1.);
#3972=VECTOR('',#12395,1.);
#3973=VECTOR('',#12400,1.);
#3974=VECTOR('',#12403,1.);
#3975=VECTOR('',#12406,1.);
#3976=VECTOR('',#12407,1.);
#3977=VECTOR('',#12412,1.);
#3978=VECTOR('',#12415,1.);
#3979=VECTOR('',#12418,1.);
#3980=VECTOR('',#12419,1.);
#3981=VECTOR('',#12422,1.);
#3982=VECTOR('',#12423,1.);
#3983=VECTOR('',#12424,1.);
#3984=VECTOR('',#12425,1.);
#3985=VECTOR('',#12428,1.);
#3986=VECTOR('',#12429,1.);
#3987=VECTOR('',#12430,1.);
#3988=VECTOR('',#12431,1.);
#3989=VECTOR('',#12434,1.);
#3990=VECTOR('',#12435,1.);
#3991=VECTOR('',#12436,1.);
#3992=VECTOR('',#12437,1.);
#3993=VECTOR('',#12440,1.);
#3994=VECTOR('',#12441,1.);
#3995=VECTOR('',#12442,1.);
#3996=VECTOR('',#12443,1.);
#3997=VECTOR('',#12446,1.);
#3998=VECTOR('',#12447,1.);
#3999=VECTOR('',#12448,1.);
#4000=VECTOR('',#12449,1.);
#4001=VECTOR('',#12452,1.);
#4002=VECTOR('',#12453,1.);
#4003=VECTOR('',#12454,1.);
#4004=VECTOR('',#12455,1.);
#4005=VECTOR('',#12458,1.);
#4006=VECTOR('',#12459,1.);
#4007=VECTOR('',#12460,1.);
#4008=VECTOR('',#12461,1.);
#4009=VECTOR('',#12464,1.);
#4010=VECTOR('',#12465,1.);
#4011=VECTOR('',#12466,1.);
#4012=VECTOR('',#12469,1.);
#4013=VECTOR('',#12470,1.);
#4014=VECTOR('',#12471,1.);
#4015=VECTOR('',#12474,1.);
#4016=VECTOR('',#12475,1.);
#4017=VECTOR('',#12476,1.);
#4018=VECTOR('',#12477,1.);
#4019=VECTOR('',#12480,1.);
#4020=VECTOR('',#12481,1.);
#4021=VECTOR('',#12482,1.);
#4022=VECTOR('',#12485,1.);
#4023=VECTOR('',#12486,1.);
#4024=VECTOR('',#12487,1.);
#4025=VECTOR('',#12494,1.);
#4026=VECTOR('',#12495,1.);
#4027=VECTOR('',#12496,1.);
#4028=VECTOR('',#12497,1.);
#4029=VECTOR('',#12498,1.);
#4030=VECTOR('',#12499,1.);
#4031=VECTOR('',#12500,1.);
#4032=VECTOR('',#12501,1.);
#4033=VECTOR('',#12502,1.);
#4034=VECTOR('',#12503,1.);
#4035=VECTOR('',#12504,1.);
#4036=VECTOR('',#12505,1.);
#4037=VECTOR('',#12506,1.);
#4038=VECTOR('',#12507,1.);
#4039=VECTOR('',#12508,1.);
#4040=VECTOR('',#12509,1.);
#4041=VECTOR('',#12510,1.);
#4042=VECTOR('',#12511,1.);
#4043=VECTOR('',#12512,1.);
#4044=VECTOR('',#12513,1.);
#4045=VECTOR('',#12514,1.);
#4046=VECTOR('',#12515,1.);
#4047=VECTOR('',#12516,1.);
#4048=VECTOR('',#12517,1.);
#4049=VECTOR('',#12518,1.);
#4050=VECTOR('',#12519,1.);
#4051=VECTOR('',#12520,1.);
#4052=VECTOR('',#12521,1.);
#4053=VECTOR('',#12522,1.);
#4054=VECTOR('',#12523,1.);
#4055=VECTOR('',#12524,1.);
#4056=VECTOR('',#12525,1.);
#4057=VECTOR('',#12526,1.);
#4058=VECTOR('',#12527,1.);
#4059=VECTOR('',#12528,1.);
#4060=VECTOR('',#12529,1.);
#4061=VECTOR('',#12530,1.);
#4062=VECTOR('',#12531,1.);
#4063=VECTOR('',#12532,1.);
#4064=VECTOR('',#12533,1.);
#4065=VECTOR('',#12534,1.);
#4066=VECTOR('',#12535,1.);
#4067=VECTOR('',#12536,1.);
#4068=VECTOR('',#12537,1.);
#4069=VECTOR('',#12538,1.);
#4070=VECTOR('',#12539,1.);
#4071=VECTOR('',#12540,1.);
#4072=VECTOR('',#12541,1.);
#4073=VECTOR('',#12542,1.);
#4074=VECTOR('',#12543,1.);
#4075=VECTOR('',#12544,1.);
#4076=VECTOR('',#12545,1.);
#4077=VECTOR('',#12546,1.);
#4078=VECTOR('',#12547,1.);
#4079=VECTOR('',#12548,1.);
#4080=VECTOR('',#12549,1.);
#4081=VECTOR('',#12556,1.);
#4082=VECTOR('',#12557,1.);
#4083=VECTOR('',#12558,1.);
#4084=VECTOR('',#12559,1.);
#4085=VECTOR('',#12560,1.);
#4086=VECTOR('',#12561,1.);
#4087=VECTOR('',#12562,1.);
#4088=VECTOR('',#12563,1.);
#4089=VECTOR('',#12564,1.);
#4090=VECTOR('',#12565,1.);
#4091=VECTOR('',#12566,1.);
#4092=VECTOR('',#12567,1.);
#4093=VECTOR('',#12568,1.);
#4094=VECTOR('',#12569,1.);
#4095=VECTOR('',#12570,1.);
#4096=VECTOR('',#12571,1.);
#4097=VECTOR('',#12572,1.);
#4098=VECTOR('',#12573,1.);
#4099=VECTOR('',#12574,1.);
#4100=VECTOR('',#12575,1.);
#4101=VECTOR('',#12576,1.);
#4102=VECTOR('',#12577,1.);
#4103=VECTOR('',#12578,1.);
#4104=VECTOR('',#12579,1.);
#4105=VECTOR('',#12580,1.);
#4106=VECTOR('',#12581,1.);
#4107=VECTOR('',#12582,1.);
#4108=VECTOR('',#12583,1.);
#4109=VECTOR('',#12584,1.);
#4110=VECTOR('',#12585,1.);
#4111=VECTOR('',#12586,1.);
#4112=VECTOR('',#12587,1.);
#4113=VECTOR('',#12588,1.);
#4114=VECTOR('',#12589,1.);
#4115=VECTOR('',#12590,1.);
#4116=VECTOR('',#12591,1.);
#4117=VECTOR('',#12592,1.);
#4118=VECTOR('',#12593,1.);
#4119=VECTOR('',#12594,1.);
#4120=VECTOR('',#12595,1.);
#4121=VECTOR('',#12596,1.);
#4122=VECTOR('',#12597,1.);
#4123=VECTOR('',#12598,1.);
#4124=VECTOR('',#12599,1.);
#4125=VECTOR('',#12600,1.);
#4126=VECTOR('',#12601,1.);
#4127=VECTOR('',#12602,1.);
#4128=VECTOR('',#12603,1.);
#4129=VECTOR('',#12604,1.);
#4130=VECTOR('',#12605,1.);
#4131=VECTOR('',#12606,1.);
#4132=VECTOR('',#12607,1.);
#4133=VECTOR('',#12608,1.);
#4134=VECTOR('',#12609,1.);
#4135=VECTOR('',#12610,1.);
#4136=VECTOR('',#12611,1.);
#4137=VECTOR('',#12614,1.);
#4138=VECTOR('',#12619,1.);
#4139=VECTOR('',#12622,1.);
#4140=VECTOR('',#12625,1.);
#4141=VECTOR('',#12628,1.);
#4142=VECTOR('',#12631,1.);
#4143=VECTOR('',#12634,1.);
#4144=VECTOR('',#12637,1.);
#4145=VECTOR('',#12642,1.);
#4146=VECTOR('',#12643,1.);
#4147=VECTOR('',#12646,1.);
#4148=VECTOR('',#12647,1.);
#4149=VECTOR('',#12650,1.);
#4150=VECTOR('',#12653,1.);
#4151=VECTOR('',#12656,1.);
#4152=VECTOR('',#12659,1.);
#4153=VECTOR('',#12664,1.);
#4154=VECTOR('',#12667,1.);
#4155=VECTOR('',#12670,1.);
#4156=VECTOR('',#12673,1.);
#4157=VECTOR('',#12676,1.);
#4158=VECTOR('',#12679,1.);
#4159=VECTOR('',#12684,1.);
#4160=VECTOR('',#12687,1.);
#4161=VECTOR('',#12690,1.);
#4162=VECTOR('',#12693,1.);
#4163=VECTOR('',#12696,1.);
#4164=VECTOR('',#12699,1.);
#4165=VECTOR('',#12704,1.);
#4166=VECTOR('',#12707,1.);
#4167=VECTOR('',#12710,1.);
#4168=VECTOR('',#12711,1.);
#4169=VECTOR('',#12716,1.);
#4170=VECTOR('',#12719,1.);
#4171=VECTOR('',#12724,1.);
#4172=VECTOR('',#12727,1.);
#4173=VECTOR('',#12730,1.);
#4174=VECTOR('',#12733,1.);
#4175=VECTOR('',#12736,1.);
#4176=VECTOR('',#12739,1.);
#4177=VECTOR('',#12744,1.);
#4178=VECTOR('',#12747,1.);
#4179=VECTOR('',#12750,1.);
#4180=VECTOR('',#12753,1.);
#4181=VECTOR('',#12756,1.);
#4182=VECTOR('',#12759,1.);
#4183=VECTOR('',#12764,1.);
#4184=VECTOR('',#12769,1.);
#4185=VECTOR('',#12800,1.);
#4186=VECTOR('',#12803,1.);
#4187=VECTOR('',#12806,1.);
#4188=VECTOR('',#12807,1.);
#4189=VECTOR('',#12812,1.);
#4190=VECTOR('',#12815,1.);
#4191=VECTOR('',#12818,1.);
#4192=VECTOR('',#12819,1.);
#4193=VECTOR('',#12824,1.);
#4194=VECTOR('',#12827,1.);
#4195=VECTOR('',#12830,1.);
#4196=VECTOR('',#12831,1.);
#4197=VECTOR('',#12836,1.);
#4198=VECTOR('',#12839,1.);
#4199=VECTOR('',#12842,1.);
#4200=VECTOR('',#12843,1.);
#4201=VECTOR('',#12848,1.);
#4202=VECTOR('',#12851,1.);
#4203=VECTOR('',#12854,1.);
#4204=VECTOR('',#12855,1.);
#4205=VECTOR('',#12860,1.);
#4206=VECTOR('',#12863,1.);
#4207=VECTOR('',#12866,1.);
#4208=VECTOR('',#12867,1.);
#4209=VECTOR('',#12872,1.);
#4210=VECTOR('',#12875,1.);
#4211=VECTOR('',#12878,1.);
#4212=VECTOR('',#12879,1.);
#4213=VECTOR('',#12884,1.);
#4214=VECTOR('',#12887,1.);
#4215=VECTOR('',#12890,1.);
#4216=VECTOR('',#12891,1.);
#4217=VECTOR('',#12896,1.);
#4218=VECTOR('',#12897,1.);
#4219=VECTOR('',#12900,1.);
#4220=VECTOR('',#12903,1.);
#4221=VECTOR('',#12908,1.);
#4222=VECTOR('',#12911,1.);
#4223=VECTOR('',#12916,1.);
#4224=VECTOR('',#12919,1.);
#4225=VECTOR('',#12924,1.);
#4226=VECTOR('',#12925,1.);
#4227=VECTOR('',#12928,1.);
#4228=VECTOR('',#12931,1.);
#4229=VECTOR('',#12936,1.);
#4230=VECTOR('',#12937,1.);
#4231=VECTOR('',#12940,1.);
#4232=VECTOR('',#12943,1.);
#4233=VECTOR('',#12948,1.);
#4234=VECTOR('',#12951,1.);
#4235=VECTOR('',#12956,1.);
#4236=VECTOR('',#12959,1.);
#4237=VECTOR('',#12964,1.);
#4238=VECTOR('',#12965,1.);
#4239=VECTOR('',#12968,1.);
#4240=VECTOR('',#12971,1.);
#4241=VECTOR('',#12976,1.);
#4242=VECTOR('',#12981,1.);
#4243=VECTOR('',#12986,1.);
#4244=VECTOR('',#12989,1.);
#4245=VECTOR('',#12992,1.);
#4246=VECTOR('',#12993,1.);
#4247=VECTOR('',#12998,1.);
#4248=VECTOR('',#13001,1.);
#4249=VECTOR('',#13004,1.);
#4250=VECTOR('',#13005,1.);
#4251=VECTOR('',#13010,1.);
#4252=VECTOR('',#13013,1.);
#4253=VECTOR('',#13018,1.);
#4254=VECTOR('',#13025,1.);
#4255=VECTOR('',#13028,1.);
#4256=VECTOR('',#13035,1.);
#4257=VECTOR('',#13040,1.);
#4258=VECTOR('',#13043,1.);
#4259=VECTOR('',#13048,1.);
#4260=VECTOR('',#13055,1.);
#4261=VECTOR('',#13060,1.);
#4262=VECTOR('',#13063,1.);
#4263=VECTOR('',#13068,1.);
#4264=VECTOR('',#13069,1.);
#4265=VECTOR('',#13070,1.);
#4266=VECTOR('',#13071,1.);
#4267=VECTOR('',#13082,1.);
#4268=VECTOR('',#13085,1.);
#4269=VECTOR('',#13090,1.);
#4270=VECTOR('',#13091,1.);
#4271=VECTOR('',#13092,1.);
#4272=VECTOR('',#13099,1.);
#4273=VECTOR('',#13100,1.);
#4274=VECTOR('',#13105,1.);
#4275=VECTOR('',#13106,1.);
#4276=VECTOR('',#13113,1.);
#4277=VECTOR('',#13142,1.);
#4278=VECTOR('',#13147,1.);
#4279=VECTOR('',#13296,1.);
#4280=VECTOR('',#13299,1.);
#4281=VECTOR('',#13302,1.);
#4282=VECTOR('',#13305,1.);
#4283=VECTOR('',#13318,1.);
#4284=VECTOR('',#13321,1.);
#4285=VECTOR('',#13324,1.);
#4286=VECTOR('',#13327,1.);
#4287=VECTOR('',#13330,1.);
#4288=VECTOR('',#13333,1.);
#4289=VECTOR('',#13336,1.);
#4290=VECTOR('',#13339,1.);
#4291=VECTOR('',#13346,1.);
#4292=VECTOR('',#13347,1.);
#4293=VECTOR('',#13350,1.);
#4294=VECTOR('',#13353,1.);
#4295=VECTOR('',#13356,1.);
#4296=VECTOR('',#13359,1.);
#4297=VECTOR('',#13362,1.);
#4298=VECTOR('',#13365,1.);
#4299=VECTOR('',#13380,1.);
#4300=VECTOR('',#13383,1.);
#4301=VECTOR('',#13412,1.);
#4302=VECTOR('',#13413,1.);
#4303=VECTOR('',#13414,1.);
#4304=VECTOR('',#13417,1.);
#4305=VECTOR('',#13418,1.);
#4306=VECTOR('',#13419,1.);
#4307=VECTOR('',#13422,1.);
#4308=VECTOR('',#13423,1.);
#4309=VECTOR('',#13424,1.);
#4310=VECTOR('',#13427,1.);
#4311=VECTOR('',#13428,1.);
#4312=VECTOR('',#13429,1.);
#4313=VECTOR('',#13506,1.);
#4314=VECTOR('',#13509,1.);
#4315=VECTOR('',#13514,1.);
#4316=VECTOR('',#13517,1.);
#4317=VECTOR('',#13522,1.);
#4318=VECTOR('',#13525,1.);
#4319=VECTOR('',#13528,1.);
#4320=VECTOR('',#13529,1.);
#4321=VECTOR('',#13532,1.);
#4322=VECTOR('',#13533,1.);
#4323=VECTOR('',#13538,1.);
#4324=VECTOR('',#13541,1.);
#4325=VECTOR('',#13546,1.);
#4326=VECTOR('',#13549,1.);
#4327=VECTOR('',#13554,1.);
#4328=VECTOR('',#13557,1.);
#4329=VECTOR('',#13562,1.);
#4330=VECTOR('',#13565,1.);
#4331=VECTOR('',#13570,1.);
#4332=VECTOR('',#13573,1.);
#4333=VECTOR('',#13576,1.);
#4334=VECTOR('',#13577,1.);
#4335=VECTOR('',#13580,1.);
#4336=VECTOR('',#13581,1.);
#4337=VECTOR('',#13584,1.);
#4338=VECTOR('',#13585,1.);
#4339=VECTOR('',#13588,1.);
#4340=VECTOR('',#13589,1.);
#4341=VECTOR('',#13592,1.);
#4342=VECTOR('',#13593,1.);
#4343=VECTOR('',#13594,1.);
#4344=VECTOR('',#13595,1.);
#4345=VECTOR('',#13600,1.);
#4346=VECTOR('',#13601,1.);
#4347=VECTOR('',#13602,1.);
#4348=VECTOR('',#13603,1.);
#4349=VECTOR('',#13604,1.);
#4350=VECTOR('',#13605,1.);
#4351=VECTOR('',#13606,1.);
#4352=VECTOR('',#13607,1.);
#4353=VECTOR('',#13608,1.);
#4354=VECTOR('',#13609,1.);
#4355=VECTOR('',#13612,1.);
#4356=VECTOR('',#13613,1.);
#4357=VECTOR('',#13616,1.);
#4358=VECTOR('',#13619,1.);
#4359=VECTOR('',#13620,1.);
#4360=VECTOR('',#13625,1.);
#4361=VECTOR('',#13628,1.);
#4362=VECTOR('',#13631,1.);
#4363=VECTOR('',#13632,1.);
#4364=VECTOR('',#13633,1.);
#4365=VECTOR('',#13634,1.);
#4366=VECTOR('',#13635,1.);
#4367=VECTOR('',#13636,1.);
#4368=VECTOR('',#13637,1.);
#4369=VECTOR('',#13638,1.);
#4370=VECTOR('',#13639,1.);
#4371=VECTOR('',#13640,1.);
#4372=VECTOR('',#13643,1.);
#4373=VECTOR('',#13650,1.);
#4374=VECTOR('',#13651,1.);
#4375=VECTOR('',#13652,1.);
#4376=VECTOR('',#13653,1.);
#4377=VECTOR('',#13654,1.);
#4378=VECTOR('',#13655,1.);
#4379=VECTOR('',#13658,1.);
#4380=VECTOR('',#13659,1.);
#4381=VECTOR('',#13660,1.);
#4382=VECTOR('',#13663,1.);
#4383=VECTOR('',#13664,1.);
#4384=VECTOR('',#13665,1.);
#4385=VECTOR('',#13668,1.);
#4386=VECTOR('',#13669,1.);
#4387=VECTOR('',#13670,1.);
#4388=VECTOR('',#13673,1.);
#4389=VECTOR('',#13674,1.);
#4390=VECTOR('',#13675,1.);
#4391=VECTOR('',#13676,1.);
#4392=VECTOR('',#13677,1.);
#4393=VECTOR('',#13678,1.);
#4394=VECTOR('',#13683,1.);
#4395=VECTOR('',#13690,1.);
#4396=VECTOR('',#13691,1.);
#4397=VECTOR('',#13692,1.);
#4398=VECTOR('',#13695,1.);
#4399=VECTOR('',#13696,1.);
#4400=VECTOR('',#13697,1.);
#4401=VECTOR('',#13700,1.);
#4402=VECTOR('',#13701,1.);
#4403=VECTOR('',#13702,1.);
#4404=VECTOR('',#13707,1.);
#4405=VECTOR('',#13708,1.);
#4406=VECTOR('',#13709,1.);
#4407=VECTOR('',#13712,1.);
#4408=VECTOR('',#13717,1.);
#4409=VECTOR('',#13720,1.);
#4410=VECTOR('',#13723,1.);
#4411=VECTOR('',#13726,1.);
#4412=VECTOR('',#13727,1.);
#4413=VECTOR('',#13728,1.);
#4414=VECTOR('',#13729,1.);
#4415=VECTOR('',#13730,1.);
#4416=VECTOR('',#13731,1.);
#4417=VECTOR('',#13732,1.);
#4418=VECTOR('',#13733,1.);
#4419=VECTOR('',#13734,1.);
#4420=VECTOR('',#13735,1.);
#4421=VECTOR('',#13736,1.);
#4422=VECTOR('',#13737,1.);
#4423=VECTOR('',#13744,1.);
#4424=VECTOR('',#13745,1.);
#4425=VECTOR('',#13750,1.);
#4426=VECTOR('',#13755,1.);
#4427=VECTOR('',#13756,1.);
#4428=VECTOR('',#13757,1.);
#4429=VECTOR('',#13758,1.);
#4430=VECTOR('',#13759,1.);
#4431=VECTOR('',#13762,1.);
#4432=VECTOR('',#13763,1.);
#4433=VECTOR('',#13764,1.);
#4434=VECTOR('',#13765,1.);
#4435=VECTOR('',#13766,1.);
#4436=VECTOR('',#13767,1.);
#4437=VECTOR('',#13768,1.);
#4438=VECTOR('',#13775,1.);
#4439=VECTOR('',#13778,1.);
#4440=VECTOR('',#13785,1.);
#4441=VECTOR('',#13786,1.);
#4442=VECTOR('',#13789,1.);
#4443=VECTOR('',#13790,1.);
#4444=VECTOR('',#13797,1.);
#4445=VECTOR('',#13798,1.);
#4446=VECTOR('',#13801,1.);
#4447=VECTOR('',#13838,1.);
#4448=VECTOR('',#13841,1.);
#4449=VECTOR('',#13842,1.);
#4450=VECTOR('',#13843,1.);
#4451=VECTOR('',#13844,1.);
#4452=VECTOR('',#13845,1.);
#4453=VECTOR('',#13846,1.);
#4454=VECTOR('',#13847,1.);
#4455=VECTOR('',#13852,1.);
#4456=VECTOR('',#13855,1.);
#4457=VECTOR('',#13860,1.);
#4458=VECTOR('',#13863,1.);
#4459=VECTOR('',#13868,1.);
#4460=VECTOR('',#13871,1.);
#4461=VECTOR('',#13876,1.);
#4462=VECTOR('',#13879,1.);
#4463=VECTOR('',#13884,1.);
#4464=VECTOR('',#13887,1.);
#4465=VECTOR('',#13892,1.);
#4466=VECTOR('',#13895,1.);
#4467=VECTOR('',#13900,1.);
#4468=VECTOR('',#13903,1.);
#4469=VECTOR('',#13908,1.);
#4470=VECTOR('',#13911,1.);
#4471=VECTOR('',#13916,1.);
#4472=VECTOR('',#13919,1.);
#4473=VECTOR('',#13924,1.);
#4474=VECTOR('',#13927,1.);
#4475=VECTOR('',#13932,1.);
#4476=VECTOR('',#13933,1.);
#4477=VECTOR('',#13936,1.);
#4478=VECTOR('',#13939,1.);
#4479=VECTOR('',#13940,1.);
#4480=VECTOR('',#13941,1.);
#4481=VECTOR('',#13942,1.);
#4482=VECTOR('',#13963,1.);
#4483=VECTOR('',#13964,1.);
#4484=VECTOR('',#13967,1.);
#4485=VECTOR('',#13968,1.);
#4486=VECTOR('',#13969,1.);
#4487=VECTOR('',#13974,1.);
#4488=VECTOR('',#13975,1.);
#4489=VECTOR('',#13976,1.);
#4490=VECTOR('',#13979,1.);
#4491=VECTOR('',#13980,1.);
#4492=VECTOR('',#13981,1.);
#4493=VECTOR('',#13982,1.);
#4494=VECTOR('',#13983,1.);
#4495=VECTOR('',#13984,1.);
#4496=VECTOR('',#13987,1.);
#4497=VECTOR('',#13988,1.);
#4498=VECTOR('',#13989,1.);
#4499=VECTOR('',#13994,1.);
#4500=VECTOR('',#13995,1.);
#4501=VECTOR('',#13998,1.);
#4502=VECTOR('',#14001,1.);
#4503=VECTOR('',#14002,1.);
#4504=VECTOR('',#14003,1.);
#4505=VECTOR('',#14004,1.);
#4506=VECTOR('',#14005,1.);
#4507=VECTOR('',#14006,1.);
#4508=VECTOR('',#14009,1.);
#4509=VECTOR('',#14012,1.);
#4510=VECTOR('',#14015,1.);
#4511=VECTOR('',#14018,1.);
#4512=VECTOR('',#14055,1.);
#4513=VECTOR('',#14062,1.);
#4514=VECTOR('',#14077,1.);
#4515=VECTOR('',#14080,1.);
#4516=VECTOR('',#14083,1.);
#4517=VECTOR('',#14084,1.);
#4518=VECTOR('',#14099,1.);
#4519=VECTOR('',#14106,1.);
#4520=VECTOR('',#14169,1.);
#4521=VECTOR('',#14172,1.);
#4522=VECTOR('',#14185,1.);
#4523=VECTOR('',#14188,1.);
#4524=VECTOR('',#14201,1.);
#4525=VECTOR('',#14204,1.);
#4526=VECTOR('',#14217,1.);
#4527=VECTOR('',#14220,1.);
#4528=VECTOR('',#14231,1.);
#4529=VECTOR('',#14234,1.);
#4530=VECTOR('',#14239,1.);
#4531=VECTOR('',#14242,1.);
#4532=VECTOR('',#14247,1.);
#4533=VECTOR('',#14250,1.);
#4534=VECTOR('',#14253,1.);
#4535=VECTOR('',#14254,1.);
#4536=VECTOR('',#14283,1.);
#4537=VECTOR('',#14286,1.);
#4538=VECTOR('',#14289,1.);
#4539=VECTOR('',#14290,1.);
#4540=VECTOR('',#14295,1.);
#4541=VECTOR('',#14298,1.);
#4542=VECTOR('',#14301,1.);
#4543=VECTOR('',#14302,1.);
#4544=VECTOR('',#14307,1.);
#4545=VECTOR('',#14310,1.);
#4546=VECTOR('',#14313,1.);
#4547=VECTOR('',#14314,1.);
#4548=VECTOR('',#14319,1.);
#4549=VECTOR('',#14322,1.);
#4550=VECTOR('',#14325,1.);
#4551=VECTOR('',#14326,1.);
#4552=VECTOR('',#14331,1.);
#4553=VECTOR('',#14334,1.);
#4554=VECTOR('',#14337,1.);
#4555=VECTOR('',#14338,1.);
#4556=VECTOR('',#14343,1.);
#4557=VECTOR('',#14346,1.);
#4558=VECTOR('',#14349,1.);
#4559=VECTOR('',#14350,1.);
#4560=VECTOR('',#14355,1.);
#4561=VECTOR('',#14358,1.);
#4562=VECTOR('',#14361,1.);
#4563=VECTOR('',#14362,1.);
#4564=VECTOR('',#14367,1.);
#4565=VECTOR('',#14370,1.);
#4566=VECTOR('',#14373,1.);
#4567=VECTOR('',#14374,1.);
#4568=VECTOR('',#14379,1.);
#4569=VECTOR('',#14380,1.);
#4570=VECTOR('',#14383,1.);
#4571=VECTOR('',#14386,1.);
#4572=VECTOR('',#14391,1.);
#4573=VECTOR('',#14394,1.);
#4574=VECTOR('',#14399,1.);
#4575=VECTOR('',#14402,1.);
#4576=VECTOR('',#14407,1.);
#4577=VECTOR('',#14408,1.);
#4578=VECTOR('',#14411,1.);
#4579=VECTOR('',#14414,1.);
#4580=VECTOR('',#14419,1.);
#4581=VECTOR('',#14420,1.);
#4582=VECTOR('',#14423,1.);
#4583=VECTOR('',#14426,1.);
#4584=VECTOR('',#14431,1.);
#4585=VECTOR('',#14434,1.);
#4586=VECTOR('',#14439,1.);
#4587=VECTOR('',#14442,1.);
#4588=VECTOR('',#14447,1.);
#4589=VECTOR('',#14448,1.);
#4590=VECTOR('',#14451,1.);
#4591=VECTOR('',#14454,1.);
#4592=VECTOR('',#14459,1.);
#4593=VECTOR('',#14464,1.);
#4594=VECTOR('',#14469,1.);
#4595=VECTOR('',#14472,1.);
#4596=VECTOR('',#14475,1.);
#4597=VECTOR('',#14476,1.);
#4598=VECTOR('',#14481,1.);
#4599=VECTOR('',#14484,1.);
#4600=VECTOR('',#14487,1.);
#4601=VECTOR('',#14488,1.);
#4602=VECTOR('',#14493,1.);
#4603=VECTOR('',#14496,1.);
#4604=VECTOR('',#14501,1.);
#4605=VECTOR('',#14508,1.);
#4606=VECTOR('',#14511,1.);
#4607=VECTOR('',#14516,1.);
#4608=VECTOR('',#14527,1.);
#4609=VECTOR('',#14532,1.);
#4610=VECTOR('',#14535,1.);
#4611=VECTOR('',#14538,1.);
#4612=VECTOR('',#14543,1.);
#4613=VECTOR('',#14546,1.);
#4614=VECTOR('',#14551,1.);
#4615=VECTOR('',#14552,1.);
#4616=VECTOR('',#14553,1.);
#4617=VECTOR('',#14554,1.);
#4618=VECTOR('',#14565,1.);
#4619=VECTOR('',#14568,1.);
#4620=VECTOR('',#14573,1.);
#4621=VECTOR('',#14574,1.);
#4622=VECTOR('',#14575,1.);
#4623=VECTOR('',#14582,1.);
#4624=VECTOR('',#14583,1.);
#4625=VECTOR('',#14588,1.);
#4626=VECTOR('',#14589,1.);
#4627=VECTOR('',#14596,1.);
#4628=VECTOR('',#14627,1.);
#4629=VECTOR('',#14630,1.);
#4630=VECTOR('',#14757,1.);
#4631=VECTOR('',#14760,1.);
#4632=VECTOR('',#14765,1.);
#4633=VECTOR('',#14768,1.);
#4634=VECTOR('',#14773,1.);
#4635=VECTOR('',#14776,1.);
#4636=VECTOR('',#14779,1.);
#4637=VECTOR('',#14780,1.);
#4638=VECTOR('',#14783,1.);
#4639=VECTOR('',#14784,1.);
#4640=VECTOR('',#14789,1.);
#4641=VECTOR('',#14792,1.);
#4642=VECTOR('',#14797,1.);
#4643=VECTOR('',#14800,1.);
#4644=VECTOR('',#14805,1.);
#4645=VECTOR('',#14808,1.);
#4646=VECTOR('',#14813,1.);
#4647=VECTOR('',#14816,1.);
#4648=VECTOR('',#14821,1.);
#4649=VECTOR('',#14824,1.);
#4650=VECTOR('',#14827,1.);
#4651=VECTOR('',#14828,1.);
#4652=VECTOR('',#14831,1.);
#4653=VECTOR('',#14832,1.);
#4654=VECTOR('',#14835,1.);
#4655=VECTOR('',#14836,1.);
#4656=VECTOR('',#14839,1.);
#4657=VECTOR('',#14840,1.);
#4658=VECTOR('',#14843,1.);
#4659=VECTOR('',#14844,1.);
#4660=VECTOR('',#14845,1.);
#4661=VECTOR('',#14846,1.);
#4662=VECTOR('',#14851,1.);
#4663=VECTOR('',#14852,1.);
#4664=VECTOR('',#14855,1.);
#4665=VECTOR('',#14856,1.);
#4666=VECTOR('',#14859,1.);
#4667=VECTOR('',#14860,1.);
#4668=VECTOR('',#14861,1.);
#4669=VECTOR('',#14862,1.);
#4670=VECTOR('',#14863,1.);
#4671=VECTOR('',#14864,1.);
#4672=VECTOR('',#14865,1.);
#4673=VECTOR('',#14866,1.);
#4674=VECTOR('',#14867,1.);
#4675=VECTOR('',#14870,1.);
#4676=VECTOR('',#14871,1.);
#4677=VECTOR('',#14876,1.);
#4678=VECTOR('',#14877,1.);
#4679=VECTOR('',#14878,1.);
#4680=VECTOR('',#14879,1.);
#4681=VECTOR('',#14880,1.);
#4682=VECTOR('',#14881,1.);
#4683=VECTOR('',#14882,1.);
#4684=VECTOR('',#14883,1.);
#4685=VECTOR('',#14884,1.);
#4686=VECTOR('',#14885,1.);
#4687=VECTOR('',#14886,1.);
#4688=VECTOR('',#14889,1.);
#4689=VECTOR('',#14894,1.);
#4690=VECTOR('',#14901,1.);
#4691=VECTOR('',#14902,1.);
#4692=VECTOR('',#14903,1.);
#4693=VECTOR('',#14904,1.);
#4694=VECTOR('',#14905,1.);
#4695=VECTOR('',#14906,1.);
#4696=VECTOR('',#14909,1.);
#4697=VECTOR('',#14910,1.);
#4698=VECTOR('',#14911,1.);
#4699=VECTOR('',#14914,1.);
#4700=VECTOR('',#14915,1.);
#4701=VECTOR('',#14916,1.);
#4702=VECTOR('',#14919,1.);
#4703=VECTOR('',#14920,1.);
#4704=VECTOR('',#14921,1.);
#4705=VECTOR('',#14924,1.);
#4706=VECTOR('',#14925,1.);
#4707=VECTOR('',#14926,1.);
#4708=VECTOR('',#14927,1.);
#4709=VECTOR('',#14928,1.);
#4710=VECTOR('',#14929,1.);
#4711=VECTOR('',#14934,1.);
#4712=VECTOR('',#14941,1.);
#4713=VECTOR('',#14942,1.);
#4714=VECTOR('',#14943,1.);
#4715=VECTOR('',#14946,1.);
#4716=VECTOR('',#14947,1.);
#4717=VECTOR('',#14948,1.);
#4718=VECTOR('',#14951,1.);
#4719=VECTOR('',#14952,1.);
#4720=VECTOR('',#14953,1.);
#4721=VECTOR('',#14958,1.);
#4722=VECTOR('',#14959,1.);
#4723=VECTOR('',#14960,1.);
#4724=VECTOR('',#14963,1.);
#4725=VECTOR('',#14968,1.);
#4726=VECTOR('',#14971,1.);
#4727=VECTOR('',#14974,1.);
#4728=VECTOR('',#14975,1.);
#4729=VECTOR('',#14976,1.);
#4730=VECTOR('',#14977,1.);
#4731=VECTOR('',#14978,1.);
#4732=VECTOR('',#14979,1.);
#4733=VECTOR('',#14980,1.);
#4734=VECTOR('',#14981,1.);
#4735=VECTOR('',#14982,1.);
#4736=VECTOR('',#14983,1.);
#4737=VECTOR('',#14984,1.);
#4738=VECTOR('',#14985,1.);
#4739=VECTOR('',#14986,1.);
#4740=VECTOR('',#14995,1.);
#4741=VECTOR('',#14996,1.);
#4742=VECTOR('',#15001,1.);
#4743=VECTOR('',#15006,1.);
#4744=VECTOR('',#15007,1.);
#4745=VECTOR('',#15008,1.);
#4746=VECTOR('',#15009,1.);
#4747=VECTOR('',#15010,1.);
#4748=VECTOR('',#15011,1.);
#4749=VECTOR('',#15012,1.);
#4750=VECTOR('',#15013,1.);
#4751=VECTOR('',#15016,1.);
#4752=VECTOR('',#15017,1.);
#4753=VECTOR('',#15018,1.);
#4754=VECTOR('',#15019,1.);
#4755=VECTOR('',#15026,1.);
#4756=VECTOR('',#15029,1.);
#4757=VECTOR('',#15036,1.);
#4758=VECTOR('',#15037,1.);
#4759=VECTOR('',#15040,1.);
#4760=VECTOR('',#15041,1.);
#4761=VECTOR('',#15048,1.);
#4762=VECTOR('',#15049,1.);
#4763=VECTOR('',#15052,1.);
#4764=ORIENTED_EDGE('',*,*,#8742,.F.);
#4765=ORIENTED_EDGE('',*,*,#8743,.T.);
#4766=ORIENTED_EDGE('',*,*,#8744,.F.);
#4767=ORIENTED_EDGE('',*,*,#8745,.F.);
#4768=ORIENTED_EDGE('',*,*,#8746,.F.);
#4769=ORIENTED_EDGE('',*,*,#8747,.T.);
#4770=ORIENTED_EDGE('',*,*,#8748,.F.);
#4771=ORIENTED_EDGE('',*,*,#8749,.F.);
#4772=ORIENTED_EDGE('',*,*,#8750,.F.);
#4773=ORIENTED_EDGE('',*,*,#8751,.T.);
#4774=ORIENTED_EDGE('',*,*,#8752,.T.);
#4775=ORIENTED_EDGE('',*,*,#8753,.F.);
#4776=ORIENTED_EDGE('',*,*,#8744,.T.);
#4777=ORIENTED_EDGE('',*,*,#8754,.T.);
#4778=ORIENTED_EDGE('',*,*,#8748,.T.);
#4779=ORIENTED_EDGE('',*,*,#8755,.F.);
#4780=ORIENTED_EDGE('',*,*,#8754,.F.);
#4781=ORIENTED_EDGE('',*,*,#8756,.T.);
#4782=ORIENTED_EDGE('',*,*,#8755,.T.);
#4783=ORIENTED_EDGE('',*,*,#8757,.T.);
#4784=ORIENTED_EDGE('',*,*,#8758,.T.);
#4785=ORIENTED_EDGE('',*,*,#8742,.T.);
#4786=ORIENTED_EDGE('',*,*,#8759,.F.);
#4787=ORIENTED_EDGE('',*,*,#8752,.F.);
#4788=ORIENTED_EDGE('',*,*,#8760,.T.);
#4789=ORIENTED_EDGE('',*,*,#8746,.T.);
#4790=ORIENTED_EDGE('',*,*,#8761,.T.);
#4791=ORIENTED_EDGE('',*,*,#8750,.T.);
#4792=ORIENTED_EDGE('',*,*,#8751,.F.);
#4793=ORIENTED_EDGE('',*,*,#8761,.F.);
#4794=ORIENTED_EDGE('',*,*,#8753,.T.);
#4795=ORIENTED_EDGE('',*,*,#8759,.T.);
#4796=ORIENTED_EDGE('',*,*,#8747,.F.);
#4797=ORIENTED_EDGE('',*,*,#8760,.F.);
#4798=ORIENTED_EDGE('',*,*,#8749,.T.);
#4799=ORIENTED_EDGE('',*,*,#8757,.F.);
#4800=ORIENTED_EDGE('',*,*,#8743,.F.);
#4801=ORIENTED_EDGE('',*,*,#8758,.F.);
#4802=ORIENTED_EDGE('',*,*,#8745,.T.);
#4803=ORIENTED_EDGE('',*,*,#8756,.F.);
#4804=ORIENTED_EDGE('',*,*,#8762,.F.);
#4805=ORIENTED_EDGE('',*,*,#8763,.T.);
#4806=ORIENTED_EDGE('',*,*,#8764,.F.);
#4807=ORIENTED_EDGE('',*,*,#8765,.F.);
#4808=ORIENTED_EDGE('',*,*,#8766,.F.);
#4809=ORIENTED_EDGE('',*,*,#8767,.T.);
#4810=ORIENTED_EDGE('',*,*,#8768,.F.);
#4811=ORIENTED_EDGE('',*,*,#8769,.F.);
#4812=ORIENTED_EDGE('',*,*,#8770,.F.);
#4813=ORIENTED_EDGE('',*,*,#8771,.T.);
#4814=ORIENTED_EDGE('',*,*,#8772,.F.);
#4815=ORIENTED_EDGE('',*,*,#8773,.F.);
#4816=ORIENTED_EDGE('',*,*,#8774,.F.);
#4817=ORIENTED_EDGE('',*,*,#8775,.T.);
#4818=ORIENTED_EDGE('',*,*,#8776,.T.);
#4819=ORIENTED_EDGE('',*,*,#8777,.F.);
#4820=ORIENTED_EDGE('',*,*,#8770,.T.);
#4821=ORIENTED_EDGE('',*,*,#8778,.T.);
#4822=ORIENTED_EDGE('',*,*,#8779,.T.);
#4823=ORIENTED_EDGE('',*,*,#8780,.F.);
#4824=ORIENTED_EDGE('',*,*,#8766,.T.);
#4825=ORIENTED_EDGE('',*,*,#8781,.T.);
#4826=ORIENTED_EDGE('',*,*,#8764,.T.);
#4827=ORIENTED_EDGE('',*,*,#8782,.F.);
#4828=ORIENTED_EDGE('',*,*,#8781,.F.);
#4829=ORIENTED_EDGE('',*,*,#8783,.T.);
#4830=ORIENTED_EDGE('',*,*,#8782,.T.);
#4831=ORIENTED_EDGE('',*,*,#8784,.T.);
#4832=ORIENTED_EDGE('',*,*,#8768,.T.);
#4833=ORIENTED_EDGE('',*,*,#8785,.T.);
#4834=ORIENTED_EDGE('',*,*,#8786,.F.);
#4835=ORIENTED_EDGE('',*,*,#8779,.F.);
#4836=ORIENTED_EDGE('',*,*,#8787,.T.);
#4837=ORIENTED_EDGE('',*,*,#8762,.T.);
#4838=ORIENTED_EDGE('',*,*,#8788,.F.);
#4839=ORIENTED_EDGE('',*,*,#8776,.F.);
#4840=ORIENTED_EDGE('',*,*,#8778,.F.);
#4841=ORIENTED_EDGE('',*,*,#8789,.T.);
#4842=ORIENTED_EDGE('',*,*,#8780,.T.);
#4843=ORIENTED_EDGE('',*,*,#8786,.T.);
#4844=ORIENTED_EDGE('',*,*,#8772,.T.);
#4845=ORIENTED_EDGE('',*,*,#8790,.T.);
#4846=ORIENTED_EDGE('',*,*,#8775,.F.);
#4847=ORIENTED_EDGE('',*,*,#8791,.F.);
#4848=ORIENTED_EDGE('',*,*,#8777,.T.);
#4849=ORIENTED_EDGE('',*,*,#8788,.T.);
#4850=ORIENTED_EDGE('',*,*,#8774,.T.);
#4851=ORIENTED_EDGE('',*,*,#8791,.T.);
#4852=ORIENTED_EDGE('',*,*,#8771,.F.);
#4853=ORIENTED_EDGE('',*,*,#8789,.F.);
#4854=ORIENTED_EDGE('',*,*,#8773,.T.);
#4855=ORIENTED_EDGE('',*,*,#8790,.F.);
#4856=ORIENTED_EDGE('',*,*,#8767,.F.);
#4857=ORIENTED_EDGE('',*,*,#8783,.F.);
#4858=ORIENTED_EDGE('',*,*,#8769,.T.);
#4859=ORIENTED_EDGE('',*,*,#8785,.F.);
#4860=ORIENTED_EDGE('',*,*,#8763,.F.);
#4861=ORIENTED_EDGE('',*,*,#8787,.F.);
#4862=ORIENTED_EDGE('',*,*,#8765,.T.);
#4863=ORIENTED_EDGE('',*,*,#8784,.F.);
#4864=ORIENTED_EDGE('',*,*,#8792,.T.);
#4865=ORIENTED_EDGE('',*,*,#8793,.T.);
#4866=ORIENTED_EDGE('',*,*,#8794,.T.);
#4867=ORIENTED_EDGE('',*,*,#8795,.T.);
#4868=ORIENTED_EDGE('',*,*,#8796,.T.);
#4869=ORIENTED_EDGE('',*,*,#8797,.T.);
#4870=ORIENTED_EDGE('',*,*,#8798,.T.);
#4871=ORIENTED_EDGE('',*,*,#8799,.F.);
#4872=ORIENTED_EDGE('',*,*,#8800,.T.);
#4873=ORIENTED_EDGE('',*,*,#8801,.T.);
#4874=ORIENTED_EDGE('',*,*,#8798,.F.);
#4875=ORIENTED_EDGE('',*,*,#8802,.F.);
#4876=ORIENTED_EDGE('',*,*,#8803,.T.);
#4877=ORIENTED_EDGE('',*,*,#8804,.T.);
#4878=ORIENTED_EDGE('',*,*,#8792,.F.);
#4879=ORIENTED_EDGE('',*,*,#8805,.T.);
#4880=ORIENTED_EDGE('',*,*,#8806,.T.);
#4881=ORIENTED_EDGE('',*,*,#8794,.F.);
#4882=ORIENTED_EDGE('',*,*,#8807,.T.);
#4883=ORIENTED_EDGE('',*,*,#8808,.F.);
#4884=ORIENTED_EDGE('',*,*,#8809,.T.);
#4885=ORIENTED_EDGE('',*,*,#8795,.F.);
#4886=ORIENTED_EDGE('',*,*,#8809,.F.);
#4887=ORIENTED_EDGE('',*,*,#8810,.F.);
#4888=ORIENTED_EDGE('',*,*,#8811,.F.);
#4889=ORIENTED_EDGE('',*,*,#8811,.T.);
#4890=ORIENTED_EDGE('',*,*,#8812,.T.);
#4891=ORIENTED_EDGE('',*,*,#8813,.F.);
#4892=ORIENTED_EDGE('',*,*,#8796,.F.);
#4893=ORIENTED_EDGE('',*,*,#8793,.F.);
#4894=ORIENTED_EDGE('',*,*,#8813,.T.);
#4895=ORIENTED_EDGE('',*,*,#8814,.F.);
#4896=ORIENTED_EDGE('',*,*,#8807,.F.);
#4897=ORIENTED_EDGE('',*,*,#8810,.T.);
#4898=ORIENTED_EDGE('',*,*,#8808,.T.);
#4899=ORIENTED_EDGE('',*,*,#8814,.T.);
#4900=ORIENTED_EDGE('',*,*,#8812,.F.);
#4901=ORIENTED_EDGE('',*,*,#8803,.F.);
#4902=ORIENTED_EDGE('',*,*,#8806,.F.);
#4903=ORIENTED_EDGE('',*,*,#8800,.F.);
#4904=ORIENTED_EDGE('',*,*,#8815,.F.);
#4905=ORIENTED_EDGE('',*,*,#8797,.F.);
#4906=ORIENTED_EDGE('',*,*,#8805,.F.);
#4907=ORIENTED_EDGE('',*,*,#8815,.T.);
#4908=ORIENTED_EDGE('',*,*,#8804,.F.);
#4909=ORIENTED_EDGE('',*,*,#8802,.T.);
#4910=ORIENTED_EDGE('',*,*,#8801,.F.);
#4911=ORIENTED_EDGE('',*,*,#8799,.T.);
#4912=ORIENTED_EDGE('',*,*,#8816,.F.);
#4913=ORIENTED_EDGE('',*,*,#8817,.F.);
#4914=ORIENTED_EDGE('',*,*,#8818,.T.);
#4915=ORIENTED_EDGE('',*,*,#8819,.T.);
#4916=ORIENTED_EDGE('',*,*,#8820,.F.);
#4917=ORIENTED_EDGE('',*,*,#8821,.F.);
#4918=ORIENTED_EDGE('',*,*,#8822,.T.);
#4919=ORIENTED_EDGE('',*,*,#8823,.T.);
#4920=ORIENTED_EDGE('',*,*,#8824,.F.);
#4921=ORIENTED_EDGE('',*,*,#8825,.F.);
#4922=ORIENTED_EDGE('',*,*,#8826,.T.);
#4923=ORIENTED_EDGE('',*,*,#8827,.T.);
#4924=ORIENTED_EDGE('',*,*,#8828,.F.);
#4925=ORIENTED_EDGE('',*,*,#8829,.F.);
#4926=ORIENTED_EDGE('',*,*,#8830,.T.);
#4927=ORIENTED_EDGE('',*,*,#8831,.T.);
#4928=ORIENTED_EDGE('',*,*,#8832,.F.);
#4929=ORIENTED_EDGE('',*,*,#8833,.F.);
#4930=ORIENTED_EDGE('',*,*,#8834,.T.);
#4931=ORIENTED_EDGE('',*,*,#8835,.T.);
#4932=ORIENTED_EDGE('',*,*,#8836,.F.);
#4933=ORIENTED_EDGE('',*,*,#8837,.F.);
#4934=ORIENTED_EDGE('',*,*,#8838,.T.);
#4935=ORIENTED_EDGE('',*,*,#8839,.T.);
#4936=ORIENTED_EDGE('',*,*,#8840,.F.);
#4937=ORIENTED_EDGE('',*,*,#8841,.F.);
#4938=ORIENTED_EDGE('',*,*,#8842,.T.);
#4939=ORIENTED_EDGE('',*,*,#8843,.T.);
#4940=ORIENTED_EDGE('',*,*,#8844,.F.);
#4941=ORIENTED_EDGE('',*,*,#8845,.F.);
#4942=ORIENTED_EDGE('',*,*,#8846,.T.);
#4943=ORIENTED_EDGE('',*,*,#8847,.T.);
#4944=ORIENTED_EDGE('',*,*,#8848,.T.);
#4945=ORIENTED_EDGE('',*,*,#8849,.F.);
#4946=ORIENTED_EDGE('',*,*,#8850,.T.);
#4947=ORIENTED_EDGE('',*,*,#8851,.T.);
#4948=ORIENTED_EDGE('',*,*,#8852,.F.);
#4949=ORIENTED_EDGE('',*,*,#8853,.F.);
#4950=ORIENTED_EDGE('',*,*,#8854,.T.);
#4951=ORIENTED_EDGE('',*,*,#8855,.T.);
#4952=ORIENTED_EDGE('',*,*,#8856,.T.);
#4953=ORIENTED_EDGE('',*,*,#8820,.T.);
#4954=ORIENTED_EDGE('',*,*,#8857,.T.);
#4955=ORIENTED_EDGE('',*,*,#8828,.T.);
#4956=ORIENTED_EDGE('',*,*,#8858,.T.);
#4957=ORIENTED_EDGE('',*,*,#8836,.T.);
#4958=ORIENTED_EDGE('',*,*,#8859,.T.);
#4959=ORIENTED_EDGE('',*,*,#8844,.T.);
#4960=ORIENTED_EDGE('',*,*,#8860,.F.);
#4961=ORIENTED_EDGE('',*,*,#8861,.T.);
#4962=ORIENTED_EDGE('',*,*,#8862,.F.);
#4963=ORIENTED_EDGE('',*,*,#8863,.T.);
#4964=ORIENTED_EDGE('',*,*,#8864,.F.);
#4965=ORIENTED_EDGE('',*,*,#8865,.T.);
#4966=ORIENTED_EDGE('',*,*,#8866,.F.);
#4967=ORIENTED_EDGE('',*,*,#8867,.T.);
#4968=ORIENTED_EDGE('',*,*,#8860,.T.);
#4969=ORIENTED_EDGE('',*,*,#8868,.T.);
#4970=ORIENTED_EDGE('',*,*,#8869,.F.);
#4971=ORIENTED_EDGE('',*,*,#8818,.F.);
#4972=ORIENTED_EDGE('',*,*,#8870,.F.);
#4973=ORIENTED_EDGE('',*,*,#8826,.F.);
#4974=ORIENTED_EDGE('',*,*,#8871,.F.);
#4975=ORIENTED_EDGE('',*,*,#8834,.F.);
#4976=ORIENTED_EDGE('',*,*,#8872,.F.);
#4977=ORIENTED_EDGE('',*,*,#8842,.F.);
#4978=ORIENTED_EDGE('',*,*,#8873,.F.);
#4979=ORIENTED_EDGE('',*,*,#8874,.T.);
#4980=ORIENTED_EDGE('',*,*,#8866,.T.);
#4981=ORIENTED_EDGE('',*,*,#8875,.T.);
#4982=ORIENTED_EDGE('',*,*,#8876,.F.);
#4983=ORIENTED_EDGE('',*,*,#8877,.T.);
#4984=ORIENTED_EDGE('',*,*,#8848,.F.);
#4985=ORIENTED_EDGE('',*,*,#8878,.F.);
#4986=ORIENTED_EDGE('',*,*,#8879,.F.);
#4987=ORIENTED_EDGE('',*,*,#8880,.T.);
#4988=ORIENTED_EDGE('',*,*,#8881,.T.);
#4989=ORIENTED_EDGE('',*,*,#8882,.T.);
#4990=ORIENTED_EDGE('',*,*,#8883,.F.);
#4991=ORIENTED_EDGE('',*,*,#8884,.T.);
#4992=ORIENTED_EDGE('',*,*,#8885,.F.);
#4993=ORIENTED_EDGE('',*,*,#8886,.T.);
#4994=ORIENTED_EDGE('',*,*,#8879,.T.);
#4995=ORIENTED_EDGE('',*,*,#8887,.T.);
#4996=ORIENTED_EDGE('',*,*,#8888,.F.);
#4997=ORIENTED_EDGE('',*,*,#8854,.F.);
#4998=ORIENTED_EDGE('',*,*,#8889,.F.);
#4999=ORIENTED_EDGE('',*,*,#8890,.T.);
#5000=ORIENTED_EDGE('',*,*,#8885,.T.);
#5001=ORIENTED_EDGE('',*,*,#8891,.T.);
#5002=ORIENTED_EDGE('',*,*,#8892,.T.);
#5003=ORIENTED_EDGE('',*,*,#8893,.T.);
#5004=ORIENTED_EDGE('',*,*,#8894,.T.);
#5005=ORIENTED_EDGE('',*,*,#8863,.F.);
#5006=ORIENTED_EDGE('',*,*,#8895,.T.);
#5007=ORIENTED_EDGE('',*,*,#8896,.T.);
#5008=ORIENTED_EDGE('',*,*,#8881,.F.);
#5009=ORIENTED_EDGE('',*,*,#8897,.T.);
#5010=ORIENTED_EDGE('',*,*,#8889,.T.);
#5011=ORIENTED_EDGE('',*,*,#8898,.T.);
#5012=ORIENTED_EDGE('',*,*,#8899,.T.);
#5013=ORIENTED_EDGE('',*,*,#8892,.F.);
#5014=ORIENTED_EDGE('',*,*,#8900,.T.);
#5015=ORIENTED_EDGE('',*,*,#8883,.T.);
#5016=ORIENTED_EDGE('',*,*,#8901,.T.);
#5017=ORIENTED_EDGE('',*,*,#8902,.F.);
#5018=ORIENTED_EDGE('',*,*,#8903,.T.);
#5019=ORIENTED_EDGE('',*,*,#8904,.T.);
#5020=ORIENTED_EDGE('',*,*,#8901,.F.);
#5021=ORIENTED_EDGE('',*,*,#8882,.F.);
#5022=ORIENTED_EDGE('',*,*,#8899,.F.);
#5023=ORIENTED_EDGE('',*,*,#8905,.T.);
#5024=ORIENTED_EDGE('',*,*,#8906,.T.);
#5025=ORIENTED_EDGE('',*,*,#8877,.F.);
#5026=ORIENTED_EDGE('',*,*,#8876,.T.);
#5027=ORIENTED_EDGE('',*,*,#8907,.T.);
#5028=ORIENTED_EDGE('',*,*,#8864,.T.);
#5029=ORIENTED_EDGE('',*,*,#8894,.F.);
#5030=ORIENTED_EDGE('',*,*,#8908,.T.);
#5031=ORIENTED_EDGE('',*,*,#8903,.F.);
#5032=ORIENTED_EDGE('',*,*,#8862,.T.);
#5033=ORIENTED_EDGE('',*,*,#8909,.T.);
#5034=ORIENTED_EDGE('',*,*,#8873,.T.);
#5035=ORIENTED_EDGE('',*,*,#8906,.F.);
#5036=ORIENTED_EDGE('',*,*,#8910,.F.);
#5037=ORIENTED_EDGE('',*,*,#8895,.F.);
#5038=ORIENTED_EDGE('',*,*,#8910,.T.);
#5039=ORIENTED_EDGE('',*,*,#8905,.F.);
#5040=ORIENTED_EDGE('',*,*,#8898,.F.);
#5041=ORIENTED_EDGE('',*,*,#8896,.F.);
#5042=ORIENTED_EDGE('',*,*,#8902,.T.);
#5043=ORIENTED_EDGE('',*,*,#8904,.F.);
#5044=ORIENTED_EDGE('',*,*,#8908,.F.);
#5045=ORIENTED_EDGE('',*,*,#8893,.F.);
#5046=ORIENTED_EDGE('',*,*,#8853,.T.);
#5047=ORIENTED_EDGE('',*,*,#8911,.F.);
#5048=ORIENTED_EDGE('',*,*,#8855,.F.);
#5049=ORIENTED_EDGE('',*,*,#8888,.T.);
#5050=ORIENTED_EDGE('',*,*,#8912,.F.);
#5051=ORIENTED_EDGE('',*,*,#8850,.F.);
#5052=ORIENTED_EDGE('',*,*,#8911,.T.);
#5053=ORIENTED_EDGE('',*,*,#8852,.T.);
#5054=ORIENTED_EDGE('',*,*,#8849,.T.);
#5055=ORIENTED_EDGE('',*,*,#8878,.T.);
#5056=ORIENTED_EDGE('',*,*,#8851,.F.);
#5057=ORIENTED_EDGE('',*,*,#8912,.T.);
#5058=ORIENTED_EDGE('',*,*,#8845,.T.);
#5059=ORIENTED_EDGE('',*,*,#8859,.F.);
#5060=ORIENTED_EDGE('',*,*,#8847,.F.);
#5061=ORIENTED_EDGE('',*,*,#8913,.T.);
#5062=ORIENTED_EDGE('',*,*,#8913,.F.);
#5063=ORIENTED_EDGE('',*,*,#8846,.F.);
#5064=ORIENTED_EDGE('',*,*,#8914,.T.);
#5065=ORIENTED_EDGE('',*,*,#8840,.T.);
#5066=ORIENTED_EDGE('',*,*,#8841,.T.);
#5067=ORIENTED_EDGE('',*,*,#8914,.F.);
#5068=ORIENTED_EDGE('',*,*,#8843,.F.);
#5069=ORIENTED_EDGE('',*,*,#8872,.T.);
#5070=ORIENTED_EDGE('',*,*,#8837,.T.);
#5071=ORIENTED_EDGE('',*,*,#8858,.F.);
#5072=ORIENTED_EDGE('',*,*,#8839,.F.);
#5073=ORIENTED_EDGE('',*,*,#8915,.T.);
#5074=ORIENTED_EDGE('',*,*,#8915,.F.);
#5075=ORIENTED_EDGE('',*,*,#8838,.F.);
#5076=ORIENTED_EDGE('',*,*,#8916,.T.);
#5077=ORIENTED_EDGE('',*,*,#8832,.T.);
#5078=ORIENTED_EDGE('',*,*,#8833,.T.);
#5079=ORIENTED_EDGE('',*,*,#8916,.F.);
#5080=ORIENTED_EDGE('',*,*,#8835,.F.);
#5081=ORIENTED_EDGE('',*,*,#8871,.T.);
#5082=ORIENTED_EDGE('',*,*,#8829,.T.);
#5083=ORIENTED_EDGE('',*,*,#8857,.F.);
#5084=ORIENTED_EDGE('',*,*,#8831,.F.);
#5085=ORIENTED_EDGE('',*,*,#8917,.T.);
#5086=ORIENTED_EDGE('',*,*,#8917,.F.);
#5087=ORIENTED_EDGE('',*,*,#8830,.F.);
#5088=ORIENTED_EDGE('',*,*,#8918,.T.);
#5089=ORIENTED_EDGE('',*,*,#8824,.T.);
#5090=ORIENTED_EDGE('',*,*,#8825,.T.);
#5091=ORIENTED_EDGE('',*,*,#8918,.F.);
#5092=ORIENTED_EDGE('',*,*,#8827,.F.);
#5093=ORIENTED_EDGE('',*,*,#8870,.T.);
#5094=ORIENTED_EDGE('',*,*,#8821,.T.);
#5095=ORIENTED_EDGE('',*,*,#8856,.F.);
#5096=ORIENTED_EDGE('',*,*,#8823,.F.);
#5097=ORIENTED_EDGE('',*,*,#8919,.T.);
#5098=ORIENTED_EDGE('',*,*,#8919,.F.);
#5099=ORIENTED_EDGE('',*,*,#8822,.F.);
#5100=ORIENTED_EDGE('',*,*,#8920,.T.);
#5101=ORIENTED_EDGE('',*,*,#8816,.T.);
#5102=ORIENTED_EDGE('',*,*,#8817,.T.);
#5103=ORIENTED_EDGE('',*,*,#8920,.F.);
#5104=ORIENTED_EDGE('',*,*,#8819,.F.);
#5105=ORIENTED_EDGE('',*,*,#8869,.T.);
#5106=ORIENTED_EDGE('',*,*,#8890,.F.);
#5107=ORIENTED_EDGE('',*,*,#8897,.F.);
#5108=ORIENTED_EDGE('',*,*,#8880,.F.);
#5109=ORIENTED_EDGE('',*,*,#8886,.F.);
#5110=ORIENTED_EDGE('',*,*,#8891,.F.);
#5111=ORIENTED_EDGE('',*,*,#8887,.F.);
#5112=ORIENTED_EDGE('',*,*,#8884,.F.);
#5113=ORIENTED_EDGE('',*,*,#8900,.F.);
#5114=ORIENTED_EDGE('',*,*,#8874,.F.);
#5115=ORIENTED_EDGE('',*,*,#8909,.F.);
#5116=ORIENTED_EDGE('',*,*,#8861,.F.);
#5117=ORIENTED_EDGE('',*,*,#8867,.F.);
#5118=ORIENTED_EDGE('',*,*,#8875,.F.);
#5119=ORIENTED_EDGE('',*,*,#8868,.F.);
#5120=ORIENTED_EDGE('',*,*,#8865,.F.);
#5121=ORIENTED_EDGE('',*,*,#8907,.F.);
#5122=ORIENTED_EDGE('',*,*,#8921,.F.);
#5123=ORIENTED_EDGE('',*,*,#8922,.T.);
#5124=ORIENTED_EDGE('',*,*,#8923,.T.);
#5125=ORIENTED_EDGE('',*,*,#8924,.F.);
#5126=ORIENTED_EDGE('',*,*,#8925,.F.);
#5127=ORIENTED_EDGE('',*,*,#8926,.T.);
#5128=ORIENTED_EDGE('',*,*,#8921,.T.);
#5129=ORIENTED_EDGE('',*,*,#8927,.F.);
#5130=ORIENTED_EDGE('',*,*,#8928,.T.);
#5131=ORIENTED_EDGE('',*,*,#8929,.T.);
#5132=ORIENTED_EDGE('',*,*,#8930,.F.);
#5133=ORIENTED_EDGE('',*,*,#8931,.F.);
#5134=ORIENTED_EDGE('',*,*,#8932,.T.);
#5135=ORIENTED_EDGE('',*,*,#8927,.T.);
#5136=ORIENTED_EDGE('',*,*,#8933,.F.);
#5137=ORIENTED_EDGE('',*,*,#8934,.T.);
#5138=ORIENTED_EDGE('',*,*,#8935,.T.);
#5139=ORIENTED_EDGE('',*,*,#8936,.F.);
#5140=ORIENTED_EDGE('',*,*,#8937,.F.);
#5141=ORIENTED_EDGE('',*,*,#8938,.T.);
#5142=ORIENTED_EDGE('',*,*,#8933,.T.);
#5143=ORIENTED_EDGE('',*,*,#8939,.F.);
#5144=ORIENTED_EDGE('',*,*,#8940,.T.);
#5145=ORIENTED_EDGE('',*,*,#8941,.T.);
#5146=ORIENTED_EDGE('',*,*,#8942,.F.);
#5147=ORIENTED_EDGE('',*,*,#8943,.F.);
#5148=ORIENTED_EDGE('',*,*,#8944,.T.);
#5149=ORIENTED_EDGE('',*,*,#8939,.T.);
#5150=ORIENTED_EDGE('',*,*,#8945,.F.);
#5151=ORIENTED_EDGE('',*,*,#8946,.T.);
#5152=ORIENTED_EDGE('',*,*,#8947,.T.);
#5153=ORIENTED_EDGE('',*,*,#8948,.F.);
#5154=ORIENTED_EDGE('',*,*,#8949,.F.);
#5155=ORIENTED_EDGE('',*,*,#8950,.T.);
#5156=ORIENTED_EDGE('',*,*,#8951,.T.);
#5157=ORIENTED_EDGE('',*,*,#8952,.F.);
#5158=ORIENTED_EDGE('',*,*,#8953,.F.);
#5159=ORIENTED_EDGE('',*,*,#8954,.T.);
#5160=ORIENTED_EDGE('',*,*,#8955,.T.);
#5161=ORIENTED_EDGE('',*,*,#8956,.T.);
#5162=ORIENTED_EDGE('',*,*,#8957,.F.);
#5163=ORIENTED_EDGE('',*,*,#8958,.T.);
#5164=ORIENTED_EDGE('',*,*,#8959,.T.);
#5165=ORIENTED_EDGE('',*,*,#8960,.F.);
#5166=ORIENTED_EDGE('',*,*,#8961,.T.);
#5167=ORIENTED_EDGE('',*,*,#8962,.T.);
#5168=ORIENTED_EDGE('',*,*,#8963,.F.);
#5169=ORIENTED_EDGE('',*,*,#8964,.T.);
#5170=ORIENTED_EDGE('',*,*,#8965,.T.);
#5171=ORIENTED_EDGE('',*,*,#8966,.T.);
#5172=ORIENTED_EDGE('',*,*,#8967,.F.);
#5173=ORIENTED_EDGE('',*,*,#8968,.T.);
#5174=ORIENTED_EDGE('',*,*,#8969,.F.);
#5175=ORIENTED_EDGE('',*,*,#8970,.T.);
#5176=ORIENTED_EDGE('',*,*,#8971,.T.);
#5177=ORIENTED_EDGE('',*,*,#8972,.T.);
#5178=ORIENTED_EDGE('',*,*,#8973,.T.);
#5179=ORIENTED_EDGE('',*,*,#8974,.T.);
#5180=ORIENTED_EDGE('',*,*,#8975,.F.);
#5181=ORIENTED_EDGE('',*,*,#8948,.T.);
#5182=ORIENTED_EDGE('',*,*,#8976,.T.);
#5183=ORIENTED_EDGE('',*,*,#8977,.T.);
#5184=ORIENTED_EDGE('',*,*,#8978,.F.);
#5185=ORIENTED_EDGE('',*,*,#8960,.T.);
#5186=ORIENTED_EDGE('',*,*,#8979,.F.);
#5187=ORIENTED_EDGE('',*,*,#8980,.T.);
#5188=ORIENTED_EDGE('',*,*,#8981,.T.);
#5189=ORIENTED_EDGE('',*,*,#8982,.F.);
#5190=ORIENTED_EDGE('',*,*,#8983,.T.);
#5191=ORIENTED_EDGE('',*,*,#8984,.T.);
#5192=ORIENTED_EDGE('',*,*,#8985,.F.);
#5193=ORIENTED_EDGE('',*,*,#8982,.T.);
#5194=ORIENTED_EDGE('',*,*,#8986,.T.);
#5195=ORIENTED_EDGE('',*,*,#8987,.T.);
#5196=ORIENTED_EDGE('',*,*,#8988,.F.);
#5197=ORIENTED_EDGE('',*,*,#8952,.T.);
#5198=ORIENTED_EDGE('',*,*,#8989,.F.);
#5199=ORIENTED_EDGE('',*,*,#8935,.F.);
#5200=ORIENTED_EDGE('',*,*,#8990,.F.);
#5201=ORIENTED_EDGE('',*,*,#8941,.F.);
#5202=ORIENTED_EDGE('',*,*,#8971,.F.);
#5203=ORIENTED_EDGE('',*,*,#8991,.F.);
#5204=ORIENTED_EDGE('',*,*,#8992,.F.);
#5205=ORIENTED_EDGE('',*,*,#8993,.F.);
#5206=ORIENTED_EDGE('',*,*,#8994,.F.);
#5207=ORIENTED_EDGE('',*,*,#8995,.F.);
#5208=ORIENTED_EDGE('',*,*,#8996,.F.);
#5209=ORIENTED_EDGE('',*,*,#8997,.F.);
#5210=ORIENTED_EDGE('',*,*,#8998,.F.);
#5211=ORIENTED_EDGE('',*,*,#8999,.F.);
#5212=ORIENTED_EDGE('',*,*,#9000,.F.);
#5213=ORIENTED_EDGE('',*,*,#9001,.F.);
#5214=ORIENTED_EDGE('',*,*,#8965,.F.);
#5215=ORIENTED_EDGE('',*,*,#9002,.F.);
#5216=ORIENTED_EDGE('',*,*,#9003,.F.);
#5217=ORIENTED_EDGE('',*,*,#9004,.F.);
#5218=ORIENTED_EDGE('',*,*,#9005,.F.);
#5219=ORIENTED_EDGE('',*,*,#9006,.F.);
#5220=ORIENTED_EDGE('',*,*,#9007,.F.);
#5221=ORIENTED_EDGE('',*,*,#9008,.F.);
#5222=ORIENTED_EDGE('',*,*,#8961,.F.);
#5223=ORIENTED_EDGE('',*,*,#9009,.F.);
#5224=ORIENTED_EDGE('',*,*,#8979,.T.);
#5225=ORIENTED_EDGE('',*,*,#8985,.T.);
#5226=ORIENTED_EDGE('',*,*,#9010,.F.);
#5227=ORIENTED_EDGE('',*,*,#9011,.F.);
#5228=ORIENTED_EDGE('',*,*,#9012,.F.);
#5229=ORIENTED_EDGE('',*,*,#9013,.F.);
#5230=ORIENTED_EDGE('',*,*,#9014,.F.);
#5231=ORIENTED_EDGE('',*,*,#9015,.F.);
#5232=ORIENTED_EDGE('',*,*,#9016,.F.);
#5233=ORIENTED_EDGE('',*,*,#8949,.T.);
#5234=ORIENTED_EDGE('',*,*,#8988,.T.);
#5235=ORIENTED_EDGE('',*,*,#9017,.F.);
#5236=ORIENTED_EDGE('',*,*,#9018,.F.);
#5237=ORIENTED_EDGE('',*,*,#9019,.F.);
#5238=ORIENTED_EDGE('',*,*,#9020,.F.);
#5239=ORIENTED_EDGE('',*,*,#9021,.F.);
#5240=ORIENTED_EDGE('',*,*,#9022,.F.);
#5241=ORIENTED_EDGE('',*,*,#9023,.F.);
#5242=ORIENTED_EDGE('',*,*,#8953,.T.);
#5243=ORIENTED_EDGE('',*,*,#9024,.F.);
#5244=ORIENTED_EDGE('',*,*,#9025,.F.);
#5245=ORIENTED_EDGE('',*,*,#9026,.F.);
#5246=ORIENTED_EDGE('',*,*,#9027,.F.);
#5247=ORIENTED_EDGE('',*,*,#9028,.F.);
#5248=ORIENTED_EDGE('',*,*,#9029,.F.);
#5249=ORIENTED_EDGE('',*,*,#9030,.F.);
#5250=ORIENTED_EDGE('',*,*,#8957,.T.);
#5251=ORIENTED_EDGE('',*,*,#8978,.T.);
#5252=ORIENTED_EDGE('',*,*,#9031,.F.);
#5253=ORIENTED_EDGE('',*,*,#9032,.F.);
#5254=ORIENTED_EDGE('',*,*,#9033,.F.);
#5255=ORIENTED_EDGE('',*,*,#9034,.F.);
#5256=ORIENTED_EDGE('',*,*,#9035,.F.);
#5257=ORIENTED_EDGE('',*,*,#9036,.F.);
#5258=ORIENTED_EDGE('',*,*,#9037,.F.);
#5259=ORIENTED_EDGE('',*,*,#8945,.T.);
#5260=ORIENTED_EDGE('',*,*,#8975,.T.);
#5261=ORIENTED_EDGE('',*,*,#9038,.F.);
#5262=ORIENTED_EDGE('',*,*,#9039,.F.);
#5263=ORIENTED_EDGE('',*,*,#9040,.F.);
#5264=ORIENTED_EDGE('',*,*,#9041,.F.);
#5265=ORIENTED_EDGE('',*,*,#9042,.F.);
#5266=ORIENTED_EDGE('',*,*,#9043,.F.);
#5267=ORIENTED_EDGE('',*,*,#9044,.F.);
#5268=ORIENTED_EDGE('',*,*,#9045,.F.);
#5269=ORIENTED_EDGE('',*,*,#9046,.F.);
#5270=ORIENTED_EDGE('',*,*,#9047,.F.);
#5271=ORIENTED_EDGE('',*,*,#8923,.F.);
#5272=ORIENTED_EDGE('',*,*,#9048,.F.);
#5273=ORIENTED_EDGE('',*,*,#8929,.F.);
#5274=ORIENTED_EDGE('',*,*,#9049,.T.);
#5275=ORIENTED_EDGE('',*,*,#8969,.T.);
#5276=ORIENTED_EDGE('',*,*,#9050,.T.);
#5277=ORIENTED_EDGE('',*,*,#9051,.T.);
#5278=ORIENTED_EDGE('',*,*,#9052,.T.);
#5279=ORIENTED_EDGE('',*,*,#9053,.T.);
#5280=ORIENTED_EDGE('',*,*,#9054,.T.);
#5281=ORIENTED_EDGE('',*,*,#9055,.T.);
#5282=ORIENTED_EDGE('',*,*,#9056,.T.);
#5283=ORIENTED_EDGE('',*,*,#9057,.T.);
#5284=ORIENTED_EDGE('',*,*,#9058,.T.);
#5285=ORIENTED_EDGE('',*,*,#8973,.F.);
#5286=ORIENTED_EDGE('',*,*,#8947,.F.);
#5287=ORIENTED_EDGE('',*,*,#9059,.F.);
#5288=ORIENTED_EDGE('',*,*,#9060,.T.);
#5289=ORIENTED_EDGE('',*,*,#9061,.T.);
#5290=ORIENTED_EDGE('',*,*,#9062,.T.);
#5291=ORIENTED_EDGE('',*,*,#9063,.T.);
#5292=ORIENTED_EDGE('',*,*,#9064,.T.);
#5293=ORIENTED_EDGE('',*,*,#9065,.T.);
#5294=ORIENTED_EDGE('',*,*,#8976,.F.);
#5295=ORIENTED_EDGE('',*,*,#8959,.F.);
#5296=ORIENTED_EDGE('',*,*,#9066,.F.);
#5297=ORIENTED_EDGE('',*,*,#9067,.T.);
#5298=ORIENTED_EDGE('',*,*,#9068,.T.);
#5299=ORIENTED_EDGE('',*,*,#9069,.T.);
#5300=ORIENTED_EDGE('',*,*,#9070,.T.);
#5301=ORIENTED_EDGE('',*,*,#9071,.T.);
#5302=ORIENTED_EDGE('',*,*,#9072,.T.);
#5303=ORIENTED_EDGE('',*,*,#8955,.F.);
#5304=ORIENTED_EDGE('',*,*,#9073,.F.);
#5305=ORIENTED_EDGE('',*,*,#9074,.T.);
#5306=ORIENTED_EDGE('',*,*,#9075,.T.);
#5307=ORIENTED_EDGE('',*,*,#9076,.T.);
#5308=ORIENTED_EDGE('',*,*,#9077,.T.);
#5309=ORIENTED_EDGE('',*,*,#9078,.T.);
#5310=ORIENTED_EDGE('',*,*,#9079,.T.);
#5311=ORIENTED_EDGE('',*,*,#8986,.F.);
#5312=ORIENTED_EDGE('',*,*,#8951,.F.);
#5313=ORIENTED_EDGE('',*,*,#9080,.F.);
#5314=ORIENTED_EDGE('',*,*,#9081,.T.);
#5315=ORIENTED_EDGE('',*,*,#9082,.T.);
#5316=ORIENTED_EDGE('',*,*,#9083,.T.);
#5317=ORIENTED_EDGE('',*,*,#9084,.T.);
#5318=ORIENTED_EDGE('',*,*,#9085,.T.);
#5319=ORIENTED_EDGE('',*,*,#9086,.T.);
#5320=ORIENTED_EDGE('',*,*,#8983,.F.);
#5321=ORIENTED_EDGE('',*,*,#8981,.F.);
#5322=ORIENTED_EDGE('',*,*,#9087,.F.);
#5323=ORIENTED_EDGE('',*,*,#8963,.T.);
#5324=ORIENTED_EDGE('',*,*,#9088,.T.);
#5325=ORIENTED_EDGE('',*,*,#9089,.T.);
#5326=ORIENTED_EDGE('',*,*,#9090,.T.);
#5327=ORIENTED_EDGE('',*,*,#9091,.T.);
#5328=ORIENTED_EDGE('',*,*,#9092,.T.);
#5329=ORIENTED_EDGE('',*,*,#9093,.T.);
#5330=ORIENTED_EDGE('',*,*,#9094,.T.);
#5331=ORIENTED_EDGE('',*,*,#8967,.T.);
#5332=ORIENTED_EDGE('',*,*,#9095,.T.);
#5333=ORIENTED_EDGE('',*,*,#9096,.T.);
#5334=ORIENTED_EDGE('',*,*,#9097,.T.);
#5335=ORIENTED_EDGE('',*,*,#9098,.T.);
#5336=ORIENTED_EDGE('',*,*,#9099,.T.);
#5337=ORIENTED_EDGE('',*,*,#9100,.T.);
#5338=ORIENTED_EDGE('',*,*,#9101,.T.);
#5339=ORIENTED_EDGE('',*,*,#9102,.T.);
#5340=ORIENTED_EDGE('',*,*,#9103,.T.);
#5341=ORIENTED_EDGE('',*,*,#9104,.T.);
#5342=ORIENTED_EDGE('',*,*,#9058,.F.);
#5343=ORIENTED_EDGE('',*,*,#9105,.T.);
#5344=ORIENTED_EDGE('',*,*,#9038,.T.);
#5345=ORIENTED_EDGE('',*,*,#8974,.F.);
#5346=ORIENTED_EDGE('',*,*,#9009,.T.);
#5347=ORIENTED_EDGE('',*,*,#8964,.F.);
#5348=ORIENTED_EDGE('',*,*,#9087,.T.);
#5349=ORIENTED_EDGE('',*,*,#8980,.F.);
#5350=ORIENTED_EDGE('',*,*,#9057,.F.);
#5351=ORIENTED_EDGE('',*,*,#9106,.T.);
#5352=ORIENTED_EDGE('',*,*,#9039,.T.);
#5353=ORIENTED_EDGE('',*,*,#9105,.F.);
#5354=ORIENTED_EDGE('',*,*,#9046,.T.);
#5355=ORIENTED_EDGE('',*,*,#9107,.F.);
#5356=ORIENTED_EDGE('',*,*,#9050,.F.);
#5357=ORIENTED_EDGE('',*,*,#8972,.F.);
#5358=ORIENTED_EDGE('',*,*,#9056,.F.);
#5359=ORIENTED_EDGE('',*,*,#9108,.T.);
#5360=ORIENTED_EDGE('',*,*,#9040,.T.);
#5361=ORIENTED_EDGE('',*,*,#9106,.F.);
#5362=ORIENTED_EDGE('',*,*,#9041,.T.);
#5363=ORIENTED_EDGE('',*,*,#9108,.F.);
#5364=ORIENTED_EDGE('',*,*,#9055,.F.);
#5365=ORIENTED_EDGE('',*,*,#9109,.T.);
#5366=ORIENTED_EDGE('',*,*,#9042,.T.);
#5367=ORIENTED_EDGE('',*,*,#9109,.F.);
#5368=ORIENTED_EDGE('',*,*,#9054,.F.);
#5369=ORIENTED_EDGE('',*,*,#9110,.T.);
#5370=ORIENTED_EDGE('',*,*,#9043,.T.);
#5371=ORIENTED_EDGE('',*,*,#9110,.F.);
#5372=ORIENTED_EDGE('',*,*,#9053,.F.);
#5373=ORIENTED_EDGE('',*,*,#9111,.T.);
#5374=ORIENTED_EDGE('',*,*,#9044,.T.);
#5375=ORIENTED_EDGE('',*,*,#9111,.F.);
#5376=ORIENTED_EDGE('',*,*,#9052,.F.);
#5377=ORIENTED_EDGE('',*,*,#9112,.T.);
#5378=ORIENTED_EDGE('',*,*,#9045,.T.);
#5379=ORIENTED_EDGE('',*,*,#9112,.F.);
#5380=ORIENTED_EDGE('',*,*,#9051,.F.);
#5381=ORIENTED_EDGE('',*,*,#9107,.T.);
#5382=ORIENTED_EDGE('',*,*,#9097,.F.);
#5383=ORIENTED_EDGE('',*,*,#9113,.T.);
#5384=ORIENTED_EDGE('',*,*,#8999,.T.);
#5385=ORIENTED_EDGE('',*,*,#9114,.F.);
#5386=ORIENTED_EDGE('',*,*,#8993,.T.);
#5387=ORIENTED_EDGE('',*,*,#9115,.T.);
#5388=ORIENTED_EDGE('',*,*,#9103,.F.);
#5389=ORIENTED_EDGE('',*,*,#9116,.T.);
#5390=ORIENTED_EDGE('',*,*,#8994,.T.);
#5391=ORIENTED_EDGE('',*,*,#9116,.F.);
#5392=ORIENTED_EDGE('',*,*,#9102,.F.);
#5393=ORIENTED_EDGE('',*,*,#9117,.T.);
#5394=ORIENTED_EDGE('',*,*,#8995,.T.);
#5395=ORIENTED_EDGE('',*,*,#9117,.F.);
#5396=ORIENTED_EDGE('',*,*,#9101,.F.);
#5397=ORIENTED_EDGE('',*,*,#9118,.T.);
#5398=ORIENTED_EDGE('',*,*,#8996,.T.);
#5399=ORIENTED_EDGE('',*,*,#9118,.F.);
#5400=ORIENTED_EDGE('',*,*,#9100,.F.);
#5401=ORIENTED_EDGE('',*,*,#9119,.T.);
#5402=ORIENTED_EDGE('',*,*,#8997,.T.);
#5403=ORIENTED_EDGE('',*,*,#9119,.F.);
#5404=ORIENTED_EDGE('',*,*,#9099,.F.);
#5405=ORIENTED_EDGE('',*,*,#9120,.T.);
#5406=ORIENTED_EDGE('',*,*,#8998,.T.);
#5407=ORIENTED_EDGE('',*,*,#9120,.F.);
#5408=ORIENTED_EDGE('',*,*,#9098,.F.);
#5409=ORIENTED_EDGE('',*,*,#9114,.T.);
#5410=ORIENTED_EDGE('',*,*,#9008,.T.);
#5411=ORIENTED_EDGE('',*,*,#9121,.F.);
#5412=ORIENTED_EDGE('',*,*,#9088,.F.);
#5413=ORIENTED_EDGE('',*,*,#8962,.F.);
#5414=ORIENTED_EDGE('',*,*,#9094,.F.);
#5415=ORIENTED_EDGE('',*,*,#9122,.T.);
#5416=ORIENTED_EDGE('',*,*,#9002,.T.);
#5417=ORIENTED_EDGE('',*,*,#8968,.F.);
#5418=ORIENTED_EDGE('',*,*,#9003,.T.);
#5419=ORIENTED_EDGE('',*,*,#9122,.F.);
#5420=ORIENTED_EDGE('',*,*,#9093,.F.);
#5421=ORIENTED_EDGE('',*,*,#9123,.T.);
#5422=ORIENTED_EDGE('',*,*,#9004,.T.);
#5423=ORIENTED_EDGE('',*,*,#9123,.F.);
#5424=ORIENTED_EDGE('',*,*,#9092,.F.);
#5425=ORIENTED_EDGE('',*,*,#9124,.T.);
#5426=ORIENTED_EDGE('',*,*,#9005,.T.);
#5427=ORIENTED_EDGE('',*,*,#9124,.F.);
#5428=ORIENTED_EDGE('',*,*,#9091,.F.);
#5429=ORIENTED_EDGE('',*,*,#9125,.T.);
#5430=ORIENTED_EDGE('',*,*,#9006,.T.);
#5431=ORIENTED_EDGE('',*,*,#9125,.F.);
#5432=ORIENTED_EDGE('',*,*,#9090,.F.);
#5433=ORIENTED_EDGE('',*,*,#9126,.T.);
#5434=ORIENTED_EDGE('',*,*,#9007,.T.);
#5435=ORIENTED_EDGE('',*,*,#9126,.F.);
#5436=ORIENTED_EDGE('',*,*,#9089,.F.);
#5437=ORIENTED_EDGE('',*,*,#9121,.T.);
#5438=ORIENTED_EDGE('',*,*,#9016,.T.);
#5439=ORIENTED_EDGE('',*,*,#9127,.F.);
#5440=ORIENTED_EDGE('',*,*,#9080,.T.);
#5441=ORIENTED_EDGE('',*,*,#8950,.F.);
#5442=ORIENTED_EDGE('',*,*,#9086,.F.);
#5443=ORIENTED_EDGE('',*,*,#9128,.T.);
#5444=ORIENTED_EDGE('',*,*,#9010,.T.);
#5445=ORIENTED_EDGE('',*,*,#8984,.F.);
#5446=ORIENTED_EDGE('',*,*,#9011,.T.);
#5447=ORIENTED_EDGE('',*,*,#9128,.F.);
#5448=ORIENTED_EDGE('',*,*,#9085,.F.);
#5449=ORIENTED_EDGE('',*,*,#9129,.T.);
#5450=ORIENTED_EDGE('',*,*,#9012,.T.);
#5451=ORIENTED_EDGE('',*,*,#9129,.F.);
#5452=ORIENTED_EDGE('',*,*,#9084,.F.);
#5453=ORIENTED_EDGE('',*,*,#9130,.T.);
#5454=ORIENTED_EDGE('',*,*,#9013,.T.);
#5455=ORIENTED_EDGE('',*,*,#9130,.F.);
#5456=ORIENTED_EDGE('',*,*,#9083,.F.);
#5457=ORIENTED_EDGE('',*,*,#9131,.T.);
#5458=ORIENTED_EDGE('',*,*,#9014,.T.);
#5459=ORIENTED_EDGE('',*,*,#9131,.F.);
#5460=ORIENTED_EDGE('',*,*,#9082,.F.);
#5461=ORIENTED_EDGE('',*,*,#9132,.T.);
#5462=ORIENTED_EDGE('',*,*,#9015,.T.);
#5463=ORIENTED_EDGE('',*,*,#9132,.F.);
#5464=ORIENTED_EDGE('',*,*,#9081,.F.);
#5465=ORIENTED_EDGE('',*,*,#9127,.T.);
#5466=ORIENTED_EDGE('',*,*,#9037,.T.);
#5467=ORIENTED_EDGE('',*,*,#9133,.F.);
#5468=ORIENTED_EDGE('',*,*,#9059,.T.);
#5469=ORIENTED_EDGE('',*,*,#8946,.F.);
#5470=ORIENTED_EDGE('',*,*,#9065,.F.);
#5471=ORIENTED_EDGE('',*,*,#9134,.T.);
#5472=ORIENTED_EDGE('',*,*,#9031,.T.);
#5473=ORIENTED_EDGE('',*,*,#8977,.F.);
#5474=ORIENTED_EDGE('',*,*,#9035,.T.);
#5475=ORIENTED_EDGE('',*,*,#9135,.F.);
#5476=ORIENTED_EDGE('',*,*,#9061,.F.);
#5477=ORIENTED_EDGE('',*,*,#9136,.T.);
#5478=ORIENTED_EDGE('',*,*,#9036,.T.);
#5479=ORIENTED_EDGE('',*,*,#9136,.F.);
#5480=ORIENTED_EDGE('',*,*,#9060,.F.);
#5481=ORIENTED_EDGE('',*,*,#9133,.T.);
#5482=ORIENTED_EDGE('',*,*,#9032,.T.);
#5483=ORIENTED_EDGE('',*,*,#9134,.F.);
#5484=ORIENTED_EDGE('',*,*,#9064,.F.);
#5485=ORIENTED_EDGE('',*,*,#9137,.T.);
#5486=ORIENTED_EDGE('',*,*,#9033,.T.);
#5487=ORIENTED_EDGE('',*,*,#9137,.F.);
#5488=ORIENTED_EDGE('',*,*,#9063,.F.);
#5489=ORIENTED_EDGE('',*,*,#9138,.T.);
#5490=ORIENTED_EDGE('',*,*,#9034,.T.);
#5491=ORIENTED_EDGE('',*,*,#9138,.F.);
#5492=ORIENTED_EDGE('',*,*,#9062,.F.);
#5493=ORIENTED_EDGE('',*,*,#9135,.T.);
#5494=ORIENTED_EDGE('',*,*,#9030,.T.);
#5495=ORIENTED_EDGE('',*,*,#9139,.F.);
#5496=ORIENTED_EDGE('',*,*,#9066,.T.);
#5497=ORIENTED_EDGE('',*,*,#8958,.F.);
#5498=ORIENTED_EDGE('',*,*,#9072,.F.);
#5499=ORIENTED_EDGE('',*,*,#9140,.T.);
#5500=ORIENTED_EDGE('',*,*,#9024,.T.);
#5501=ORIENTED_EDGE('',*,*,#8956,.F.);
#5502=ORIENTED_EDGE('',*,*,#9025,.T.);
#5503=ORIENTED_EDGE('',*,*,#9140,.F.);
#5504=ORIENTED_EDGE('',*,*,#9071,.F.);
#5505=ORIENTED_EDGE('',*,*,#9141,.T.);
#5506=ORIENTED_EDGE('',*,*,#9026,.T.);
#5507=ORIENTED_EDGE('',*,*,#9141,.F.);
#5508=ORIENTED_EDGE('',*,*,#9070,.F.);
#5509=ORIENTED_EDGE('',*,*,#9142,.T.);
#5510=ORIENTED_EDGE('',*,*,#9027,.T.);
#5511=ORIENTED_EDGE('',*,*,#9142,.F.);
#5512=ORIENTED_EDGE('',*,*,#9069,.F.);
#5513=ORIENTED_EDGE('',*,*,#9143,.T.);
#5514=ORIENTED_EDGE('',*,*,#9028,.T.);
#5515=ORIENTED_EDGE('',*,*,#9143,.F.);
#5516=ORIENTED_EDGE('',*,*,#9068,.F.);
#5517=ORIENTED_EDGE('',*,*,#9144,.T.);
#5518=ORIENTED_EDGE('',*,*,#9029,.T.);
#5519=ORIENTED_EDGE('',*,*,#9144,.F.);
#5520=ORIENTED_EDGE('',*,*,#9067,.F.);
#5521=ORIENTED_EDGE('',*,*,#9139,.T.);
#5522=ORIENTED_EDGE('',*,*,#9023,.T.);
#5523=ORIENTED_EDGE('',*,*,#9145,.F.);
#5524=ORIENTED_EDGE('',*,*,#9073,.T.);
#5525=ORIENTED_EDGE('',*,*,#8954,.F.);
#5526=ORIENTED_EDGE('',*,*,#9079,.F.);
#5527=ORIENTED_EDGE('',*,*,#9146,.T.);
#5528=ORIENTED_EDGE('',*,*,#9017,.T.);
#5529=ORIENTED_EDGE('',*,*,#8987,.F.);
#5530=ORIENTED_EDGE('',*,*,#9018,.T.);
#5531=ORIENTED_EDGE('',*,*,#9146,.F.);
#5532=ORIENTED_EDGE('',*,*,#9078,.F.);
#5533=ORIENTED_EDGE('',*,*,#9147,.T.);
#5534=ORIENTED_EDGE('',*,*,#9019,.T.);
#5535=ORIENTED_EDGE('',*,*,#9147,.F.);
#5536=ORIENTED_EDGE('',*,*,#9077,.F.);
#5537=ORIENTED_EDGE('',*,*,#9148,.T.);
#5538=ORIENTED_EDGE('',*,*,#9020,.T.);
#5539=ORIENTED_EDGE('',*,*,#9148,.F.);
#5540=ORIENTED_EDGE('',*,*,#9076,.F.);
#5541=ORIENTED_EDGE('',*,*,#9149,.T.);
#5542=ORIENTED_EDGE('',*,*,#9021,.T.);
#5543=ORIENTED_EDGE('',*,*,#9149,.F.);
#5544=ORIENTED_EDGE('',*,*,#9075,.F.);
#5545=ORIENTED_EDGE('',*,*,#9150,.T.);
#5546=ORIENTED_EDGE('',*,*,#9022,.T.);
#5547=ORIENTED_EDGE('',*,*,#9150,.F.);
#5548=ORIENTED_EDGE('',*,*,#9074,.F.);
#5549=ORIENTED_EDGE('',*,*,#9145,.T.);
#5550=ORIENTED_EDGE('',*,*,#8992,.T.);
#5551=ORIENTED_EDGE('',*,*,#9151,.F.);
#5552=ORIENTED_EDGE('',*,*,#9104,.F.);
#5553=ORIENTED_EDGE('',*,*,#9115,.F.);
#5554=ORIENTED_EDGE('',*,*,#9049,.F.);
#5555=ORIENTED_EDGE('',*,*,#9151,.T.);
#5556=ORIENTED_EDGE('',*,*,#8991,.T.);
#5557=ORIENTED_EDGE('',*,*,#8970,.F.);
#5558=ORIENTED_EDGE('',*,*,#9001,.T.);
#5559=ORIENTED_EDGE('',*,*,#9152,.F.);
#5560=ORIENTED_EDGE('',*,*,#9095,.F.);
#5561=ORIENTED_EDGE('',*,*,#8966,.F.);
#5562=ORIENTED_EDGE('',*,*,#9096,.F.);
#5563=ORIENTED_EDGE('',*,*,#9152,.T.);
#5564=ORIENTED_EDGE('',*,*,#9000,.T.);
#5565=ORIENTED_EDGE('',*,*,#9113,.F.);
#5566=ORIENTED_EDGE('',*,*,#8944,.F.);
#5567=ORIENTED_EDGE('',*,*,#8943,.T.);
#5568=ORIENTED_EDGE('',*,*,#9153,.T.);
#5569=ORIENTED_EDGE('',*,*,#8940,.F.);
#5570=ORIENTED_EDGE('',*,*,#9153,.F.);
#5571=ORIENTED_EDGE('',*,*,#8942,.T.);
#5572=ORIENTED_EDGE('',*,*,#8990,.T.);
#5573=ORIENTED_EDGE('',*,*,#8938,.F.);
#5574=ORIENTED_EDGE('',*,*,#8937,.T.);
#5575=ORIENTED_EDGE('',*,*,#9154,.T.);
#5576=ORIENTED_EDGE('',*,*,#8934,.F.);
#5577=ORIENTED_EDGE('',*,*,#9154,.F.);
#5578=ORIENTED_EDGE('',*,*,#8936,.T.);
#5579=ORIENTED_EDGE('',*,*,#8989,.T.);
#5580=ORIENTED_EDGE('',*,*,#8932,.F.);
#5581=ORIENTED_EDGE('',*,*,#8931,.T.);
#5582=ORIENTED_EDGE('',*,*,#9155,.T.);
#5583=ORIENTED_EDGE('',*,*,#8928,.F.);
#5584=ORIENTED_EDGE('',*,*,#9155,.F.);
#5585=ORIENTED_EDGE('',*,*,#8930,.T.);
#5586=ORIENTED_EDGE('',*,*,#9048,.T.);
#5587=ORIENTED_EDGE('',*,*,#8926,.F.);
#5588=ORIENTED_EDGE('',*,*,#8925,.T.);
#5589=ORIENTED_EDGE('',*,*,#9156,.T.);
#5590=ORIENTED_EDGE('',*,*,#8922,.F.);
#5591=ORIENTED_EDGE('',*,*,#9156,.F.);
#5592=ORIENTED_EDGE('',*,*,#8924,.T.);
#5593=ORIENTED_EDGE('',*,*,#9047,.T.);
#5594=ORIENTED_EDGE('',*,*,#9157,.F.);
#5595=ORIENTED_EDGE('',*,*,#9158,.T.);
#5596=ORIENTED_EDGE('',*,*,#9159,.T.);
#5597=ORIENTED_EDGE('',*,*,#9160,.F.);
#5598=ORIENTED_EDGE('',*,*,#9161,.F.);
#5599=ORIENTED_EDGE('',*,*,#9162,.T.);
#5600=ORIENTED_EDGE('',*,*,#9157,.T.);
#5601=ORIENTED_EDGE('',*,*,#9163,.F.);
#5602=ORIENTED_EDGE('',*,*,#9164,.T.);
#5603=ORIENTED_EDGE('',*,*,#9165,.T.);
#5604=ORIENTED_EDGE('',*,*,#9166,.F.);
#5605=ORIENTED_EDGE('',*,*,#9167,.F.);
#5606=ORIENTED_EDGE('',*,*,#9168,.T.);
#5607=ORIENTED_EDGE('',*,*,#9163,.T.);
#5608=ORIENTED_EDGE('',*,*,#9169,.F.);
#5609=ORIENTED_EDGE('',*,*,#9170,.T.);
#5610=ORIENTED_EDGE('',*,*,#9171,.T.);
#5611=ORIENTED_EDGE('',*,*,#9172,.F.);
#5612=ORIENTED_EDGE('',*,*,#9173,.F.);
#5613=ORIENTED_EDGE('',*,*,#9174,.T.);
#5614=ORIENTED_EDGE('',*,*,#9169,.T.);
#5615=ORIENTED_EDGE('',*,*,#9175,.F.);
#5616=ORIENTED_EDGE('',*,*,#9176,.T.);
#5617=ORIENTED_EDGE('',*,*,#9177,.T.);
#5618=ORIENTED_EDGE('',*,*,#9178,.F.);
#5619=ORIENTED_EDGE('',*,*,#9179,.F.);
#5620=ORIENTED_EDGE('',*,*,#9180,.T.);
#5621=ORIENTED_EDGE('',*,*,#9175,.T.);
#5622=ORIENTED_EDGE('',*,*,#9181,.F.);
#5623=ORIENTED_EDGE('',*,*,#9182,.T.);
#5624=ORIENTED_EDGE('',*,*,#9183,.T.);
#5625=ORIENTED_EDGE('',*,*,#9184,.F.);
#5626=ORIENTED_EDGE('',*,*,#9185,.F.);
#5627=ORIENTED_EDGE('',*,*,#9186,.T.);
#5628=ORIENTED_EDGE('',*,*,#9181,.T.);
#5629=ORIENTED_EDGE('',*,*,#9187,.F.);
#5630=ORIENTED_EDGE('',*,*,#9188,.T.);
#5631=ORIENTED_EDGE('',*,*,#9189,.T.);
#5632=ORIENTED_EDGE('',*,*,#9190,.F.);
#5633=ORIENTED_EDGE('',*,*,#9191,.F.);
#5634=ORIENTED_EDGE('',*,*,#9192,.T.);
#5635=ORIENTED_EDGE('',*,*,#9187,.T.);
#5636=ORIENTED_EDGE('',*,*,#9193,.F.);
#5637=ORIENTED_EDGE('',*,*,#9194,.T.);
#5638=ORIENTED_EDGE('',*,*,#9195,.T.);
#5639=ORIENTED_EDGE('',*,*,#9196,.F.);
#5640=ORIENTED_EDGE('',*,*,#9197,.F.);
#5641=ORIENTED_EDGE('',*,*,#9198,.T.);
#5642=ORIENTED_EDGE('',*,*,#9193,.T.);
#5643=ORIENTED_EDGE('',*,*,#9199,.F.);
#5644=ORIENTED_EDGE('',*,*,#9200,.T.);
#5645=ORIENTED_EDGE('',*,*,#9201,.T.);
#5646=ORIENTED_EDGE('',*,*,#9202,.F.);
#5647=ORIENTED_EDGE('',*,*,#9203,.F.);
#5648=ORIENTED_EDGE('',*,*,#9204,.T.);
#5649=ORIENTED_EDGE('',*,*,#9199,.T.);
#5650=ORIENTED_EDGE('',*,*,#9205,.F.);
#5651=ORIENTED_EDGE('',*,*,#9206,.T.);
#5652=ORIENTED_EDGE('',*,*,#9207,.F.);
#5653=ORIENTED_EDGE('',*,*,#9208,.F.);
#5654=ORIENTED_EDGE('',*,*,#9209,.F.);
#5655=ORIENTED_EDGE('',*,*,#9210,.T.);
#5656=ORIENTED_EDGE('',*,*,#9211,.T.);
#5657=ORIENTED_EDGE('',*,*,#9212,.F.);
#5658=ORIENTED_EDGE('',*,*,#9213,.F.);
#5659=ORIENTED_EDGE('',*,*,#9214,.T.);
#5660=ORIENTED_EDGE('',*,*,#9215,.T.);
#5661=ORIENTED_EDGE('',*,*,#9216,.F.);
#5662=ORIENTED_EDGE('',*,*,#9217,.F.);
#5663=ORIENTED_EDGE('',*,*,#9218,.T.);
#5664=ORIENTED_EDGE('',*,*,#9219,.T.);
#5665=ORIENTED_EDGE('',*,*,#9220,.F.);
#5666=ORIENTED_EDGE('',*,*,#9221,.F.);
#5667=ORIENTED_EDGE('',*,*,#9222,.T.);
#5668=ORIENTED_EDGE('',*,*,#9223,.F.);
#5669=ORIENTED_EDGE('',*,*,#9224,.F.);
#5670=ORIENTED_EDGE('',*,*,#9225,.F.);
#5671=ORIENTED_EDGE('',*,*,#9226,.T.);
#5672=ORIENTED_EDGE('',*,*,#9227,.T.);
#5673=ORIENTED_EDGE('',*,*,#9228,.F.);
#5674=ORIENTED_EDGE('',*,*,#9229,.F.);
#5675=ORIENTED_EDGE('',*,*,#9230,.T.);
#5676=ORIENTED_EDGE('',*,*,#9231,.F.);
#5677=ORIENTED_EDGE('',*,*,#9232,.F.);
#5678=ORIENTED_EDGE('',*,*,#9233,.F.);
#5679=ORIENTED_EDGE('',*,*,#9234,.T.);
#5680=ORIENTED_EDGE('',*,*,#9235,.T.);
#5681=ORIENTED_EDGE('',*,*,#9236,.F.);
#5682=ORIENTED_EDGE('',*,*,#9237,.F.);
#5683=ORIENTED_EDGE('',*,*,#9238,.T.);
#5684=ORIENTED_EDGE('',*,*,#9239,.T.);
#5685=ORIENTED_EDGE('',*,*,#9240,.F.);
#5686=ORIENTED_EDGE('',*,*,#9241,.F.);
#5687=ORIENTED_EDGE('',*,*,#9242,.T.);
#5688=ORIENTED_EDGE('',*,*,#9243,.T.);
#5689=ORIENTED_EDGE('',*,*,#9244,.F.);
#5690=ORIENTED_EDGE('',*,*,#9245,.F.);
#5691=ORIENTED_EDGE('',*,*,#9246,.T.);
#5692=ORIENTED_EDGE('',*,*,#9247,.F.);
#5693=ORIENTED_EDGE('',*,*,#9248,.F.);
#5694=ORIENTED_EDGE('',*,*,#9249,.F.);
#5695=ORIENTED_EDGE('',*,*,#9250,.T.);
#5696=ORIENTED_EDGE('',*,*,#9251,.T.);
#5697=ORIENTED_EDGE('',*,*,#9252,.F.);
#5698=ORIENTED_EDGE('',*,*,#9253,.F.);
#5699=ORIENTED_EDGE('',*,*,#9254,.T.);
#5700=ORIENTED_EDGE('',*,*,#9255,.T.);
#5701=ORIENTED_EDGE('',*,*,#9256,.T.);
#5702=ORIENTED_EDGE('',*,*,#9257,.T.);
#5703=ORIENTED_EDGE('',*,*,#9258,.F.);
#5704=ORIENTED_EDGE('',*,*,#9259,.F.);
#5705=ORIENTED_EDGE('',*,*,#9260,.T.);
#5706=ORIENTED_EDGE('',*,*,#9261,.T.);
#5707=ORIENTED_EDGE('',*,*,#9262,.F.);
#5708=ORIENTED_EDGE('',*,*,#9263,.F.);
#5709=ORIENTED_EDGE('',*,*,#9264,.T.);
#5710=ORIENTED_EDGE('',*,*,#9259,.T.);
#5711=ORIENTED_EDGE('',*,*,#9265,.F.);
#5712=ORIENTED_EDGE('',*,*,#9266,.T.);
#5713=ORIENTED_EDGE('',*,*,#9267,.T.);
#5714=ORIENTED_EDGE('',*,*,#9268,.F.);
#5715=ORIENTED_EDGE('',*,*,#9269,.F.);
#5716=ORIENTED_EDGE('',*,*,#9270,.T.);
#5717=ORIENTED_EDGE('',*,*,#9265,.T.);
#5718=ORIENTED_EDGE('',*,*,#9271,.F.);
#5719=ORIENTED_EDGE('',*,*,#9272,.T.);
#5720=ORIENTED_EDGE('',*,*,#9273,.T.);
#5721=ORIENTED_EDGE('',*,*,#9274,.F.);
#5722=ORIENTED_EDGE('',*,*,#9272,.F.);
#5723=ORIENTED_EDGE('',*,*,#9275,.F.);
#5724=ORIENTED_EDGE('',*,*,#9276,.T.);
#5725=ORIENTED_EDGE('',*,*,#9277,.T.);
#5726=ORIENTED_EDGE('',*,*,#9278,.F.);
#5727=ORIENTED_EDGE('',*,*,#9279,.T.);
#5728=ORIENTED_EDGE('',*,*,#9280,.T.);
#5729=ORIENTED_EDGE('',*,*,#9281,.F.);
#5730=ORIENTED_EDGE('',*,*,#9282,.F.);
#5731=ORIENTED_EDGE('',*,*,#9281,.T.);
#5732=ORIENTED_EDGE('',*,*,#9283,.T.);
#5733=ORIENTED_EDGE('',*,*,#9284,.F.);
#5734=ORIENTED_EDGE('',*,*,#9285,.T.);
#5735=ORIENTED_EDGE('',*,*,#9225,.T.);
#5736=ORIENTED_EDGE('',*,*,#9223,.T.);
#5737=ORIENTED_EDGE('',*,*,#9286,.T.);
#5738=ORIENTED_EDGE('',*,*,#9287,.F.);
#5739=ORIENTED_EDGE('',*,*,#9288,.T.);
#5740=ORIENTED_EDGE('',*,*,#9289,.T.);
#5741=ORIENTED_EDGE('',*,*,#9290,.T.);
#5742=ORIENTED_EDGE('',*,*,#9291,.F.);
#5743=ORIENTED_EDGE('',*,*,#9284,.T.);
#5744=ORIENTED_EDGE('',*,*,#9292,.T.);
#5745=ORIENTED_EDGE('',*,*,#9293,.F.);
#5746=ORIENTED_EDGE('',*,*,#9294,.F.);
#5747=ORIENTED_EDGE('',*,*,#9295,.T.);
#5748=ORIENTED_EDGE('',*,*,#9231,.T.);
#5749=ORIENTED_EDGE('',*,*,#9296,.T.);
#5750=ORIENTED_EDGE('',*,*,#9297,.F.);
#5751=ORIENTED_EDGE('',*,*,#9298,.T.);
#5752=ORIENTED_EDGE('',*,*,#9233,.T.);
#5753=ORIENTED_EDGE('',*,*,#9299,.T.);
#5754=ORIENTED_EDGE('',*,*,#9300,.F.);
#5755=ORIENTED_EDGE('',*,*,#9301,.T.);
#5756=ORIENTED_EDGE('',*,*,#9302,.F.);
#5757=ORIENTED_EDGE('',*,*,#9303,.T.);
#5758=ORIENTED_EDGE('',*,*,#9287,.T.);
#5759=ORIENTED_EDGE('',*,*,#9304,.F.);
#5760=ORIENTED_EDGE('',*,*,#9255,.F.);
#5761=ORIENTED_EDGE('',*,*,#9305,.F.);
#5762=ORIENTED_EDGE('',*,*,#9306,.F.);
#5763=ORIENTED_EDGE('',*,*,#9307,.T.);
#5764=ORIENTED_EDGE('',*,*,#9308,.T.);
#5765=ORIENTED_EDGE('',*,*,#9309,.F.);
#5766=ORIENTED_EDGE('',*,*,#9310,.T.);
#5767=ORIENTED_EDGE('',*,*,#9241,.T.);
#5768=ORIENTED_EDGE('',*,*,#9311,.T.);
#5769=ORIENTED_EDGE('',*,*,#9237,.T.);
#5770=ORIENTED_EDGE('',*,*,#9312,.T.);
#5771=ORIENTED_EDGE('',*,*,#9217,.T.);
#5772=ORIENTED_EDGE('',*,*,#9313,.T.);
#5773=ORIENTED_EDGE('',*,*,#9213,.T.);
#5774=ORIENTED_EDGE('',*,*,#9314,.F.);
#5775=ORIENTED_EDGE('',*,*,#9315,.F.);
#5776=ORIENTED_EDGE('',*,*,#9257,.F.);
#5777=ORIENTED_EDGE('',*,*,#9316,.F.);
#5778=ORIENTED_EDGE('',*,*,#9294,.T.);
#5779=ORIENTED_EDGE('',*,*,#9317,.T.);
#5780=ORIENTED_EDGE('',*,*,#9307,.F.);
#5781=ORIENTED_EDGE('',*,*,#9318,.T.);
#5782=ORIENTED_EDGE('',*,*,#9319,.T.);
#5783=ORIENTED_EDGE('',*,*,#9320,.F.);
#5784=ORIENTED_EDGE('',*,*,#9321,.F.);
#5785=ORIENTED_EDGE('',*,*,#9171,.F.);
#5786=ORIENTED_EDGE('',*,*,#9322,.F.);
#5787=ORIENTED_EDGE('',*,*,#9177,.F.);
#5788=ORIENTED_EDGE('',*,*,#9306,.T.);
#5789=ORIENTED_EDGE('',*,*,#9323,.T.);
#5790=ORIENTED_EDGE('',*,*,#9324,.F.);
#5791=ORIENTED_EDGE('',*,*,#9318,.F.);
#5792=ORIENTED_EDGE('',*,*,#9325,.T.);
#5793=ORIENTED_EDGE('',*,*,#9253,.T.);
#5794=ORIENTED_EDGE('',*,*,#9309,.T.);
#5795=ORIENTED_EDGE('',*,*,#9326,.T.);
#5796=ORIENTED_EDGE('',*,*,#9327,.F.);
#5797=ORIENTED_EDGE('',*,*,#9323,.F.);
#5798=ORIENTED_EDGE('',*,*,#9328,.F.);
#5799=ORIENTED_EDGE('',*,*,#9159,.F.);
#5800=ORIENTED_EDGE('',*,*,#9329,.F.);
#5801=ORIENTED_EDGE('',*,*,#9165,.F.);
#5802=ORIENTED_EDGE('',*,*,#9320,.T.);
#5803=ORIENTED_EDGE('',*,*,#9330,.F.);
#5804=ORIENTED_EDGE('',*,*,#9326,.F.);
#5805=ORIENTED_EDGE('',*,*,#9308,.F.);
#5806=ORIENTED_EDGE('',*,*,#9331,.F.);
#5807=ORIENTED_EDGE('',*,*,#9273,.F.);
#5808=ORIENTED_EDGE('',*,*,#9277,.F.);
#5809=ORIENTED_EDGE('',*,*,#9332,.F.);
#5810=ORIENTED_EDGE('',*,*,#9333,.F.);
#5811=ORIENTED_EDGE('',*,*,#9292,.F.);
#5812=ORIENTED_EDGE('',*,*,#9283,.F.);
#5813=ORIENTED_EDGE('',*,*,#9280,.F.);
#5814=ORIENTED_EDGE('',*,*,#9334,.F.);
#5815=ORIENTED_EDGE('',*,*,#9289,.F.);
#5816=ORIENTED_EDGE('',*,*,#9319,.F.);
#5817=ORIENTED_EDGE('',*,*,#9324,.T.);
#5818=ORIENTED_EDGE('',*,*,#9327,.T.);
#5819=ORIENTED_EDGE('',*,*,#9330,.T.);
#5820=ORIENTED_EDGE('',*,*,#9335,.F.);
#5821=ORIENTED_EDGE('',*,*,#9183,.F.);
#5822=ORIENTED_EDGE('',*,*,#9336,.F.);
#5823=ORIENTED_EDGE('',*,*,#9189,.F.);
#5824=ORIENTED_EDGE('',*,*,#9337,.F.);
#5825=ORIENTED_EDGE('',*,*,#9195,.F.);
#5826=ORIENTED_EDGE('',*,*,#9338,.F.);
#5827=ORIENTED_EDGE('',*,*,#9201,.F.);
#5828=ORIENTED_EDGE('',*,*,#9339,.F.);
#5829=ORIENTED_EDGE('',*,*,#9211,.F.);
#5830=ORIENTED_EDGE('',*,*,#9340,.F.);
#5831=ORIENTED_EDGE('',*,*,#9227,.F.);
#5832=ORIENTED_EDGE('',*,*,#9341,.F.);
#5833=ORIENTED_EDGE('',*,*,#9235,.F.);
#5834=ORIENTED_EDGE('',*,*,#9342,.F.);
#5835=ORIENTED_EDGE('',*,*,#9251,.F.);
#5836=ORIENTED_EDGE('',*,*,#9288,.F.);
#5837=ORIENTED_EDGE('',*,*,#9303,.F.);
#5838=ORIENTED_EDGE('',*,*,#9343,.T.);
#5839=ORIENTED_EDGE('',*,*,#9209,.T.);
#5840=ORIENTED_EDGE('',*,*,#9344,.T.);
#5841=ORIENTED_EDGE('',*,*,#9301,.F.);
#5842=ORIENTED_EDGE('',*,*,#9345,.T.);
#5843=ORIENTED_EDGE('',*,*,#9207,.T.);
#5844=ORIENTED_EDGE('',*,*,#9346,.T.);
#5845=ORIENTED_EDGE('',*,*,#9317,.F.);
#5846=ORIENTED_EDGE('',*,*,#9293,.T.);
#5847=ORIENTED_EDGE('',*,*,#9333,.T.);
#5848=ORIENTED_EDGE('',*,*,#9347,.T.);
#5849=ORIENTED_EDGE('',*,*,#9348,.F.);
#5850=ORIENTED_EDGE('',*,*,#9274,.T.);
#5851=ORIENTED_EDGE('',*,*,#9331,.T.);
#5852=ORIENTED_EDGE('',*,*,#9247,.T.);
#5853=ORIENTED_EDGE('',*,*,#9349,.T.);
#5854=ORIENTED_EDGE('',*,*,#9350,.T.);
#5855=ORIENTED_EDGE('',*,*,#9249,.T.);
#5856=ORIENTED_EDGE('',*,*,#9351,.F.);
#5857=ORIENTED_EDGE('',*,*,#9297,.T.);
#5858=ORIENTED_EDGE('',*,*,#9279,.F.);
#5859=ORIENTED_EDGE('',*,*,#9352,.F.);
#5860=ORIENTED_EDGE('',*,*,#9290,.F.);
#5861=ORIENTED_EDGE('',*,*,#9334,.T.);
#5862=ORIENTED_EDGE('',*,*,#9353,.F.);
#5863=ORIENTED_EDGE('',*,*,#9267,.F.);
#5864=ORIENTED_EDGE('',*,*,#9291,.T.);
#5865=ORIENTED_EDGE('',*,*,#9352,.T.);
#5866=ORIENTED_EDGE('',*,*,#9278,.T.);
#5867=ORIENTED_EDGE('',*,*,#9282,.T.);
#5868=ORIENTED_EDGE('',*,*,#9276,.F.);
#5869=ORIENTED_EDGE('',*,*,#9354,.F.);
#5870=ORIENTED_EDGE('',*,*,#9347,.F.);
#5871=ORIENTED_EDGE('',*,*,#9332,.T.);
#5872=ORIENTED_EDGE('',*,*,#9355,.F.);
#5873=ORIENTED_EDGE('',*,*,#9261,.F.);
#5874=ORIENTED_EDGE('',*,*,#9348,.T.);
#5875=ORIENTED_EDGE('',*,*,#9354,.T.);
#5876=ORIENTED_EDGE('',*,*,#9275,.T.);
#5877=ORIENTED_EDGE('',*,*,#9271,.T.);
#5878=ORIENTED_EDGE('',*,*,#9270,.F.);
#5879=ORIENTED_EDGE('',*,*,#9269,.T.);
#5880=ORIENTED_EDGE('',*,*,#9356,.T.);
#5881=ORIENTED_EDGE('',*,*,#9266,.F.);
#5882=ORIENTED_EDGE('',*,*,#9356,.F.);
#5883=ORIENTED_EDGE('',*,*,#9268,.T.);
#5884=ORIENTED_EDGE('',*,*,#9353,.T.);
#5885=ORIENTED_EDGE('',*,*,#9264,.F.);
#5886=ORIENTED_EDGE('',*,*,#9263,.T.);
#5887=ORIENTED_EDGE('',*,*,#9357,.T.);
#5888=ORIENTED_EDGE('',*,*,#9260,.F.);
#5889=ORIENTED_EDGE('',*,*,#9357,.F.);
#5890=ORIENTED_EDGE('',*,*,#9262,.T.);
#5891=ORIENTED_EDGE('',*,*,#9355,.T.);
#5892=ORIENTED_EDGE('',*,*,#9254,.F.);
#5893=ORIENTED_EDGE('',*,*,#9325,.F.);
#5894=ORIENTED_EDGE('',*,*,#9258,.T.);
#5895=ORIENTED_EDGE('',*,*,#9315,.T.);
#5896=ORIENTED_EDGE('',*,*,#9358,.T.);
#5897=ORIENTED_EDGE('',*,*,#9305,.T.);
#5898=ORIENTED_EDGE('',*,*,#9250,.F.);
#5899=ORIENTED_EDGE('',*,*,#9350,.F.);
#5900=ORIENTED_EDGE('',*,*,#9252,.T.);
#5901=ORIENTED_EDGE('',*,*,#9342,.T.);
#5902=ORIENTED_EDGE('',*,*,#9246,.F.);
#5903=ORIENTED_EDGE('',*,*,#9359,.F.);
#5904=ORIENTED_EDGE('',*,*,#9248,.T.);
#5905=ORIENTED_EDGE('',*,*,#9349,.F.);
#5906=ORIENTED_EDGE('',*,*,#9242,.F.);
#5907=ORIENTED_EDGE('',*,*,#9310,.F.);
#5908=ORIENTED_EDGE('',*,*,#9244,.T.);
#5909=ORIENTED_EDGE('',*,*,#9360,.T.);
#5910=ORIENTED_EDGE('',*,*,#9360,.F.);
#5911=ORIENTED_EDGE('',*,*,#9243,.F.);
#5912=ORIENTED_EDGE('',*,*,#9359,.T.);
#5913=ORIENTED_EDGE('',*,*,#9245,.T.);
#5914=ORIENTED_EDGE('',*,*,#9238,.F.);
#5915=ORIENTED_EDGE('',*,*,#9311,.F.);
#5916=ORIENTED_EDGE('',*,*,#9240,.T.);
#5917=ORIENTED_EDGE('',*,*,#9361,.T.);
#5918=ORIENTED_EDGE('',*,*,#9361,.F.);
#5919=ORIENTED_EDGE('',*,*,#9239,.F.);
#5920=ORIENTED_EDGE('',*,*,#9362,.T.);
#5921=ORIENTED_EDGE('',*,*,#9229,.T.);
#5922=ORIENTED_EDGE('',*,*,#9230,.F.);
#5923=ORIENTED_EDGE('',*,*,#9362,.F.);
#5924=ORIENTED_EDGE('',*,*,#9232,.T.);
#5925=ORIENTED_EDGE('',*,*,#9295,.F.);
#5926=ORIENTED_EDGE('',*,*,#9316,.T.);
#5927=ORIENTED_EDGE('',*,*,#9256,.F.);
#5928=ORIENTED_EDGE('',*,*,#9304,.T.);
#5929=ORIENTED_EDGE('',*,*,#9299,.F.);
#5930=ORIENTED_EDGE('',*,*,#9236,.T.);
#5931=ORIENTED_EDGE('',*,*,#9341,.T.);
#5932=ORIENTED_EDGE('',*,*,#9234,.F.);
#5933=ORIENTED_EDGE('',*,*,#9298,.F.);
#5934=ORIENTED_EDGE('',*,*,#9351,.T.);
#5935=ORIENTED_EDGE('',*,*,#9296,.F.);
#5936=ORIENTED_EDGE('',*,*,#9226,.F.);
#5937=ORIENTED_EDGE('',*,*,#9285,.F.);
#5938=ORIENTED_EDGE('',*,*,#9228,.T.);
#5939=ORIENTED_EDGE('',*,*,#9340,.T.);
#5940=ORIENTED_EDGE('',*,*,#9222,.F.);
#5941=ORIENTED_EDGE('',*,*,#9363,.F.);
#5942=ORIENTED_EDGE('',*,*,#9224,.T.);
#5943=ORIENTED_EDGE('',*,*,#9286,.F.);
#5944=ORIENTED_EDGE('',*,*,#9218,.F.);
#5945=ORIENTED_EDGE('',*,*,#9312,.F.);
#5946=ORIENTED_EDGE('',*,*,#9220,.T.);
#5947=ORIENTED_EDGE('',*,*,#9364,.T.);
#5948=ORIENTED_EDGE('',*,*,#9364,.F.);
#5949=ORIENTED_EDGE('',*,*,#9219,.F.);
#5950=ORIENTED_EDGE('',*,*,#9363,.T.);
#5951=ORIENTED_EDGE('',*,*,#9221,.T.);
#5952=ORIENTED_EDGE('',*,*,#9214,.F.);
#5953=ORIENTED_EDGE('',*,*,#9313,.F.);
#5954=ORIENTED_EDGE('',*,*,#9216,.T.);
#5955=ORIENTED_EDGE('',*,*,#9365,.T.);
#5956=ORIENTED_EDGE('',*,*,#9365,.F.);
#5957=ORIENTED_EDGE('',*,*,#9215,.F.);
#5958=ORIENTED_EDGE('',*,*,#9366,.T.);
#5959=ORIENTED_EDGE('',*,*,#9205,.T.);
#5960=ORIENTED_EDGE('',*,*,#9206,.F.);
#5961=ORIENTED_EDGE('',*,*,#9366,.F.);
#5962=ORIENTED_EDGE('',*,*,#9208,.T.);
#5963=ORIENTED_EDGE('',*,*,#9345,.F.);
#5964=ORIENTED_EDGE('',*,*,#9300,.T.);
#5965=ORIENTED_EDGE('',*,*,#9344,.F.);
#5966=ORIENTED_EDGE('',*,*,#9212,.T.);
#5967=ORIENTED_EDGE('',*,*,#9339,.T.);
#5968=ORIENTED_EDGE('',*,*,#9210,.F.);
#5969=ORIENTED_EDGE('',*,*,#9343,.F.);
#5970=ORIENTED_EDGE('',*,*,#9302,.T.);
#5971=ORIENTED_EDGE('',*,*,#9358,.F.);
#5972=ORIENTED_EDGE('',*,*,#9314,.T.);
#5973=ORIENTED_EDGE('',*,*,#9346,.F.);
#5974=ORIENTED_EDGE('',*,*,#9204,.F.);
#5975=ORIENTED_EDGE('',*,*,#9203,.T.);
#5976=ORIENTED_EDGE('',*,*,#9367,.T.);
#5977=ORIENTED_EDGE('',*,*,#9200,.F.);
#5978=ORIENTED_EDGE('',*,*,#9367,.F.);
#5979=ORIENTED_EDGE('',*,*,#9202,.T.);
#5980=ORIENTED_EDGE('',*,*,#9338,.T.);
#5981=ORIENTED_EDGE('',*,*,#9198,.F.);
#5982=ORIENTED_EDGE('',*,*,#9197,.T.);
#5983=ORIENTED_EDGE('',*,*,#9368,.T.);
#5984=ORIENTED_EDGE('',*,*,#9194,.F.);
#5985=ORIENTED_EDGE('',*,*,#9368,.F.);
#5986=ORIENTED_EDGE('',*,*,#9196,.T.);
#5987=ORIENTED_EDGE('',*,*,#9337,.T.);
#5988=ORIENTED_EDGE('',*,*,#9192,.F.);
#5989=ORIENTED_EDGE('',*,*,#9191,.T.);
#5990=ORIENTED_EDGE('',*,*,#9369,.T.);
#5991=ORIENTED_EDGE('',*,*,#9188,.F.);
#5992=ORIENTED_EDGE('',*,*,#9369,.F.);
#5993=ORIENTED_EDGE('',*,*,#9190,.T.);
#5994=ORIENTED_EDGE('',*,*,#9336,.T.);
#5995=ORIENTED_EDGE('',*,*,#9186,.F.);
#5996=ORIENTED_EDGE('',*,*,#9185,.T.);
#5997=ORIENTED_EDGE('',*,*,#9370,.T.);
#5998=ORIENTED_EDGE('',*,*,#9182,.F.);
#5999=ORIENTED_EDGE('',*,*,#9370,.F.);
#6000=ORIENTED_EDGE('',*,*,#9184,.T.);
#6001=ORIENTED_EDGE('',*,*,#9335,.T.);
#6002=ORIENTED_EDGE('',*,*,#9180,.F.);
#6003=ORIENTED_EDGE('',*,*,#9179,.T.);
#6004=ORIENTED_EDGE('',*,*,#9371,.T.);
#6005=ORIENTED_EDGE('',*,*,#9176,.F.);
#6006=ORIENTED_EDGE('',*,*,#9371,.F.);
#6007=ORIENTED_EDGE('',*,*,#9178,.T.);
#6008=ORIENTED_EDGE('',*,*,#9322,.T.);
#6009=ORIENTED_EDGE('',*,*,#9174,.F.);
#6010=ORIENTED_EDGE('',*,*,#9173,.T.);
#6011=ORIENTED_EDGE('',*,*,#9372,.T.);
#6012=ORIENTED_EDGE('',*,*,#9170,.F.);
#6013=ORIENTED_EDGE('',*,*,#9372,.F.);
#6014=ORIENTED_EDGE('',*,*,#9172,.T.);
#6015=ORIENTED_EDGE('',*,*,#9321,.T.);
#6016=ORIENTED_EDGE('',*,*,#9168,.F.);
#6017=ORIENTED_EDGE('',*,*,#9167,.T.);
#6018=ORIENTED_EDGE('',*,*,#9373,.T.);
#6019=ORIENTED_EDGE('',*,*,#9164,.F.);
#6020=ORIENTED_EDGE('',*,*,#9373,.F.);
#6021=ORIENTED_EDGE('',*,*,#9166,.T.);
#6022=ORIENTED_EDGE('',*,*,#9329,.T.);
#6023=ORIENTED_EDGE('',*,*,#9162,.F.);
#6024=ORIENTED_EDGE('',*,*,#9161,.T.);
#6025=ORIENTED_EDGE('',*,*,#9374,.T.);
#6026=ORIENTED_EDGE('',*,*,#9158,.F.);
#6027=ORIENTED_EDGE('',*,*,#9374,.F.);
#6028=ORIENTED_EDGE('',*,*,#9160,.T.);
#6029=ORIENTED_EDGE('',*,*,#9328,.T.);
#6030=ORIENTED_EDGE('',*,*,#9375,.F.);
#6031=ORIENTED_EDGE('',*,*,#9376,.F.);
#6032=ORIENTED_EDGE('',*,*,#9377,.F.);
#6033=ORIENTED_EDGE('',*,*,#9378,.F.);
#6034=ORIENTED_EDGE('',*,*,#9379,.F.);
#6035=ORIENTED_EDGE('',*,*,#9380,.F.);
#6036=ORIENTED_EDGE('',*,*,#9381,.F.);
#6037=ORIENTED_EDGE('',*,*,#9382,.F.);
#6038=ORIENTED_EDGE('',*,*,#9383,.F.);
#6039=ORIENTED_EDGE('',*,*,#9384,.F.);
#6040=ORIENTED_EDGE('',*,*,#9385,.F.);
#6041=ORIENTED_EDGE('',*,*,#9386,.F.);
#6042=ORIENTED_EDGE('',*,*,#9387,.T.);
#6043=ORIENTED_EDGE('',*,*,#9388,.F.);
#6044=ORIENTED_EDGE('',*,*,#9389,.T.);
#6045=ORIENTED_EDGE('',*,*,#9390,.F.);
#6046=ORIENTED_EDGE('',*,*,#9391,.T.);
#6047=ORIENTED_EDGE('',*,*,#9392,.F.);
#6048=ORIENTED_EDGE('',*,*,#9393,.T.);
#6049=ORIENTED_EDGE('',*,*,#9394,.T.);
#6050=ORIENTED_EDGE('',*,*,#9395,.T.);
#6051=ORIENTED_EDGE('',*,*,#9396,.T.);
#6052=ORIENTED_EDGE('',*,*,#9397,.T.);
#6053=ORIENTED_EDGE('',*,*,#9398,.T.);
#6054=ORIENTED_EDGE('',*,*,#9399,.F.);
#6055=ORIENTED_EDGE('',*,*,#9400,.F.);
#6056=ORIENTED_EDGE('',*,*,#9401,.T.);
#6057=ORIENTED_EDGE('',*,*,#9402,.T.);
#6058=ORIENTED_EDGE('',*,*,#9403,.T.);
#6059=ORIENTED_EDGE('',*,*,#9404,.T.);
#6060=ORIENTED_EDGE('',*,*,#9405,.T.);
#6061=ORIENTED_EDGE('',*,*,#9406,.F.);
#6062=ORIENTED_EDGE('',*,*,#9407,.F.);
#6063=ORIENTED_EDGE('',*,*,#9408,.T.);
#6064=ORIENTED_EDGE('',*,*,#9409,.F.);
#6065=ORIENTED_EDGE('',*,*,#9410,.T.);
#6066=ORIENTED_EDGE('',*,*,#9411,.F.);
#6067=ORIENTED_EDGE('',*,*,#9412,.T.);
#6068=ORIENTED_EDGE('',*,*,#9413,.F.);
#6069=ORIENTED_EDGE('',*,*,#9414,.T.);
#6070=ORIENTED_EDGE('',*,*,#9415,.T.);
#6071=ORIENTED_EDGE('',*,*,#9416,.F.);
#6072=ORIENTED_EDGE('',*,*,#9386,.T.);
#6073=ORIENTED_EDGE('',*,*,#9417,.F.);
#6074=ORIENTED_EDGE('',*,*,#9408,.F.);
#6075=ORIENTED_EDGE('',*,*,#9387,.F.);
#6076=ORIENTED_EDGE('',*,*,#9416,.T.);
#6077=ORIENTED_EDGE('',*,*,#9407,.T.);
#6078=ORIENTED_EDGE('',*,*,#9418,.T.);
#6079=ORIENTED_EDGE('',*,*,#9419,.F.);
#6080=ORIENTED_EDGE('',*,*,#9388,.T.);
#6081=ORIENTED_EDGE('',*,*,#9418,.F.);
#6082=ORIENTED_EDGE('',*,*,#9414,.F.);
#6083=ORIENTED_EDGE('',*,*,#9389,.F.);
#6084=ORIENTED_EDGE('',*,*,#9419,.T.);
#6085=ORIENTED_EDGE('',*,*,#9413,.T.);
#6086=ORIENTED_EDGE('',*,*,#9420,.T.);
#6087=ORIENTED_EDGE('',*,*,#9421,.F.);
#6088=ORIENTED_EDGE('',*,*,#9390,.T.);
#6089=ORIENTED_EDGE('',*,*,#9420,.F.);
#6090=ORIENTED_EDGE('',*,*,#9412,.F.);
#6091=ORIENTED_EDGE('',*,*,#9391,.F.);
#6092=ORIENTED_EDGE('',*,*,#9421,.T.);
#6093=ORIENTED_EDGE('',*,*,#9411,.T.);
#6094=ORIENTED_EDGE('',*,*,#9422,.T.);
#6095=ORIENTED_EDGE('',*,*,#9423,.F.);
#6096=ORIENTED_EDGE('',*,*,#9392,.T.);
#6097=ORIENTED_EDGE('',*,*,#9422,.F.);
#6098=ORIENTED_EDGE('',*,*,#9410,.F.);
#6099=ORIENTED_EDGE('',*,*,#9393,.F.);
#6100=ORIENTED_EDGE('',*,*,#9423,.T.);
#6101=ORIENTED_EDGE('',*,*,#9409,.T.);
#6102=ORIENTED_EDGE('',*,*,#9417,.T.);
#6103=ORIENTED_EDGE('',*,*,#9424,.F.);
#6104=ORIENTED_EDGE('',*,*,#9398,.F.);
#6105=ORIENTED_EDGE('',*,*,#9425,.F.);
#6106=ORIENTED_EDGE('',*,*,#9415,.F.);
#6107=ORIENTED_EDGE('',*,*,#9426,.F.);
#6108=ORIENTED_EDGE('',*,*,#9427,.T.);
#6109=ORIENTED_EDGE('',*,*,#9428,.T.);
#6110=ORIENTED_EDGE('',*,*,#9429,.F.);
#6111=ORIENTED_EDGE('',*,*,#9430,.F.);
#6112=ORIENTED_EDGE('',*,*,#9382,.T.);
#6113=ORIENTED_EDGE('',*,*,#9380,.T.);
#6114=ORIENTED_EDGE('',*,*,#9431,.F.);
#6115=ORIENTED_EDGE('',*,*,#9432,.T.);
#6116=ORIENTED_EDGE('',*,*,#9433,.T.);
#6117=ORIENTED_EDGE('',*,*,#9434,.F.);
#6118=ORIENTED_EDGE('',*,*,#9383,.T.);
#6119=ORIENTED_EDGE('',*,*,#9435,.F.);
#6120=ORIENTED_EDGE('',*,*,#9381,.T.);
#6121=ORIENTED_EDGE('',*,*,#9436,.T.);
#6122=ORIENTED_EDGE('',*,*,#9379,.T.);
#6123=ORIENTED_EDGE('',*,*,#9437,.T.);
#6124=ORIENTED_EDGE('',*,*,#9399,.T.);
#6125=ORIENTED_EDGE('',*,*,#9438,.T.);
#6126=ORIENTED_EDGE('',*,*,#9439,.F.);
#6127=ORIENTED_EDGE('',*,*,#9440,.T.);
#6128=ORIENTED_EDGE('',*,*,#9401,.F.);
#6129=ORIENTED_EDGE('',*,*,#9441,.T.);
#6130=ORIENTED_EDGE('',*,*,#9442,.F.);
#6131=ORIENTED_EDGE('',*,*,#9443,.T.);
#6132=ORIENTED_EDGE('',*,*,#9403,.F.);
#6133=ORIENTED_EDGE('',*,*,#9444,.T.);
#6134=ORIENTED_EDGE('',*,*,#9445,.F.);
#6135=ORIENTED_EDGE('',*,*,#9446,.T.);
#6136=ORIENTED_EDGE('',*,*,#9405,.F.);
#6137=ORIENTED_EDGE('',*,*,#9447,.T.);
#6138=ORIENTED_EDGE('',*,*,#9448,.F.);
#6139=ORIENTED_EDGE('',*,*,#9428,.F.);
#6140=ORIENTED_EDGE('',*,*,#9449,.F.);
#6141=ORIENTED_EDGE('',*,*,#9450,.F.);
#6142=ORIENTED_EDGE('',*,*,#9433,.F.);
#6143=ORIENTED_EDGE('',*,*,#9451,.F.);
#6144=ORIENTED_EDGE('',*,*,#9452,.F.);
#6145=ORIENTED_EDGE('',*,*,#9445,.T.);
#6146=ORIENTED_EDGE('',*,*,#9453,.T.);
#6147=ORIENTED_EDGE('',*,*,#9442,.T.);
#6148=ORIENTED_EDGE('',*,*,#9454,.T.);
#6149=ORIENTED_EDGE('',*,*,#9439,.T.);
#6150=ORIENTED_EDGE('',*,*,#9455,.T.);
#6151=ORIENTED_EDGE('',*,*,#9448,.T.);
#6152=ORIENTED_EDGE('',*,*,#9456,.T.);
#6153=ORIENTED_EDGE('',*,*,#9452,.T.);
#6154=ORIENTED_EDGE('',*,*,#9457,.T.);
#6155=ORIENTED_EDGE('',*,*,#9457,.F.);
#6156=ORIENTED_EDGE('',*,*,#9435,.T.);
#6157=ORIENTED_EDGE('',*,*,#9451,.T.);
#6158=ORIENTED_EDGE('',*,*,#9458,.T.);
#6159=ORIENTED_EDGE('',*,*,#9458,.F.);
#6160=ORIENTED_EDGE('',*,*,#9434,.T.);
#6161=ORIENTED_EDGE('',*,*,#9432,.F.);
#6162=ORIENTED_EDGE('',*,*,#9431,.T.);
#6163=ORIENTED_EDGE('',*,*,#9450,.T.);
#6164=ORIENTED_EDGE('',*,*,#9459,.T.);
#6165=ORIENTED_EDGE('',*,*,#9459,.F.);
#6166=ORIENTED_EDGE('',*,*,#9430,.T.);
#6167=ORIENTED_EDGE('',*,*,#9436,.F.);
#6168=ORIENTED_EDGE('',*,*,#9460,.T.);
#6169=ORIENTED_EDGE('',*,*,#9426,.T.);
#6170=ORIENTED_EDGE('',*,*,#9427,.F.);
#6171=ORIENTED_EDGE('',*,*,#9460,.F.);
#6172=ORIENTED_EDGE('',*,*,#9429,.T.);
#6173=ORIENTED_EDGE('',*,*,#9449,.T.);
#6174=ORIENTED_EDGE('',*,*,#9461,.T.);
#6175=ORIENTED_EDGE('',*,*,#9384,.T.);
#6176=ORIENTED_EDGE('',*,*,#9461,.F.);
#6177=ORIENTED_EDGE('',*,*,#9425,.T.);
#6178=ORIENTED_EDGE('',*,*,#9462,.T.);
#6179=ORIENTED_EDGE('',*,*,#9385,.T.);
#6180=ORIENTED_EDGE('',*,*,#9462,.F.);
#6181=ORIENTED_EDGE('',*,*,#9424,.T.);
#6182=ORIENTED_EDGE('',*,*,#9444,.F.);
#6183=ORIENTED_EDGE('',*,*,#9402,.F.);
#6184=ORIENTED_EDGE('',*,*,#9440,.F.);
#6185=ORIENTED_EDGE('',*,*,#9453,.F.);
#6186=ORIENTED_EDGE('',*,*,#9441,.F.);
#6187=ORIENTED_EDGE('',*,*,#9400,.T.);
#6188=ORIENTED_EDGE('',*,*,#9437,.F.);
#6189=ORIENTED_EDGE('',*,*,#9454,.F.);
#6190=ORIENTED_EDGE('',*,*,#9438,.F.);
#6191=ORIENTED_EDGE('',*,*,#9406,.T.);
#6192=ORIENTED_EDGE('',*,*,#9446,.F.);
#6193=ORIENTED_EDGE('',*,*,#9455,.F.);
#6194=ORIENTED_EDGE('',*,*,#9447,.F.);
#6195=ORIENTED_EDGE('',*,*,#9404,.F.);
#6196=ORIENTED_EDGE('',*,*,#9443,.F.);
#6197=ORIENTED_EDGE('',*,*,#9456,.F.);
#6198=ORIENTED_EDGE('',*,*,#9378,.T.);
#6199=ORIENTED_EDGE('',*,*,#9397,.F.);
#6200=ORIENTED_EDGE('',*,*,#9377,.T.);
#6201=ORIENTED_EDGE('',*,*,#9396,.F.);
#6202=ORIENTED_EDGE('',*,*,#9376,.T.);
#6203=ORIENTED_EDGE('',*,*,#9395,.F.);
#6204=ORIENTED_EDGE('',*,*,#9375,.T.);
#6205=ORIENTED_EDGE('',*,*,#9394,.F.);
#6206=ORIENTED_EDGE('',*,*,#9463,.T.);
#6207=ORIENTED_EDGE('',*,*,#9464,.T.);
#6208=ORIENTED_EDGE('',*,*,#9465,.F.);
#6209=ORIENTED_EDGE('',*,*,#9466,.F.);
#6210=ORIENTED_EDGE('',*,*,#9467,.F.);
#6211=ORIENTED_EDGE('',*,*,#9468,.T.);
#6212=ORIENTED_EDGE('',*,*,#9469,.T.);
#6213=ORIENTED_EDGE('',*,*,#9470,.T.);
#6214=ORIENTED_EDGE('',*,*,#9471,.F.);
#6215=ORIENTED_EDGE('',*,*,#9472,.T.);
#6216=ORIENTED_EDGE('',*,*,#9473,.F.);
#6217=ORIENTED_EDGE('',*,*,#9474,.F.);
#6218=ORIENTED_EDGE('',*,*,#9475,.F.);
#6219=ORIENTED_EDGE('',*,*,#9476,.T.);
#6220=ORIENTED_EDGE('',*,*,#9465,.T.);
#6221=ORIENTED_EDGE('',*,*,#9477,.F.);
#6222=ORIENTED_EDGE('',*,*,#9478,.T.);
#6223=ORIENTED_EDGE('',*,*,#9473,.T.);
#6224=ORIENTED_EDGE('',*,*,#9479,.F.);
#6225=ORIENTED_EDGE('',*,*,#9480,.T.);
#6226=ORIENTED_EDGE('',*,*,#9481,.F.);
#6227=ORIENTED_EDGE('',*,*,#9482,.F.);
#6228=ORIENTED_EDGE('',*,*,#9483,.F.);
#6229=ORIENTED_EDGE('',*,*,#9484,.T.);
#6230=ORIENTED_EDGE('',*,*,#9485,.F.);
#6231=ORIENTED_EDGE('',*,*,#9486,.F.);
#6232=ORIENTED_EDGE('',*,*,#9487,.F.);
#6233=ORIENTED_EDGE('',*,*,#9488,.T.);
#6234=ORIENTED_EDGE('',*,*,#9489,.F.);
#6235=ORIENTED_EDGE('',*,*,#9490,.F.);
#6236=ORIENTED_EDGE('',*,*,#9491,.F.);
#6237=ORIENTED_EDGE('',*,*,#9492,.T.);
#6238=ORIENTED_EDGE('',*,*,#9493,.F.);
#6239=ORIENTED_EDGE('',*,*,#9494,.F.);
#6240=ORIENTED_EDGE('',*,*,#9495,.F.);
#6241=ORIENTED_EDGE('',*,*,#9496,.T.);
#6242=ORIENTED_EDGE('',*,*,#9497,.F.);
#6243=ORIENTED_EDGE('',*,*,#9498,.F.);
#6244=ORIENTED_EDGE('',*,*,#9499,.F.);
#6245=ORIENTED_EDGE('',*,*,#9500,.T.);
#6246=ORIENTED_EDGE('',*,*,#9485,.T.);
#6247=ORIENTED_EDGE('',*,*,#9501,.F.);
#6248=ORIENTED_EDGE('',*,*,#9502,.T.);
#6249=ORIENTED_EDGE('',*,*,#9489,.T.);
#6250=ORIENTED_EDGE('',*,*,#9503,.F.);
#6251=ORIENTED_EDGE('',*,*,#9504,.T.);
#6252=ORIENTED_EDGE('',*,*,#9493,.T.);
#6253=ORIENTED_EDGE('',*,*,#9505,.F.);
#6254=ORIENTED_EDGE('',*,*,#9506,.T.);
#6255=ORIENTED_EDGE('',*,*,#9497,.T.);
#6256=ORIENTED_EDGE('',*,*,#9507,.T.);
#6257=ORIENTED_EDGE('',*,*,#9508,.T.);
#6258=ORIENTED_EDGE('',*,*,#9509,.T.);
#6259=ORIENTED_EDGE('',*,*,#9510,.T.);
#6260=ORIENTED_EDGE('',*,*,#9463,.F.);
#6261=ORIENTED_EDGE('',*,*,#9511,.F.);
#6262=ORIENTED_EDGE('',*,*,#9512,.F.);
#6263=ORIENTED_EDGE('',*,*,#9513,.T.);
#6264=ORIENTED_EDGE('',*,*,#9514,.F.);
#6265=ORIENTED_EDGE('',*,*,#9515,.T.);
#6266=ORIENTED_EDGE('',*,*,#9516,.F.);
#6267=ORIENTED_EDGE('',*,*,#9517,.T.);
#6268=ORIENTED_EDGE('',*,*,#9518,.F.);
#6269=ORIENTED_EDGE('',*,*,#9519,.T.);
#6270=ORIENTED_EDGE('',*,*,#9520,.F.);
#6271=ORIENTED_EDGE('',*,*,#9521,.F.);
#6272=ORIENTED_EDGE('',*,*,#9469,.F.);
#6273=ORIENTED_EDGE('',*,*,#9522,.F.);
#6274=ORIENTED_EDGE('',*,*,#9523,.F.);
#6275=ORIENTED_EDGE('',*,*,#9508,.F.);
#6276=ORIENTED_EDGE('',*,*,#9524,.F.);
#6277=ORIENTED_EDGE('',*,*,#9525,.F.);
#6278=ORIENTED_EDGE('',*,*,#9526,.F.);
#6279=ORIENTED_EDGE('',*,*,#9527,.T.);
#6280=ORIENTED_EDGE('',*,*,#9524,.T.);
#6281=ORIENTED_EDGE('',*,*,#9507,.F.);
#6282=ORIENTED_EDGE('',*,*,#9528,.T.);
#6283=ORIENTED_EDGE('',*,*,#9529,.T.);
#6284=ORIENTED_EDGE('',*,*,#9471,.T.);
#6285=ORIENTED_EDGE('',*,*,#9530,.F.);
#6286=ORIENTED_EDGE('',*,*,#9531,.T.);
#6287=ORIENTED_EDGE('',*,*,#9528,.F.);
#6288=ORIENTED_EDGE('',*,*,#9510,.F.);
#6289=ORIENTED_EDGE('',*,*,#9532,.T.);
#6290=ORIENTED_EDGE('',*,*,#9533,.T.);
#6291=ORIENTED_EDGE('',*,*,#9467,.T.);
#6292=ORIENTED_EDGE('',*,*,#9534,.F.);
#6293=ORIENTED_EDGE('',*,*,#9535,.T.);
#6294=ORIENTED_EDGE('',*,*,#9536,.F.);
#6295=ORIENTED_EDGE('',*,*,#9537,.T.);
#6296=ORIENTED_EDGE('',*,*,#9538,.F.);
#6297=ORIENTED_EDGE('',*,*,#9539,.T.);
#6298=ORIENTED_EDGE('',*,*,#9540,.T.);
#6299=ORIENTED_EDGE('',*,*,#9541,.T.);
#6300=ORIENTED_EDGE('',*,*,#9542,.T.);
#6301=ORIENTED_EDGE('',*,*,#9543,.T.);
#6302=ORIENTED_EDGE('',*,*,#9509,.F.);
#6303=ORIENTED_EDGE('',*,*,#9523,.T.);
#6304=ORIENTED_EDGE('',*,*,#9544,.T.);
#6305=ORIENTED_EDGE('',*,*,#9532,.F.);
#6306=ORIENTED_EDGE('',*,*,#9464,.F.);
#6307=ORIENTED_EDGE('',*,*,#9511,.T.);
#6308=ORIENTED_EDGE('',*,*,#9466,.T.);
#6309=ORIENTED_EDGE('',*,*,#9545,.F.);
#6310=ORIENTED_EDGE('',*,*,#9546,.T.);
#6311=ORIENTED_EDGE('',*,*,#9547,.F.);
#6312=ORIENTED_EDGE('',*,*,#9548,.T.);
#6313=ORIENTED_EDGE('',*,*,#9512,.T.);
#6314=ORIENTED_EDGE('',*,*,#9549,.T.);
#6315=ORIENTED_EDGE('',*,*,#9543,.F.);
#6316=ORIENTED_EDGE('',*,*,#9550,.T.);
#6317=ORIENTED_EDGE('',*,*,#9551,.F.);
#6318=ORIENTED_EDGE('',*,*,#9552,.T.);
#6319=ORIENTED_EDGE('',*,*,#9514,.T.);
#6320=ORIENTED_EDGE('',*,*,#9553,.T.);
#6321=ORIENTED_EDGE('',*,*,#9554,.T.);
#6322=ORIENTED_EDGE('',*,*,#9555,.T.);
#6323=ORIENTED_EDGE('',*,*,#9516,.T.);
#6324=ORIENTED_EDGE('',*,*,#9556,.T.);
#6325=ORIENTED_EDGE('',*,*,#9557,.T.);
#6326=ORIENTED_EDGE('',*,*,#9558,.T.);
#6327=ORIENTED_EDGE('',*,*,#9559,.T.);
#6328=ORIENTED_EDGE('',*,*,#9560,.T.);
#6329=ORIENTED_EDGE('',*,*,#9518,.T.);
#6330=ORIENTED_EDGE('',*,*,#9561,.T.);
#6331=ORIENTED_EDGE('',*,*,#9562,.F.);
#6332=ORIENTED_EDGE('',*,*,#9563,.T.);
#6333=ORIENTED_EDGE('',*,*,#9535,.F.);
#6334=ORIENTED_EDGE('',*,*,#9564,.T.);
#6335=ORIENTED_EDGE('',*,*,#9520,.T.);
#6336=ORIENTED_EDGE('',*,*,#9565,.T.);
#6337=ORIENTED_EDGE('',*,*,#9566,.T.);
#6338=ORIENTED_EDGE('',*,*,#9468,.F.);
#6339=ORIENTED_EDGE('',*,*,#9533,.F.);
#6340=ORIENTED_EDGE('',*,*,#9544,.F.);
#6341=ORIENTED_EDGE('',*,*,#9522,.T.);
#6342=ORIENTED_EDGE('',*,*,#9567,.T.);
#6343=ORIENTED_EDGE('',*,*,#9525,.T.);
#6344=ORIENTED_EDGE('',*,*,#9527,.F.);
#6345=ORIENTED_EDGE('',*,*,#9531,.F.);
#6346=ORIENTED_EDGE('',*,*,#9472,.F.);
#6347=ORIENTED_EDGE('',*,*,#9529,.F.);
#6348=ORIENTED_EDGE('',*,*,#9474,.T.);
#6349=ORIENTED_EDGE('',*,*,#9568,.F.);
#6350=ORIENTED_EDGE('',*,*,#9569,.T.);
#6351=ORIENTED_EDGE('',*,*,#9570,.T.);
#6352=ORIENTED_EDGE('',*,*,#9571,.T.);
#6353=ORIENTED_EDGE('',*,*,#9541,.F.);
#6354=ORIENTED_EDGE('',*,*,#9572,.T.);
#6355=ORIENTED_EDGE('',*,*,#9573,.T.);
#6356=ORIENTED_EDGE('',*,*,#9574,.T.);
#6357=ORIENTED_EDGE('',*,*,#9539,.F.);
#6358=ORIENTED_EDGE('',*,*,#9537,.F.);
#6359=ORIENTED_EDGE('',*,*,#9575,.F.);
#6360=ORIENTED_EDGE('',*,*,#9576,.F.);
#6361=ORIENTED_EDGE('',*,*,#9577,.F.);
#6362=ORIENTED_EDGE('',*,*,#9476,.F.);
#6363=ORIENTED_EDGE('',*,*,#9475,.T.);
#6364=ORIENTED_EDGE('',*,*,#9545,.T.);
#6365=ORIENTED_EDGE('',*,*,#9578,.F.);
#6366=ORIENTED_EDGE('',*,*,#9546,.F.);
#6367=ORIENTED_EDGE('',*,*,#9579,.F.);
#6368=ORIENTED_EDGE('',*,*,#9580,.F.);
#6369=ORIENTED_EDGE('',*,*,#9581,.F.);
#6370=ORIENTED_EDGE('',*,*,#9550,.F.);
#6371=ORIENTED_EDGE('',*,*,#9542,.F.);
#6372=ORIENTED_EDGE('',*,*,#9571,.F.);
#6373=ORIENTED_EDGE('',*,*,#9549,.F.);
#6374=ORIENTED_EDGE('',*,*,#9526,.T.);
#6375=ORIENTED_EDGE('',*,*,#9567,.F.);
#6376=ORIENTED_EDGE('',*,*,#9530,.T.);
#6377=ORIENTED_EDGE('',*,*,#9582,.F.);
#6378=ORIENTED_EDGE('',*,*,#9553,.F.);
#6379=ORIENTED_EDGE('',*,*,#9513,.F.);
#6380=ORIENTED_EDGE('',*,*,#9548,.F.);
#6381=ORIENTED_EDGE('',*,*,#9583,.F.);
#6382=ORIENTED_EDGE('',*,*,#9556,.F.);
#6383=ORIENTED_EDGE('',*,*,#9515,.F.);
#6384=ORIENTED_EDGE('',*,*,#9552,.F.);
#6385=ORIENTED_EDGE('',*,*,#9584,.T.);
#6386=ORIENTED_EDGE('',*,*,#9481,.T.);
#6387=ORIENTED_EDGE('',*,*,#9585,.T.);
#6388=ORIENTED_EDGE('',*,*,#9586,.T.);
#6389=ORIENTED_EDGE('',*,*,#9587,.T.);
#6390=ORIENTED_EDGE('',*,*,#9566,.F.);
#6391=ORIENTED_EDGE('',*,*,#9588,.T.);
#6392=ORIENTED_EDGE('',*,*,#9559,.F.);
#6393=ORIENTED_EDGE('',*,*,#9589,.T.);
#6394=ORIENTED_EDGE('',*,*,#9557,.F.);
#6395=ORIENTED_EDGE('',*,*,#9583,.T.);
#6396=ORIENTED_EDGE('',*,*,#9554,.F.);
#6397=ORIENTED_EDGE('',*,*,#9582,.T.);
#6398=ORIENTED_EDGE('',*,*,#9547,.T.);
#6399=ORIENTED_EDGE('',*,*,#9578,.T.);
#6400=ORIENTED_EDGE('',*,*,#9590,.T.);
#6401=ORIENTED_EDGE('',*,*,#9591,.T.);
#6402=ORIENTED_EDGE('',*,*,#9592,.T.);
#6403=ORIENTED_EDGE('',*,*,#9593,.T.);
#6404=ORIENTED_EDGE('',*,*,#9594,.T.);
#6405=ORIENTED_EDGE('',*,*,#9595,.F.);
#6406=ORIENTED_EDGE('',*,*,#9596,.T.);
#6407=ORIENTED_EDGE('',*,*,#9597,.T.);
#6408=ORIENTED_EDGE('',*,*,#9589,.F.);
#6409=ORIENTED_EDGE('',*,*,#9558,.F.);
#6410=ORIENTED_EDGE('',*,*,#9517,.F.);
#6411=ORIENTED_EDGE('',*,*,#9555,.F.);
#6412=ORIENTED_EDGE('',*,*,#9588,.F.);
#6413=ORIENTED_EDGE('',*,*,#9565,.F.);
#6414=ORIENTED_EDGE('',*,*,#9519,.F.);
#6415=ORIENTED_EDGE('',*,*,#9560,.F.);
#6416=ORIENTED_EDGE('',*,*,#9587,.F.);
#6417=ORIENTED_EDGE('',*,*,#9598,.F.);
#6418=ORIENTED_EDGE('',*,*,#9599,.F.);
#6419=ORIENTED_EDGE('',*,*,#9561,.F.);
#6420=ORIENTED_EDGE('',*,*,#9470,.F.);
#6421=ORIENTED_EDGE('',*,*,#9521,.T.);
#6422=ORIENTED_EDGE('',*,*,#9564,.F.);
#6423=ORIENTED_EDGE('',*,*,#9534,.T.);
#6424=ORIENTED_EDGE('',*,*,#9575,.T.);
#6425=ORIENTED_EDGE('',*,*,#9536,.T.);
#6426=ORIENTED_EDGE('',*,*,#9563,.F.);
#6427=ORIENTED_EDGE('',*,*,#9600,.T.);
#6428=ORIENTED_EDGE('',*,*,#9478,.F.);
#6429=ORIENTED_EDGE('',*,*,#9477,.T.);
#6430=ORIENTED_EDGE('',*,*,#9568,.T.);
#6431=ORIENTED_EDGE('',*,*,#9601,.T.);
#6432=ORIENTED_EDGE('',*,*,#9602,.T.);
#6433=ORIENTED_EDGE('',*,*,#9579,.T.);
#6434=ORIENTED_EDGE('',*,*,#9551,.T.);
#6435=ORIENTED_EDGE('',*,*,#9581,.T.);
#6436=ORIENTED_EDGE('',*,*,#9570,.F.);
#6437=ORIENTED_EDGE('',*,*,#9603,.T.);
#6438=ORIENTED_EDGE('',*,*,#9573,.F.);
#6439=ORIENTED_EDGE('',*,*,#9604,.T.);
#6440=ORIENTED_EDGE('',*,*,#9576,.T.);
#6441=ORIENTED_EDGE('',*,*,#9600,.F.);
#6442=ORIENTED_EDGE('',*,*,#9562,.T.);
#6443=ORIENTED_EDGE('',*,*,#9599,.T.);
#6444=ORIENTED_EDGE('',*,*,#9605,.T.);
#6445=ORIENTED_EDGE('',*,*,#9606,.T.);
#6446=ORIENTED_EDGE('',*,*,#9479,.T.);
#6447=ORIENTED_EDGE('',*,*,#9607,.T.);
#6448=ORIENTED_EDGE('',*,*,#9608,.T.);
#6449=ORIENTED_EDGE('',*,*,#9609,.T.);
#6450=ORIENTED_EDGE('',*,*,#9610,.F.);
#6451=ORIENTED_EDGE('',*,*,#9611,.T.);
#6452=ORIENTED_EDGE('',*,*,#9612,.T.);
#6453=ORIENTED_EDGE('',*,*,#9613,.T.);
#6454=ORIENTED_EDGE('',*,*,#9603,.F.);
#6455=ORIENTED_EDGE('',*,*,#9569,.F.);
#6456=ORIENTED_EDGE('',*,*,#9540,.F.);
#6457=ORIENTED_EDGE('',*,*,#9574,.F.);
#6458=ORIENTED_EDGE('',*,*,#9572,.F.);
#6459=ORIENTED_EDGE('',*,*,#9538,.T.);
#6460=ORIENTED_EDGE('',*,*,#9577,.T.);
#6461=ORIENTED_EDGE('',*,*,#9604,.F.);
#6462=ORIENTED_EDGE('',*,*,#9614,.T.);
#6463=ORIENTED_EDGE('',*,*,#9590,.F.);
#6464=ORIENTED_EDGE('',*,*,#9580,.T.);
#6465=ORIENTED_EDGE('',*,*,#9602,.F.);
#6466=ORIENTED_EDGE('',*,*,#9482,.T.);
#6467=ORIENTED_EDGE('',*,*,#9584,.F.);
#6468=ORIENTED_EDGE('',*,*,#9615,.T.);
#6469=ORIENTED_EDGE('',*,*,#9607,.F.);
#6470=ORIENTED_EDGE('',*,*,#9616,.T.);
#6471=ORIENTED_EDGE('',*,*,#9483,.T.);
#6472=ORIENTED_EDGE('',*,*,#9617,.T.);
#6473=ORIENTED_EDGE('',*,*,#9487,.T.);
#6474=ORIENTED_EDGE('',*,*,#9618,.T.);
#6475=ORIENTED_EDGE('',*,*,#9609,.F.);
#6476=ORIENTED_EDGE('',*,*,#9619,.T.);
#6477=ORIENTED_EDGE('',*,*,#9596,.F.);
#6478=ORIENTED_EDGE('',*,*,#9620,.T.);
#6479=ORIENTED_EDGE('',*,*,#9594,.F.);
#6480=ORIENTED_EDGE('',*,*,#9621,.T.);
#6481=ORIENTED_EDGE('',*,*,#9611,.F.);
#6482=ORIENTED_EDGE('',*,*,#9622,.T.);
#6483=ORIENTED_EDGE('',*,*,#9491,.T.);
#6484=ORIENTED_EDGE('',*,*,#9623,.T.);
#6485=ORIENTED_EDGE('',*,*,#9495,.T.);
#6486=ORIENTED_EDGE('',*,*,#9624,.T.);
#6487=ORIENTED_EDGE('',*,*,#9592,.F.);
#6488=ORIENTED_EDGE('',*,*,#9625,.T.);
#6489=ORIENTED_EDGE('',*,*,#9613,.F.);
#6490=ORIENTED_EDGE('',*,*,#9626,.T.);
#6491=ORIENTED_EDGE('',*,*,#9605,.F.);
#6492=ORIENTED_EDGE('',*,*,#9598,.T.);
#6493=ORIENTED_EDGE('',*,*,#9586,.F.);
#6494=ORIENTED_EDGE('',*,*,#9591,.F.);
#6495=ORIENTED_EDGE('',*,*,#9614,.F.);
#6496=ORIENTED_EDGE('',*,*,#9601,.F.);
#6497=ORIENTED_EDGE('',*,*,#9625,.F.);
#6498=ORIENTED_EDGE('',*,*,#9480,.F.);
#6499=ORIENTED_EDGE('',*,*,#9606,.F.);
#6500=ORIENTED_EDGE('',*,*,#9626,.F.);
#6501=ORIENTED_EDGE('',*,*,#9585,.F.);
#6502=ORIENTED_EDGE('',*,*,#9597,.F.);
#6503=ORIENTED_EDGE('',*,*,#9619,.F.);
#6504=ORIENTED_EDGE('',*,*,#9608,.F.);
#6505=ORIENTED_EDGE('',*,*,#9615,.F.);
#6506=ORIENTED_EDGE('',*,*,#9484,.F.);
#6507=ORIENTED_EDGE('',*,*,#9616,.F.);
#6508=ORIENTED_EDGE('',*,*,#9486,.T.);
#6509=ORIENTED_EDGE('',*,*,#9627,.F.);
#6510=ORIENTED_EDGE('',*,*,#9488,.F.);
#6511=ORIENTED_EDGE('',*,*,#9617,.F.);
#6512=ORIENTED_EDGE('',*,*,#9490,.T.);
#6513=ORIENTED_EDGE('',*,*,#9628,.F.);
#6514=ORIENTED_EDGE('',*,*,#9595,.T.);
#6515=ORIENTED_EDGE('',*,*,#9620,.F.);
#6516=ORIENTED_EDGE('',*,*,#9610,.T.);
#6517=ORIENTED_EDGE('',*,*,#9618,.F.);
#6518=ORIENTED_EDGE('',*,*,#9624,.F.);
#6519=ORIENTED_EDGE('',*,*,#9612,.F.);
#6520=ORIENTED_EDGE('',*,*,#9621,.F.);
#6521=ORIENTED_EDGE('',*,*,#9593,.F.);
#6522=ORIENTED_EDGE('',*,*,#9492,.F.);
#6523=ORIENTED_EDGE('',*,*,#9622,.F.);
#6524=ORIENTED_EDGE('',*,*,#9494,.T.);
#6525=ORIENTED_EDGE('',*,*,#9629,.F.);
#6526=ORIENTED_EDGE('',*,*,#9496,.F.);
#6527=ORIENTED_EDGE('',*,*,#9623,.F.);
#6528=ORIENTED_EDGE('',*,*,#9498,.T.);
#6529=ORIENTED_EDGE('',*,*,#9630,.F.);
#6530=ORIENTED_EDGE('',*,*,#9500,.F.);
#6531=ORIENTED_EDGE('',*,*,#9499,.T.);
#6532=ORIENTED_EDGE('',*,*,#9627,.T.);
#6533=ORIENTED_EDGE('',*,*,#9502,.F.);
#6534=ORIENTED_EDGE('',*,*,#9501,.T.);
#6535=ORIENTED_EDGE('',*,*,#9628,.T.);
#6536=ORIENTED_EDGE('',*,*,#9504,.F.);
#6537=ORIENTED_EDGE('',*,*,#9503,.T.);
#6538=ORIENTED_EDGE('',*,*,#9629,.T.);
#6539=ORIENTED_EDGE('',*,*,#9506,.F.);
#6540=ORIENTED_EDGE('',*,*,#9505,.T.);
#6541=ORIENTED_EDGE('',*,*,#9630,.T.);
#6542=ORIENTED_EDGE('',*,*,#9631,.T.);
#6543=ORIENTED_EDGE('',*,*,#9632,.F.);
#6544=ORIENTED_EDGE('',*,*,#9633,.T.);
#6545=ORIENTED_EDGE('',*,*,#9634,.T.);
#6546=ORIENTED_EDGE('',*,*,#9635,.T.);
#6547=ORIENTED_EDGE('',*,*,#9636,.T.);
#6548=ORIENTED_EDGE('',*,*,#9637,.T.);
#6549=ORIENTED_EDGE('',*,*,#9638,.T.);
#6550=ORIENTED_EDGE('',*,*,#9639,.T.);
#6551=ORIENTED_EDGE('',*,*,#9640,.F.);
#6552=ORIENTED_EDGE('',*,*,#9641,.T.);
#6553=ORIENTED_EDGE('',*,*,#9642,.F.);
#6554=ORIENTED_EDGE('',*,*,#9643,.T.);
#6555=ORIENTED_EDGE('',*,*,#9644,.F.);
#6556=ORIENTED_EDGE('',*,*,#9645,.T.);
#6557=ORIENTED_EDGE('',*,*,#9646,.F.);
#6558=ORIENTED_EDGE('',*,*,#9647,.F.);
#6559=ORIENTED_EDGE('',*,*,#9648,.T.);
#6560=ORIENTED_EDGE('',*,*,#9649,.T.);
#6561=ORIENTED_EDGE('',*,*,#9650,.F.);
#6562=ORIENTED_EDGE('',*,*,#9651,.F.);
#6563=ORIENTED_EDGE('',*,*,#9652,.T.);
#6564=ORIENTED_EDGE('',*,*,#9653,.T.);
#6565=ORIENTED_EDGE('',*,*,#9654,.F.);
#6566=ORIENTED_EDGE('',*,*,#9655,.F.);
#6567=ORIENTED_EDGE('',*,*,#9656,.T.);
#6568=ORIENTED_EDGE('',*,*,#9657,.T.);
#6569=ORIENTED_EDGE('',*,*,#9658,.F.);
#6570=ORIENTED_EDGE('',*,*,#9659,.F.);
#6571=ORIENTED_EDGE('',*,*,#9660,.T.);
#6572=ORIENTED_EDGE('',*,*,#9661,.T.);
#6573=ORIENTED_EDGE('',*,*,#9662,.F.);
#6574=ORIENTED_EDGE('',*,*,#9663,.F.);
#6575=ORIENTED_EDGE('',*,*,#9664,.T.);
#6576=ORIENTED_EDGE('',*,*,#9665,.T.);
#6577=ORIENTED_EDGE('',*,*,#9666,.F.);
#6578=ORIENTED_EDGE('',*,*,#9667,.F.);
#6579=ORIENTED_EDGE('',*,*,#9668,.T.);
#6580=ORIENTED_EDGE('',*,*,#9669,.T.);
#6581=ORIENTED_EDGE('',*,*,#9670,.F.);
#6582=ORIENTED_EDGE('',*,*,#9671,.F.);
#6583=ORIENTED_EDGE('',*,*,#9672,.T.);
#6584=ORIENTED_EDGE('',*,*,#9673,.T.);
#6585=ORIENTED_EDGE('',*,*,#9674,.F.);
#6586=ORIENTED_EDGE('',*,*,#9675,.F.);
#6587=ORIENTED_EDGE('',*,*,#9676,.T.);
#6588=ORIENTED_EDGE('',*,*,#9677,.T.);
#6589=ORIENTED_EDGE('',*,*,#9678,.F.);
#6590=ORIENTED_EDGE('',*,*,#9679,.F.);
#6591=ORIENTED_EDGE('',*,*,#9680,.T.);
#6592=ORIENTED_EDGE('',*,*,#9681,.T.);
#6593=ORIENTED_EDGE('',*,*,#9682,.F.);
#6594=ORIENTED_EDGE('',*,*,#9683,.F.);
#6595=ORIENTED_EDGE('',*,*,#9684,.T.);
#6596=ORIENTED_EDGE('',*,*,#9685,.T.);
#6597=ORIENTED_EDGE('',*,*,#9686,.F.);
#6598=ORIENTED_EDGE('',*,*,#9687,.T.);
#6599=ORIENTED_EDGE('',*,*,#9688,.T.);
#6600=ORIENTED_EDGE('',*,*,#9689,.T.);
#6601=ORIENTED_EDGE('',*,*,#9690,.T.);
#6602=ORIENTED_EDGE('',*,*,#9691,.F.);
#6603=ORIENTED_EDGE('',*,*,#9692,.F.);
#6604=ORIENTED_EDGE('',*,*,#9693,.F.);
#6605=ORIENTED_EDGE('',*,*,#9694,.F.);
#6606=ORIENTED_EDGE('',*,*,#9695,.F.);
#6607=ORIENTED_EDGE('',*,*,#9696,.F.);
#6608=ORIENTED_EDGE('',*,*,#9697,.T.);
#6609=ORIENTED_EDGE('',*,*,#9698,.T.);
#6610=ORIENTED_EDGE('',*,*,#9699,.T.);
#6611=ORIENTED_EDGE('',*,*,#9700,.T.);
#6612=ORIENTED_EDGE('',*,*,#9701,.F.);
#6613=ORIENTED_EDGE('',*,*,#9649,.F.);
#6614=ORIENTED_EDGE('',*,*,#9702,.F.);
#6615=ORIENTED_EDGE('',*,*,#9665,.F.);
#6616=ORIENTED_EDGE('',*,*,#9703,.F.);
#6617=ORIENTED_EDGE('',*,*,#9673,.F.);
#6618=ORIENTED_EDGE('',*,*,#9704,.F.);
#6619=ORIENTED_EDGE('',*,*,#9681,.F.);
#6620=ORIENTED_EDGE('',*,*,#9705,.F.);
#6621=ORIENTED_EDGE('',*,*,#9657,.F.);
#6622=ORIENTED_EDGE('',*,*,#9706,.T.);
#6623=ORIENTED_EDGE('',*,*,#9707,.T.);
#6624=ORIENTED_EDGE('',*,*,#9708,.T.);
#6625=ORIENTED_EDGE('',*,*,#9709,.T.);
#6626=ORIENTED_EDGE('',*,*,#9710,.T.);
#6627=ORIENTED_EDGE('',*,*,#9711,.T.);
#6628=ORIENTED_EDGE('',*,*,#9712,.T.);
#6629=ORIENTED_EDGE('',*,*,#9713,.T.);
#6630=ORIENTED_EDGE('',*,*,#9714,.T.);
#6631=ORIENTED_EDGE('',*,*,#9715,.T.);
#6632=ORIENTED_EDGE('',*,*,#9716,.F.);
#6633=ORIENTED_EDGE('',*,*,#9717,.F.);
#6634=ORIENTED_EDGE('',*,*,#9718,.F.);
#6635=ORIENTED_EDGE('',*,*,#9719,.F.);
#6636=ORIENTED_EDGE('',*,*,#9695,.T.);
#6637=ORIENTED_EDGE('',*,*,#9720,.F.);
#6638=ORIENTED_EDGE('',*,*,#9721,.T.);
#6639=ORIENTED_EDGE('',*,*,#9722,.F.);
#6640=ORIENTED_EDGE('',*,*,#9716,.T.);
#6641=ORIENTED_EDGE('',*,*,#9723,.F.);
#6642=ORIENTED_EDGE('',*,*,#9724,.T.);
#6643=ORIENTED_EDGE('',*,*,#9725,.F.);
#6644=ORIENTED_EDGE('',*,*,#9726,.F.);
#6645=ORIENTED_EDGE('',*,*,#9687,.F.);
#6646=ORIENTED_EDGE('',*,*,#9727,.T.);
#6647=ORIENTED_EDGE('',*,*,#9728,.F.);
#6648=ORIENTED_EDGE('',*,*,#9696,.T.);
#6649=ORIENTED_EDGE('',*,*,#9719,.T.);
#6650=ORIENTED_EDGE('',*,*,#9729,.F.);
#6651=ORIENTED_EDGE('',*,*,#9730,.F.);
#6652=ORIENTED_EDGE('',*,*,#9731,.F.);
#6653=ORIENTED_EDGE('',*,*,#9693,.T.);
#6654=ORIENTED_EDGE('',*,*,#9728,.T.);
#6655=ORIENTED_EDGE('',*,*,#9732,.F.);
#6656=ORIENTED_EDGE('',*,*,#9694,.T.);
#6657=ORIENTED_EDGE('',*,*,#9731,.T.);
#6658=ORIENTED_EDGE('',*,*,#9733,.T.);
#6659=ORIENTED_EDGE('',*,*,#9691,.T.);
#6660=ORIENTED_EDGE('',*,*,#9734,.T.);
#6661=ORIENTED_EDGE('',*,*,#9735,.T.);
#6662=ORIENTED_EDGE('',*,*,#9736,.T.);
#6663=ORIENTED_EDGE('',*,*,#9737,.T.);
#6664=ORIENTED_EDGE('',*,*,#9632,.T.);
#6665=ORIENTED_EDGE('',*,*,#9738,.T.);
#6666=ORIENTED_EDGE('',*,*,#9739,.T.);
#6667=ORIENTED_EDGE('',*,*,#9740,.T.);
#6668=ORIENTED_EDGE('',*,*,#9741,.T.);
#6669=ORIENTED_EDGE('',*,*,#9742,.T.);
#6670=ORIENTED_EDGE('',*,*,#9717,.T.);
#6671=ORIENTED_EDGE('',*,*,#9742,.F.);
#6672=ORIENTED_EDGE('',*,*,#9743,.F.);
#6673=ORIENTED_EDGE('',*,*,#9729,.T.);
#6674=ORIENTED_EDGE('',*,*,#9718,.T.);
#6675=ORIENTED_EDGE('',*,*,#9744,.T.);
#6676=ORIENTED_EDGE('',*,*,#9745,.T.);
#6677=ORIENTED_EDGE('',*,*,#9746,.F.);
#6678=ORIENTED_EDGE('',*,*,#9730,.T.);
#6679=ORIENTED_EDGE('',*,*,#9743,.T.);
#6680=ORIENTED_EDGE('',*,*,#9741,.F.);
#6681=ORIENTED_EDGE('',*,*,#9720,.T.);
#6682=ORIENTED_EDGE('',*,*,#9746,.T.);
#6683=ORIENTED_EDGE('',*,*,#9740,.F.);
#6684=ORIENTED_EDGE('',*,*,#9747,.F.);
#6685=ORIENTED_EDGE('',*,*,#9738,.F.);
#6686=ORIENTED_EDGE('',*,*,#9631,.F.);
#6687=ORIENTED_EDGE('',*,*,#9748,.T.);
#6688=ORIENTED_EDGE('',*,*,#9749,.T.);
#6689=ORIENTED_EDGE('',*,*,#9750,.T.);
#6690=ORIENTED_EDGE('',*,*,#9645,.F.);
#6691=ORIENTED_EDGE('',*,*,#9751,.T.);
#6692=ORIENTED_EDGE('',*,*,#9752,.T.);
#6693=ORIENTED_EDGE('',*,*,#9753,.T.);
#6694=ORIENTED_EDGE('',*,*,#9643,.F.);
#6695=ORIENTED_EDGE('',*,*,#9754,.T.);
#6696=ORIENTED_EDGE('',*,*,#9755,.T.);
#6697=ORIENTED_EDGE('',*,*,#9756,.T.);
#6698=ORIENTED_EDGE('',*,*,#9641,.F.);
#6699=ORIENTED_EDGE('',*,*,#9757,.T.);
#6700=ORIENTED_EDGE('',*,*,#9758,.T.);
#6701=ORIENTED_EDGE('',*,*,#9759,.T.);
#6702=ORIENTED_EDGE('',*,*,#9639,.F.);
#6703=ORIENTED_EDGE('',*,*,#9760,.T.);
#6704=ORIENTED_EDGE('',*,*,#9683,.T.);
#6705=ORIENTED_EDGE('',*,*,#9761,.T.);
#6706=ORIENTED_EDGE('',*,*,#9637,.F.);
#6707=ORIENTED_EDGE('',*,*,#9762,.T.);
#6708=ORIENTED_EDGE('',*,*,#9675,.T.);
#6709=ORIENTED_EDGE('',*,*,#9763,.T.);
#6710=ORIENTED_EDGE('',*,*,#9635,.F.);
#6711=ORIENTED_EDGE('',*,*,#9764,.T.);
#6712=ORIENTED_EDGE('',*,*,#9633,.F.);
#6713=ORIENTED_EDGE('',*,*,#9737,.F.);
#6714=ORIENTED_EDGE('',*,*,#9765,.F.);
#6715=ORIENTED_EDGE('',*,*,#9723,.T.);
#6716=ORIENTED_EDGE('',*,*,#9715,.F.);
#6717=ORIENTED_EDGE('',*,*,#9766,.T.);
#6718=ORIENTED_EDGE('',*,*,#9713,.F.);
#6719=ORIENTED_EDGE('',*,*,#9767,.T.);
#6720=ORIENTED_EDGE('',*,*,#9651,.T.);
#6721=ORIENTED_EDGE('',*,*,#9768,.T.);
#6722=ORIENTED_EDGE('',*,*,#9711,.F.);
#6723=ORIENTED_EDGE('',*,*,#9722,.T.);
#6724=ORIENTED_EDGE('',*,*,#9769,.F.);
#6725=ORIENTED_EDGE('',*,*,#9770,.T.);
#6726=ORIENTED_EDGE('',*,*,#9771,.T.);
#6727=ORIENTED_EDGE('',*,*,#9659,.T.);
#6728=ORIENTED_EDGE('',*,*,#9772,.T.);
#6729=ORIENTED_EDGE('',*,*,#9706,.F.);
#6730=ORIENTED_EDGE('',*,*,#9773,.T.);
#6731=ORIENTED_EDGE('',*,*,#9709,.F.);
#6732=ORIENTED_EDGE('',*,*,#9774,.T.);
#6733=ORIENTED_EDGE('',*,*,#9775,.T.);
#6734=ORIENTED_EDGE('',*,*,#9667,.T.);
#6735=ORIENTED_EDGE('',*,*,#9776,.T.);
#6736=ORIENTED_EDGE('',*,*,#9777,.F.);
#6737=ORIENTED_EDGE('',*,*,#9778,.T.);
#6738=ORIENTED_EDGE('',*,*,#9779,.F.);
#6739=ORIENTED_EDGE('',*,*,#9735,.F.);
#6740=ORIENTED_EDGE('',*,*,#9780,.F.);
#6741=ORIENTED_EDGE('',*,*,#9725,.T.);
#6742=ORIENTED_EDGE('',*,*,#9781,.F.);
#6743=ORIENTED_EDGE('',*,*,#9688,.F.);
#6744=ORIENTED_EDGE('',*,*,#9726,.T.);
#6745=ORIENTED_EDGE('',*,*,#9780,.T.);
#6746=ORIENTED_EDGE('',*,*,#9734,.F.);
#6747=ORIENTED_EDGE('',*,*,#9690,.F.);
#6748=ORIENTED_EDGE('',*,*,#9782,.T.);
#6749=ORIENTED_EDGE('',*,*,#9727,.F.);
#6750=ORIENTED_EDGE('',*,*,#9692,.T.);
#6751=ORIENTED_EDGE('',*,*,#9733,.F.);
#6752=ORIENTED_EDGE('',*,*,#9732,.T.);
#6753=ORIENTED_EDGE('',*,*,#9739,.F.);
#6754=ORIENTED_EDGE('',*,*,#9769,.T.);
#6755=ORIENTED_EDGE('',*,*,#9721,.F.);
#6756=ORIENTED_EDGE('',*,*,#9747,.T.);
#6757=ORIENTED_EDGE('',*,*,#9777,.T.);
#6758=ORIENTED_EDGE('',*,*,#9783,.T.);
#6759=ORIENTED_EDGE('',*,*,#9784,.T.);
#6760=ORIENTED_EDGE('',*,*,#9779,.T.);
#6761=ORIENTED_EDGE('',*,*,#9785,.T.);
#6762=ORIENTED_EDGE('',*,*,#9736,.F.);
#6763=ORIENTED_EDGE('',*,*,#9781,.T.);
#6764=ORIENTED_EDGE('',*,*,#9724,.F.);
#6765=ORIENTED_EDGE('',*,*,#9765,.T.);
#6766=ORIENTED_EDGE('',*,*,#9634,.F.);
#6767=ORIENTED_EDGE('',*,*,#9764,.F.);
#6768=ORIENTED_EDGE('',*,*,#9786,.F.);
#6769=ORIENTED_EDGE('',*,*,#9774,.F.);
#6770=ORIENTED_EDGE('',*,*,#9784,.F.);
#6771=ORIENTED_EDGE('',*,*,#9744,.F.);
#6772=ORIENTED_EDGE('',*,*,#9745,.F.);
#6773=ORIENTED_EDGE('',*,*,#9689,.F.);
#6774=ORIENTED_EDGE('',*,*,#9782,.F.);
#6775=ORIENTED_EDGE('',*,*,#9787,.F.);
#6776=ORIENTED_EDGE('',*,*,#9770,.F.);
#6777=ORIENTED_EDGE('',*,*,#9708,.F.);
#6778=ORIENTED_EDGE('',*,*,#9785,.F.);
#6779=ORIENTED_EDGE('',*,*,#9778,.F.);
#6780=ORIENTED_EDGE('',*,*,#9710,.F.);
#6781=ORIENTED_EDGE('',*,*,#9773,.F.);
#6782=ORIENTED_EDGE('',*,*,#9714,.F.);
#6783=ORIENTED_EDGE('',*,*,#9766,.F.);
#6784=ORIENTED_EDGE('',*,*,#9684,.F.);
#6785=ORIENTED_EDGE('',*,*,#9760,.F.);
#6786=ORIENTED_EDGE('',*,*,#9638,.F.);
#6787=ORIENTED_EDGE('',*,*,#9761,.F.);
#6788=ORIENTED_EDGE('',*,*,#9686,.T.);
#6789=ORIENTED_EDGE('',*,*,#9788,.T.);
#6790=ORIENTED_EDGE('',*,*,#9788,.F.);
#6791=ORIENTED_EDGE('',*,*,#9685,.F.);
#6792=ORIENTED_EDGE('',*,*,#9789,.T.);
#6793=ORIENTED_EDGE('',*,*,#9679,.T.);
#6794=ORIENTED_EDGE('',*,*,#9680,.F.);
#6795=ORIENTED_EDGE('',*,*,#9789,.F.);
#6796=ORIENTED_EDGE('',*,*,#9682,.T.);
#6797=ORIENTED_EDGE('',*,*,#9704,.T.);
#6798=ORIENTED_EDGE('',*,*,#9676,.F.);
#6799=ORIENTED_EDGE('',*,*,#9762,.F.);
#6800=ORIENTED_EDGE('',*,*,#9636,.F.);
#6801=ORIENTED_EDGE('',*,*,#9763,.F.);
#6802=ORIENTED_EDGE('',*,*,#9678,.T.);
#6803=ORIENTED_EDGE('',*,*,#9790,.T.);
#6804=ORIENTED_EDGE('',*,*,#9790,.F.);
#6805=ORIENTED_EDGE('',*,*,#9677,.F.);
#6806=ORIENTED_EDGE('',*,*,#9791,.T.);
#6807=ORIENTED_EDGE('',*,*,#9671,.T.);
#6808=ORIENTED_EDGE('',*,*,#9672,.F.);
#6809=ORIENTED_EDGE('',*,*,#9791,.F.);
#6810=ORIENTED_EDGE('',*,*,#9674,.T.);
#6811=ORIENTED_EDGE('',*,*,#9703,.T.);
#6812=ORIENTED_EDGE('',*,*,#9668,.F.);
#6813=ORIENTED_EDGE('',*,*,#9775,.F.);
#6814=ORIENTED_EDGE('',*,*,#9786,.T.);
#6815=ORIENTED_EDGE('',*,*,#9783,.F.);
#6816=ORIENTED_EDGE('',*,*,#9776,.F.);
#6817=ORIENTED_EDGE('',*,*,#9670,.T.);
#6818=ORIENTED_EDGE('',*,*,#9792,.T.);
#6819=ORIENTED_EDGE('',*,*,#9792,.F.);
#6820=ORIENTED_EDGE('',*,*,#9669,.F.);
#6821=ORIENTED_EDGE('',*,*,#9793,.T.);
#6822=ORIENTED_EDGE('',*,*,#9663,.T.);
#6823=ORIENTED_EDGE('',*,*,#9664,.F.);
#6824=ORIENTED_EDGE('',*,*,#9793,.F.);
#6825=ORIENTED_EDGE('',*,*,#9666,.T.);
#6826=ORIENTED_EDGE('',*,*,#9702,.T.);
#6827=ORIENTED_EDGE('',*,*,#9660,.F.);
#6828=ORIENTED_EDGE('',*,*,#9771,.F.);
#6829=ORIENTED_EDGE('',*,*,#9787,.T.);
#6830=ORIENTED_EDGE('',*,*,#9707,.F.);
#6831=ORIENTED_EDGE('',*,*,#9772,.F.);
#6832=ORIENTED_EDGE('',*,*,#9662,.T.);
#6833=ORIENTED_EDGE('',*,*,#9794,.T.);
#6834=ORIENTED_EDGE('',*,*,#9794,.F.);
#6835=ORIENTED_EDGE('',*,*,#9661,.F.);
#6836=ORIENTED_EDGE('',*,*,#9795,.T.);
#6837=ORIENTED_EDGE('',*,*,#9655,.T.);
#6838=ORIENTED_EDGE('',*,*,#9656,.F.);
#6839=ORIENTED_EDGE('',*,*,#9795,.F.);
#6840=ORIENTED_EDGE('',*,*,#9658,.T.);
#6841=ORIENTED_EDGE('',*,*,#9705,.T.);
#6842=ORIENTED_EDGE('',*,*,#9652,.F.);
#6843=ORIENTED_EDGE('',*,*,#9767,.F.);
#6844=ORIENTED_EDGE('',*,*,#9712,.F.);
#6845=ORIENTED_EDGE('',*,*,#9768,.F.);
#6846=ORIENTED_EDGE('',*,*,#9654,.T.);
#6847=ORIENTED_EDGE('',*,*,#9796,.T.);
#6848=ORIENTED_EDGE('',*,*,#9796,.F.);
#6849=ORIENTED_EDGE('',*,*,#9653,.F.);
#6850=ORIENTED_EDGE('',*,*,#9797,.T.);
#6851=ORIENTED_EDGE('',*,*,#9647,.T.);
#6852=ORIENTED_EDGE('',*,*,#9648,.F.);
#6853=ORIENTED_EDGE('',*,*,#9797,.F.);
#6854=ORIENTED_EDGE('',*,*,#9650,.T.);
#6855=ORIENTED_EDGE('',*,*,#9701,.T.);
#6856=ORIENTED_EDGE('',*,*,#9798,.F.);
#6857=ORIENTED_EDGE('',*,*,#9700,.F.);
#6858=ORIENTED_EDGE('',*,*,#9758,.F.);
#6859=ORIENTED_EDGE('',*,*,#9799,.T.);
#6860=ORIENTED_EDGE('',*,*,#9800,.T.);
#6861=ORIENTED_EDGE('',*,*,#9801,.T.);
#6862=ORIENTED_EDGE('',*,*,#9799,.F.);
#6863=ORIENTED_EDGE('',*,*,#9757,.F.);
#6864=ORIENTED_EDGE('',*,*,#9640,.T.);
#6865=ORIENTED_EDGE('',*,*,#9759,.F.);
#6866=ORIENTED_EDGE('',*,*,#9801,.F.);
#6867=ORIENTED_EDGE('',*,*,#9802,.T.);
#6868=ORIENTED_EDGE('',*,*,#9802,.F.);
#6869=ORIENTED_EDGE('',*,*,#9800,.F.);
#6870=ORIENTED_EDGE('',*,*,#9798,.T.);
#6871=ORIENTED_EDGE('',*,*,#9803,.F.);
#6872=ORIENTED_EDGE('',*,*,#9699,.F.);
#6873=ORIENTED_EDGE('',*,*,#9755,.F.);
#6874=ORIENTED_EDGE('',*,*,#9804,.T.);
#6875=ORIENTED_EDGE('',*,*,#9805,.T.);
#6876=ORIENTED_EDGE('',*,*,#9806,.T.);
#6877=ORIENTED_EDGE('',*,*,#9804,.F.);
#6878=ORIENTED_EDGE('',*,*,#9754,.F.);
#6879=ORIENTED_EDGE('',*,*,#9642,.T.);
#6880=ORIENTED_EDGE('',*,*,#9756,.F.);
#6881=ORIENTED_EDGE('',*,*,#9806,.F.);
#6882=ORIENTED_EDGE('',*,*,#9807,.T.);
#6883=ORIENTED_EDGE('',*,*,#9807,.F.);
#6884=ORIENTED_EDGE('',*,*,#9805,.F.);
#6885=ORIENTED_EDGE('',*,*,#9803,.T.);
#6886=ORIENTED_EDGE('',*,*,#9808,.F.);
#6887=ORIENTED_EDGE('',*,*,#9698,.F.);
#6888=ORIENTED_EDGE('',*,*,#9752,.F.);
#6889=ORIENTED_EDGE('',*,*,#9809,.T.);
#6890=ORIENTED_EDGE('',*,*,#9810,.T.);
#6891=ORIENTED_EDGE('',*,*,#9811,.T.);
#6892=ORIENTED_EDGE('',*,*,#9809,.F.);
#6893=ORIENTED_EDGE('',*,*,#9751,.F.);
#6894=ORIENTED_EDGE('',*,*,#9644,.T.);
#6895=ORIENTED_EDGE('',*,*,#9753,.F.);
#6896=ORIENTED_EDGE('',*,*,#9811,.F.);
#6897=ORIENTED_EDGE('',*,*,#9812,.T.);
#6898=ORIENTED_EDGE('',*,*,#9812,.F.);
#6899=ORIENTED_EDGE('',*,*,#9810,.F.);
#6900=ORIENTED_EDGE('',*,*,#9808,.T.);
#6901=ORIENTED_EDGE('',*,*,#9813,.F.);
#6902=ORIENTED_EDGE('',*,*,#9697,.F.);
#6903=ORIENTED_EDGE('',*,*,#9749,.F.);
#6904=ORIENTED_EDGE('',*,*,#9814,.T.);
#6905=ORIENTED_EDGE('',*,*,#9815,.T.);
#6906=ORIENTED_EDGE('',*,*,#9816,.T.);
#6907=ORIENTED_EDGE('',*,*,#9814,.F.);
#6908=ORIENTED_EDGE('',*,*,#9748,.F.);
#6909=ORIENTED_EDGE('',*,*,#9646,.T.);
#6910=ORIENTED_EDGE('',*,*,#9750,.F.);
#6911=ORIENTED_EDGE('',*,*,#9816,.F.);
#6912=ORIENTED_EDGE('',*,*,#9817,.T.);
#6913=ORIENTED_EDGE('',*,*,#9817,.F.);
#6914=ORIENTED_EDGE('',*,*,#9815,.F.);
#6915=ORIENTED_EDGE('',*,*,#9813,.T.);
#6916=ORIENTED_EDGE('',*,*,#9818,.T.);
#6917=ORIENTED_EDGE('',*,*,#9819,.T.);
#6918=ORIENTED_EDGE('',*,*,#9820,.T.);
#6919=ORIENTED_EDGE('',*,*,#9821,.F.);
#6920=ORIENTED_EDGE('',*,*,#9822,.T.);
#6921=ORIENTED_EDGE('',*,*,#9823,.T.);
#6922=ORIENTED_EDGE('',*,*,#9824,.T.);
#6923=ORIENTED_EDGE('',*,*,#9825,.F.);
#6924=ORIENTED_EDGE('',*,*,#9826,.T.);
#6925=ORIENTED_EDGE('',*,*,#9827,.T.);
#6926=ORIENTED_EDGE('',*,*,#9828,.F.);
#6927=ORIENTED_EDGE('',*,*,#9829,.F.);
#6928=ORIENTED_EDGE('',*,*,#9820,.F.);
#6929=ORIENTED_EDGE('',*,*,#9830,.T.);
#6930=ORIENTED_EDGE('',*,*,#9824,.F.);
#6931=ORIENTED_EDGE('',*,*,#9831,.F.);
#6932=ORIENTED_EDGE('',*,*,#9831,.T.);
#6933=ORIENTED_EDGE('',*,*,#9832,.F.);
#6934=ORIENTED_EDGE('',*,*,#9830,.F.);
#6935=ORIENTED_EDGE('',*,*,#9833,.F.);
#6936=ORIENTED_EDGE('',*,*,#9834,.F.);
#6937=ORIENTED_EDGE('',*,*,#9818,.F.);
#6938=ORIENTED_EDGE('',*,*,#9835,.T.);
#6939=ORIENTED_EDGE('',*,*,#9828,.T.);
#6940=ORIENTED_EDGE('',*,*,#9836,.F.);
#6941=ORIENTED_EDGE('',*,*,#9822,.F.);
#6942=ORIENTED_EDGE('',*,*,#9837,.F.);
#6943=ORIENTED_EDGE('',*,*,#9826,.F.);
#6944=ORIENTED_EDGE('',*,*,#9829,.T.);
#6945=ORIENTED_EDGE('',*,*,#9835,.F.);
#6946=ORIENTED_EDGE('',*,*,#9827,.F.);
#6947=ORIENTED_EDGE('',*,*,#9837,.T.);
#6948=ORIENTED_EDGE('',*,*,#9825,.T.);
#6949=ORIENTED_EDGE('',*,*,#9832,.T.);
#6950=ORIENTED_EDGE('',*,*,#9823,.F.);
#6951=ORIENTED_EDGE('',*,*,#9836,.T.);
#6952=ORIENTED_EDGE('',*,*,#9821,.T.);
#6953=ORIENTED_EDGE('',*,*,#9833,.T.);
#6954=ORIENTED_EDGE('',*,*,#9819,.F.);
#6955=ORIENTED_EDGE('',*,*,#9834,.T.);
#6956=ORIENTED_EDGE('',*,*,#9838,.T.);
#6957=ORIENTED_EDGE('',*,*,#9839,.T.);
#6958=ORIENTED_EDGE('',*,*,#9840,.F.);
#6959=ORIENTED_EDGE('',*,*,#9841,.F.);
#6960=ORIENTED_EDGE('',*,*,#9842,.T.);
#6961=ORIENTED_EDGE('',*,*,#9838,.F.);
#6962=ORIENTED_EDGE('',*,*,#9843,.F.);
#6963=ORIENTED_EDGE('',*,*,#9844,.T.);
#6964=ORIENTED_EDGE('',*,*,#9845,.T.);
#6965=ORIENTED_EDGE('',*,*,#9846,.F.);
#6966=ORIENTED_EDGE('',*,*,#9847,.F.);
#6967=ORIENTED_EDGE('',*,*,#9848,.T.);
#6968=ORIENTED_EDGE('',*,*,#9844,.F.);
#6969=ORIENTED_EDGE('',*,*,#9849,.F.);
#6970=ORIENTED_EDGE('',*,*,#9850,.T.);
#6971=ORIENTED_EDGE('',*,*,#9851,.T.);
#6972=ORIENTED_EDGE('',*,*,#9852,.F.);
#6973=ORIENTED_EDGE('',*,*,#9853,.F.);
#6974=ORIENTED_EDGE('',*,*,#9854,.T.);
#6975=ORIENTED_EDGE('',*,*,#9850,.F.);
#6976=ORIENTED_EDGE('',*,*,#9855,.F.);
#6977=ORIENTED_EDGE('',*,*,#9856,.T.);
#6978=ORIENTED_EDGE('',*,*,#9857,.T.);
#6979=ORIENTED_EDGE('',*,*,#9858,.F.);
#6980=ORIENTED_EDGE('',*,*,#9859,.F.);
#6981=ORIENTED_EDGE('',*,*,#9860,.T.);
#6982=ORIENTED_EDGE('',*,*,#9856,.F.);
#6983=ORIENTED_EDGE('',*,*,#9861,.F.);
#6984=ORIENTED_EDGE('',*,*,#9862,.T.);
#6985=ORIENTED_EDGE('',*,*,#9863,.T.);
#6986=ORIENTED_EDGE('',*,*,#9864,.F.);
#6987=ORIENTED_EDGE('',*,*,#9865,.F.);
#6988=ORIENTED_EDGE('',*,*,#9866,.T.);
#6989=ORIENTED_EDGE('',*,*,#9862,.F.);
#6990=ORIENTED_EDGE('',*,*,#9867,.F.);
#6991=ORIENTED_EDGE('',*,*,#9868,.T.);
#6992=ORIENTED_EDGE('',*,*,#9869,.T.);
#6993=ORIENTED_EDGE('',*,*,#9870,.F.);
#6994=ORIENTED_EDGE('',*,*,#9871,.F.);
#6995=ORIENTED_EDGE('',*,*,#9872,.T.);
#6996=ORIENTED_EDGE('',*,*,#9868,.F.);
#6997=ORIENTED_EDGE('',*,*,#9873,.F.);
#6998=ORIENTED_EDGE('',*,*,#9874,.T.);
#6999=ORIENTED_EDGE('',*,*,#9875,.T.);
#7000=ORIENTED_EDGE('',*,*,#9876,.F.);
#7001=ORIENTED_EDGE('',*,*,#9877,.F.);
#7002=ORIENTED_EDGE('',*,*,#9878,.T.);
#7003=ORIENTED_EDGE('',*,*,#9874,.F.);
#7004=ORIENTED_EDGE('',*,*,#9879,.F.);
#7005=ORIENTED_EDGE('',*,*,#9880,.T.);
#7006=ORIENTED_EDGE('',*,*,#9881,.T.);
#7007=ORIENTED_EDGE('',*,*,#9882,.F.);
#7008=ORIENTED_EDGE('',*,*,#9883,.F.);
#7009=ORIENTED_EDGE('',*,*,#9884,.T.);
#7010=ORIENTED_EDGE('',*,*,#9880,.F.);
#7011=ORIENTED_EDGE('',*,*,#9885,.F.);
#7012=ORIENTED_EDGE('',*,*,#9886,.T.);
#7013=ORIENTED_EDGE('',*,*,#9887,.T.);
#7014=ORIENTED_EDGE('',*,*,#9888,.T.);
#7015=ORIENTED_EDGE('',*,*,#9889,.F.);
#7016=ORIENTED_EDGE('',*,*,#9890,.T.);
#7017=ORIENTED_EDGE('',*,*,#9891,.T.);
#7018=ORIENTED_EDGE('',*,*,#9892,.F.);
#7019=ORIENTED_EDGE('',*,*,#9893,.F.);
#7020=ORIENTED_EDGE('',*,*,#9894,.T.);
#7021=ORIENTED_EDGE('',*,*,#9895,.T.);
#7022=ORIENTED_EDGE('',*,*,#9896,.F.);
#7023=ORIENTED_EDGE('',*,*,#9897,.F.);
#7024=ORIENTED_EDGE('',*,*,#9898,.T.);
#7025=ORIENTED_EDGE('',*,*,#9899,.T.);
#7026=ORIENTED_EDGE('',*,*,#9900,.F.);
#7027=ORIENTED_EDGE('',*,*,#9901,.F.);
#7028=ORIENTED_EDGE('',*,*,#9902,.T.);
#7029=ORIENTED_EDGE('',*,*,#9903,.T.);
#7030=ORIENTED_EDGE('',*,*,#9904,.T.);
#7031=ORIENTED_EDGE('',*,*,#9905,.F.);
#7032=ORIENTED_EDGE('',*,*,#9906,.T.);
#7033=ORIENTED_EDGE('',*,*,#9907,.T.);
#7034=ORIENTED_EDGE('',*,*,#9908,.F.);
#7035=ORIENTED_EDGE('',*,*,#9909,.F.);
#7036=ORIENTED_EDGE('',*,*,#9910,.T.);
#7037=ORIENTED_EDGE('',*,*,#9911,.T.);
#7038=ORIENTED_EDGE('',*,*,#9912,.T.);
#7039=ORIENTED_EDGE('',*,*,#9913,.F.);
#7040=ORIENTED_EDGE('',*,*,#9914,.T.);
#7041=ORIENTED_EDGE('',*,*,#9915,.T.);
#7042=ORIENTED_EDGE('',*,*,#9916,.F.);
#7043=ORIENTED_EDGE('',*,*,#9917,.F.);
#7044=ORIENTED_EDGE('',*,*,#9918,.T.);
#7045=ORIENTED_EDGE('',*,*,#9919,.T.);
#7046=ORIENTED_EDGE('',*,*,#9920,.F.);
#7047=ORIENTED_EDGE('',*,*,#9921,.F.);
#7048=ORIENTED_EDGE('',*,*,#9922,.T.);
#7049=ORIENTED_EDGE('',*,*,#9923,.T.);
#7050=ORIENTED_EDGE('',*,*,#9924,.F.);
#7051=ORIENTED_EDGE('',*,*,#9925,.F.);
#7052=ORIENTED_EDGE('',*,*,#9926,.T.);
#7053=ORIENTED_EDGE('',*,*,#9927,.T.);
#7054=ORIENTED_EDGE('',*,*,#9928,.T.);
#7055=ORIENTED_EDGE('',*,*,#9929,.F.);
#7056=ORIENTED_EDGE('',*,*,#9930,.T.);
#7057=ORIENTED_EDGE('',*,*,#9931,.T.);
#7058=ORIENTED_EDGE('',*,*,#9932,.F.);
#7059=ORIENTED_EDGE('',*,*,#9933,.F.);
#7060=ORIENTED_EDGE('',*,*,#9934,.T.);
#7061=ORIENTED_EDGE('',*,*,#9935,.T.);
#7062=ORIENTED_EDGE('',*,*,#9936,.F.);
#7063=ORIENTED_EDGE('',*,*,#9937,.F.);
#7064=ORIENTED_EDGE('',*,*,#9938,.F.);
#7065=ORIENTED_EDGE('',*,*,#9939,.F.);
#7066=ORIENTED_EDGE('',*,*,#9940,.T.);
#7067=ORIENTED_EDGE('',*,*,#9941,.T.);
#7068=ORIENTED_EDGE('',*,*,#9942,.F.);
#7069=ORIENTED_EDGE('',*,*,#9943,.F.);
#7070=ORIENTED_EDGE('',*,*,#9944,.T.);
#7071=ORIENTED_EDGE('',*,*,#9940,.F.);
#7072=ORIENTED_EDGE('',*,*,#9945,.F.);
#7073=ORIENTED_EDGE('',*,*,#9946,.T.);
#7074=ORIENTED_EDGE('',*,*,#9947,.T.);
#7075=ORIENTED_EDGE('',*,*,#9948,.F.);
#7076=ORIENTED_EDGE('',*,*,#9949,.F.);
#7077=ORIENTED_EDGE('',*,*,#9950,.T.);
#7078=ORIENTED_EDGE('',*,*,#9946,.F.);
#7079=ORIENTED_EDGE('',*,*,#9951,.F.);
#7080=ORIENTED_EDGE('',*,*,#9952,.T.);
#7081=ORIENTED_EDGE('',*,*,#9953,.T.);
#7082=ORIENTED_EDGE('',*,*,#9954,.F.);
#7083=ORIENTED_EDGE('',*,*,#9955,.F.);
#7084=ORIENTED_EDGE('',*,*,#9955,.T.);
#7085=ORIENTED_EDGE('',*,*,#9956,.F.);
#7086=ORIENTED_EDGE('',*,*,#9957,.F.);
#7087=ORIENTED_EDGE('',*,*,#9958,.T.);
#7088=ORIENTED_EDGE('',*,*,#9959,.T.);
#7089=ORIENTED_EDGE('',*,*,#9960,.T.);
#7090=ORIENTED_EDGE('',*,*,#9961,.F.);
#7091=ORIENTED_EDGE('',*,*,#9962,.F.);
#7092=ORIENTED_EDGE('',*,*,#9963,.T.);
#7093=ORIENTED_EDGE('',*,*,#9964,.T.);
#7094=ORIENTED_EDGE('',*,*,#9965,.F.);
#7095=ORIENTED_EDGE('',*,*,#9960,.F.);
#7096=ORIENTED_EDGE('',*,*,#9966,.F.);
#7097=ORIENTED_EDGE('',*,*,#9906,.F.);
#7098=ORIENTED_EDGE('',*,*,#9904,.F.);
#7099=ORIENTED_EDGE('',*,*,#9967,.F.);
#7100=ORIENTED_EDGE('',*,*,#9968,.T.);
#7101=ORIENTED_EDGE('',*,*,#9969,.F.);
#7102=ORIENTED_EDGE('',*,*,#9914,.F.);
#7103=ORIENTED_EDGE('',*,*,#9970,.F.);
#7104=ORIENTED_EDGE('',*,*,#9971,.T.);
#7105=ORIENTED_EDGE('',*,*,#9972,.F.);
#7106=ORIENTED_EDGE('',*,*,#9912,.F.);
#7107=ORIENTED_EDGE('',*,*,#9973,.F.);
#7108=ORIENTED_EDGE('',*,*,#9974,.T.);
#7109=ORIENTED_EDGE('',*,*,#9975,.T.);
#7110=ORIENTED_EDGE('',*,*,#9976,.F.);
#7111=ORIENTED_EDGE('',*,*,#9964,.F.);
#7112=ORIENTED_EDGE('',*,*,#9977,.T.);
#7113=ORIENTED_EDGE('',*,*,#9978,.F.);
#7114=ORIENTED_EDGE('',*,*,#9979,.F.);
#7115=ORIENTED_EDGE('',*,*,#9980,.F.);
#7116=ORIENTED_EDGE('',*,*,#9981,.T.);
#7117=ORIENTED_EDGE('',*,*,#9982,.F.);
#7118=ORIENTED_EDGE('',*,*,#9983,.T.);
#7119=ORIENTED_EDGE('',*,*,#9984,.T.);
#7120=ORIENTED_EDGE('',*,*,#9938,.T.);
#7121=ORIENTED_EDGE('',*,*,#9985,.T.);
#7122=ORIENTED_EDGE('',*,*,#9968,.F.);
#7123=ORIENTED_EDGE('',*,*,#9986,.F.);
#7124=ORIENTED_EDGE('',*,*,#9987,.T.);
#7125=ORIENTED_EDGE('',*,*,#9988,.T.);
#7126=ORIENTED_EDGE('',*,*,#9989,.F.);
#7127=ORIENTED_EDGE('',*,*,#9990,.F.);
#7128=ORIENTED_EDGE('',*,*,#9991,.F.);
#7129=ORIENTED_EDGE('',*,*,#9922,.F.);
#7130=ORIENTED_EDGE('',*,*,#9992,.F.);
#7131=ORIENTED_EDGE('',*,*,#9918,.F.);
#7132=ORIENTED_EDGE('',*,*,#9993,.F.);
#7133=ORIENTED_EDGE('',*,*,#9898,.F.);
#7134=ORIENTED_EDGE('',*,*,#9994,.F.);
#7135=ORIENTED_EDGE('',*,*,#9894,.F.);
#7136=ORIENTED_EDGE('',*,*,#9995,.T.);
#7137=ORIENTED_EDGE('',*,*,#9996,.F.);
#7138=ORIENTED_EDGE('',*,*,#9974,.F.);
#7139=ORIENTED_EDGE('',*,*,#9997,.T.);
#7140=ORIENTED_EDGE('',*,*,#9936,.T.);
#7141=ORIENTED_EDGE('',*,*,#9998,.T.);
#7142=ORIENTED_EDGE('',*,*,#9990,.T.);
#7143=ORIENTED_EDGE('',*,*,#9999,.T.);
#7144=ORIENTED_EDGE('',*,*,#10000,.F.);
#7145=ORIENTED_EDGE('',*,*,#10001,.F.);
#7146=ORIENTED_EDGE('',*,*,#10002,.T.);
#7147=ORIENTED_EDGE('',*,*,#9852,.T.);
#7148=ORIENTED_EDGE('',*,*,#10003,.T.);
#7149=ORIENTED_EDGE('',*,*,#9858,.T.);
#7150=ORIENTED_EDGE('',*,*,#9987,.F.);
#7151=ORIENTED_EDGE('',*,*,#10001,.T.);
#7152=ORIENTED_EDGE('',*,*,#10004,.T.);
#7153=ORIENTED_EDGE('',*,*,#10005,.F.);
#7154=ORIENTED_EDGE('',*,*,#10006,.F.);
#7155=ORIENTED_EDGE('',*,*,#9934,.F.);
#7156=ORIENTED_EDGE('',*,*,#9988,.F.);
#7157=ORIENTED_EDGE('',*,*,#10005,.T.);
#7158=ORIENTED_EDGE('',*,*,#10007,.T.);
#7159=ORIENTED_EDGE('',*,*,#10008,.F.);
#7160=ORIENTED_EDGE('',*,*,#10009,.T.);
#7161=ORIENTED_EDGE('',*,*,#9840,.T.);
#7162=ORIENTED_EDGE('',*,*,#10010,.T.);
#7163=ORIENTED_EDGE('',*,*,#9846,.T.);
#7164=ORIENTED_EDGE('',*,*,#9999,.F.);
#7165=ORIENTED_EDGE('',*,*,#9989,.T.);
#7166=ORIENTED_EDGE('',*,*,#10008,.T.);
#7167=ORIENTED_EDGE('',*,*,#10011,.T.);
#7168=ORIENTED_EDGE('',*,*,#10012,.T.);
#7169=ORIENTED_EDGE('',*,*,#9979,.T.);
#7170=ORIENTED_EDGE('',*,*,#10013,.T.);
#7171=ORIENTED_EDGE('',*,*,#9961,.T.);
#7172=ORIENTED_EDGE('',*,*,#9965,.T.);
#7173=ORIENTED_EDGE('',*,*,#9976,.T.);
#7174=ORIENTED_EDGE('',*,*,#10014,.T.);
#7175=ORIENTED_EDGE('',*,*,#10015,.T.);
#7176=ORIENTED_EDGE('',*,*,#9956,.T.);
#7177=ORIENTED_EDGE('',*,*,#9954,.T.);
#7178=ORIENTED_EDGE('',*,*,#10000,.T.);
#7179=ORIENTED_EDGE('',*,*,#10011,.F.);
#7180=ORIENTED_EDGE('',*,*,#10007,.F.);
#7181=ORIENTED_EDGE('',*,*,#10004,.F.);
#7182=ORIENTED_EDGE('',*,*,#10016,.T.);
#7183=ORIENTED_EDGE('',*,*,#9864,.T.);
#7184=ORIENTED_EDGE('',*,*,#10017,.T.);
#7185=ORIENTED_EDGE('',*,*,#9870,.T.);
#7186=ORIENTED_EDGE('',*,*,#10018,.T.);
#7187=ORIENTED_EDGE('',*,*,#9876,.T.);
#7188=ORIENTED_EDGE('',*,*,#10019,.T.);
#7189=ORIENTED_EDGE('',*,*,#9882,.T.);
#7190=ORIENTED_EDGE('',*,*,#10020,.T.);
#7191=ORIENTED_EDGE('',*,*,#9892,.T.);
#7192=ORIENTED_EDGE('',*,*,#10021,.T.);
#7193=ORIENTED_EDGE('',*,*,#9908,.T.);
#7194=ORIENTED_EDGE('',*,*,#10022,.T.);
#7195=ORIENTED_EDGE('',*,*,#9916,.T.);
#7196=ORIENTED_EDGE('',*,*,#10023,.T.);
#7197=ORIENTED_EDGE('',*,*,#9932,.T.);
#7198=ORIENTED_EDGE('',*,*,#9980,.T.);
#7199=ORIENTED_EDGE('',*,*,#10012,.F.);
#7200=ORIENTED_EDGE('',*,*,#9953,.F.);
#7201=ORIENTED_EDGE('',*,*,#10024,.T.);
#7202=ORIENTED_EDGE('',*,*,#10025,.F.);
#7203=ORIENTED_EDGE('',*,*,#10014,.F.);
#7204=ORIENTED_EDGE('',*,*,#9975,.F.);
#7205=ORIENTED_EDGE('',*,*,#9996,.T.);
#7206=ORIENTED_EDGE('',*,*,#10026,.F.);
#7207=ORIENTED_EDGE('',*,*,#9888,.F.);
#7208=ORIENTED_EDGE('',*,*,#10027,.F.);
#7209=ORIENTED_EDGE('',*,*,#9982,.T.);
#7210=ORIENTED_EDGE('',*,*,#10028,.F.);
#7211=ORIENTED_EDGE('',*,*,#9890,.F.);
#7212=ORIENTED_EDGE('',*,*,#10029,.F.);
#7213=ORIENTED_EDGE('',*,*,#9986,.T.);
#7214=ORIENTED_EDGE('',*,*,#9928,.F.);
#7215=ORIENTED_EDGE('',*,*,#10030,.F.);
#7216=ORIENTED_EDGE('',*,*,#10031,.F.);
#7217=ORIENTED_EDGE('',*,*,#9930,.F.);
#7218=ORIENTED_EDGE('',*,*,#10032,.T.);
#7219=ORIENTED_EDGE('',*,*,#9971,.F.);
#7220=ORIENTED_EDGE('',*,*,#9962,.T.);
#7221=ORIENTED_EDGE('',*,*,#10013,.F.);
#7222=ORIENTED_EDGE('',*,*,#9978,.T.);
#7223=ORIENTED_EDGE('',*,*,#10033,.T.);
#7224=ORIENTED_EDGE('',*,*,#10034,.T.);
#7225=ORIENTED_EDGE('',*,*,#9948,.T.);
#7226=ORIENTED_EDGE('',*,*,#9977,.F.);
#7227=ORIENTED_EDGE('',*,*,#9963,.F.);
#7228=ORIENTED_EDGE('',*,*,#9959,.F.);
#7229=ORIENTED_EDGE('',*,*,#10033,.F.);
#7230=ORIENTED_EDGE('',*,*,#9957,.T.);
#7231=ORIENTED_EDGE('',*,*,#10015,.F.);
#7232=ORIENTED_EDGE('',*,*,#10025,.T.);
#7233=ORIENTED_EDGE('',*,*,#10035,.T.);
#7234=ORIENTED_EDGE('',*,*,#10036,.T.);
#7235=ORIENTED_EDGE('',*,*,#9942,.T.);
#7236=ORIENTED_EDGE('',*,*,#10024,.F.);
#7237=ORIENTED_EDGE('',*,*,#9952,.F.);
#7238=ORIENTED_EDGE('',*,*,#9958,.F.);
#7239=ORIENTED_EDGE('',*,*,#10035,.F.);
#7240=ORIENTED_EDGE('',*,*,#9951,.T.);
#7241=ORIENTED_EDGE('',*,*,#10037,.F.);
#7242=ORIENTED_EDGE('',*,*,#9950,.F.);
#7243=ORIENTED_EDGE('',*,*,#9949,.T.);
#7244=ORIENTED_EDGE('',*,*,#10034,.F.);
#7245=ORIENTED_EDGE('',*,*,#9947,.F.);
#7246=ORIENTED_EDGE('',*,*,#10037,.T.);
#7247=ORIENTED_EDGE('',*,*,#9945,.T.);
#7248=ORIENTED_EDGE('',*,*,#10038,.F.);
#7249=ORIENTED_EDGE('',*,*,#9944,.F.);
#7250=ORIENTED_EDGE('',*,*,#9943,.T.);
#7251=ORIENTED_EDGE('',*,*,#10036,.F.);
#7252=ORIENTED_EDGE('',*,*,#9941,.F.);
#7253=ORIENTED_EDGE('',*,*,#10038,.T.);
#7254=ORIENTED_EDGE('',*,*,#9939,.T.);
#7255=ORIENTED_EDGE('',*,*,#9984,.F.);
#7256=ORIENTED_EDGE('',*,*,#10039,.F.);
#7257=ORIENTED_EDGE('',*,*,#9998,.F.);
#7258=ORIENTED_EDGE('',*,*,#9935,.F.);
#7259=ORIENTED_EDGE('',*,*,#10006,.T.);
#7260=ORIENTED_EDGE('',*,*,#9933,.T.);
#7261=ORIENTED_EDGE('',*,*,#10023,.F.);
#7262=ORIENTED_EDGE('',*,*,#9931,.F.);
#7263=ORIENTED_EDGE('',*,*,#10031,.T.);
#7264=ORIENTED_EDGE('',*,*,#9929,.T.);
#7265=ORIENTED_EDGE('',*,*,#10030,.T.);
#7266=ORIENTED_EDGE('',*,*,#9927,.F.);
#7267=ORIENTED_EDGE('',*,*,#10040,.T.);
#7268=ORIENTED_EDGE('',*,*,#9925,.T.);
#7269=ORIENTED_EDGE('',*,*,#10041,.F.);
#7270=ORIENTED_EDGE('',*,*,#9923,.F.);
#7271=ORIENTED_EDGE('',*,*,#9991,.T.);
#7272=ORIENTED_EDGE('',*,*,#10041,.T.);
#7273=ORIENTED_EDGE('',*,*,#9924,.T.);
#7274=ORIENTED_EDGE('',*,*,#10040,.F.);
#7275=ORIENTED_EDGE('',*,*,#9926,.F.);
#7276=ORIENTED_EDGE('',*,*,#9921,.T.);
#7277=ORIENTED_EDGE('',*,*,#10042,.F.);
#7278=ORIENTED_EDGE('',*,*,#9919,.F.);
#7279=ORIENTED_EDGE('',*,*,#9992,.T.);
#7280=ORIENTED_EDGE('',*,*,#10042,.T.);
#7281=ORIENTED_EDGE('',*,*,#9920,.T.);
#7282=ORIENTED_EDGE('',*,*,#10043,.F.);
#7283=ORIENTED_EDGE('',*,*,#9910,.F.);
#7284=ORIENTED_EDGE('',*,*,#9913,.T.);
#7285=ORIENTED_EDGE('',*,*,#9972,.T.);
#7286=ORIENTED_EDGE('',*,*,#10032,.F.);
#7287=ORIENTED_EDGE('',*,*,#9970,.T.);
#7288=ORIENTED_EDGE('',*,*,#9917,.T.);
#7289=ORIENTED_EDGE('',*,*,#10022,.F.);
#7290=ORIENTED_EDGE('',*,*,#9915,.F.);
#7291=ORIENTED_EDGE('',*,*,#9969,.T.);
#7292=ORIENTED_EDGE('',*,*,#9985,.F.);
#7293=ORIENTED_EDGE('',*,*,#9937,.T.);
#7294=ORIENTED_EDGE('',*,*,#9997,.F.);
#7295=ORIENTED_EDGE('',*,*,#9973,.T.);
#7296=ORIENTED_EDGE('',*,*,#9911,.F.);
#7297=ORIENTED_EDGE('',*,*,#10043,.T.);
#7298=ORIENTED_EDGE('',*,*,#9909,.T.);
#7299=ORIENTED_EDGE('',*,*,#10021,.F.);
#7300=ORIENTED_EDGE('',*,*,#9907,.F.);
#7301=ORIENTED_EDGE('',*,*,#9966,.T.);
#7302=ORIENTED_EDGE('',*,*,#9905,.T.);
#7303=ORIENTED_EDGE('',*,*,#9967,.T.);
#7304=ORIENTED_EDGE('',*,*,#9903,.F.);
#7305=ORIENTED_EDGE('',*,*,#10044,.T.);
#7306=ORIENTED_EDGE('',*,*,#9901,.T.);
#7307=ORIENTED_EDGE('',*,*,#10045,.F.);
#7308=ORIENTED_EDGE('',*,*,#9899,.F.);
#7309=ORIENTED_EDGE('',*,*,#9993,.T.);
#7310=ORIENTED_EDGE('',*,*,#10045,.T.);
#7311=ORIENTED_EDGE('',*,*,#9900,.T.);
#7312=ORIENTED_EDGE('',*,*,#10044,.F.);
#7313=ORIENTED_EDGE('',*,*,#9902,.F.);
#7314=ORIENTED_EDGE('',*,*,#9897,.T.);
#7315=ORIENTED_EDGE('',*,*,#10046,.F.);
#7316=ORIENTED_EDGE('',*,*,#9895,.F.);
#7317=ORIENTED_EDGE('',*,*,#9994,.T.);
#7318=ORIENTED_EDGE('',*,*,#10046,.T.);
#7319=ORIENTED_EDGE('',*,*,#9896,.T.);
#7320=ORIENTED_EDGE('',*,*,#10047,.F.);
#7321=ORIENTED_EDGE('',*,*,#9886,.F.);
#7322=ORIENTED_EDGE('',*,*,#9889,.T.);
#7323=ORIENTED_EDGE('',*,*,#10026,.T.);
#7324=ORIENTED_EDGE('',*,*,#9995,.F.);
#7325=ORIENTED_EDGE('',*,*,#10039,.T.);
#7326=ORIENTED_EDGE('',*,*,#9983,.F.);
#7327=ORIENTED_EDGE('',*,*,#10029,.T.);
#7328=ORIENTED_EDGE('',*,*,#9893,.T.);
#7329=ORIENTED_EDGE('',*,*,#10020,.F.);
#7330=ORIENTED_EDGE('',*,*,#9891,.F.);
#7331=ORIENTED_EDGE('',*,*,#10028,.T.);
#7332=ORIENTED_EDGE('',*,*,#9981,.F.);
#7333=ORIENTED_EDGE('',*,*,#10027,.T.);
#7334=ORIENTED_EDGE('',*,*,#9887,.F.);
#7335=ORIENTED_EDGE('',*,*,#10047,.T.);
#7336=ORIENTED_EDGE('',*,*,#9885,.T.);
#7337=ORIENTED_EDGE('',*,*,#10048,.F.);
#7338=ORIENTED_EDGE('',*,*,#9884,.F.);
#7339=ORIENTED_EDGE('',*,*,#9883,.T.);
#7340=ORIENTED_EDGE('',*,*,#10019,.F.);
#7341=ORIENTED_EDGE('',*,*,#9881,.F.);
#7342=ORIENTED_EDGE('',*,*,#10048,.T.);
#7343=ORIENTED_EDGE('',*,*,#9879,.T.);
#7344=ORIENTED_EDGE('',*,*,#10049,.F.);
#7345=ORIENTED_EDGE('',*,*,#9878,.F.);
#7346=ORIENTED_EDGE('',*,*,#9877,.T.);
#7347=ORIENTED_EDGE('',*,*,#10018,.F.);
#7348=ORIENTED_EDGE('',*,*,#9875,.F.);
#7349=ORIENTED_EDGE('',*,*,#10049,.T.);
#7350=ORIENTED_EDGE('',*,*,#9873,.T.);
#7351=ORIENTED_EDGE('',*,*,#10050,.F.);
#7352=ORIENTED_EDGE('',*,*,#9872,.F.);
#7353=ORIENTED_EDGE('',*,*,#9871,.T.);
#7354=ORIENTED_EDGE('',*,*,#10017,.F.);
#7355=ORIENTED_EDGE('',*,*,#9869,.F.);
#7356=ORIENTED_EDGE('',*,*,#10050,.T.);
#7357=ORIENTED_EDGE('',*,*,#9867,.T.);
#7358=ORIENTED_EDGE('',*,*,#10051,.F.);
#7359=ORIENTED_EDGE('',*,*,#9866,.F.);
#7360=ORIENTED_EDGE('',*,*,#9865,.T.);
#7361=ORIENTED_EDGE('',*,*,#10016,.F.);
#7362=ORIENTED_EDGE('',*,*,#9863,.F.);
#7363=ORIENTED_EDGE('',*,*,#10051,.T.);
#7364=ORIENTED_EDGE('',*,*,#9861,.T.);
#7365=ORIENTED_EDGE('',*,*,#10052,.F.);
#7366=ORIENTED_EDGE('',*,*,#9860,.F.);
#7367=ORIENTED_EDGE('',*,*,#9859,.T.);
#7368=ORIENTED_EDGE('',*,*,#10003,.F.);
#7369=ORIENTED_EDGE('',*,*,#9857,.F.);
#7370=ORIENTED_EDGE('',*,*,#10052,.T.);
#7371=ORIENTED_EDGE('',*,*,#9855,.T.);
#7372=ORIENTED_EDGE('',*,*,#10053,.F.);
#7373=ORIENTED_EDGE('',*,*,#9854,.F.);
#7374=ORIENTED_EDGE('',*,*,#9853,.T.);
#7375=ORIENTED_EDGE('',*,*,#10002,.F.);
#7376=ORIENTED_EDGE('',*,*,#9851,.F.);
#7377=ORIENTED_EDGE('',*,*,#10053,.T.);
#7378=ORIENTED_EDGE('',*,*,#9849,.T.);
#7379=ORIENTED_EDGE('',*,*,#10054,.F.);
#7380=ORIENTED_EDGE('',*,*,#9848,.F.);
#7381=ORIENTED_EDGE('',*,*,#9847,.T.);
#7382=ORIENTED_EDGE('',*,*,#10010,.F.);
#7383=ORIENTED_EDGE('',*,*,#9845,.F.);
#7384=ORIENTED_EDGE('',*,*,#10054,.T.);
#7385=ORIENTED_EDGE('',*,*,#9843,.T.);
#7386=ORIENTED_EDGE('',*,*,#10055,.F.);
#7387=ORIENTED_EDGE('',*,*,#9842,.F.);
#7388=ORIENTED_EDGE('',*,*,#9841,.T.);
#7389=ORIENTED_EDGE('',*,*,#10009,.F.);
#7390=ORIENTED_EDGE('',*,*,#9839,.F.);
#7391=ORIENTED_EDGE('',*,*,#10055,.T.);
#7392=ORIENTED_EDGE('',*,*,#10056,.F.);
#7393=ORIENTED_EDGE('',*,*,#10057,.T.);
#7394=ORIENTED_EDGE('',*,*,#10058,.T.);
#7395=ORIENTED_EDGE('',*,*,#10059,.F.);
#7396=ORIENTED_EDGE('',*,*,#10060,.T.);
#7397=ORIENTED_EDGE('',*,*,#10061,.F.);
#7398=ORIENTED_EDGE('',*,*,#10062,.F.);
#7399=ORIENTED_EDGE('',*,*,#10063,.F.);
#7400=ORIENTED_EDGE('',*,*,#10064,.T.);
#7401=ORIENTED_EDGE('',*,*,#10065,.T.);
#7402=ORIENTED_EDGE('',*,*,#10066,.T.);
#7403=ORIENTED_EDGE('',*,*,#10067,.F.);
#7404=ORIENTED_EDGE('',*,*,#10068,.T.);
#7405=ORIENTED_EDGE('',*,*,#10058,.F.);
#7406=ORIENTED_EDGE('',*,*,#10069,.F.);
#7407=ORIENTED_EDGE('',*,*,#10070,.T.);
#7408=ORIENTED_EDGE('',*,*,#10066,.F.);
#7409=ORIENTED_EDGE('',*,*,#10071,.F.);
#7410=ORIENTED_EDGE('',*,*,#10072,.T.);
#7411=ORIENTED_EDGE('',*,*,#10073,.T.);
#7412=ORIENTED_EDGE('',*,*,#10074,.T.);
#7413=ORIENTED_EDGE('',*,*,#10075,.F.);
#7414=ORIENTED_EDGE('',*,*,#10076,.T.);
#7415=ORIENTED_EDGE('',*,*,#10077,.F.);
#7416=ORIENTED_EDGE('',*,*,#10078,.T.);
#7417=ORIENTED_EDGE('',*,*,#10079,.T.);
#7418=ORIENTED_EDGE('',*,*,#10080,.T.);
#7419=ORIENTED_EDGE('',*,*,#10081,.F.);
#7420=ORIENTED_EDGE('',*,*,#10082,.T.);
#7421=ORIENTED_EDGE('',*,*,#10083,.T.);
#7422=ORIENTED_EDGE('',*,*,#10084,.T.);
#7423=ORIENTED_EDGE('',*,*,#10085,.F.);
#7424=ORIENTED_EDGE('',*,*,#10086,.T.);
#7425=ORIENTED_EDGE('',*,*,#10087,.T.);
#7426=ORIENTED_EDGE('',*,*,#10088,.T.);
#7427=ORIENTED_EDGE('',*,*,#10089,.F.);
#7428=ORIENTED_EDGE('',*,*,#10090,.T.);
#7429=ORIENTED_EDGE('',*,*,#10091,.T.);
#7430=ORIENTED_EDGE('',*,*,#10092,.F.);
#7431=ORIENTED_EDGE('',*,*,#10078,.F.);
#7432=ORIENTED_EDGE('',*,*,#10093,.T.);
#7433=ORIENTED_EDGE('',*,*,#10094,.F.);
#7434=ORIENTED_EDGE('',*,*,#10082,.F.);
#7435=ORIENTED_EDGE('',*,*,#10095,.T.);
#7436=ORIENTED_EDGE('',*,*,#10096,.F.);
#7437=ORIENTED_EDGE('',*,*,#10086,.F.);
#7438=ORIENTED_EDGE('',*,*,#10097,.T.);
#7439=ORIENTED_EDGE('',*,*,#10098,.F.);
#7440=ORIENTED_EDGE('',*,*,#10090,.F.);
#7441=ORIENTED_EDGE('',*,*,#10099,.T.);
#7442=ORIENTED_EDGE('',*,*,#10100,.F.);
#7443=ORIENTED_EDGE('',*,*,#10101,.F.);
#7444=ORIENTED_EDGE('',*,*,#10102,.F.);
#7445=ORIENTED_EDGE('',*,*,#10103,.F.);
#7446=ORIENTED_EDGE('',*,*,#10056,.T.);
#7447=ORIENTED_EDGE('',*,*,#10104,.T.);
#7448=ORIENTED_EDGE('',*,*,#10105,.T.);
#7449=ORIENTED_EDGE('',*,*,#10106,.T.);
#7450=ORIENTED_EDGE('',*,*,#10107,.T.);
#7451=ORIENTED_EDGE('',*,*,#10108,.T.);
#7452=ORIENTED_EDGE('',*,*,#10103,.T.);
#7453=ORIENTED_EDGE('',*,*,#10109,.T.);
#7454=ORIENTED_EDGE('',*,*,#10110,.T.);
#7455=ORIENTED_EDGE('',*,*,#10062,.T.);
#7456=ORIENTED_EDGE('',*,*,#10111,.T.);
#7457=ORIENTED_EDGE('',*,*,#10112,.T.);
#7458=ORIENTED_EDGE('',*,*,#10113,.F.);
#7459=ORIENTED_EDGE('',*,*,#10114,.T.);
#7460=ORIENTED_EDGE('',*,*,#10115,.F.);
#7461=ORIENTED_EDGE('',*,*,#10116,.T.);
#7462=ORIENTED_EDGE('',*,*,#10117,.F.);
#7463=ORIENTED_EDGE('',*,*,#10118,.T.);
#7464=ORIENTED_EDGE('',*,*,#10119,.F.);
#7465=ORIENTED_EDGE('',*,*,#10120,.F.);
#7466=ORIENTED_EDGE('',*,*,#10121,.F.);
#7467=ORIENTED_EDGE('',*,*,#10100,.T.);
#7468=ORIENTED_EDGE('',*,*,#10108,.F.);
#7469=ORIENTED_EDGE('',*,*,#10122,.F.);
#7470=ORIENTED_EDGE('',*,*,#10064,.F.);
#7471=ORIENTED_EDGE('',*,*,#10123,.T.);
#7472=ORIENTED_EDGE('',*,*,#10124,.F.);
#7473=ORIENTED_EDGE('',*,*,#10125,.F.);
#7474=ORIENTED_EDGE('',*,*,#10126,.F.);
#7475=ORIENTED_EDGE('',*,*,#10127,.F.);
#7476=ORIENTED_EDGE('',*,*,#10128,.F.);
#7477=ORIENTED_EDGE('',*,*,#10129,.T.);
#7478=ORIENTED_EDGE('',*,*,#10130,.F.);
#7479=ORIENTED_EDGE('',*,*,#10131,.T.);
#7480=ORIENTED_EDGE('',*,*,#10132,.F.);
#7481=ORIENTED_EDGE('',*,*,#10133,.T.);
#7482=ORIENTED_EDGE('',*,*,#10060,.F.);
#7483=ORIENTED_EDGE('',*,*,#10134,.F.);
#7484=ORIENTED_EDGE('',*,*,#10135,.F.);
#7485=ORIENTED_EDGE('',*,*,#10101,.T.);
#7486=ORIENTED_EDGE('',*,*,#10121,.T.);
#7487=ORIENTED_EDGE('',*,*,#10136,.F.);
#7488=ORIENTED_EDGE('',*,*,#10102,.T.);
#7489=ORIENTED_EDGE('',*,*,#10135,.T.);
#7490=ORIENTED_EDGE('',*,*,#10137,.F.);
#7491=ORIENTED_EDGE('',*,*,#10109,.F.);
#7492=ORIENTED_EDGE('',*,*,#10059,.T.);
#7493=ORIENTED_EDGE('',*,*,#10138,.T.);
#7494=ORIENTED_EDGE('',*,*,#10057,.F.);
#7495=ORIENTED_EDGE('',*,*,#10104,.F.);
#7496=ORIENTED_EDGE('',*,*,#10139,.F.);
#7497=ORIENTED_EDGE('',*,*,#10140,.T.);
#7498=ORIENTED_EDGE('',*,*,#10141,.F.);
#7499=ORIENTED_EDGE('',*,*,#10124,.T.);
#7500=ORIENTED_EDGE('',*,*,#10142,.F.);
#7501=ORIENTED_EDGE('',*,*,#10105,.F.);
#7502=ORIENTED_EDGE('',*,*,#10143,.F.);
#7503=ORIENTED_EDGE('',*,*,#10144,.T.);
#7504=ORIENTED_EDGE('',*,*,#10145,.F.);
#7505=ORIENTED_EDGE('',*,*,#10146,.F.);
#7506=ORIENTED_EDGE('',*,*,#10147,.F.);
#7507=ORIENTED_EDGE('',*,*,#10118,.F.);
#7508=ORIENTED_EDGE('',*,*,#10148,.F.);
#7509=ORIENTED_EDGE('',*,*,#10149,.F.);
#7510=ORIENTED_EDGE('',*,*,#10150,.F.);
#7511=ORIENTED_EDGE('',*,*,#10116,.F.);
#7512=ORIENTED_EDGE('',*,*,#10151,.F.);
#7513=ORIENTED_EDGE('',*,*,#10114,.F.);
#7514=ORIENTED_EDGE('',*,*,#10152,.F.);
#7515=ORIENTED_EDGE('',*,*,#10153,.F.);
#7516=ORIENTED_EDGE('',*,*,#10154,.F.);
#7517=ORIENTED_EDGE('',*,*,#10155,.F.);
#7518=ORIENTED_EDGE('',*,*,#10156,.F.);
#7519=ORIENTED_EDGE('',*,*,#10112,.F.);
#7520=ORIENTED_EDGE('',*,*,#10157,.F.);
#7521=ORIENTED_EDGE('',*,*,#10132,.T.);
#7522=ORIENTED_EDGE('',*,*,#10158,.F.);
#7523=ORIENTED_EDGE('',*,*,#10159,.T.);
#7524=ORIENTED_EDGE('',*,*,#10063,.T.);
#7525=ORIENTED_EDGE('',*,*,#10110,.F.);
#7526=ORIENTED_EDGE('',*,*,#10137,.T.);
#7527=ORIENTED_EDGE('',*,*,#10134,.T.);
#7528=ORIENTED_EDGE('',*,*,#10160,.F.);
#7529=ORIENTED_EDGE('',*,*,#10136,.T.);
#7530=ORIENTED_EDGE('',*,*,#10120,.T.);
#7531=ORIENTED_EDGE('',*,*,#10107,.F.);
#7532=ORIENTED_EDGE('',*,*,#10067,.T.);
#7533=ORIENTED_EDGE('',*,*,#10161,.T.);
#7534=ORIENTED_EDGE('',*,*,#10065,.F.);
#7535=ORIENTED_EDGE('',*,*,#10122,.T.);
#7536=ORIENTED_EDGE('',*,*,#10162,.F.);
#7537=ORIENTED_EDGE('',*,*,#10126,.T.);
#7538=ORIENTED_EDGE('',*,*,#10163,.F.);
#7539=ORIENTED_EDGE('',*,*,#10164,.F.);
#7540=ORIENTED_EDGE('',*,*,#10165,.F.);
#7541=ORIENTED_EDGE('',*,*,#10128,.T.);
#7542=ORIENTED_EDGE('',*,*,#10166,.F.);
#7543=ORIENTED_EDGE('',*,*,#10167,.F.);
#7544=ORIENTED_EDGE('',*,*,#10130,.T.);
#7545=ORIENTED_EDGE('',*,*,#10168,.T.);
#7546=ORIENTED_EDGE('',*,*,#10169,.T.);
#7547=ORIENTED_EDGE('',*,*,#10170,.T.);
#7548=ORIENTED_EDGE('',*,*,#10069,.T.);
#7549=ORIENTED_EDGE('',*,*,#10138,.F.);
#7550=ORIENTED_EDGE('',*,*,#10068,.F.);
#7551=ORIENTED_EDGE('',*,*,#10171,.T.);
#7552=ORIENTED_EDGE('',*,*,#10172,.T.);
#7553=ORIENTED_EDGE('',*,*,#10173,.T.);
#7554=ORIENTED_EDGE('',*,*,#10139,.T.);
#7555=ORIENTED_EDGE('',*,*,#10174,.T.);
#7556=ORIENTED_EDGE('',*,*,#10163,.T.);
#7557=ORIENTED_EDGE('',*,*,#10125,.T.);
#7558=ORIENTED_EDGE('',*,*,#10141,.T.);
#7559=ORIENTED_EDGE('',*,*,#10142,.T.);
#7560=ORIENTED_EDGE('',*,*,#10123,.F.);
#7561=ORIENTED_EDGE('',*,*,#10160,.T.);
#7562=ORIENTED_EDGE('',*,*,#10106,.F.);
#7563=ORIENTED_EDGE('',*,*,#10175,.T.);
#7564=ORIENTED_EDGE('',*,*,#10143,.T.);
#7565=ORIENTED_EDGE('',*,*,#10119,.T.);
#7566=ORIENTED_EDGE('',*,*,#10147,.T.);
#7567=ORIENTED_EDGE('',*,*,#10176,.T.);
#7568=ORIENTED_EDGE('',*,*,#10145,.T.);
#7569=ORIENTED_EDGE('',*,*,#10117,.T.);
#7570=ORIENTED_EDGE('',*,*,#10150,.T.);
#7571=ORIENTED_EDGE('',*,*,#10177,.F.);
#7572=ORIENTED_EDGE('',*,*,#10178,.F.);
#7573=ORIENTED_EDGE('',*,*,#10179,.F.);
#7574=ORIENTED_EDGE('',*,*,#10180,.T.);
#7575=ORIENTED_EDGE('',*,*,#10181,.F.);
#7576=ORIENTED_EDGE('',*,*,#10182,.F.);
#7577=ORIENTED_EDGE('',*,*,#10183,.F.);
#7578=ORIENTED_EDGE('',*,*,#10184,.F.);
#7579=ORIENTED_EDGE('',*,*,#10185,.F.);
#7580=ORIENTED_EDGE('',*,*,#10171,.F.);
#7581=ORIENTED_EDGE('',*,*,#10144,.F.);
#7582=ORIENTED_EDGE('',*,*,#10175,.F.);
#7583=ORIENTED_EDGE('',*,*,#10146,.T.);
#7584=ORIENTED_EDGE('',*,*,#10176,.F.);
#7585=ORIENTED_EDGE('',*,*,#10149,.T.);
#7586=ORIENTED_EDGE('',*,*,#10186,.F.);
#7587=ORIENTED_EDGE('',*,*,#10153,.T.);
#7588=ORIENTED_EDGE('',*,*,#10187,.F.);
#7589=ORIENTED_EDGE('',*,*,#10155,.T.);
#7590=ORIENTED_EDGE('',*,*,#10188,.F.);
#7591=ORIENTED_EDGE('',*,*,#10189,.F.);
#7592=ORIENTED_EDGE('',*,*,#10190,.F.);
#7593=ORIENTED_EDGE('',*,*,#10074,.F.);
#7594=ORIENTED_EDGE('',*,*,#10186,.T.);
#7595=ORIENTED_EDGE('',*,*,#10148,.T.);
#7596=ORIENTED_EDGE('',*,*,#10115,.T.);
#7597=ORIENTED_EDGE('',*,*,#10151,.T.);
#7598=ORIENTED_EDGE('',*,*,#10187,.T.);
#7599=ORIENTED_EDGE('',*,*,#10152,.T.);
#7600=ORIENTED_EDGE('',*,*,#10113,.T.);
#7601=ORIENTED_EDGE('',*,*,#10156,.T.);
#7602=ORIENTED_EDGE('',*,*,#10188,.T.);
#7603=ORIENTED_EDGE('',*,*,#10154,.T.);
#7604=ORIENTED_EDGE('',*,*,#10191,.T.);
#7605=ORIENTED_EDGE('',*,*,#10192,.T.);
#7606=ORIENTED_EDGE('',*,*,#10061,.T.);
#7607=ORIENTED_EDGE('',*,*,#10133,.F.);
#7608=ORIENTED_EDGE('',*,*,#10157,.T.);
#7609=ORIENTED_EDGE('',*,*,#10111,.F.);
#7610=ORIENTED_EDGE('',*,*,#10170,.F.);
#7611=ORIENTED_EDGE('',*,*,#10193,.F.);
#7612=ORIENTED_EDGE('',*,*,#10158,.T.);
#7613=ORIENTED_EDGE('',*,*,#10131,.F.);
#7614=ORIENTED_EDGE('',*,*,#10071,.T.);
#7615=ORIENTED_EDGE('',*,*,#10161,.F.);
#7616=ORIENTED_EDGE('',*,*,#10070,.F.);
#7617=ORIENTED_EDGE('',*,*,#10194,.F.);
#7618=ORIENTED_EDGE('',*,*,#10195,.F.);
#7619=ORIENTED_EDGE('',*,*,#10196,.F.);
#7620=ORIENTED_EDGE('',*,*,#10197,.F.);
#7621=ORIENTED_EDGE('',*,*,#10198,.T.);
#7622=ORIENTED_EDGE('',*,*,#10199,.F.);
#7623=ORIENTED_EDGE('',*,*,#10200,.F.);
#7624=ORIENTED_EDGE('',*,*,#10201,.F.);
#7625=ORIENTED_EDGE('',*,*,#10072,.F.);
#7626=ORIENTED_EDGE('',*,*,#10202,.F.);
#7627=ORIENTED_EDGE('',*,*,#10203,.F.);
#7628=ORIENTED_EDGE('',*,*,#10191,.F.);
#7629=ORIENTED_EDGE('',*,*,#10159,.F.);
#7630=ORIENTED_EDGE('',*,*,#10193,.T.);
#7631=ORIENTED_EDGE('',*,*,#10169,.F.);
#7632=ORIENTED_EDGE('',*,*,#10204,.F.);
#7633=ORIENTED_EDGE('',*,*,#10167,.T.);
#7634=ORIENTED_EDGE('',*,*,#10205,.F.);
#7635=ORIENTED_EDGE('',*,*,#10164,.T.);
#7636=ORIENTED_EDGE('',*,*,#10174,.F.);
#7637=ORIENTED_EDGE('',*,*,#10140,.F.);
#7638=ORIENTED_EDGE('',*,*,#10173,.F.);
#7639=ORIENTED_EDGE('',*,*,#10206,.F.);
#7640=ORIENTED_EDGE('',*,*,#10205,.T.);
#7641=ORIENTED_EDGE('',*,*,#10166,.T.);
#7642=ORIENTED_EDGE('',*,*,#10127,.T.);
#7643=ORIENTED_EDGE('',*,*,#10162,.T.);
#7644=ORIENTED_EDGE('',*,*,#10165,.T.);
#7645=ORIENTED_EDGE('',*,*,#10204,.T.);
#7646=ORIENTED_EDGE('',*,*,#10168,.F.);
#7647=ORIENTED_EDGE('',*,*,#10129,.F.);
#7648=ORIENTED_EDGE('',*,*,#10207,.F.);
#7649=ORIENTED_EDGE('',*,*,#10206,.T.);
#7650=ORIENTED_EDGE('',*,*,#10172,.F.);
#7651=ORIENTED_EDGE('',*,*,#10185,.T.);
#7652=ORIENTED_EDGE('',*,*,#10073,.F.);
#7653=ORIENTED_EDGE('',*,*,#10201,.T.);
#7654=ORIENTED_EDGE('',*,*,#10208,.F.);
#7655=ORIENTED_EDGE('',*,*,#10177,.T.);
#7656=ORIENTED_EDGE('',*,*,#10209,.F.);
#7657=ORIENTED_EDGE('',*,*,#10076,.F.);
#7658=ORIENTED_EDGE('',*,*,#10210,.F.);
#7659=ORIENTED_EDGE('',*,*,#10080,.F.);
#7660=ORIENTED_EDGE('',*,*,#10211,.F.);
#7661=ORIENTED_EDGE('',*,*,#10179,.T.);
#7662=ORIENTED_EDGE('',*,*,#10212,.F.);
#7663=ORIENTED_EDGE('',*,*,#10199,.T.);
#7664=ORIENTED_EDGE('',*,*,#10213,.F.);
#7665=ORIENTED_EDGE('',*,*,#10197,.T.);
#7666=ORIENTED_EDGE('',*,*,#10214,.F.);
#7667=ORIENTED_EDGE('',*,*,#10181,.T.);
#7668=ORIENTED_EDGE('',*,*,#10215,.F.);
#7669=ORIENTED_EDGE('',*,*,#10084,.F.);
#7670=ORIENTED_EDGE('',*,*,#10216,.F.);
#7671=ORIENTED_EDGE('',*,*,#10088,.F.);
#7672=ORIENTED_EDGE('',*,*,#10217,.F.);
#7673=ORIENTED_EDGE('',*,*,#10195,.T.);
#7674=ORIENTED_EDGE('',*,*,#10218,.F.);
#7675=ORIENTED_EDGE('',*,*,#10183,.T.);
#7676=ORIENTED_EDGE('',*,*,#10219,.F.);
#7677=ORIENTED_EDGE('',*,*,#10189,.T.);
#7678=ORIENTED_EDGE('',*,*,#10192,.F.);
#7679=ORIENTED_EDGE('',*,*,#10203,.T.);
#7680=ORIENTED_EDGE('',*,*,#10184,.T.);
#7681=ORIENTED_EDGE('',*,*,#10218,.T.);
#7682=ORIENTED_EDGE('',*,*,#10194,.T.);
#7683=ORIENTED_EDGE('',*,*,#10207,.T.);
#7684=ORIENTED_EDGE('',*,*,#10075,.T.);
#7685=ORIENTED_EDGE('',*,*,#10190,.T.);
#7686=ORIENTED_EDGE('',*,*,#10219,.T.);
#7687=ORIENTED_EDGE('',*,*,#10202,.T.);
#7688=ORIENTED_EDGE('',*,*,#10178,.T.);
#7689=ORIENTED_EDGE('',*,*,#10208,.T.);
#7690=ORIENTED_EDGE('',*,*,#10200,.T.);
#7691=ORIENTED_EDGE('',*,*,#10212,.T.);
#7692=ORIENTED_EDGE('',*,*,#10079,.F.);
#7693=ORIENTED_EDGE('',*,*,#10220,.T.);
#7694=ORIENTED_EDGE('',*,*,#10077,.T.);
#7695=ORIENTED_EDGE('',*,*,#10209,.T.);
#7696=ORIENTED_EDGE('',*,*,#10083,.F.);
#7697=ORIENTED_EDGE('',*,*,#10221,.T.);
#7698=ORIENTED_EDGE('',*,*,#10081,.T.);
#7699=ORIENTED_EDGE('',*,*,#10210,.T.);
#7700=ORIENTED_EDGE('',*,*,#10180,.F.);
#7701=ORIENTED_EDGE('',*,*,#10211,.T.);
#7702=ORIENTED_EDGE('',*,*,#10198,.F.);
#7703=ORIENTED_EDGE('',*,*,#10213,.T.);
#7704=ORIENTED_EDGE('',*,*,#10217,.T.);
#7705=ORIENTED_EDGE('',*,*,#10182,.T.);
#7706=ORIENTED_EDGE('',*,*,#10214,.T.);
#7707=ORIENTED_EDGE('',*,*,#10196,.T.);
#7708=ORIENTED_EDGE('',*,*,#10087,.F.);
#7709=ORIENTED_EDGE('',*,*,#10222,.T.);
#7710=ORIENTED_EDGE('',*,*,#10085,.T.);
#7711=ORIENTED_EDGE('',*,*,#10215,.T.);
#7712=ORIENTED_EDGE('',*,*,#10091,.F.);
#7713=ORIENTED_EDGE('',*,*,#10223,.T.);
#7714=ORIENTED_EDGE('',*,*,#10089,.T.);
#7715=ORIENTED_EDGE('',*,*,#10216,.T.);
#7716=ORIENTED_EDGE('',*,*,#10093,.F.);
#7717=ORIENTED_EDGE('',*,*,#10220,.F.);
#7718=ORIENTED_EDGE('',*,*,#10092,.T.);
#7719=ORIENTED_EDGE('',*,*,#10095,.F.);
#7720=ORIENTED_EDGE('',*,*,#10221,.F.);
#7721=ORIENTED_EDGE('',*,*,#10094,.T.);
#7722=ORIENTED_EDGE('',*,*,#10097,.F.);
#7723=ORIENTED_EDGE('',*,*,#10222,.F.);
#7724=ORIENTED_EDGE('',*,*,#10096,.T.);
#7725=ORIENTED_EDGE('',*,*,#10099,.F.);
#7726=ORIENTED_EDGE('',*,*,#10223,.F.);
#7727=ORIENTED_EDGE('',*,*,#10098,.T.);
#7728=ORIENTED_EDGE('',*,*,#10224,.T.);
#7729=ORIENTED_EDGE('',*,*,#10225,.F.);
#7730=ORIENTED_EDGE('',*,*,#10226,.F.);
#7731=ORIENTED_EDGE('',*,*,#10227,.T.);
#7732=ORIENTED_EDGE('',*,*,#10224,.F.);
#7733=ORIENTED_EDGE('',*,*,#10226,.T.);
#7734=ORIENTED_EDGE('',*,*,#10225,.T.);
#7735=ORIENTED_EDGE('',*,*,#10227,.F.);
#7736=ORIENTED_EDGE('',*,*,#10228,.F.);
#7737=ORIENTED_EDGE('',*,*,#10229,.T.);
#7738=ORIENTED_EDGE('',*,*,#10230,.T.);
#7739=ORIENTED_EDGE('',*,*,#10231,.F.);
#7740=ORIENTED_EDGE('',*,*,#10229,.F.);
#7741=ORIENTED_EDGE('',*,*,#10231,.T.);
#7742=ORIENTED_EDGE('',*,*,#10228,.T.);
#7743=ORIENTED_EDGE('',*,*,#10230,.F.);
#7744=VERTEX_POINT('',#15123);
#7745=VERTEX_POINT('',#15124);
#7746=VERTEX_POINT('',#15126);
#7747=VERTEX_POINT('',#15128);
#7748=VERTEX_POINT('',#15132);
#7749=VERTEX_POINT('',#15133);
#7750=VERTEX_POINT('',#15135);
#7751=VERTEX_POINT('',#15137);
#7752=VERTEX_POINT('',#15141);
#7753=VERTEX_POINT('',#15142);
#7754=VERTEX_POINT('',#15144);
#7755=VERTEX_POINT('',#15146);
#7756=VERTEX_POINT('',#15165);
#7757=VERTEX_POINT('',#15166);
#7758=VERTEX_POINT('',#15168);
#7759=VERTEX_POINT('',#15170);
#7760=VERTEX_POINT('',#15174);
#7761=VERTEX_POINT('',#15175);
#7762=VERTEX_POINT('',#15177);
#7763=VERTEX_POINT('',#15179);
#7764=VERTEX_POINT('',#15183);
#7765=VERTEX_POINT('',#15184);
#7766=VERTEX_POINT('',#15186);
#7767=VERTEX_POINT('',#15188);
#7768=VERTEX_POINT('',#15192);
#7769=VERTEX_POINT('',#15193);
#7770=VERTEX_POINT('',#15195);
#7771=VERTEX_POINT('',#15197);
#7772=VERTEX_POINT('',#15201);
#7773=VERTEX_POINT('',#15203);
#7774=VERTEX_POINT('',#15229);
#7775=VERTEX_POINT('',#15231);
#7776=VERTEX_POINT('',#15232);
#7777=VERTEX_POINT('',#15234);
#7778=VERTEX_POINT('',#15236);
#7779=VERTEX_POINT('',#15239);
#7780=VERTEX_POINT('',#15241);
#7781=VERTEX_POINT('',#15244);
#7782=VERTEX_POINT('',#15246);
#7783=VERTEX_POINT('',#15249);
#7784=VERTEX_POINT('',#15252);
#7785=VERTEX_POINT('',#15254);
#7786=VERTEX_POINT('',#15257);
#7787=VERTEX_POINT('',#15260);
#7788=VERTEX_POINT('',#15262);
#7789=VERTEX_POINT('',#15265);
#7790=VERTEX_POINT('',#15267);
#7791=VERTEX_POINT('',#15271);
#7792=VERTEX_POINT('',#15275);
#7793=VERTEX_POINT('',#15282);
#7794=VERTEX_POINT('',#15288);
#7795=VERTEX_POINT('',#15289);
#7796=VERTEX_POINT('',#15291);
#7797=VERTEX_POINT('',#15293);
#7798=VERTEX_POINT('',#15297);
#7799=VERTEX_POINT('',#15298);
#7800=VERTEX_POINT('',#15300);
#7801=VERTEX_POINT('',#15302);
#7802=VERTEX_POINT('',#15306);
#7803=VERTEX_POINT('',#15307);
#7804=VERTEX_POINT('',#15309);
#7805=VERTEX_POINT('',#15311);
#7806=VERTEX_POINT('',#15315);
#7807=VERTEX_POINT('',#15316);
#7808=VERTEX_POINT('',#15318);
#7809=VERTEX_POINT('',#15320);
#7810=VERTEX_POINT('',#15324);
#7811=VERTEX_POINT('',#15325);
#7812=VERTEX_POINT('',#15327);
#7813=VERTEX_POINT('',#15329);
#7814=VERTEX_POINT('',#15333);
#7815=VERTEX_POINT('',#15334);
#7816=VERTEX_POINT('',#15336);
#7817=VERTEX_POINT('',#15338);
#7818=VERTEX_POINT('',#15342);
#7819=VERTEX_POINT('',#15343);
#7820=VERTEX_POINT('',#15345);
#7821=VERTEX_POINT('',#15347);
#7822=VERTEX_POINT('',#15351);
#7823=VERTEX_POINT('',#15352);
#7824=VERTEX_POINT('',#15354);
#7825=VERTEX_POINT('',#15356);
#7826=VERTEX_POINT('',#15360);
#7827=VERTEX_POINT('',#15361);
#7828=VERTEX_POINT('',#15363);
#7829=VERTEX_POINT('',#15365);
#7830=VERTEX_POINT('',#15369);
#7831=VERTEX_POINT('',#15370);
#7832=VERTEX_POINT('',#15372);
#7833=VERTEX_POINT('',#15374);
#7834=VERTEX_POINT('',#15382);
#7835=VERTEX_POINT('',#15383);
#7836=VERTEX_POINT('',#15385);
#7837=VERTEX_POINT('',#15387);
#7838=VERTEX_POINT('',#15389);
#7839=VERTEX_POINT('',#15391);
#7840=VERTEX_POINT('',#15395);
#7841=VERTEX_POINT('',#15396);
#7842=VERTEX_POINT('',#15405);
#7843=VERTEX_POINT('',#15406);
#7844=VERTEX_POINT('',#15409);
#7845=VERTEX_POINT('',#15411);
#7846=VERTEX_POINT('',#15416);
#7847=VERTEX_POINT('',#15417);
#7848=VERTEX_POINT('',#15419);
#7849=VERTEX_POINT('',#15421);
#7850=VERTEX_POINT('',#15423);
#7851=VERTEX_POINT('',#15425);
#7852=VERTEX_POINT('',#15429);
#7853=VERTEX_POINT('',#15430);
#7854=VERTEX_POINT('',#15436);
#7855=VERTEX_POINT('',#15437);
#7856=VERTEX_POINT('',#15440);
#7857=VERTEX_POINT('',#15442);
#7858=VERTEX_POINT('',#15444);
#7859=VERTEX_POINT('',#15447);
#7860=VERTEX_POINT('',#15452);
#7861=VERTEX_POINT('',#15457);
#7862=VERTEX_POINT('',#15461);
#7863=VERTEX_POINT('',#15464);
#7864=VERTEX_POINT('',#15505);
#7865=VERTEX_POINT('',#15506);
#7866=VERTEX_POINT('',#15508);
#7867=VERTEX_POINT('',#15510);
#7868=VERTEX_POINT('',#15514);
#7869=VERTEX_POINT('',#15518);
#7870=VERTEX_POINT('',#15519);
#7871=VERTEX_POINT('',#15521);
#7872=VERTEX_POINT('',#15523);
#7873=VERTEX_POINT('',#15527);
#7874=VERTEX_POINT('',#15531);
#7875=VERTEX_POINT('',#15532);
#7876=VERTEX_POINT('',#15534);
#7877=VERTEX_POINT('',#15536);
#7878=VERTEX_POINT('',#15540);
#7879=VERTEX_POINT('',#15544);
#7880=VERTEX_POINT('',#15545);
#7881=VERTEX_POINT('',#15547);
#7882=VERTEX_POINT('',#15549);
#7883=VERTEX_POINT('',#15553);
#7884=VERTEX_POINT('',#15557);
#7885=VERTEX_POINT('',#15558);
#7886=VERTEX_POINT('',#15560);
#7887=VERTEX_POINT('',#15562);
#7888=VERTEX_POINT('',#15566);
#7889=VERTEX_POINT('',#15567);
#7890=VERTEX_POINT('',#15569);
#7891=VERTEX_POINT('',#15571);
#7892=VERTEX_POINT('',#15575);
#7893=VERTEX_POINT('',#15576);
#7894=VERTEX_POINT('',#15578);
#7895=VERTEX_POINT('',#15580);
#7896=VERTEX_POINT('',#15584);
#7897=VERTEX_POINT('',#15585);
#7898=VERTEX_POINT('',#15587);
#7899=VERTEX_POINT('',#15589);
#7900=VERTEX_POINT('',#15593);
#7901=VERTEX_POINT('',#15594);
#7902=VERTEX_POINT('',#15596);
#7903=VERTEX_POINT('',#15598);
#7904=VERTEX_POINT('',#15602);
#7905=VERTEX_POINT('',#15603);
#7906=VERTEX_POINT('',#15605);
#7907=VERTEX_POINT('',#15607);
#7908=VERTEX_POINT('',#15611);
#7909=VERTEX_POINT('',#15612);
#7910=VERTEX_POINT('',#15614);
#7911=VERTEX_POINT('',#15616);
#7912=VERTEX_POINT('',#15620);
#7913=VERTEX_POINT('',#15622);
#7914=VERTEX_POINT('',#15626);
#7915=VERTEX_POINT('',#15628);
#7916=VERTEX_POINT('',#15632);
#7917=VERTEX_POINT('',#15633);
#7918=VERTEX_POINT('',#15635);
#7919=VERTEX_POINT('',#15637);
#7920=VERTEX_POINT('',#15641);
#7921=VERTEX_POINT('',#15643);
#7922=VERTEX_POINT('',#15647);
#7923=VERTEX_POINT('',#15649);
#7924=VERTEX_POINT('',#15655);
#7925=VERTEX_POINT('',#15657);
#7926=VERTEX_POINT('',#15659);
#7927=VERTEX_POINT('',#15661);
#7928=VERTEX_POINT('',#15663);
#7929=VERTEX_POINT('',#15665);
#7930=VERTEX_POINT('',#15667);
#7931=VERTEX_POINT('',#15669);
#7932=VERTEX_POINT('',#15671);
#7933=VERTEX_POINT('',#15673);
#7934=VERTEX_POINT('',#15676);
#7935=VERTEX_POINT('',#15678);
#7936=VERTEX_POINT('',#15680);
#7937=VERTEX_POINT('',#15682);
#7938=VERTEX_POINT('',#15684);
#7939=VERTEX_POINT('',#15686);
#7940=VERTEX_POINT('',#15690);
#7941=VERTEX_POINT('',#15692);
#7942=VERTEX_POINT('',#15694);
#7943=VERTEX_POINT('',#15696);
#7944=VERTEX_POINT('',#15698);
#7945=VERTEX_POINT('',#15700);
#7946=VERTEX_POINT('',#15703);
#7947=VERTEX_POINT('',#15705);
#7948=VERTEX_POINT('',#15707);
#7949=VERTEX_POINT('',#15709);
#7950=VERTEX_POINT('',#15711);
#7951=VERTEX_POINT('',#15713);
#7952=VERTEX_POINT('',#15716);
#7953=VERTEX_POINT('',#15718);
#7954=VERTEX_POINT('',#15720);
#7955=VERTEX_POINT('',#15722);
#7956=VERTEX_POINT('',#15724);
#7957=VERTEX_POINT('',#15726);
#7958=VERTEX_POINT('',#15729);
#7959=VERTEX_POINT('',#15731);
#7960=VERTEX_POINT('',#15733);
#7961=VERTEX_POINT('',#15735);
#7962=VERTEX_POINT('',#15737);
#7963=VERTEX_POINT('',#15739);
#7964=VERTEX_POINT('',#15742);
#7965=VERTEX_POINT('',#15744);
#7966=VERTEX_POINT('',#15746);
#7967=VERTEX_POINT('',#15748);
#7968=VERTEX_POINT('',#15750);
#7969=VERTEX_POINT('',#15752);
#7970=VERTEX_POINT('',#15754);
#7971=VERTEX_POINT('',#15756);
#7972=VERTEX_POINT('',#15762);
#7973=VERTEX_POINT('',#15764);
#7974=VERTEX_POINT('',#15766);
#7975=VERTEX_POINT('',#15768);
#7976=VERTEX_POINT('',#15770);
#7977=VERTEX_POINT('',#15772);
#7978=VERTEX_POINT('',#15774);
#7979=VERTEX_POINT('',#15776);
#7980=VERTEX_POINT('',#15778);
#7981=VERTEX_POINT('',#15781);
#7982=VERTEX_POINT('',#15783);
#7983=VERTEX_POINT('',#15785);
#7984=VERTEX_POINT('',#15787);
#7985=VERTEX_POINT('',#15789);
#7986=VERTEX_POINT('',#15791);
#7987=VERTEX_POINT('',#15794);
#7988=VERTEX_POINT('',#15796);
#7989=VERTEX_POINT('',#15798);
#7990=VERTEX_POINT('',#15800);
#7991=VERTEX_POINT('',#15802);
#7992=VERTEX_POINT('',#15804);
#7993=VERTEX_POINT('',#15807);
#7994=VERTEX_POINT('',#15809);
#7995=VERTEX_POINT('',#15811);
#7996=VERTEX_POINT('',#15813);
#7997=VERTEX_POINT('',#15815);
#7998=VERTEX_POINT('',#15817);
#7999=VERTEX_POINT('',#15820);
#8000=VERTEX_POINT('',#15822);
#8001=VERTEX_POINT('',#15824);
#8002=VERTEX_POINT('',#15826);
#8003=VERTEX_POINT('',#15828);
#8004=VERTEX_POINT('',#15830);
#8005=VERTEX_POINT('',#15834);
#8006=VERTEX_POINT('',#15836);
#8007=VERTEX_POINT('',#15838);
#8008=VERTEX_POINT('',#15840);
#8009=VERTEX_POINT('',#15842);
#8010=VERTEX_POINT('',#15844);
#8011=VERTEX_POINT('',#15847);
#8012=VERTEX_POINT('',#15849);
#8013=VERTEX_POINT('',#15851);
#8014=VERTEX_POINT('',#15853);
#8015=VERTEX_POINT('',#15855);
#8016=VERTEX_POINT('',#15857);
#8017=VERTEX_POINT('',#15859);
#8018=VERTEX_POINT('',#15861);
#8019=VERTEX_POINT('',#15863);
#8020=VERTEX_POINT('',#15983);
#8021=VERTEX_POINT('',#15984);
#8022=VERTEX_POINT('',#15986);
#8023=VERTEX_POINT('',#15988);
#8024=VERTEX_POINT('',#15992);
#8025=VERTEX_POINT('',#15996);
#8026=VERTEX_POINT('',#15997);
#8027=VERTEX_POINT('',#15999);
#8028=VERTEX_POINT('',#16001);
#8029=VERTEX_POINT('',#16005);
#8030=VERTEX_POINT('',#16009);
#8031=VERTEX_POINT('',#16010);
#8032=VERTEX_POINT('',#16012);
#8033=VERTEX_POINT('',#16014);
#8034=VERTEX_POINT('',#16018);
#8035=VERTEX_POINT('',#16022);
#8036=VERTEX_POINT('',#16023);
#8037=VERTEX_POINT('',#16025);
#8038=VERTEX_POINT('',#16027);
#8039=VERTEX_POINT('',#16031);
#8040=VERTEX_POINT('',#16035);
#8041=VERTEX_POINT('',#16036);
#8042=VERTEX_POINT('',#16038);
#8043=VERTEX_POINT('',#16040);
#8044=VERTEX_POINT('',#16044);
#8045=VERTEX_POINT('',#16048);
#8046=VERTEX_POINT('',#16049);
#8047=VERTEX_POINT('',#16051);
#8048=VERTEX_POINT('',#16053);
#8049=VERTEX_POINT('',#16057);
#8050=VERTEX_POINT('',#16061);
#8051=VERTEX_POINT('',#16062);
#8052=VERTEX_POINT('',#16064);
#8053=VERTEX_POINT('',#16066);
#8054=VERTEX_POINT('',#16070);
#8055=VERTEX_POINT('',#16074);
#8056=VERTEX_POINT('',#16075);
#8057=VERTEX_POINT('',#16077);
#8058=VERTEX_POINT('',#16079);
#8059=VERTEX_POINT('',#16083);
#8060=VERTEX_POINT('',#16087);
#8061=VERTEX_POINT('',#16088);
#8062=VERTEX_POINT('',#16090);
#8063=VERTEX_POINT('',#16105);
#8064=VERTEX_POINT('',#16122);
#8065=VERTEX_POINT('',#16123);
#8066=VERTEX_POINT('',#16125);
#8067=VERTEX_POINT('',#16127);
#8068=VERTEX_POINT('',#16131);
#8069=VERTEX_POINT('',#16132);
#8070=VERTEX_POINT('',#16134);
#8071=VERTEX_POINT('',#16136);
#8072=VERTEX_POINT('',#16140);
#8073=VERTEX_POINT('',#16141);
#8074=VERTEX_POINT('',#16143);
#8075=VERTEX_POINT('',#16145);
#8076=VERTEX_POINT('',#16149);
#8077=VERTEX_POINT('',#16150);
#8078=VERTEX_POINT('',#16152);
#8079=VERTEX_POINT('',#16167);
#8080=VERTEX_POINT('',#16184);
#8081=VERTEX_POINT('',#16185);
#8082=VERTEX_POINT('',#16187);
#8083=VERTEX_POINT('',#16189);
#8084=VERTEX_POINT('',#16193);
#8085=VERTEX_POINT('',#16194);
#8086=VERTEX_POINT('',#16196);
#8087=VERTEX_POINT('',#16211);
#8088=VERTEX_POINT('',#16228);
#8089=VERTEX_POINT('',#16229);
#8090=VERTEX_POINT('',#16231);
#8091=VERTEX_POINT('',#16233);
#8092=VERTEX_POINT('',#16237);
#8093=VERTEX_POINT('',#16238);
#8094=VERTEX_POINT('',#16240);
#8095=VERTEX_POINT('',#16242);
#8096=VERTEX_POINT('',#16246);
#8097=VERTEX_POINT('',#16247);
#8098=VERTEX_POINT('',#16249);
#8099=VERTEX_POINT('',#16251);
#8100=VERTEX_POINT('',#16255);
#8101=VERTEX_POINT('',#16256);
#8102=VERTEX_POINT('',#16258);
#8103=VERTEX_POINT('',#16273);
#8104=VERTEX_POINT('',#16290);
#8105=VERTEX_POINT('',#16291);
#8106=VERTEX_POINT('',#16293);
#8107=VERTEX_POINT('',#16295);
#8108=VERTEX_POINT('',#16299);
#8109=VERTEX_POINT('',#16300);
#8110=VERTEX_POINT('',#16302);
#8111=VERTEX_POINT('',#16304);
#8112=VERTEX_POINT('',#16319);
#8113=VERTEX_POINT('',#16321);
#8114=VERTEX_POINT('',#16325);
#8115=VERTEX_POINT('',#16326);
#8116=VERTEX_POINT('',#16328);
#8117=VERTEX_POINT('',#16330);
#8118=VERTEX_POINT('',#16334);
#8119=VERTEX_POINT('',#16338);
#8120=VERTEX_POINT('',#16339);
#8121=VERTEX_POINT('',#16341);
#8122=VERTEX_POINT('',#16343);
#8123=VERTEX_POINT('',#16347);
#8124=VERTEX_POINT('',#16351);
#8125=VERTEX_POINT('',#16352);
#8126=VERTEX_POINT('',#16354);
#8127=VERTEX_POINT('',#16356);
#8128=VERTEX_POINT('',#16360);
#8129=VERTEX_POINT('',#16362);
#8130=VERTEX_POINT('',#16366);
#8131=VERTEX_POINT('',#16367);
#8132=VERTEX_POINT('',#16369);
#8133=VERTEX_POINT('',#16371);
#8134=VERTEX_POINT('',#16375);
#8135=VERTEX_POINT('',#16377);
#8136=VERTEX_POINT('',#16409);
#8137=VERTEX_POINT('',#16410);
#8138=VERTEX_POINT('',#16412);
#8139=VERTEX_POINT('',#16414);
#8140=VERTEX_POINT('',#16416);
#8141=VERTEX_POINT('',#16419);
#8142=VERTEX_POINT('',#16421);
#8143=VERTEX_POINT('',#16423);
#8144=VERTEX_POINT('',#16432);
#8145=VERTEX_POINT('',#16434);
#8146=VERTEX_POINT('',#16445);
#8147=VERTEX_POINT('',#16446);
#8148=VERTEX_POINT('',#16450);
#8149=VERTEX_POINT('',#16451);
#8150=VERTEX_POINT('',#16457);
#8151=VERTEX_POINT('',#16458);
#8152=VERTEX_POINT('',#16460);
#8153=VERTEX_POINT('',#16462);
#8154=VERTEX_POINT('',#16470);
#8155=VERTEX_POINT('',#16471);
#8156=VERTEX_POINT('',#16477);
#8157=VERTEX_POINT('',#16479);
#8158=VERTEX_POINT('',#16485);
#8159=VERTEX_POINT('',#16490);
#8160=VERTEX_POINT('',#16498);
#8161=VERTEX_POINT('',#16528);
#8162=VERTEX_POINT('',#16637);
#8163=VERTEX_POINT('',#16639);
#8164=VERTEX_POINT('',#16641);
#8165=VERTEX_POINT('',#16643);
#8166=VERTEX_POINT('',#16645);
#8167=VERTEX_POINT('',#16647);
#8168=VERTEX_POINT('',#16649);
#8169=VERTEX_POINT('',#16651);
#8170=VERTEX_POINT('',#16653);
#8171=VERTEX_POINT('',#16655);
#8172=VERTEX_POINT('',#16657);
#8173=VERTEX_POINT('',#16659);
#8174=VERTEX_POINT('',#16660);
#8175=VERTEX_POINT('',#16662);
#8176=VERTEX_POINT('',#16664);
#8177=VERTEX_POINT('',#16666);
#8178=VERTEX_POINT('',#16668);
#8179=VERTEX_POINT('',#16670);
#8180=VERTEX_POINT('',#16672);
#8181=VERTEX_POINT('',#16676);
#8182=VERTEX_POINT('',#16678);
#8183=VERTEX_POINT('',#16680);
#8184=VERTEX_POINT('',#16682);
#8185=VERTEX_POINT('',#16684);
#8186=VERTEX_POINT('',#16686);
#8187=VERTEX_POINT('',#16687);
#8188=VERTEX_POINT('',#16689);
#8189=VERTEX_POINT('',#16691);
#8190=VERTEX_POINT('',#16693);
#8191=VERTEX_POINT('',#16695);
#8192=VERTEX_POINT('',#16697);
#8193=VERTEX_POINT('',#16699);
#8194=VERTEX_POINT('',#16702);
#8195=VERTEX_POINT('',#16703);
#8196=VERTEX_POINT('',#16705);
#8197=VERTEX_POINT('',#16707);
#8198=VERTEX_POINT('',#16709);
#8199=VERTEX_POINT('',#16711);
#8200=VERTEX_POINT('',#16713);
#8201=VERTEX_POINT('',#16715);
#8202=VERTEX_POINT('',#16718);
#8203=VERTEX_POINT('',#16737);
#8204=VERTEX_POINT('',#16740);
#8205=VERTEX_POINT('',#16743);
#8206=VERTEX_POINT('',#16744);
#8207=VERTEX_POINT('',#16746);
#8208=VERTEX_POINT('',#16748);
#8209=VERTEX_POINT('',#16752);
#8210=VERTEX_POINT('',#16755);
#8211=VERTEX_POINT('',#16758);
#8212=VERTEX_POINT('',#16760);
#8213=VERTEX_POINT('',#16763);
#8214=VERTEX_POINT('',#16766);
#8215=VERTEX_POINT('',#16769);
#8216=VERTEX_POINT('',#16772);
#8217=VERTEX_POINT('',#16774);
#8218=VERTEX_POINT('',#16778);
#8219=VERTEX_POINT('',#16780);
#8220=VERTEX_POINT('',#16784);
#8221=VERTEX_POINT('',#16786);
#8222=VERTEX_POINT('',#16790);
#8223=VERTEX_POINT('',#16792);
#8224=VERTEX_POINT('',#16797);
#8225=VERTEX_POINT('',#16799);
#8226=VERTEX_POINT('',#16801);
#8227=VERTEX_POINT('',#16808);
#8228=VERTEX_POINT('',#16812);
#8229=VERTEX_POINT('',#16817);
#8230=VERTEX_POINT('',#16824);
#8231=VERTEX_POINT('',#16828);
#8232=VERTEX_POINT('',#16840);
#8233=VERTEX_POINT('',#16841);
#8234=VERTEX_POINT('',#16843);
#8235=VERTEX_POINT('',#16845);
#8236=VERTEX_POINT('',#16849);
#8237=VERTEX_POINT('',#16850);
#8238=VERTEX_POINT('',#16852);
#8239=VERTEX_POINT('',#16854);
#8240=VERTEX_POINT('',#16858);
#8241=VERTEX_POINT('',#16859);
#8242=VERTEX_POINT('',#16861);
#8243=VERTEX_POINT('',#16863);
#8244=VERTEX_POINT('',#16867);
#8245=VERTEX_POINT('',#16871);
#8246=VERTEX_POINT('',#16875);
#8247=VERTEX_POINT('',#16876);
#8248=VERTEX_POINT('',#16878);
#8249=VERTEX_POINT('',#16880);
#8250=VERTEX_POINT('',#16884);
#8251=VERTEX_POINT('',#16885);
#8252=VERTEX_POINT('',#16887);
#8253=VERTEX_POINT('',#16889);
#8254=VERTEX_POINT('',#16893);
#8255=VERTEX_POINT('',#16894);
#8256=VERTEX_POINT('',#16896);
#8257=VERTEX_POINT('',#16898);
#8258=VERTEX_POINT('',#16902);
#8259=VERTEX_POINT('',#16903);
#8260=VERTEX_POINT('',#16905);
#8261=VERTEX_POINT('',#16907);
#8262=VERTEX_POINT('',#16911);
#8263=VERTEX_POINT('',#16912);
#8264=VERTEX_POINT('',#16914);
#8265=VERTEX_POINT('',#16916);
#8266=VERTEX_POINT('',#16920);
#8267=VERTEX_POINT('',#16924);
#8268=VERTEX_POINT('',#16928);
#8269=VERTEX_POINT('',#16932);
#8270=VERTEX_POINT('',#16936);
#8271=VERTEX_POINT('',#16937);
#8272=VERTEX_POINT('',#16939);
#8273=VERTEX_POINT('',#16941);
#8274=VERTEX_POINT('',#16946);
#8275=VERTEX_POINT('',#16947);
#8276=VERTEX_POINT('',#16949);
#8277=VERTEX_POINT('',#16951);
#8278=VERTEX_POINT('',#16953);
#8279=VERTEX_POINT('',#16955);
#8280=VERTEX_POINT('',#16957);
#8281=VERTEX_POINT('',#16959);
#8282=VERTEX_POINT('',#16961);
#8283=VERTEX_POINT('',#16963);
#8284=VERTEX_POINT('',#16966);
#8285=VERTEX_POINT('',#16969);
#8286=VERTEX_POINT('',#16971);
#8287=VERTEX_POINT('',#16975);
#8288=VERTEX_POINT('',#16980);
#8289=VERTEX_POINT('',#16981);
#8290=VERTEX_POINT('',#16984);
#8291=VERTEX_POINT('',#16987);
#8292=VERTEX_POINT('',#16989);
#8293=VERTEX_POINT('',#16991);
#8294=VERTEX_POINT('',#16993);
#8295=VERTEX_POINT('',#16995);
#8296=VERTEX_POINT('',#16997);
#8297=VERTEX_POINT('',#16999);
#8298=VERTEX_POINT('',#17001);
#8299=VERTEX_POINT('',#17003);
#8300=VERTEX_POINT('',#17011);
#8301=VERTEX_POINT('',#17012);
#8302=VERTEX_POINT('',#17014);
#8303=VERTEX_POINT('',#17018);
#8304=VERTEX_POINT('',#17022);
#8305=VERTEX_POINT('',#17024);
#8306=VERTEX_POINT('',#17028);
#8307=VERTEX_POINT('',#17030);
#8308=VERTEX_POINT('',#17034);
#8309=VERTEX_POINT('',#17036);
#8310=VERTEX_POINT('',#17040);
#8311=VERTEX_POINT('',#17041);
#8312=VERTEX_POINT('',#17043);
#8313=VERTEX_POINT('',#17047);
#8314=VERTEX_POINT('',#17056);
#8315=VERTEX_POINT('',#17058);
#8316=VERTEX_POINT('',#17062);
#8317=VERTEX_POINT('',#17064);
#8318=VERTEX_POINT('',#17068);
#8319=VERTEX_POINT('',#17070);
#8320=VERTEX_POINT('',#17075);
#8321=VERTEX_POINT('',#17077);
#8322=VERTEX_POINT('',#17088);
#8323=VERTEX_POINT('',#17090);
#8324=VERTEX_POINT('',#17092);
#8325=VERTEX_POINT('',#17097);
#8326=VERTEX_POINT('',#17099);
#8327=VERTEX_POINT('',#17101);
#8328=VERTEX_POINT('',#17103);
#8329=VERTEX_POINT('',#17105);
#8330=VERTEX_POINT('',#17107);
#8331=VERTEX_POINT('',#17109);
#8332=VERTEX_POINT('',#17115);
#8333=VERTEX_POINT('',#17123);
#8334=VERTEX_POINT('',#17124);
#8335=VERTEX_POINT('',#17129);
#8336=VERTEX_POINT('',#17132);
#8337=VERTEX_POINT('',#17134);
#8338=VERTEX_POINT('',#17136);
#8339=VERTEX_POINT('',#17138);
#8340=VERTEX_POINT('',#17140);
#8341=VERTEX_POINT('',#17142);
#8342=VERTEX_POINT('',#17184);
#8343=VERTEX_POINT('',#17185);
#8344=VERTEX_POINT('',#17187);
#8345=VERTEX_POINT('',#17189);
#8346=VERTEX_POINT('',#17221);
#8347=VERTEX_POINT('',#17223);
#8348=VERTEX_POINT('',#17267);
#8349=VERTEX_POINT('',#17269);
#8350=VERTEX_POINT('',#17313);
#8351=VERTEX_POINT('',#17315);
#8352=VERTEX_POINT('',#17359);
#8353=VERTEX_POINT('',#17361);
#8354=VERTEX_POINT('',#17405);
#8355=VERTEX_POINT('',#17407);
#8356=VERTEX_POINT('',#17451);
#8357=VERTEX_POINT('',#17453);
#8358=VERTEX_POINT('',#17499);
#8359=VERTEX_POINT('',#17500);
#8360=VERTEX_POINT('',#17502);
#8361=VERTEX_POINT('',#17504);
#8362=VERTEX_POINT('',#17508);
#8363=VERTEX_POINT('',#17509);
#8364=VERTEX_POINT('',#17511);
#8365=VERTEX_POINT('',#17513);
#8366=VERTEX_POINT('',#17517);
#8367=VERTEX_POINT('',#17518);
#8368=VERTEX_POINT('',#17520);
#8369=VERTEX_POINT('',#17522);
#8370=VERTEX_POINT('',#17526);
#8371=VERTEX_POINT('',#17527);
#8372=VERTEX_POINT('',#17529);
#8373=VERTEX_POINT('',#17531);
#8374=VERTEX_POINT('',#17535);
#8375=VERTEX_POINT('',#17536);
#8376=VERTEX_POINT('',#17538);
#8377=VERTEX_POINT('',#17540);
#8378=VERTEX_POINT('',#17544);
#8379=VERTEX_POINT('',#17545);
#8380=VERTEX_POINT('',#17547);
#8381=VERTEX_POINT('',#17549);
#8382=VERTEX_POINT('',#17553);
#8383=VERTEX_POINT('',#17554);
#8384=VERTEX_POINT('',#17556);
#8385=VERTEX_POINT('',#17558);
#8386=VERTEX_POINT('',#17562);
#8387=VERTEX_POINT('',#17563);
#8388=VERTEX_POINT('',#17565);
#8389=VERTEX_POINT('',#17567);
#8390=VERTEX_POINT('',#17571);
#8391=VERTEX_POINT('',#17572);
#8392=VERTEX_POINT('',#17574);
#8393=VERTEX_POINT('',#17576);
#8394=VERTEX_POINT('',#17580);
#8395=VERTEX_POINT('',#17581);
#8396=VERTEX_POINT('',#17583);
#8397=VERTEX_POINT('',#17585);
#8398=VERTEX_POINT('',#17589);
#8399=VERTEX_POINT('',#17590);
#8400=VERTEX_POINT('',#17592);
#8401=VERTEX_POINT('',#17627);
#8402=VERTEX_POINT('',#17629);
#8403=VERTEX_POINT('',#17631);
#8404=VERTEX_POINT('',#17635);
#8405=VERTEX_POINT('',#17636);
#8406=VERTEX_POINT('',#17638);
#8407=VERTEX_POINT('',#17640);
#8408=VERTEX_POINT('',#17643);
#8409=VERTEX_POINT('',#17645);
#8410=VERTEX_POINT('',#17647);
#8411=VERTEX_POINT('',#17649);
#8412=VERTEX_POINT('',#17657);
#8413=VERTEX_POINT('',#17658);
#8414=VERTEX_POINT('',#17684);
#8415=VERTEX_POINT('',#17698);
#8416=VERTEX_POINT('',#17700);
#8417=VERTEX_POINT('',#17734);
#8418=VERTEX_POINT('',#17735);
#8419=VERTEX_POINT('',#17779);
#8420=VERTEX_POINT('',#17781);
#8421=VERTEX_POINT('',#17813);
#8422=VERTEX_POINT('',#17815);
#8423=VERTEX_POINT('',#17819);
#8424=VERTEX_POINT('',#17821);
#8425=VERTEX_POINT('',#17825);
#8426=VERTEX_POINT('',#17826);
#8427=VERTEX_POINT('',#17828);
#8428=VERTEX_POINT('',#17831);
#8429=VERTEX_POINT('',#17833);
#8430=VERTEX_POINT('',#17835);
#8431=VERTEX_POINT('',#17838);
#8432=VERTEX_POINT('',#17841);
#8433=VERTEX_POINT('',#17845);
#8434=VERTEX_POINT('',#17850);
#8435=VERTEX_POINT('',#17852);
#8436=VERTEX_POINT('',#17854);
#8437=VERTEX_POINT('',#17857);
#8438=VERTEX_POINT('',#17859);
#8439=VERTEX_POINT('',#17861);
#8440=VERTEX_POINT('',#17863);
#8441=VERTEX_POINT('',#17902);
#8442=VERTEX_POINT('',#17903);
#8443=VERTEX_POINT('',#17943);
#8444=VERTEX_POINT('',#17945);
#8445=VERTEX_POINT('',#17948);
#8446=VERTEX_POINT('',#17950);
#8447=VERTEX_POINT('',#17953);
#8448=VERTEX_POINT('',#17955);
#8449=VERTEX_POINT('',#17958);
#8450=VERTEX_POINT('',#17960);
#8451=VERTEX_POINT('',#17973);
#8452=VERTEX_POINT('',#17978);
#8453=VERTEX_POINT('',#17979);
#8454=VERTEX_POINT('',#17982);
#8455=VERTEX_POINT('',#17984);
#8456=VERTEX_POINT('',#17986);
#8457=VERTEX_POINT('',#18057);
#8458=VERTEX_POINT('',#18146);
#8459=VERTEX_POINT('',#18149);
#8460=VERTEX_POINT('',#18151);
#8461=VERTEX_POINT('',#18158);
#8462=VERTEX_POINT('',#18161);
#8463=VERTEX_POINT('',#18163);
#8464=VERTEX_POINT('',#18170);
#8465=VERTEX_POINT('',#18173);
#8466=VERTEX_POINT('',#18175);
#8467=VERTEX_POINT('',#18182);
#8468=VERTEX_POINT('',#18185);
#8469=VERTEX_POINT('',#18187);
#8470=VERTEX_POINT('',#18194);
#8471=VERTEX_POINT('',#18195);
#8472=VERTEX_POINT('',#18197);
#8473=VERTEX_POINT('',#18199);
#8474=VERTEX_POINT('',#18203);
#8475=VERTEX_POINT('',#18204);
#8476=VERTEX_POINT('',#18206);
#8477=VERTEX_POINT('',#18208);
#8478=VERTEX_POINT('',#18212);
#8479=VERTEX_POINT('',#18213);
#8480=VERTEX_POINT('',#18215);
#8481=VERTEX_POINT('',#18217);
#8482=VERTEX_POINT('',#18236);
#8483=VERTEX_POINT('',#18237);
#8484=VERTEX_POINT('',#18239);
#8485=VERTEX_POINT('',#18241);
#8486=VERTEX_POINT('',#18245);
#8487=VERTEX_POINT('',#18249);
#8488=VERTEX_POINT('',#18250);
#8489=VERTEX_POINT('',#18252);
#8490=VERTEX_POINT('',#18254);
#8491=VERTEX_POINT('',#18258);
#8492=VERTEX_POINT('',#18262);
#8493=VERTEX_POINT('',#18263);
#8494=VERTEX_POINT('',#18265);
#8495=VERTEX_POINT('',#18267);
#8496=VERTEX_POINT('',#18271);
#8497=VERTEX_POINT('',#18275);
#8498=VERTEX_POINT('',#18276);
#8499=VERTEX_POINT('',#18278);
#8500=VERTEX_POINT('',#18280);
#8501=VERTEX_POINT('',#18284);
#8502=VERTEX_POINT('',#18288);
#8503=VERTEX_POINT('',#18289);
#8504=VERTEX_POINT('',#18291);
#8505=VERTEX_POINT('',#18293);
#8506=VERTEX_POINT('',#18297);
#8507=VERTEX_POINT('',#18301);
#8508=VERTEX_POINT('',#18302);
#8509=VERTEX_POINT('',#18304);
#8510=VERTEX_POINT('',#18306);
#8511=VERTEX_POINT('',#18310);
#8512=VERTEX_POINT('',#18314);
#8513=VERTEX_POINT('',#18315);
#8514=VERTEX_POINT('',#18317);
#8515=VERTEX_POINT('',#18319);
#8516=VERTEX_POINT('',#18323);
#8517=VERTEX_POINT('',#18327);
#8518=VERTEX_POINT('',#18328);
#8519=VERTEX_POINT('',#18330);
#8520=VERTEX_POINT('',#18332);
#8521=VERTEX_POINT('',#18336);
#8522=VERTEX_POINT('',#18340);
#8523=VERTEX_POINT('',#18341);
#8524=VERTEX_POINT('',#18343);
#8525=VERTEX_POINT('',#18358);
#8526=VERTEX_POINT('',#18375);
#8527=VERTEX_POINT('',#18376);
#8528=VERTEX_POINT('',#18378);
#8529=VERTEX_POINT('',#18380);
#8530=VERTEX_POINT('',#18384);
#8531=VERTEX_POINT('',#18385);
#8532=VERTEX_POINT('',#18387);
#8533=VERTEX_POINT('',#18389);
#8534=VERTEX_POINT('',#18393);
#8535=VERTEX_POINT('',#18394);
#8536=VERTEX_POINT('',#18396);
#8537=VERTEX_POINT('',#18398);
#8538=VERTEX_POINT('',#18402);
#8539=VERTEX_POINT('',#18403);
#8540=VERTEX_POINT('',#18405);
#8541=VERTEX_POINT('',#18420);
#8542=VERTEX_POINT('',#18437);
#8543=VERTEX_POINT('',#18438);
#8544=VERTEX_POINT('',#18440);
#8545=VERTEX_POINT('',#18442);
#8546=VERTEX_POINT('',#18446);
#8547=VERTEX_POINT('',#18447);
#8548=VERTEX_POINT('',#18449);
#8549=VERTEX_POINT('',#18464);
#8550=VERTEX_POINT('',#18481);
#8551=VERTEX_POINT('',#18482);
#8552=VERTEX_POINT('',#18484);
#8553=VERTEX_POINT('',#18486);
#8554=VERTEX_POINT('',#18490);
#8555=VERTEX_POINT('',#18491);
#8556=VERTEX_POINT('',#18493);
#8557=VERTEX_POINT('',#18495);
#8558=VERTEX_POINT('',#18499);
#8559=VERTEX_POINT('',#18500);
#8560=VERTEX_POINT('',#18502);
#8561=VERTEX_POINT('',#18504);
#8562=VERTEX_POINT('',#18508);
#8563=VERTEX_POINT('',#18509);
#8564=VERTEX_POINT('',#18511);
#8565=VERTEX_POINT('',#18526);
#8566=VERTEX_POINT('',#18543);
#8567=VERTEX_POINT('',#18544);
#8568=VERTEX_POINT('',#18546);
#8569=VERTEX_POINT('',#18548);
#8570=VERTEX_POINT('',#18552);
#8571=VERTEX_POINT('',#18553);
#8572=VERTEX_POINT('',#18555);
#8573=VERTEX_POINT('',#18557);
#8574=VERTEX_POINT('',#18572);
#8575=VERTEX_POINT('',#18574);
#8576=VERTEX_POINT('',#18578);
#8577=VERTEX_POINT('',#18579);
#8578=VERTEX_POINT('',#18581);
#8579=VERTEX_POINT('',#18583);
#8580=VERTEX_POINT('',#18587);
#8581=VERTEX_POINT('',#18591);
#8582=VERTEX_POINT('',#18592);
#8583=VERTEX_POINT('',#18594);
#8584=VERTEX_POINT('',#18596);
#8585=VERTEX_POINT('',#18600);
#8586=VERTEX_POINT('',#18604);
#8587=VERTEX_POINT('',#18605);
#8588=VERTEX_POINT('',#18607);
#8589=VERTEX_POINT('',#18609);
#8590=VERTEX_POINT('',#18613);
#8591=VERTEX_POINT('',#18615);
#8592=VERTEX_POINT('',#18619);
#8593=VERTEX_POINT('',#18620);
#8594=VERTEX_POINT('',#18622);
#8595=VERTEX_POINT('',#18624);
#8596=VERTEX_POINT('',#18628);
#8597=VERTEX_POINT('',#18630);
#8598=VERTEX_POINT('',#18662);
#8599=VERTEX_POINT('',#18663);
#8600=VERTEX_POINT('',#18672);
#8601=VERTEX_POINT('',#18674);
#8602=VERTEX_POINT('',#18683);
#8603=VERTEX_POINT('',#18685);
#8604=VERTEX_POINT('',#18687);
#8605=VERTEX_POINT('',#18690);
#8606=VERTEX_POINT('',#18692);
#8607=VERTEX_POINT('',#18694);
#8608=VERTEX_POINT('',#18698);
#8609=VERTEX_POINT('',#18699);
#8610=VERTEX_POINT('',#18703);
#8611=VERTEX_POINT('',#18704);
#8612=VERTEX_POINT('',#18710);
#8613=VERTEX_POINT('',#18711);
#8614=VERTEX_POINT('',#18713);
#8615=VERTEX_POINT('',#18715);
#8616=VERTEX_POINT('',#18723);
#8617=VERTEX_POINT('',#18724);
#8618=VERTEX_POINT('',#18730);
#8619=VERTEX_POINT('',#18732);
#8620=VERTEX_POINT('',#18738);
#8621=VERTEX_POINT('',#18743);
#8622=VERTEX_POINT('',#18752);
#8623=VERTEX_POINT('',#18765);
#8624=VERTEX_POINT('',#18890);
#8625=VERTEX_POINT('',#18891);
#8626=VERTEX_POINT('',#18893);
#8627=VERTEX_POINT('',#18895);
#8628=VERTEX_POINT('',#18899);
#8629=VERTEX_POINT('',#18900);
#8630=VERTEX_POINT('',#18902);
#8631=VERTEX_POINT('',#18904);
#8632=VERTEX_POINT('',#18908);
#8633=VERTEX_POINT('',#18909);
#8634=VERTEX_POINT('',#18911);
#8635=VERTEX_POINT('',#18913);
#8636=VERTEX_POINT('',#18917);
#8637=VERTEX_POINT('',#18921);
#8638=VERTEX_POINT('',#18925);
#8639=VERTEX_POINT('',#18926);
#8640=VERTEX_POINT('',#18928);
#8641=VERTEX_POINT('',#18930);
#8642=VERTEX_POINT('',#18934);
#8643=VERTEX_POINT('',#18935);
#8644=VERTEX_POINT('',#18937);
#8645=VERTEX_POINT('',#18939);
#8646=VERTEX_POINT('',#18943);
#8647=VERTEX_POINT('',#18944);
#8648=VERTEX_POINT('',#18946);
#8649=VERTEX_POINT('',#18948);
#8650=VERTEX_POINT('',#18952);
#8651=VERTEX_POINT('',#18953);
#8652=VERTEX_POINT('',#18955);
#8653=VERTEX_POINT('',#18957);
#8654=VERTEX_POINT('',#18961);
#8655=VERTEX_POINT('',#18962);
#8656=VERTEX_POINT('',#18964);
#8657=VERTEX_POINT('',#18966);
#8658=VERTEX_POINT('',#18970);
#8659=VERTEX_POINT('',#18974);
#8660=VERTEX_POINT('',#18978);
#8661=VERTEX_POINT('',#18982);
#8662=VERTEX_POINT('',#18986);
#8663=VERTEX_POINT('',#18987);
#8664=VERTEX_POINT('',#18989);
#8665=VERTEX_POINT('',#18991);
#8666=VERTEX_POINT('',#18996);
#8667=VERTEX_POINT('',#18997);
#8668=VERTEX_POINT('',#18999);
#8669=VERTEX_POINT('',#19001);
#8670=VERTEX_POINT('',#19004);
#8671=VERTEX_POINT('',#19007);
#8672=VERTEX_POINT('',#19009);
#8673=VERTEX_POINT('',#19011);
#8674=VERTEX_POINT('',#19013);
#8675=VERTEX_POINT('',#19015);
#8676=VERTEX_POINT('',#19017);
#8677=VERTEX_POINT('',#19019);
#8678=VERTEX_POINT('',#19021);
#8679=VERTEX_POINT('',#19025);
#8680=VERTEX_POINT('',#19030);
#8681=VERTEX_POINT('',#19031);
#8682=VERTEX_POINT('',#19033);
#8683=VERTEX_POINT('',#19035);
#8684=VERTEX_POINT('',#19037);
#8685=VERTEX_POINT('',#19039);
#8686=VERTEX_POINT('',#19041);
#8687=VERTEX_POINT('',#19043);
#8688=VERTEX_POINT('',#19045);
#8689=VERTEX_POINT('',#19047);
#8690=VERTEX_POINT('',#19049);
#8691=VERTEX_POINT('',#19052);
#8692=VERTEX_POINT('',#19061);
#8693=VERTEX_POINT('',#19062);
#8694=VERTEX_POINT('',#19064);
#8695=VERTEX_POINT('',#19068);
#8696=VERTEX_POINT('',#19072);
#8697=VERTEX_POINT('',#19074);
#8698=VERTEX_POINT('',#19078);
#8699=VERTEX_POINT('',#19080);
#8700=VERTEX_POINT('',#19084);
#8701=VERTEX_POINT('',#19086);
#8702=VERTEX_POINT('',#19090);
#8703=VERTEX_POINT('',#19091);
#8704=VERTEX_POINT('',#19093);
#8705=VERTEX_POINT('',#19097);
#8706=VERTEX_POINT('',#19106);
#8707=VERTEX_POINT('',#19108);
#8708=VERTEX_POINT('',#19112);
#8709=VERTEX_POINT('',#19114);
#8710=VERTEX_POINT('',#19118);
#8711=VERTEX_POINT('',#19120);
#8712=VERTEX_POINT('',#19125);
#8713=VERTEX_POINT('',#19127);
#8714=VERTEX_POINT('',#19138);
#8715=VERTEX_POINT('',#19140);
#8716=VERTEX_POINT('',#19142);
#8717=VERTEX_POINT('',#19144);
#8718=VERTEX_POINT('',#19146);
#8719=VERTEX_POINT('',#19148);
#8720=VERTEX_POINT('',#19150);
#8721=VERTEX_POINT('',#19152);
#8722=VERTEX_POINT('',#19157);
#8723=VERTEX_POINT('',#19159);
#8724=VERTEX_POINT('',#19165);
#8725=VERTEX_POINT('',#19173);
#8726=VERTEX_POINT('',#19174);
#8727=VERTEX_POINT('',#19176);
#8728=VERTEX_POINT('',#19178);
#8729=VERTEX_POINT('',#19180);
#8730=VERTEX_POINT('',#19182);
#8731=VERTEX_POINT('',#19184);
#8732=VERTEX_POINT('',#19186);
#8733=VERTEX_POINT('',#19189);
#8734=VERTEX_POINT('',#19234);
#8735=VERTEX_POINT('',#19236);
#8736=VERTEX_POINT('',#19239);
#8737=VERTEX_POINT('',#19241);
#8738=VERTEX_POINT('',#19246);
#8739=VERTEX_POINT('',#19248);
#8740=VERTEX_POINT('',#19251);
#8741=VERTEX_POINT('',#19253);
#8742=EDGE_CURVE('',#7744,#7745,#10232,.T.);
#8743=EDGE_CURVE('',#7744,#7746,#3000,.T.);
#8744=EDGE_CURVE('',#7747,#7746,#10233,.T.);
#8745=EDGE_CURVE('',#7745,#7747,#3001,.T.);
#8746=EDGE_CURVE('',#7748,#7749,#10234,.T.);
#8747=EDGE_CURVE('',#7748,#7750,#3002,.T.);
#8748=EDGE_CURVE('',#7751,#7750,#10235,.T.);
#8749=EDGE_CURVE('',#7749,#7751,#3003,.T.);
#8750=EDGE_CURVE('',#7752,#7753,#10236,.T.);
#8751=EDGE_CURVE('',#7752,#7754,#3004,.T.);
#8752=EDGE_CURVE('',#7754,#7755,#10237,.T.);
#8753=EDGE_CURVE('',#7753,#7755,#3005,.T.);
#8754=EDGE_CURVE('',#7746,#7751,#3006,.T.);
#8755=EDGE_CURVE('',#7747,#7750,#3007,.T.);
#8756=EDGE_CURVE('',#7746,#7747,#10238,.T.);
#8757=EDGE_CURVE('',#7750,#7751,#10239,.T.);
#8758=EDGE_CURVE('',#7745,#7744,#10240,.T.);
#8759=EDGE_CURVE('',#7755,#7754,#10241,.T.);
#8760=EDGE_CURVE('',#7749,#7748,#10242,.T.);
#8761=EDGE_CURVE('',#7753,#7752,#10243,.T.);
#8762=EDGE_CURVE('',#7756,#7757,#10244,.T.);
#8763=EDGE_CURVE('',#7756,#7758,#10245,.T.);
#8764=EDGE_CURVE('',#7759,#7758,#10246,.T.);
#8765=EDGE_CURVE('',#7757,#7759,#10247,.T.);
#8766=EDGE_CURVE('',#7760,#7761,#10248,.T.);
#8767=EDGE_CURVE('',#7760,#7762,#10249,.T.);
#8768=EDGE_CURVE('',#7763,#7762,#10250,.T.);
#8769=EDGE_CURVE('',#7761,#7763,#10251,.T.);
#8770=EDGE_CURVE('',#7764,#7765,#10252,.T.);
#8771=EDGE_CURVE('',#7764,#7766,#10253,.T.);
#8772=EDGE_CURVE('',#7767,#7766,#10254,.T.);
#8773=EDGE_CURVE('',#7765,#7767,#10255,.T.);
#8774=EDGE_CURVE('',#7768,#7769,#10256,.T.);
#8775=EDGE_CURVE('',#7768,#7770,#3008,.T.);
#8776=EDGE_CURVE('',#7770,#7771,#10257,.T.);
#8777=EDGE_CURVE('',#7769,#7771,#3009,.T.);
#8778=EDGE_CURVE('',#7765,#7772,#3010,.T.);
#8779=EDGE_CURVE('',#7772,#7773,#10258,.T.);
#8780=EDGE_CURVE('',#7764,#7773,#3011,.T.);
#8781=EDGE_CURVE('',#7761,#7759,#3012,.T.);
#8782=EDGE_CURVE('',#7760,#7758,#3013,.T.);
#8783=EDGE_CURVE('',#7761,#7760,#10259,.T.);
#8784=EDGE_CURVE('',#7758,#7759,#10260,.T.);
#8785=EDGE_CURVE('',#7762,#7763,#10261,.T.);
#8786=EDGE_CURVE('',#7773,#7772,#10262,.T.);
#8787=EDGE_CURVE('',#7757,#7756,#10263,.T.);
#8788=EDGE_CURVE('',#7771,#7770,#10264,.T.);
#8789=EDGE_CURVE('',#7765,#7764,#10265,.T.);
#8790=EDGE_CURVE('',#7766,#7767,#10266,.T.);
#8791=EDGE_CURVE('',#7769,#7768,#10267,.T.);
#8792=EDGE_CURVE('',#7774,#7774,#10268,.T.);
#8793=EDGE_CURVE('',#7775,#7776,#3014,.T.);
#8794=EDGE_CURVE('',#7776,#7777,#3015,.T.);
#8795=EDGE_CURVE('',#7777,#7778,#3016,.T.);
#8796=EDGE_CURVE('',#7778,#7775,#3017,.T.);
#8797=EDGE_CURVE('',#7779,#7779,#10269,.T.);
#8798=EDGE_CURVE('',#7780,#7780,#10270,.T.);
#8799=EDGE_CURVE('',#7781,#7781,#10271,.T.);
#8800=EDGE_CURVE('',#7782,#7782,#10272,.T.);
#8801=EDGE_CURVE('',#7783,#7783,#10273,.T.);
#8802=EDGE_CURVE('',#7784,#7784,#10274,.T.);
#8803=EDGE_CURVE('',#7785,#7785,#10275,.T.);
#8804=EDGE_CURVE('',#7786,#7786,#10276,.T.);
#8805=EDGE_CURVE('',#7787,#7787,#10277,.T.);
#8806=EDGE_CURVE('',#7788,#7788,#10278,.T.);
#8807=EDGE_CURVE('',#7776,#7789,#3018,.T.);
#8808=EDGE_CURVE('',#7790,#7789,#3019,.T.);
#8809=EDGE_CURVE('',#7790,#7777,#3020,.T.);
#8810=EDGE_CURVE('',#7791,#7790,#3021,.T.);
#8811=EDGE_CURVE('',#7778,#7791,#3022,.T.);
#8812=EDGE_CURVE('',#7791,#7792,#3023,.T.);
#8813=EDGE_CURVE('',#7775,#7792,#3024,.T.);
#8814=EDGE_CURVE('',#7789,#7792,#3025,.T.);
#8815=EDGE_CURVE('',#7793,#7793,#10279,.T.);
#8816=EDGE_CURVE('',#7794,#7795,#10280,.T.);
#8817=EDGE_CURVE('',#7796,#7794,#3026,.T.);
#8818=EDGE_CURVE('',#7796,#7797,#10281,.T.);
#8819=EDGE_CURVE('',#7797,#7795,#3027,.T.);
#8820=EDGE_CURVE('',#7798,#7799,#10282,.T.);
#8821=EDGE_CURVE('',#7800,#7798,#3028,.T.);
#8822=EDGE_CURVE('',#7800,#7801,#10283,.T.);
#8823=EDGE_CURVE('',#7801,#7799,#3029,.T.);
#8824=EDGE_CURVE('',#7802,#7803,#10284,.T.);
#8825=EDGE_CURVE('',#7804,#7802,#3030,.T.);
#8826=EDGE_CURVE('',#7804,#7805,#10285,.T.);
#8827=EDGE_CURVE('',#7805,#7803,#3031,.T.);
#8828=EDGE_CURVE('',#7806,#7807,#10286,.T.);
#8829=EDGE_CURVE('',#7808,#7806,#3032,.T.);
#8830=EDGE_CURVE('',#7808,#7809,#10287,.T.);
#8831=EDGE_CURVE('',#7809,#7807,#3033,.T.);
#8832=EDGE_CURVE('',#7810,#7811,#10288,.T.);
#8833=EDGE_CURVE('',#7812,#7810,#3034,.T.);
#8834=EDGE_CURVE('',#7812,#7813,#10289,.T.);
#8835=EDGE_CURVE('',#7813,#7811,#3035,.T.);
#8836=EDGE_CURVE('',#7814,#7815,#10290,.T.);
#8837=EDGE_CURVE('',#7816,#7814,#3036,.T.);
#8838=EDGE_CURVE('',#7816,#7817,#10291,.T.);
#8839=EDGE_CURVE('',#7817,#7815,#3037,.T.);
#8840=EDGE_CURVE('',#7818,#7819,#10292,.T.);
#8841=EDGE_CURVE('',#7820,#7818,#3038,.T.);
#8842=EDGE_CURVE('',#7820,#7821,#10293,.T.);
#8843=EDGE_CURVE('',#7821,#7819,#3039,.T.);
#8844=EDGE_CURVE('',#7822,#7823,#10294,.T.);
#8845=EDGE_CURVE('',#7824,#7822,#3040,.T.);
#8846=EDGE_CURVE('',#7824,#7825,#10295,.T.);
#8847=EDGE_CURVE('',#7825,#7823,#3041,.T.);
#8848=EDGE_CURVE('',#7826,#7827,#10296,.T.);
#8849=EDGE_CURVE('',#7828,#7827,#3042,.T.);
#8850=EDGE_CURVE('',#7828,#7829,#10297,.T.);
#8851=EDGE_CURVE('',#7829,#7826,#3043,.T.);
#8852=EDGE_CURVE('',#7830,#7831,#10298,.T.);
#8853=EDGE_CURVE('',#7832,#7830,#3044,.T.);
#8854=EDGE_CURVE('',#7832,#7833,#10299,.T.);
#8855=EDGE_CURVE('',#7833,#7831,#3045,.T.);
#8856=EDGE_CURVE('',#7799,#7798,#10300,.T.);
#8857=EDGE_CURVE('',#7807,#7806,#10301,.T.);
#8858=EDGE_CURVE('',#7815,#7814,#10302,.T.);
#8859=EDGE_CURVE('',#7823,#7822,#10303,.T.);
#8860=EDGE_CURVE('',#7834,#7835,#3046,.T.);
#8861=EDGE_CURVE('',#7834,#7836,#3047,.T.);
#8862=EDGE_CURVE('',#7837,#7836,#3048,.T.);
#8863=EDGE_CURVE('',#7837,#7838,#3049,.T.);
#8864=EDGE_CURVE('',#7839,#7838,#3050,.T.);
#8865=EDGE_CURVE('',#7839,#7835,#3051,.T.);
#8866=EDGE_CURVE('',#7840,#7841,#3052,.T.);
#8867=EDGE_CURVE('',#7840,#7834,#3053,.T.);
#8868=EDGE_CURVE('',#7835,#7841,#3054,.T.);
#8869=EDGE_CURVE('',#7797,#7796,#10304,.T.);
#8870=EDGE_CURVE('',#7805,#7804,#10305,.T.);
#8871=EDGE_CURVE('',#7813,#7812,#10306,.T.);
#8872=EDGE_CURVE('',#7821,#7820,#10307,.T.);
#8873=EDGE_CURVE('',#7842,#7843,#3055,.T.);
#8874=EDGE_CURVE('',#7842,#7840,#3056,.T.);
#8875=EDGE_CURVE('',#7841,#7844,#3057,.T.);
#8876=EDGE_CURVE('',#7845,#7844,#3058,.T.);
#8877=EDGE_CURVE('',#7845,#7843,#3059,.T.);
#8878=EDGE_CURVE('',#7827,#7826,#10308,.T.);
#8879=EDGE_CURVE('',#7846,#7847,#3060,.T.);
#8880=EDGE_CURVE('',#7846,#7848,#10309,.T.);
#8881=EDGE_CURVE('',#7848,#7849,#3061,.T.);
#8882=EDGE_CURVE('',#7849,#7850,#3062,.T.);
#8883=EDGE_CURVE('',#7851,#7850,#3063,.T.);
#8884=EDGE_CURVE('',#7851,#7847,#10310,.T.);
#8885=EDGE_CURVE('',#7852,#7853,#3064,.T.);
#8886=EDGE_CURVE('',#7852,#7846,#3065,.T.);
#8887=EDGE_CURVE('',#7847,#7853,#3066,.T.);
#8888=EDGE_CURVE('',#7833,#7832,#10311,.T.);
#8889=EDGE_CURVE('',#7854,#7855,#3067,.T.);
#8890=EDGE_CURVE('',#7854,#7852,#10312,.T.);
#8891=EDGE_CURVE('',#7853,#7856,#10313,.T.);
#8892=EDGE_CURVE('',#7856,#7857,#3068,.T.);
#8893=EDGE_CURVE('',#7857,#7858,#3069,.T.);
#8894=EDGE_CURVE('',#7858,#7838,#3070,.T.);
#8895=EDGE_CURVE('',#7837,#7859,#3071,.T.);
#8896=EDGE_CURVE('',#7859,#7855,#3072,.T.);
#8897=EDGE_CURVE('',#7848,#7854,#3073,.T.);
#8898=EDGE_CURVE('',#7855,#7860,#3074,.T.);
#8899=EDGE_CURVE('',#7860,#7849,#10314,.T.);
#8900=EDGE_CURVE('',#7856,#7851,#3075,.T.);
#8901=EDGE_CURVE('',#7850,#7861,#10315,.T.);
#8902=EDGE_CURVE('',#7857,#7861,#3076,.T.);
#8903=EDGE_CURVE('',#7845,#7862,#10316,.T.);
#8904=EDGE_CURVE('',#7862,#7861,#3077,.T.);
#8905=EDGE_CURVE('',#7860,#7863,#3078,.T.);
#8906=EDGE_CURVE('',#7863,#7843,#10317,.T.);
#8907=EDGE_CURVE('',#7844,#7839,#3079,.T.);
#8908=EDGE_CURVE('',#7858,#7862,#3080,.T.);
#8909=EDGE_CURVE('',#7836,#7842,#3081,.T.);
#8910=EDGE_CURVE('',#7859,#7863,#3082,.T.);
#8911=EDGE_CURVE('',#7831,#7830,#10318,.T.);
#8912=EDGE_CURVE('',#7829,#7828,#10319,.T.);
#8913=EDGE_CURVE('',#7825,#7824,#10320,.T.);
#8914=EDGE_CURVE('',#7819,#7818,#10321,.T.);
#8915=EDGE_CURVE('',#7817,#7816,#10322,.T.);
#8916=EDGE_CURVE('',#7811,#7810,#10323,.T.);
#8917=EDGE_CURVE('',#7809,#7808,#10324,.T.);
#8918=EDGE_CURVE('',#7803,#7802,#10325,.T.);
#8919=EDGE_CURVE('',#7801,#7800,#10326,.T.);
#8920=EDGE_CURVE('',#7795,#7794,#10327,.T.);
#8921=EDGE_CURVE('',#7864,#7865,#10328,.T.);
#8922=EDGE_CURVE('',#7864,#7866,#3083,.T.);
#8923=EDGE_CURVE('',#7866,#7867,#10329,.T.);
#8924=EDGE_CURVE('',#7865,#7867,#3084,.T.);
#8925=EDGE_CURVE('',#7868,#7865,#3085,.T.);
#8926=EDGE_CURVE('',#7868,#7864,#3086,.T.);
#8927=EDGE_CURVE('',#7869,#7870,#10330,.T.);
#8928=EDGE_CURVE('',#7869,#7871,#3087,.T.);
#8929=EDGE_CURVE('',#7871,#7872,#10331,.T.);
#8930=EDGE_CURVE('',#7870,#7872,#3088,.T.);
#8931=EDGE_CURVE('',#7873,#7870,#3089,.T.);
#8932=EDGE_CURVE('',#7873,#7869,#3090,.T.);
#8933=EDGE_CURVE('',#7874,#7875,#10332,.T.);
#8934=EDGE_CURVE('',#7874,#7876,#3091,.T.);
#8935=EDGE_CURVE('',#7876,#7877,#10333,.T.);
#8936=EDGE_CURVE('',#7875,#7877,#3092,.T.);
#8937=EDGE_CURVE('',#7878,#7875,#3093,.T.);
#8938=EDGE_CURVE('',#7878,#7874,#3094,.T.);
#8939=EDGE_CURVE('',#7879,#7880,#10334,.T.);
#8940=EDGE_CURVE('',#7879,#7881,#3095,.T.);
#8941=EDGE_CURVE('',#7881,#7882,#10335,.T.);
#8942=EDGE_CURVE('',#7880,#7882,#3096,.T.);
#8943=EDGE_CURVE('',#7883,#7880,#3097,.T.);
#8944=EDGE_CURVE('',#7883,#7879,#3098,.T.);
#8945=EDGE_CURVE('',#7884,#7885,#3099,.T.);
#8946=EDGE_CURVE('',#7884,#7886,#3100,.T.);
#8947=EDGE_CURVE('',#7886,#7887,#3101,.T.);
#8948=EDGE_CURVE('',#7885,#7887,#3102,.T.);
#8949=EDGE_CURVE('',#7888,#7889,#3103,.T.);
#8950=EDGE_CURVE('',#7888,#7890,#3104,.T.);
#8951=EDGE_CURVE('',#7890,#7891,#3105,.T.);
#8952=EDGE_CURVE('',#7889,#7891,#3106,.T.);
#8953=EDGE_CURVE('',#7892,#7893,#3107,.T.);
#8954=EDGE_CURVE('',#7892,#7894,#3108,.T.);
#8955=EDGE_CURVE('',#7894,#7895,#3109,.T.);
#8956=EDGE_CURVE('',#7895,#7893,#3110,.T.);
#8957=EDGE_CURVE('',#7896,#7897,#3111,.T.);
#8958=EDGE_CURVE('',#7896,#7898,#3112,.T.);
#8959=EDGE_CURVE('',#7898,#7899,#3113,.T.);
#8960=EDGE_CURVE('',#7897,#7899,#3114,.T.);
#8961=EDGE_CURVE('',#7900,#7901,#3115,.T.);
#8962=EDGE_CURVE('',#7901,#7902,#3116,.T.);
#8963=EDGE_CURVE('',#7903,#7902,#3117,.T.);
#8964=EDGE_CURVE('',#7903,#7900,#3118,.T.);
#8965=EDGE_CURVE('',#7904,#7905,#3119,.T.);
#8966=EDGE_CURVE('',#7905,#7906,#3120,.T.);
#8967=EDGE_CURVE('',#7907,#7906,#3121,.T.);
#8968=EDGE_CURVE('',#7907,#7904,#3122,.T.);
#8969=EDGE_CURVE('',#7908,#7909,#3123,.T.);
#8970=EDGE_CURVE('',#7908,#7910,#3124,.T.);
#8971=EDGE_CURVE('',#7910,#7911,#3125,.T.);
#8972=EDGE_CURVE('',#7911,#7909,#3126,.T.);
#8973=EDGE_CURVE('',#7887,#7912,#3127,.T.);
#8974=EDGE_CURVE('',#7912,#7913,#3128,.T.);
#8975=EDGE_CURVE('',#7885,#7913,#3129,.T.);
#8976=EDGE_CURVE('',#7899,#7914,#3130,.T.);
#8977=EDGE_CURVE('',#7914,#7915,#3131,.T.);
#8978=EDGE_CURVE('',#7897,#7915,#3132,.T.);
#8979=EDGE_CURVE('',#7916,#7917,#3133,.T.);
#8980=EDGE_CURVE('',#7916,#7918,#3134,.T.);
#8981=EDGE_CURVE('',#7918,#7919,#3135,.T.);
#8982=EDGE_CURVE('',#7917,#7919,#3136,.T.);
#8983=EDGE_CURVE('',#7919,#7920,#3137,.T.);
#8984=EDGE_CURVE('',#7920,#7921,#3138,.T.);
#8985=EDGE_CURVE('',#7917,#7921,#3139,.T.);
#8986=EDGE_CURVE('',#7891,#7922,#3140,.T.);
#8987=EDGE_CURVE('',#7922,#7923,#3141,.T.);
#8988=EDGE_CURVE('',#7889,#7923,#3142,.T.);
#8989=EDGE_CURVE('',#7877,#7876,#10336,.T.);
#8990=EDGE_CURVE('',#7882,#7881,#10337,.T.);
#8991=EDGE_CURVE('',#7924,#7910,#3143,.T.);
#8992=EDGE_CURVE('',#7925,#7924,#3144,.T.);
#8993=EDGE_CURVE('',#7926,#7925,#3145,.T.);
#8994=EDGE_CURVE('',#7927,#7926,#3146,.T.);
#8995=EDGE_CURVE('',#7928,#7927,#3147,.T.);
#8996=EDGE_CURVE('',#7929,#7928,#3148,.T.);
#8997=EDGE_CURVE('',#7930,#7929,#3149,.T.);
#8998=EDGE_CURVE('',#7931,#7930,#3150,.T.);
#8999=EDGE_CURVE('',#7932,#7931,#3151,.T.);
#9000=EDGE_CURVE('',#7933,#7932,#3152,.T.);
#9001=EDGE_CURVE('',#7905,#7933,#3153,.T.);
#9002=EDGE_CURVE('',#7934,#7904,#3154,.T.);
#9003=EDGE_CURVE('',#7935,#7934,#3155,.T.);
#9004=EDGE_CURVE('',#7936,#7935,#3156,.T.);
#9005=EDGE_CURVE('',#7937,#7936,#3157,.T.);
#9006=EDGE_CURVE('',#7938,#7937,#3158,.T.);
#9007=EDGE_CURVE('',#7939,#7938,#3159,.T.);
#9008=EDGE_CURVE('',#7901,#7939,#3160,.T.);
#9009=EDGE_CURVE('',#7916,#7900,#3161,.T.);
#9010=EDGE_CURVE('',#7940,#7921,#3162,.T.);
#9011=EDGE_CURVE('',#7941,#7940,#3163,.T.);
#9012=EDGE_CURVE('',#7942,#7941,#3164,.T.);
#9013=EDGE_CURVE('',#7943,#7942,#3165,.T.);
#9014=EDGE_CURVE('',#7944,#7943,#3166,.T.);
#9015=EDGE_CURVE('',#7945,#7944,#3167,.T.);
#9016=EDGE_CURVE('',#7888,#7945,#3168,.T.);
#9017=EDGE_CURVE('',#7946,#7923,#3169,.T.);
#9018=EDGE_CURVE('',#7947,#7946,#3170,.T.);
#9019=EDGE_CURVE('',#7948,#7947,#3171,.T.);
#9020=EDGE_CURVE('',#7949,#7948,#3172,.T.);
#9021=EDGE_CURVE('',#7950,#7949,#3173,.T.);
#9022=EDGE_CURVE('',#7951,#7950,#3174,.T.);
#9023=EDGE_CURVE('',#7892,#7951,#3175,.T.);
#9024=EDGE_CURVE('',#7952,#7893,#3176,.T.);
#9025=EDGE_CURVE('',#7953,#7952,#3177,.T.);
#9026=EDGE_CURVE('',#7954,#7953,#3178,.T.);
#9027=EDGE_CURVE('',#7955,#7954,#3179,.T.);
#9028=EDGE_CURVE('',#7956,#7955,#3180,.T.);
#9029=EDGE_CURVE('',#7957,#7956,#3181,.T.);
#9030=EDGE_CURVE('',#7896,#7957,#3182,.T.);
#9031=EDGE_CURVE('',#7958,#7915,#3183,.T.);
#9032=EDGE_CURVE('',#7959,#7958,#3184,.T.);
#9033=EDGE_CURVE('',#7960,#7959,#3185,.T.);
#9034=EDGE_CURVE('',#7961,#7960,#3186,.T.);
#9035=EDGE_CURVE('',#7962,#7961,#3187,.T.);
#9036=EDGE_CURVE('',#7963,#7962,#3188,.T.);
#9037=EDGE_CURVE('',#7884,#7963,#3189,.T.);
#9038=EDGE_CURVE('',#7964,#7913,#3190,.T.);
#9039=EDGE_CURVE('',#7965,#7964,#3191,.T.);
#9040=EDGE_CURVE('',#7966,#7965,#3192,.T.);
#9041=EDGE_CURVE('',#7967,#7966,#3193,.T.);
#9042=EDGE_CURVE('',#7968,#7967,#3194,.T.);
#9043=EDGE_CURVE('',#7969,#7968,#3195,.T.);
#9044=EDGE_CURVE('',#7970,#7969,#3196,.T.);
#9045=EDGE_CURVE('',#7971,#7970,#3197,.T.);
#9046=EDGE_CURVE('',#7911,#7971,#3198,.T.);
#9047=EDGE_CURVE('',#7867,#7866,#10338,.T.);
#9048=EDGE_CURVE('',#7872,#7871,#10339,.T.);
#9049=EDGE_CURVE('',#7972,#7908,#3199,.T.);
#9050=EDGE_CURVE('',#7909,#7973,#3200,.T.);
#9051=EDGE_CURVE('',#7973,#7974,#3201,.T.);
#9052=EDGE_CURVE('',#7974,#7975,#3202,.T.);
#9053=EDGE_CURVE('',#7975,#7976,#3203,.T.);
#9054=EDGE_CURVE('',#7976,#7977,#3204,.T.);
#9055=EDGE_CURVE('',#7977,#7978,#3205,.T.);
#9056=EDGE_CURVE('',#7978,#7979,#3206,.T.);
#9057=EDGE_CURVE('',#7979,#7980,#3207,.T.);
#9058=EDGE_CURVE('',#7980,#7912,#3208,.T.);
#9059=EDGE_CURVE('',#7981,#7886,#3209,.T.);
#9060=EDGE_CURVE('',#7981,#7982,#3210,.T.);
#9061=EDGE_CURVE('',#7982,#7983,#3211,.T.);
#9062=EDGE_CURVE('',#7983,#7984,#3212,.T.);
#9063=EDGE_CURVE('',#7984,#7985,#3213,.T.);
#9064=EDGE_CURVE('',#7985,#7986,#3214,.T.);
#9065=EDGE_CURVE('',#7986,#7914,#3215,.T.);
#9066=EDGE_CURVE('',#7987,#7898,#3216,.T.);
#9067=EDGE_CURVE('',#7987,#7988,#3217,.T.);
#9068=EDGE_CURVE('',#7988,#7989,#3218,.T.);
#9069=EDGE_CURVE('',#7989,#7990,#3219,.T.);
#9070=EDGE_CURVE('',#7990,#7991,#3220,.T.);
#9071=EDGE_CURVE('',#7991,#7992,#3221,.T.);
#9072=EDGE_CURVE('',#7992,#7895,#3222,.T.);
#9073=EDGE_CURVE('',#7993,#7894,#3223,.T.);
#9074=EDGE_CURVE('',#7993,#7994,#3224,.T.);
#9075=EDGE_CURVE('',#7994,#7995,#3225,.T.);
#9076=EDGE_CURVE('',#7995,#7996,#3226,.T.);
#9077=EDGE_CURVE('',#7996,#7997,#3227,.T.);
#9078=EDGE_CURVE('',#7997,#7998,#3228,.T.);
#9079=EDGE_CURVE('',#7998,#7922,#3229,.T.);
#9080=EDGE_CURVE('',#7999,#7890,#3230,.T.);
#9081=EDGE_CURVE('',#7999,#8000,#3231,.T.);
#9082=EDGE_CURVE('',#8000,#8001,#3232,.T.);
#9083=EDGE_CURVE('',#8001,#8002,#3233,.T.);
#9084=EDGE_CURVE('',#8002,#8003,#3234,.T.);
#9085=EDGE_CURVE('',#8003,#8004,#3235,.T.);
#9086=EDGE_CURVE('',#8004,#7920,#3236,.T.);
#9087=EDGE_CURVE('',#7903,#7918,#3237,.T.);
#9088=EDGE_CURVE('',#7902,#8005,#3238,.T.);
#9089=EDGE_CURVE('',#8005,#8006,#3239,.T.);
#9090=EDGE_CURVE('',#8006,#8007,#3240,.T.);
#9091=EDGE_CURVE('',#8007,#8008,#3241,.T.);
#9092=EDGE_CURVE('',#8008,#8009,#3242,.T.);
#9093=EDGE_CURVE('',#8009,#8010,#3243,.T.);
#9094=EDGE_CURVE('',#8010,#7907,#3244,.T.);
#9095=EDGE_CURVE('',#7906,#8011,#3245,.T.);
#9096=EDGE_CURVE('',#8011,#8012,#3246,.T.);
#9097=EDGE_CURVE('',#8012,#8013,#3247,.T.);
#9098=EDGE_CURVE('',#8013,#8014,#3248,.T.);
#9099=EDGE_CURVE('',#8014,#8015,#3249,.T.);
#9100=EDGE_CURVE('',#8015,#8016,#3250,.T.);
#9101=EDGE_CURVE('',#8016,#8017,#3251,.T.);
#9102=EDGE_CURVE('',#8017,#8018,#3252,.T.);
#9103=EDGE_CURVE('',#8018,#8019,#3253,.T.);
#9104=EDGE_CURVE('',#8019,#7972,#3254,.T.);
#9105=EDGE_CURVE('',#7980,#7964,#3255,.T.);
#9106=EDGE_CURVE('',#7979,#7965,#3256,.T.);
#9107=EDGE_CURVE('',#7973,#7971,#3257,.T.);
#9108=EDGE_CURVE('',#7978,#7966,#3258,.T.);
#9109=EDGE_CURVE('',#7977,#7967,#3259,.T.);
#9110=EDGE_CURVE('',#7976,#7968,#3260,.T.);
#9111=EDGE_CURVE('',#7975,#7969,#3261,.T.);
#9112=EDGE_CURVE('',#7974,#7970,#3262,.T.);
#9113=EDGE_CURVE('',#8012,#7932,#3263,.T.);
#9114=EDGE_CURVE('',#8013,#7931,#3264,.T.);
#9115=EDGE_CURVE('',#7925,#8019,#3265,.T.);
#9116=EDGE_CURVE('',#8018,#7926,#3266,.T.);
#9117=EDGE_CURVE('',#8017,#7927,#3267,.T.);
#9118=EDGE_CURVE('',#8016,#7928,#3268,.T.);
#9119=EDGE_CURVE('',#8015,#7929,#3269,.T.);
#9120=EDGE_CURVE('',#8014,#7930,#3270,.T.);
#9121=EDGE_CURVE('',#8005,#7939,#3271,.T.);
#9122=EDGE_CURVE('',#8010,#7934,#3272,.T.);
#9123=EDGE_CURVE('',#8009,#7935,#3273,.T.);
#9124=EDGE_CURVE('',#8008,#7936,#3274,.T.);
#9125=EDGE_CURVE('',#8007,#7937,#3275,.T.);
#9126=EDGE_CURVE('',#8006,#7938,#3276,.T.);
#9127=EDGE_CURVE('',#7999,#7945,#3277,.T.);
#9128=EDGE_CURVE('',#8004,#7940,#3278,.T.);
#9129=EDGE_CURVE('',#8003,#7941,#3279,.T.);
#9130=EDGE_CURVE('',#8002,#7942,#3280,.T.);
#9131=EDGE_CURVE('',#8001,#7943,#3281,.T.);
#9132=EDGE_CURVE('',#8000,#7944,#3282,.T.);
#9133=EDGE_CURVE('',#7981,#7963,#3283,.T.);
#9134=EDGE_CURVE('',#7986,#7958,#3284,.T.);
#9135=EDGE_CURVE('',#7983,#7961,#3285,.T.);
#9136=EDGE_CURVE('',#7982,#7962,#3286,.T.);
#9137=EDGE_CURVE('',#7985,#7959,#3287,.T.);
#9138=EDGE_CURVE('',#7984,#7960,#3288,.T.);
#9139=EDGE_CURVE('',#7987,#7957,#3289,.T.);
#9140=EDGE_CURVE('',#7992,#7952,#3290,.T.);
#9141=EDGE_CURVE('',#7991,#7953,#3291,.T.);
#9142=EDGE_CURVE('',#7990,#7954,#3292,.T.);
#9143=EDGE_CURVE('',#7989,#7955,#3293,.T.);
#9144=EDGE_CURVE('',#7988,#7956,#3294,.T.);
#9145=EDGE_CURVE('',#7993,#7951,#3295,.T.);
#9146=EDGE_CURVE('',#7998,#7946,#3296,.T.);
#9147=EDGE_CURVE('',#7997,#7947,#3297,.T.);
#9148=EDGE_CURVE('',#7996,#7948,#3298,.T.);
#9149=EDGE_CURVE('',#7995,#7949,#3299,.T.);
#9150=EDGE_CURVE('',#7994,#7950,#3300,.T.);
#9151=EDGE_CURVE('',#7972,#7924,#3301,.T.);
#9152=EDGE_CURVE('',#8011,#7933,#3302,.T.);
#9153=EDGE_CURVE('',#7880,#7879,#10340,.T.);
#9154=EDGE_CURVE('',#7875,#7874,#10341,.T.);
#9155=EDGE_CURVE('',#7870,#7869,#10342,.T.);
#9156=EDGE_CURVE('',#7865,#7864,#10343,.T.);
#9157=EDGE_CURVE('',#8020,#8021,#10344,.T.);
#9158=EDGE_CURVE('',#8020,#8022,#3303,.T.);
#9159=EDGE_CURVE('',#8022,#8023,#10345,.T.);
#9160=EDGE_CURVE('',#8021,#8023,#3304,.T.);
#9161=EDGE_CURVE('',#8024,#8021,#3305,.T.);
#9162=EDGE_CURVE('',#8024,#8020,#3306,.T.);
#9163=EDGE_CURVE('',#8025,#8026,#10346,.T.);
#9164=EDGE_CURVE('',#8025,#8027,#3307,.T.);
#9165=EDGE_CURVE('',#8027,#8028,#10347,.T.);
#9166=EDGE_CURVE('',#8026,#8028,#3308,.T.);
#9167=EDGE_CURVE('',#8029,#8026,#3309,.T.);
#9168=EDGE_CURVE('',#8029,#8025,#3310,.T.);
#9169=EDGE_CURVE('',#8030,#8031,#10348,.T.);
#9170=EDGE_CURVE('',#8030,#8032,#3311,.T.);
#9171=EDGE_CURVE('',#8032,#8033,#10349,.T.);
#9172=EDGE_CURVE('',#8031,#8033,#3312,.T.);
#9173=EDGE_CURVE('',#8034,#8031,#3313,.T.);
#9174=EDGE_CURVE('',#8034,#8030,#3314,.T.);
#9175=EDGE_CURVE('',#8035,#8036,#10350,.T.);
#9176=EDGE_CURVE('',#8035,#8037,#3315,.T.);
#9177=EDGE_CURVE('',#8037,#8038,#10351,.T.);
#9178=EDGE_CURVE('',#8036,#8038,#3316,.T.);
#9179=EDGE_CURVE('',#8039,#8036,#3317,.T.);
#9180=EDGE_CURVE('',#8039,#8035,#3318,.T.);
#9181=EDGE_CURVE('',#8040,#8041,#10352,.T.);
#9182=EDGE_CURVE('',#8040,#8042,#3319,.T.);
#9183=EDGE_CURVE('',#8042,#8043,#10353,.T.);
#9184=EDGE_CURVE('',#8041,#8043,#3320,.T.);
#9185=EDGE_CURVE('',#8044,#8041,#3321,.T.);
#9186=EDGE_CURVE('',#8044,#8040,#3322,.T.);
#9187=EDGE_CURVE('',#8045,#8046,#10354,.T.);
#9188=EDGE_CURVE('',#8045,#8047,#3323,.T.);
#9189=EDGE_CURVE('',#8047,#8048,#10355,.T.);
#9190=EDGE_CURVE('',#8046,#8048,#3324,.T.);
#9191=EDGE_CURVE('',#8049,#8046,#3325,.T.);
#9192=EDGE_CURVE('',#8049,#8045,#3326,.T.);
#9193=EDGE_CURVE('',#8050,#8051,#10356,.T.);
#9194=EDGE_CURVE('',#8050,#8052,#3327,.T.);
#9195=EDGE_CURVE('',#8052,#8053,#10357,.T.);
#9196=EDGE_CURVE('',#8051,#8053,#3328,.T.);
#9197=EDGE_CURVE('',#8054,#8051,#3329,.T.);
#9198=EDGE_CURVE('',#8054,#8050,#3330,.T.);
#9199=EDGE_CURVE('',#8055,#8056,#10358,.T.);
#9200=EDGE_CURVE('',#8055,#8057,#3331,.T.);
#9201=EDGE_CURVE('',#8057,#8058,#10359,.T.);
#9202=EDGE_CURVE('',#8056,#8058,#3332,.T.);
#9203=EDGE_CURVE('',#8059,#8056,#3333,.T.);
#9204=EDGE_CURVE('',#8059,#8055,#3334,.T.);
#9205=EDGE_CURVE('',#8060,#8061,#10360,.T.);
#9206=EDGE_CURVE('',#8060,#8062,#3335,.T.);
#9207=EDGE_CURVE('',#8063,#8062,#101,.T.);
#9208=EDGE_CURVE('',#8061,#8063,#3336,.T.);
#9209=EDGE_CURVE('',#8064,#8065,#102,.T.);
#9210=EDGE_CURVE('',#8064,#8066,#3337,.T.);
#9211=EDGE_CURVE('',#8066,#8067,#10361,.T.);
#9212=EDGE_CURVE('',#8065,#8067,#3338,.T.);
#9213=EDGE_CURVE('',#8068,#8069,#10362,.T.);
#9214=EDGE_CURVE('',#8068,#8070,#3339,.T.);
#9215=EDGE_CURVE('',#8070,#8071,#10363,.T.);
#9216=EDGE_CURVE('',#8069,#8071,#3340,.T.);
#9217=EDGE_CURVE('',#8072,#8073,#10364,.T.);
#9218=EDGE_CURVE('',#8072,#8074,#3341,.T.);
#9219=EDGE_CURVE('',#8074,#8075,#10365,.T.);
#9220=EDGE_CURVE('',#8073,#8075,#3342,.T.);
#9221=EDGE_CURVE('',#8076,#8077,#10366,.T.);
#9222=EDGE_CURVE('',#8076,#8078,#3343,.T.);
#9223=EDGE_CURVE('',#8079,#8078,#103,.T.);
#9224=EDGE_CURVE('',#8077,#8079,#3344,.T.);
#9225=EDGE_CURVE('',#8080,#8081,#104,.T.);
#9226=EDGE_CURVE('',#8080,#8082,#3345,.T.);
#9227=EDGE_CURVE('',#8082,#8083,#10367,.T.);
#9228=EDGE_CURVE('',#8081,#8083,#3346,.T.);
#9229=EDGE_CURVE('',#8084,#8085,#10368,.T.);
#9230=EDGE_CURVE('',#8084,#8086,#3347,.T.);
#9231=EDGE_CURVE('',#8087,#8086,#105,.T.);
#9232=EDGE_CURVE('',#8085,#8087,#3348,.T.);
#9233=EDGE_CURVE('',#8088,#8089,#106,.T.);
#9234=EDGE_CURVE('',#8088,#8090,#3349,.T.);
#9235=EDGE_CURVE('',#8090,#8091,#10369,.T.);
#9236=EDGE_CURVE('',#8089,#8091,#3350,.T.);
#9237=EDGE_CURVE('',#8092,#8093,#10370,.T.);
#9238=EDGE_CURVE('',#8092,#8094,#3351,.T.);
#9239=EDGE_CURVE('',#8094,#8095,#10371,.T.);
#9240=EDGE_CURVE('',#8093,#8095,#3352,.T.);
#9241=EDGE_CURVE('',#8096,#8097,#10372,.T.);
#9242=EDGE_CURVE('',#8096,#8098,#3353,.T.);
#9243=EDGE_CURVE('',#8098,#8099,#10373,.T.);
#9244=EDGE_CURVE('',#8097,#8099,#3354,.T.);
#9245=EDGE_CURVE('',#8100,#8101,#10374,.T.);
#9246=EDGE_CURVE('',#8100,#8102,#3355,.T.);
#9247=EDGE_CURVE('',#8103,#8102,#107,.T.);
#9248=EDGE_CURVE('',#8101,#8103,#3356,.T.);
#9249=EDGE_CURVE('',#8104,#8105,#108,.T.);
#9250=EDGE_CURVE('',#8104,#8106,#3357,.T.);
#9251=EDGE_CURVE('',#8106,#8107,#10375,.T.);
#9252=EDGE_CURVE('',#8105,#8107,#3358,.T.);
#9253=EDGE_CURVE('',#8108,#8109,#10376,.T.);
#9254=EDGE_CURVE('',#8108,#8110,#3359,.T.);
#9255=EDGE_CURVE('',#8110,#8111,#10377,.T.);
#9256=EDGE_CURVE('',#8111,#8112,#109,.T.);
#9257=EDGE_CURVE('',#8112,#8113,#10378,.T.);
#9258=EDGE_CURVE('',#8109,#8113,#3360,.T.);
#9259=EDGE_CURVE('',#8114,#8115,#10379,.T.);
#9260=EDGE_CURVE('',#8114,#8116,#3361,.T.);
#9261=EDGE_CURVE('',#8116,#8117,#10380,.T.);
#9262=EDGE_CURVE('',#8115,#8117,#3362,.T.);
#9263=EDGE_CURVE('',#8118,#8115,#3363,.T.);
#9264=EDGE_CURVE('',#8118,#8114,#3364,.T.);
#9265=EDGE_CURVE('',#8119,#8120,#10381,.T.);
#9266=EDGE_CURVE('',#8119,#8121,#3365,.T.);
#9267=EDGE_CURVE('',#8121,#8122,#10382,.T.);
#9268=EDGE_CURVE('',#8120,#8122,#3366,.T.);
#9269=EDGE_CURVE('',#8123,#8120,#3367,.T.);
#9270=EDGE_CURVE('',#8123,#8119,#3368,.T.);
#9271=EDGE_CURVE('',#8124,#8125,#10383,.T.);
#9272=EDGE_CURVE('',#8124,#8126,#3369,.T.);
#9273=EDGE_CURVE('',#8126,#8127,#10384,.T.);
#9274=EDGE_CURVE('',#8125,#8127,#3370,.T.);
#9275=EDGE_CURVE('',#8128,#8124,#10385,.T.);
#9276=EDGE_CURVE('',#8128,#8129,#3371,.T.);
#9277=EDGE_CURVE('',#8129,#8126,#10386,.T.);
#9278=EDGE_CURVE('',#8130,#8131,#10387,.T.);
#9279=EDGE_CURVE('',#8130,#8132,#3372,.T.);
#9280=EDGE_CURVE('',#8132,#8133,#10388,.T.);
#9281=EDGE_CURVE('',#8131,#8133,#3373,.T.);
#9282=EDGE_CURVE('',#8131,#8134,#10389,.T.);
#9283=EDGE_CURVE('',#8133,#8135,#10390,.T.);
#9284=EDGE_CURVE('',#8134,#8135,#3374,.T.);
#9285=EDGE_CURVE('',#8081,#8080,#110,.T.);
#9286=EDGE_CURVE('',#8078,#8079,#111,.T.);
#9287=EDGE_CURVE('',#8136,#8137,#10391,.T.);
#9288=EDGE_CURVE('',#8136,#8138,#3375,.T.);
#9289=EDGE_CURVE('',#8138,#8139,#10392,.T.);
#9290=EDGE_CURVE('',#8139,#8140,#3376,.T.);
#9291=EDGE_CURVE('',#8134,#8140,#10393,.T.);
#9292=EDGE_CURVE('',#8135,#8141,#10394,.T.);
#9293=EDGE_CURVE('',#8142,#8141,#3377,.T.);
#9294=EDGE_CURVE('',#8143,#8142,#10395,.T.);
#9295=EDGE_CURVE('',#8143,#8087,#112,.T.);
#9296=EDGE_CURVE('',#8086,#8144,#113,.T.);
#9297=EDGE_CURVE('',#8145,#8144,#10396,.T.);
#9298=EDGE_CURVE('',#8145,#8088,#114,.T.);
#9299=EDGE_CURVE('',#8089,#8137,#115,.T.);
#9300=EDGE_CURVE('',#8146,#8147,#3378,.T.);
#9301=EDGE_CURVE('',#8146,#8147,#10397,.T.);
#9302=EDGE_CURVE('',#8148,#8149,#3379,.T.);
#9303=EDGE_CURVE('',#8148,#8136,#10398,.T.);
#9304=EDGE_CURVE('',#8111,#8137,#3380,.T.);
#9305=EDGE_CURVE('',#8149,#8110,#10399,.T.);
#9306=EDGE_CURVE('',#8150,#8151,#3381,.T.);
#9307=EDGE_CURVE('',#8150,#8152,#3382,.T.);
#9308=EDGE_CURVE('',#8152,#8153,#3383,.T.);
#9309=EDGE_CURVE('',#8151,#8153,#3384,.T.);
#9310=EDGE_CURVE('',#8097,#8096,#10400,.T.);
#9311=EDGE_CURVE('',#8093,#8092,#10401,.T.);
#9312=EDGE_CURVE('',#8073,#8072,#10402,.T.);
#9313=EDGE_CURVE('',#8069,#8068,#10403,.T.);
#9314=EDGE_CURVE('',#8154,#8155,#3385,.T.);
#9315=EDGE_CURVE('',#8113,#8154,#10404,.T.);
#9316=EDGE_CURVE('',#8143,#8112,#3386,.T.);
#9317=EDGE_CURVE('',#8142,#8155,#10405,.T.);
#9318=EDGE_CURVE('',#8150,#8156,#3387,.T.);
#9319=EDGE_CURVE('',#8156,#8157,#3388,.T.);
#9320=EDGE_CURVE('',#8152,#8157,#3389,.T.);
#9321=EDGE_CURVE('',#8033,#8032,#10406,.T.);
#9322=EDGE_CURVE('',#8038,#8037,#10407,.T.);
#9323=EDGE_CURVE('',#8151,#8158,#3390,.T.);
#9324=EDGE_CURVE('',#8156,#8158,#3391,.T.);
#9325=EDGE_CURVE('',#8109,#8108,#10408,.T.);
#9326=EDGE_CURVE('',#8153,#8159,#3392,.T.);
#9327=EDGE_CURVE('',#8158,#8159,#3393,.T.);
#9328=EDGE_CURVE('',#8023,#8022,#10409,.T.);
#9329=EDGE_CURVE('',#8028,#8027,#10410,.T.);
#9330=EDGE_CURVE('',#8159,#8157,#3394,.T.);
#9331=EDGE_CURVE('',#8127,#8138,#10411,.T.);
#9332=EDGE_CURVE('',#8160,#8129,#10412,.T.);
#9333=EDGE_CURVE('',#8141,#8160,#10413,.T.);
#9334=EDGE_CURVE('',#8139,#8132,#10414,.T.);
#9335=EDGE_CURVE('',#8043,#8042,#10415,.T.);
#9336=EDGE_CURVE('',#8048,#8047,#10416,.T.);
#9337=EDGE_CURVE('',#8053,#8052,#10417,.T.);
#9338=EDGE_CURVE('',#8058,#8057,#10418,.T.);
#9339=EDGE_CURVE('',#8067,#8066,#10419,.T.);
#9340=EDGE_CURVE('',#8083,#8082,#10420,.T.);
#9341=EDGE_CURVE('',#8091,#8090,#10421,.T.);
#9342=EDGE_CURVE('',#8107,#8106,#10422,.T.);
#9343=EDGE_CURVE('',#8148,#8064,#116,.T.);
#9344=EDGE_CURVE('',#8065,#8147,#117,.T.);
#9345=EDGE_CURVE('',#8146,#8063,#118,.T.);
#9346=EDGE_CURVE('',#8062,#8155,#119,.T.);
#9347=EDGE_CURVE('',#8160,#8161,#3395,.T.);
#9348=EDGE_CURVE('',#8125,#8161,#10423,.T.);
#9349=EDGE_CURVE('',#8102,#8103,#120,.T.);
#9350=EDGE_CURVE('',#8105,#8104,#121,.T.);
#9351=EDGE_CURVE('',#8145,#8144,#3396,.T.);
#9352=EDGE_CURVE('',#8140,#8130,#10424,.T.);
#9353=EDGE_CURVE('',#8122,#8121,#10425,.T.);
#9354=EDGE_CURVE('',#8161,#8128,#10426,.T.);
#9355=EDGE_CURVE('',#8117,#8116,#10427,.T.);
#9356=EDGE_CURVE('',#8120,#8119,#10428,.T.);
#9357=EDGE_CURVE('',#8115,#8114,#10429,.T.);
#9358=EDGE_CURVE('',#8154,#8149,#122,.T.);
#9359=EDGE_CURVE('',#8101,#8100,#10430,.T.);
#9360=EDGE_CURVE('',#8099,#8098,#10431,.T.);
#9361=EDGE_CURVE('',#8095,#8094,#10432,.T.);
#9362=EDGE_CURVE('',#8085,#8084,#10433,.T.);
#9363=EDGE_CURVE('',#8077,#8076,#10434,.T.);
#9364=EDGE_CURVE('',#8075,#8074,#10435,.T.);
#9365=EDGE_CURVE('',#8071,#8070,#10436,.T.);
#9366=EDGE_CURVE('',#8061,#8060,#10437,.T.);
#9367=EDGE_CURVE('',#8056,#8055,#10438,.T.);
#9368=EDGE_CURVE('',#8051,#8050,#10439,.T.);
#9369=EDGE_CURVE('',#8046,#8045,#10440,.T.);
#9370=EDGE_CURVE('',#8041,#8040,#10441,.T.);
#9371=EDGE_CURVE('',#8036,#8035,#10442,.T.);
#9372=EDGE_CURVE('',#8031,#8030,#10443,.T.);
#9373=EDGE_CURVE('',#8026,#8025,#10444,.T.);
#9374=EDGE_CURVE('',#8021,#8020,#10445,.T.);
#9375=EDGE_CURVE('',#8162,#8162,#10446,.T.);
#9376=EDGE_CURVE('',#8163,#8163,#10447,.T.);
#9377=EDGE_CURVE('',#8164,#8164,#10448,.T.);
#9378=EDGE_CURVE('',#8165,#8165,#10449,.T.);
#9379=EDGE_CURVE('',#8166,#8166,#10450,.T.);
#9380=EDGE_CURVE('',#8167,#8167,#10451,.T.);
#9381=EDGE_CURVE('',#8168,#8168,#10452,.T.);
#9382=EDGE_CURVE('',#8169,#8169,#10453,.T.);
#9383=EDGE_CURVE('',#8170,#8170,#10454,.T.);
#9384=EDGE_CURVE('',#8171,#8171,#10455,.T.);
#9385=EDGE_CURVE('',#8172,#8172,#10456,.T.);
#9386=EDGE_CURVE('',#8173,#8174,#10457,.T.);
#9387=EDGE_CURVE('',#8173,#8175,#3397,.T.);
#9388=EDGE_CURVE('',#8176,#8175,#10458,.T.);
#9389=EDGE_CURVE('',#8176,#8177,#3398,.T.);
#9390=EDGE_CURVE('',#8178,#8177,#10459,.T.);
#9391=EDGE_CURVE('',#8178,#8179,#3399,.T.);
#9392=EDGE_CURVE('',#8180,#8179,#10460,.T.);
#9393=EDGE_CURVE('',#8180,#8174,#3400,.T.);
#9394=EDGE_CURVE('',#8181,#8181,#10461,.T.);
#9395=EDGE_CURVE('',#8182,#8182,#10462,.T.);
#9396=EDGE_CURVE('',#8183,#8183,#10463,.T.);
#9397=EDGE_CURVE('',#8184,#8184,#10464,.T.);
#9398=EDGE_CURVE('',#8185,#8185,#10465,.T.);
#9399=EDGE_CURVE('',#8186,#8187,#3401,.T.);
#9400=EDGE_CURVE('',#8188,#8186,#10466,.T.);
#9401=EDGE_CURVE('',#8188,#8189,#3402,.T.);
#9402=EDGE_CURVE('',#8189,#8190,#10467,.T.);
#9403=EDGE_CURVE('',#8190,#8191,#3403,.T.);
#9404=EDGE_CURVE('',#8191,#8192,#10468,.T.);
#9405=EDGE_CURVE('',#8192,#8193,#3404,.T.);
#9406=EDGE_CURVE('',#8187,#8193,#10469,.T.);
#9407=EDGE_CURVE('',#8194,#8195,#3405,.T.);
#9408=EDGE_CURVE('',#8194,#8196,#10470,.T.);
#9409=EDGE_CURVE('',#8197,#8196,#3406,.T.);
#9410=EDGE_CURVE('',#8197,#8198,#10471,.T.);
#9411=EDGE_CURVE('',#8199,#8198,#3407,.T.);
#9412=EDGE_CURVE('',#8199,#8200,#10472,.T.);
#9413=EDGE_CURVE('',#8201,#8200,#3408,.T.);
#9414=EDGE_CURVE('',#8201,#8195,#10473,.T.);
#9415=EDGE_CURVE('',#8202,#8202,#10474,.T.);
#9416=EDGE_CURVE('',#8173,#8194,#3409,.T.);
#9417=EDGE_CURVE('',#8196,#8174,#3410,.T.);
#9418=EDGE_CURVE('',#8195,#8175,#3411,.T.);
#9419=EDGE_CURVE('',#8176,#8201,#3412,.T.);
#9420=EDGE_CURVE('',#8200,#8177,#3413,.T.);
#9421=EDGE_CURVE('',#8178,#8199,#3414,.T.);
#9422=EDGE_CURVE('',#8198,#8179,#3415,.T.);
#9423=EDGE_CURVE('',#8180,#8197,#3416,.T.);
#9424=EDGE_CURVE('',#8203,#8203,#10475,.T.);
#9425=EDGE_CURVE('',#8204,#8204,#10476,.T.);
#9426=EDGE_CURVE('',#8205,#8206,#10477,.T.);
#9427=EDGE_CURVE('',#8205,#8207,#3417,.T.);
#9428=EDGE_CURVE('',#8207,#8208,#10478,.T.);
#9429=EDGE_CURVE('',#8206,#8208,#3418,.T.);
#9430=EDGE_CURVE('',#8209,#8209,#10479,.T.);
#9431=EDGE_CURVE('',#8210,#8210,#10480,.T.);
#9432=EDGE_CURVE('',#8211,#8211,#10481,.T.);
#9433=EDGE_CURVE('',#8212,#8212,#10482,.T.);
#9434=EDGE_CURVE('',#8213,#8213,#10483,.T.);
#9435=EDGE_CURVE('',#8214,#8214,#10484,.T.);
#9436=EDGE_CURVE('',#8215,#8215,#10485,.T.);
#9437=EDGE_CURVE('',#8216,#8186,#3419,.T.);
#9438=EDGE_CURVE('',#8187,#8217,#3420,.T.);
#9439=EDGE_CURVE('',#8216,#8217,#3421,.T.);
#9440=EDGE_CURVE('',#8218,#8189,#3422,.T.);
#9441=EDGE_CURVE('',#8188,#8219,#3423,.T.);
#9442=EDGE_CURVE('',#8218,#8219,#3424,.T.);
#9443=EDGE_CURVE('',#8220,#8191,#3425,.T.);
#9444=EDGE_CURVE('',#8190,#8221,#3426,.T.);
#9445=EDGE_CURVE('',#8220,#8221,#3427,.T.);
#9446=EDGE_CURVE('',#8222,#8193,#3428,.T.);
#9447=EDGE_CURVE('',#8192,#8223,#3429,.T.);
#9448=EDGE_CURVE('',#8222,#8223,#3430,.T.);
#9449=EDGE_CURVE('',#8208,#8207,#10486,.T.);
#9450=EDGE_CURVE('',#8224,#8224,#10487,.T.);
#9451=EDGE_CURVE('',#8225,#8225,#10488,.T.);
#9452=EDGE_CURVE('',#8226,#8226,#10489,.T.);
#9453=EDGE_CURVE('',#8221,#8218,#10490,.T.);
#9454=EDGE_CURVE('',#8219,#8216,#10491,.T.);
#9455=EDGE_CURVE('',#8217,#8222,#10492,.T.);
#9456=EDGE_CURVE('',#8223,#8220,#10493,.T.);
#9457=EDGE_CURVE('',#8227,#8227,#10494,.T.);
#9458=EDGE_CURVE('',#8228,#8228,#10495,.T.);
#9459=EDGE_CURVE('',#8229,#8229,#10496,.T.);
#9460=EDGE_CURVE('',#8206,#8205,#10497,.T.);
#9461=EDGE_CURVE('',#8230,#8230,#10498,.T.);
#9462=EDGE_CURVE('',#8231,#8231,#10499,.T.);
#9463=EDGE_CURVE('',#8232,#8233,#10500,.T.);
#9464=EDGE_CURVE('',#8233,#8234,#3431,.T.);
#9465=EDGE_CURVE('',#8235,#8234,#10501,.T.);
#9466=EDGE_CURVE('',#8232,#8235,#3432,.T.);
#9467=EDGE_CURVE('',#8236,#8237,#10502,.T.);
#9468=EDGE_CURVE('',#8236,#8238,#3433,.T.);
#9469=EDGE_CURVE('',#8238,#8239,#10503,.T.);
#9470=EDGE_CURVE('',#8239,#8237,#3434,.T.);
#9471=EDGE_CURVE('',#8240,#8241,#10504,.T.);
#9472=EDGE_CURVE('',#8240,#8242,#3435,.T.);
#9473=EDGE_CURVE('',#8243,#8242,#10505,.T.);
#9474=EDGE_CURVE('',#8241,#8243,#3436,.T.);
#9475=EDGE_CURVE('',#8244,#8234,#3437,.T.);
#9476=EDGE_CURVE('',#8244,#8235,#3438,.T.);
#9477=EDGE_CURVE('',#8245,#8242,#3439,.T.);
#9478=EDGE_CURVE('',#8245,#8243,#3440,.T.);
#9479=EDGE_CURVE('',#8246,#8247,#10506,.T.);
#9480=EDGE_CURVE('',#8246,#8248,#3441,.T.);
#9481=EDGE_CURVE('',#8249,#8248,#10507,.T.);
#9482=EDGE_CURVE('',#8247,#8249,#3442,.T.);
#9483=EDGE_CURVE('',#8250,#8251,#10508,.T.);
#9484=EDGE_CURVE('',#8250,#8252,#3443,.T.);
#9485=EDGE_CURVE('',#8253,#8252,#10509,.T.);
#9486=EDGE_CURVE('',#8251,#8253,#3444,.T.);
#9487=EDGE_CURVE('',#8254,#8255,#10510,.T.);
#9488=EDGE_CURVE('',#8254,#8256,#3445,.T.);
#9489=EDGE_CURVE('',#8257,#8256,#10511,.T.);
#9490=EDGE_CURVE('',#8255,#8257,#3446,.T.);
#9491=EDGE_CURVE('',#8258,#8259,#10512,.T.);
#9492=EDGE_CURVE('',#8258,#8260,#3447,.T.);
#9493=EDGE_CURVE('',#8261,#8260,#10513,.T.);
#9494=EDGE_CURVE('',#8259,#8261,#3448,.T.);
#9495=EDGE_CURVE('',#8262,#8263,#10514,.T.);
#9496=EDGE_CURVE('',#8262,#8264,#3449,.T.);
#9497=EDGE_CURVE('',#8265,#8264,#10515,.T.);
#9498=EDGE_CURVE('',#8263,#8265,#3450,.T.);
#9499=EDGE_CURVE('',#8266,#8252,#3451,.T.);
#9500=EDGE_CURVE('',#8266,#8253,#3452,.T.);
#9501=EDGE_CURVE('',#8267,#8256,#3453,.T.);
#9502=EDGE_CURVE('',#8267,#8257,#3454,.T.);
#9503=EDGE_CURVE('',#8268,#8260,#3455,.T.);
#9504=EDGE_CURVE('',#8268,#8261,#3456,.T.);
#9505=EDGE_CURVE('',#8269,#8264,#3457,.T.);
#9506=EDGE_CURVE('',#8269,#8265,#3458,.T.);
#9507=EDGE_CURVE('',#8270,#8271,#3459,.T.);
#9508=EDGE_CURVE('',#8271,#8272,#3460,.T.);
#9509=EDGE_CURVE('',#8272,#8273,#3461,.T.);
#9510=EDGE_CURVE('',#8273,#8270,#3462,.T.);
#9511=EDGE_CURVE('',#8233,#8232,#10516,.T.);
#9512=EDGE_CURVE('',#8274,#8275,#3463,.T.);
#9513=EDGE_CURVE('',#8274,#8276,#3464,.T.);
#9514=EDGE_CURVE('',#8277,#8276,#3465,.T.);
#9515=EDGE_CURVE('',#8277,#8278,#3466,.T.);
#9516=EDGE_CURVE('',#8279,#8278,#3467,.T.);
#9517=EDGE_CURVE('',#8279,#8280,#3468,.T.);
#9518=EDGE_CURVE('',#8281,#8280,#3469,.T.);
#9519=EDGE_CURVE('',#8281,#8282,#3470,.T.);
#9520=EDGE_CURVE('',#8283,#8282,#3471,.T.);
#9521=EDGE_CURVE('',#8239,#8283,#3472,.T.);
#9522=EDGE_CURVE('',#8284,#8238,#10517,.T.);
#9523=EDGE_CURVE('',#8272,#8284,#3473,.T.);
#9524=EDGE_CURVE('',#8285,#8271,#3474,.T.);
#9525=EDGE_CURVE('',#8286,#8285,#10518,.T.);
#9526=EDGE_CURVE('',#8275,#8286,#3475,.T.);
#9527=EDGE_CURVE('',#8287,#8285,#3476,.T.);
#9528=EDGE_CURVE('',#8270,#8287,#3477,.T.);
#9529=EDGE_CURVE('',#8241,#8240,#10519,.T.);
#9530=EDGE_CURVE('',#8288,#8289,#3478,.T.);
#9531=EDGE_CURVE('',#8288,#8287,#10520,.T.);
#9532=EDGE_CURVE('',#8273,#8290,#3479,.T.);
#9533=EDGE_CURVE('',#8290,#8236,#10521,.T.);
#9534=EDGE_CURVE('',#8291,#8237,#3480,.T.);
#9535=EDGE_CURVE('',#8291,#8292,#3481,.T.);
#9536=EDGE_CURVE('',#8293,#8292,#3482,.T.);
#9537=EDGE_CURVE('',#8293,#8294,#3483,.T.);
#9538=EDGE_CURVE('',#8295,#8294,#3484,.T.);
#9539=EDGE_CURVE('',#8295,#8296,#3485,.T.);
#9540=EDGE_CURVE('',#8296,#8297,#3486,.T.);
#9541=EDGE_CURVE('',#8297,#8298,#3487,.T.);
#9542=EDGE_CURVE('',#8298,#8299,#3488,.T.);
#9543=EDGE_CURVE('',#8299,#8289,#3489,.T.);
#9544=EDGE_CURVE('',#8284,#8290,#3490,.T.);
#9545=EDGE_CURVE('',#8234,#8235,#10522,.T.);
#9546=EDGE_CURVE('',#8300,#8301,#3491,.T.);
#9547=EDGE_CURVE('',#8302,#8301,#3492,.T.);
#9548=EDGE_CURVE('',#8302,#8274,#3493,.T.);
#9549=EDGE_CURVE('',#8275,#8289,#3494,.T.);
#9550=EDGE_CURVE('',#8299,#8303,#3495,.T.);
#9551=EDGE_CURVE('',#8300,#8303,#3496,.T.);
#9552=EDGE_CURVE('',#8304,#8277,#3497,.T.);
#9553=EDGE_CURVE('',#8276,#8305,#3498,.T.);
#9554=EDGE_CURVE('',#8305,#8304,#3499,.T.);
#9555=EDGE_CURVE('',#8306,#8279,#3500,.T.);
#9556=EDGE_CURVE('',#8278,#8307,#3501,.T.);
#9557=EDGE_CURVE('',#8307,#8306,#3502,.T.);
#9558=EDGE_CURVE('',#8280,#8308,#3503,.T.);
#9559=EDGE_CURVE('',#8308,#8309,#3504,.T.);
#9560=EDGE_CURVE('',#8309,#8281,#3505,.T.);
#9561=EDGE_CURVE('',#8310,#8311,#3506,.T.);
#9562=EDGE_CURVE('',#8312,#8311,#3507,.T.);
#9563=EDGE_CURVE('',#8312,#8292,#3508,.T.);
#9564=EDGE_CURVE('',#8291,#8283,#3509,.T.);
#9565=EDGE_CURVE('',#8282,#8313,#3510,.T.);
#9566=EDGE_CURVE('',#8313,#8310,#3511,.T.);
#9567=EDGE_CURVE('',#8288,#8286,#3512,.T.);
#9568=EDGE_CURVE('',#8242,#8243,#10523,.T.);
#9569=EDGE_CURVE('',#8297,#8314,#3513,.T.);
#9570=EDGE_CURVE('',#8314,#8315,#3514,.T.);
#9571=EDGE_CURVE('',#8315,#8298,#3515,.T.);
#9572=EDGE_CURVE('',#8295,#8316,#3516,.T.);
#9573=EDGE_CURVE('',#8316,#8317,#3517,.T.);
#9574=EDGE_CURVE('',#8317,#8296,#3518,.T.);
#9575=EDGE_CURVE('',#8318,#8293,#3519,.T.);
#9576=EDGE_CURVE('',#8319,#8318,#3520,.T.);
#9577=EDGE_CURVE('',#8294,#8319,#3521,.T.);
#9578=EDGE_CURVE('',#8301,#8320,#3522,.T.);
#9579=EDGE_CURVE('',#8321,#8300,#3523,.T.);
#9580=EDGE_CURVE('',#8320,#8321,#3524,.T.);
#9581=EDGE_CURVE('',#8303,#8315,#3525,.T.);
#9582=EDGE_CURVE('',#8305,#8302,#3526,.T.);
#9583=EDGE_CURVE('',#8307,#8304,#3527,.T.);
#9584=EDGE_CURVE('',#8322,#8249,#3528,.T.);
#9585=EDGE_CURVE('',#8248,#8323,#10524,.T.);
#9586=EDGE_CURVE('',#8323,#8324,#3529,.T.);
#9587=EDGE_CURVE('',#8324,#8310,#3530,.T.);
#9588=EDGE_CURVE('',#8313,#8309,#3531,.T.);
#9589=EDGE_CURVE('',#8308,#8306,#3532,.T.);
#9590=EDGE_CURVE('',#8320,#8325,#3533,.T.);
#9591=EDGE_CURVE('',#8325,#8326,#3534,.T.);
#9592=EDGE_CURVE('',#8326,#8327,#3535,.T.);
#9593=EDGE_CURVE('',#8327,#8328,#3536,.T.);
#9594=EDGE_CURVE('',#8328,#8329,#3537,.T.);
#9595=EDGE_CURVE('',#8330,#8329,#3538,.T.);
#9596=EDGE_CURVE('',#8330,#8331,#3539,.T.);
#9597=EDGE_CURVE('',#8331,#8322,#3540,.T.);
#9598=EDGE_CURVE('',#8332,#8324,#3541,.T.);
#9599=EDGE_CURVE('',#8311,#8332,#3542,.T.);
#9600=EDGE_CURVE('',#8312,#8318,#3543,.T.);
#9601=EDGE_CURVE('',#8333,#8334,#3544,.T.);
#9602=EDGE_CURVE('',#8334,#8321,#3545,.T.);
#9603=EDGE_CURVE('',#8314,#8317,#3546,.T.);
#9604=EDGE_CURVE('',#8316,#8319,#3547,.T.);
#9605=EDGE_CURVE('',#8332,#8335,#3548,.T.);
#9606=EDGE_CURVE('',#8335,#8246,#10525,.T.);
#9607=EDGE_CURVE('',#8247,#8336,#3549,.T.);
#9608=EDGE_CURVE('',#8336,#8337,#3550,.T.);
#9609=EDGE_CURVE('',#8337,#8338,#3551,.T.);
#9610=EDGE_CURVE('',#8339,#8338,#3552,.T.);
#9611=EDGE_CURVE('',#8339,#8340,#3553,.T.);
#9612=EDGE_CURVE('',#8340,#8341,#3554,.T.);
#9613=EDGE_CURVE('',#8341,#8333,#3555,.T.);
#9614=EDGE_CURVE('',#8334,#8325,#3556,.T.);
#9615=EDGE_CURVE('',#8322,#8336,#3557,.T.);
#9616=EDGE_CURVE('',#8251,#8250,#10526,.T.);
#9617=EDGE_CURVE('',#8255,#8254,#10527,.T.);
#9618=EDGE_CURVE('',#8330,#8338,#3558,.T.);
#9619=EDGE_CURVE('',#8337,#8331,#3559,.T.);
#9620=EDGE_CURVE('',#8339,#8329,#3560,.T.);
#9621=EDGE_CURVE('',#8328,#8340,#3561,.T.);
#9622=EDGE_CURVE('',#8259,#8258,#10528,.T.);
#9623=EDGE_CURVE('',#8263,#8262,#10529,.T.);
#9624=EDGE_CURVE('',#8341,#8327,#3562,.T.);
#9625=EDGE_CURVE('',#8326,#8333,#3563,.T.);
#9626=EDGE_CURVE('',#8323,#8335,#3564,.T.);
#9627=EDGE_CURVE('',#8252,#8253,#10530,.T.);
#9628=EDGE_CURVE('',#8256,#8257,#10531,.T.);
#9629=EDGE_CURVE('',#8260,#8261,#10532,.T.);
#9630=EDGE_CURVE('',#8264,#8265,#10533,.T.);
#9631=EDGE_CURVE('',#8342,#8343,#3565,.T.);
#9632=EDGE_CURVE('',#8344,#8343,#10534,.T.);
#9633=EDGE_CURVE('',#8344,#8345,#3566,.T.);
#9634=EDGE_CURVE('',#8345,#8346,#123,.T.);
#9635=EDGE_CURVE('',#8346,#8347,#3567,.T.);
#9636=EDGE_CURVE('',#8347,#8348,#124,.T.);
#9637=EDGE_CURVE('',#8348,#8349,#3568,.T.);
#9638=EDGE_CURVE('',#8349,#8350,#125,.T.);
#9639=EDGE_CURVE('',#8350,#8351,#3569,.T.);
#9640=EDGE_CURVE('',#8352,#8351,#126,.T.);
#9641=EDGE_CURVE('',#8352,#8353,#3570,.T.);
#9642=EDGE_CURVE('',#8354,#8353,#127,.T.);
#9643=EDGE_CURVE('',#8354,#8355,#3571,.T.);
#9644=EDGE_CURVE('',#8356,#8355,#128,.T.);
#9645=EDGE_CURVE('',#8356,#8357,#3572,.T.);
#9646=EDGE_CURVE('',#8342,#8357,#129,.T.);
#9647=EDGE_CURVE('',#8358,#8359,#10535,.T.);
#9648=EDGE_CURVE('',#8358,#8360,#3573,.T.);
#9649=EDGE_CURVE('',#8360,#8361,#10536,.T.);
#9650=EDGE_CURVE('',#8359,#8361,#3574,.T.);
#9651=EDGE_CURVE('',#8362,#8363,#10537,.T.);
#9652=EDGE_CURVE('',#8362,#8364,#3575,.T.);
#9653=EDGE_CURVE('',#8364,#8365,#10538,.T.);
#9654=EDGE_CURVE('',#8363,#8365,#3576,.T.);
#9655=EDGE_CURVE('',#8366,#8367,#10539,.T.);
#9656=EDGE_CURVE('',#8366,#8368,#3577,.T.);
#9657=EDGE_CURVE('',#8368,#8369,#10540,.T.);
#9658=EDGE_CURVE('',#8367,#8369,#3578,.T.);
#9659=EDGE_CURVE('',#8370,#8371,#10541,.T.);
#9660=EDGE_CURVE('',#8370,#8372,#3579,.T.);
#9661=EDGE_CURVE('',#8372,#8373,#10542,.T.);
#9662=EDGE_CURVE('',#8371,#8373,#3580,.T.);
#9663=EDGE_CURVE('',#8374,#8375,#10543,.T.);
#9664=EDGE_CURVE('',#8374,#8376,#3581,.T.);
#9665=EDGE_CURVE('',#8376,#8377,#10544,.T.);
#9666=EDGE_CURVE('',#8375,#8377,#3582,.T.);
#9667=EDGE_CURVE('',#8378,#8379,#10545,.T.);
#9668=EDGE_CURVE('',#8378,#8380,#3583,.T.);
#9669=EDGE_CURVE('',#8380,#8381,#10546,.T.);
#9670=EDGE_CURVE('',#8379,#8381,#3584,.T.);
#9671=EDGE_CURVE('',#8382,#8383,#10547,.T.);
#9672=EDGE_CURVE('',#8382,#8384,#3585,.T.);
#9673=EDGE_CURVE('',#8384,#8385,#10548,.T.);
#9674=EDGE_CURVE('',#8383,#8385,#3586,.T.);
#9675=EDGE_CURVE('',#8386,#8387,#10549,.T.);
#9676=EDGE_CURVE('',#8386,#8388,#3587,.T.);
#9677=EDGE_CURVE('',#8388,#8389,#10550,.T.);
#9678=EDGE_CURVE('',#8387,#8389,#3588,.T.);
#9679=EDGE_CURVE('',#8390,#8391,#10551,.T.);
#9680=EDGE_CURVE('',#8390,#8392,#3589,.T.);
#9681=EDGE_CURVE('',#8392,#8393,#10552,.T.);
#9682=EDGE_CURVE('',#8391,#8393,#3590,.T.);
#9683=EDGE_CURVE('',#8394,#8395,#10553,.T.);
#9684=EDGE_CURVE('',#8394,#8396,#3591,.T.);
#9685=EDGE_CURVE('',#8396,#8397,#10554,.T.);
#9686=EDGE_CURVE('',#8395,#8397,#3592,.T.);
#9687=EDGE_CURVE('',#8398,#8399,#10555,.T.);
#9688=EDGE_CURVE('',#8399,#8400,#3593,.T.);
#9689=EDGE_CURVE('',#8400,#8401,#130,.T.);
#9690=EDGE_CURVE('',#8401,#8402,#3594,.T.);
#9691=EDGE_CURVE('',#8403,#8402,#10556,.T.);
#9692=EDGE_CURVE('',#8398,#8403,#3595,.T.);
#9693=EDGE_CURVE('',#8404,#8405,#3596,.T.);
#9694=EDGE_CURVE('',#8406,#8404,#3597,.T.);
#9695=EDGE_CURVE('',#8407,#8406,#3598,.T.);
#9696=EDGE_CURVE('',#8405,#8407,#3599,.T.);
#9697=EDGE_CURVE('',#8408,#8408,#10557,.T.);
#9698=EDGE_CURVE('',#8409,#8409,#10558,.T.);
#9699=EDGE_CURVE('',#8410,#8410,#10559,.T.);
#9700=EDGE_CURVE('',#8411,#8411,#10560,.T.);
#9701=EDGE_CURVE('',#8361,#8360,#10561,.T.);
#9702=EDGE_CURVE('',#8377,#8376,#10562,.T.);
#9703=EDGE_CURVE('',#8385,#8384,#10563,.T.);
#9704=EDGE_CURVE('',#8393,#8392,#10564,.T.);
#9705=EDGE_CURVE('',#8369,#8368,#10565,.T.);
#9706=EDGE_CURVE('',#8412,#8413,#3600,.T.);
#9707=EDGE_CURVE('',#8413,#8414,#131,.T.);
#9708=EDGE_CURVE('',#8414,#8415,#132,.T.);
#9709=EDGE_CURVE('',#8415,#8416,#3601,.T.);
#9710=EDGE_CURVE('',#8416,#8412,#133,.T.);
#9711=EDGE_CURVE('',#8417,#8418,#3602,.T.);
#9712=EDGE_CURVE('',#8418,#8419,#134,.T.);
#9713=EDGE_CURVE('',#8419,#8420,#3603,.T.);
#9714=EDGE_CURVE('',#8420,#8421,#135,.T.);
#9715=EDGE_CURVE('',#8421,#8422,#3604,.T.);
#9716=EDGE_CURVE('',#8417,#8422,#10566,.T.);
#9717=EDGE_CURVE('',#8423,#8406,#3605,.T.);
#9718=EDGE_CURVE('',#8424,#8423,#3606,.T.);
#9719=EDGE_CURVE('',#8407,#8424,#3607,.T.);
#9720=EDGE_CURVE('',#8425,#8426,#3608,.T.);
#9721=EDGE_CURVE('',#8425,#8427,#3609,.T.);
#9722=EDGE_CURVE('',#8417,#8427,#3610,.T.);
#9723=EDGE_CURVE('',#8428,#8422,#3611,.T.);
#9724=EDGE_CURVE('',#8428,#8429,#3612,.T.);
#9725=EDGE_CURVE('',#8430,#8429,#3613,.T.);
#9726=EDGE_CURVE('',#8399,#8430,#10567,.T.);
#9727=EDGE_CURVE('',#8398,#8431,#3614,.T.);
#9728=EDGE_CURVE('',#8405,#8431,#3615,.T.);
#9729=EDGE_CURVE('',#8432,#8424,#3616,.T.);
#9730=EDGE_CURVE('',#8426,#8432,#10568,.T.);
#9731=EDGE_CURVE('',#8404,#8433,#3617,.T.);
#9732=EDGE_CURVE('',#8433,#8431,#3618,.T.);
#9733=EDGE_CURVE('',#8433,#8403,#3619,.T.);
#9734=EDGE_CURVE('',#8402,#8434,#10569,.T.);
#9735=EDGE_CURVE('',#8434,#8435,#3620,.T.);
#9736=EDGE_CURVE('',#8435,#8436,#3621,.T.);
#9737=EDGE_CURVE('',#8436,#8344,#3622,.T.);
#9738=EDGE_CURVE('',#8343,#8437,#3623,.T.);
#9739=EDGE_CURVE('',#8437,#8438,#3624,.T.);
#9740=EDGE_CURVE('',#8438,#8439,#3625,.T.);
#9741=EDGE_CURVE('',#8439,#8440,#10570,.T.);
#9742=EDGE_CURVE('',#8440,#8423,#3626,.T.);
#9743=EDGE_CURVE('',#8432,#8440,#3627,.T.);
#9744=EDGE_CURVE('',#8441,#8442,#136,.T.);
#9745=EDGE_CURVE('',#8442,#8441,#137,.T.);
#9746=EDGE_CURVE('',#8426,#8439,#3628,.T.);
#9747=EDGE_CURVE('',#8425,#8438,#3629,.T.);
#9748=EDGE_CURVE('',#8342,#8443,#10571,.T.);
#9749=EDGE_CURVE('',#8443,#8444,#10572,.T.);
#9750=EDGE_CURVE('',#8444,#8357,#10573,.T.);
#9751=EDGE_CURVE('',#8356,#8445,#10574,.T.);
#9752=EDGE_CURVE('',#8445,#8446,#10575,.T.);
#9753=EDGE_CURVE('',#8446,#8355,#10576,.T.);
#9754=EDGE_CURVE('',#8354,#8447,#10577,.T.);
#9755=EDGE_CURVE('',#8447,#8448,#10578,.T.);
#9756=EDGE_CURVE('',#8448,#8353,#10579,.T.);
#9757=EDGE_CURVE('',#8352,#8449,#10580,.T.);
#9758=EDGE_CURVE('',#8449,#8450,#10581,.T.);
#9759=EDGE_CURVE('',#8450,#8351,#10582,.T.);
#9760=EDGE_CURVE('',#8350,#8394,#10583,.T.);
#9761=EDGE_CURVE('',#8395,#8349,#10584,.T.);
#9762=EDGE_CURVE('',#8348,#8386,#10585,.T.);
#9763=EDGE_CURVE('',#8387,#8347,#10586,.T.);
#9764=EDGE_CURVE('',#8346,#8345,#10587,.T.);
#9765=EDGE_CURVE('',#8428,#8436,#3630,.T.);
#9766=EDGE_CURVE('',#8421,#8420,#10588,.T.);
#9767=EDGE_CURVE('',#8419,#8362,#10589,.T.);
#9768=EDGE_CURVE('',#8363,#8418,#10590,.T.);
#9769=EDGE_CURVE('',#8437,#8427,#3631,.T.);
#9770=EDGE_CURVE('',#8415,#8451,#10591,.T.);
#9771=EDGE_CURVE('',#8451,#8370,#10592,.T.);
#9772=EDGE_CURVE('',#8371,#8413,#10593,.T.);
#9773=EDGE_CURVE('',#8412,#8416,#10594,.T.);
#9774=EDGE_CURVE('',#8452,#8453,#10595,.T.);
#9775=EDGE_CURVE('',#8453,#8378,#10596,.T.);
#9776=EDGE_CURVE('',#8379,#8454,#10597,.T.);
#9777=EDGE_CURVE('',#8455,#8454,#3632,.T.);
#9778=EDGE_CURVE('',#8455,#8456,#10598,.T.);
#9779=EDGE_CURVE('',#8452,#8456,#3633,.T.);
#9780=EDGE_CURVE('',#8430,#8434,#3634,.T.);
#9781=EDGE_CURVE('',#8435,#8429,#3635,.T.);
#9782=EDGE_CURVE('',#8401,#8400,#138,.T.);
#9783=EDGE_CURVE('',#8454,#8457,#139,.T.);
#9784=EDGE_CURVE('',#8457,#8452,#140,.T.);
#9785=EDGE_CURVE('',#8456,#8455,#141,.T.);
#9786=EDGE_CURVE('',#8453,#8457,#3636,.T.);
#9787=EDGE_CURVE('',#8451,#8414,#3637,.T.);
#9788=EDGE_CURVE('',#8397,#8396,#10599,.T.);
#9789=EDGE_CURVE('',#8391,#8390,#10600,.T.);
#9790=EDGE_CURVE('',#8389,#8388,#10601,.T.);
#9791=EDGE_CURVE('',#8383,#8382,#10602,.T.);
#9792=EDGE_CURVE('',#8381,#8380,#10603,.T.);
#9793=EDGE_CURVE('',#8375,#8374,#10604,.T.);
#9794=EDGE_CURVE('',#8373,#8372,#10605,.T.);
#9795=EDGE_CURVE('',#8367,#8366,#10606,.T.);
#9796=EDGE_CURVE('',#8365,#8364,#10607,.T.);
#9797=EDGE_CURVE('',#8359,#8358,#10608,.T.);
#9798=EDGE_CURVE('',#8458,#8458,#10609,.T.);
#9799=EDGE_CURVE('',#8449,#8459,#3638,.T.);
#9800=EDGE_CURVE('',#8459,#8460,#10610,.T.);
#9801=EDGE_CURVE('',#8460,#8450,#3639,.T.);
#9802=EDGE_CURVE('',#8460,#8459,#10611,.T.);
#9803=EDGE_CURVE('',#8461,#8461,#10612,.T.);
#9804=EDGE_CURVE('',#8447,#8462,#3640,.T.);
#9805=EDGE_CURVE('',#8462,#8463,#10613,.T.);
#9806=EDGE_CURVE('',#8463,#8448,#3641,.T.);
#9807=EDGE_CURVE('',#8463,#8462,#10614,.T.);
#9808=EDGE_CURVE('',#8464,#8464,#10615,.T.);
#9809=EDGE_CURVE('',#8445,#8465,#3642,.T.);
#9810=EDGE_CURVE('',#8465,#8466,#10616,.T.);
#9811=EDGE_CURVE('',#8466,#8446,#3643,.T.);
#9812=EDGE_CURVE('',#8466,#8465,#10617,.T.);
#9813=EDGE_CURVE('',#8467,#8467,#10618,.T.);
#9814=EDGE_CURVE('',#8443,#8468,#3644,.T.);
#9815=EDGE_CURVE('',#8468,#8469,#10619,.T.);
#9816=EDGE_CURVE('',#8469,#8444,#3645,.T.);
#9817=EDGE_CURVE('',#8469,#8468,#10620,.T.);
#9818=EDGE_CURVE('',#8470,#8471,#10621,.T.);
#9819=EDGE_CURVE('',#8471,#8472,#3646,.T.);
#9820=EDGE_CURVE('',#8472,#8473,#10622,.T.);
#9821=EDGE_CURVE('',#8470,#8473,#3647,.T.);
#9822=EDGE_CURVE('',#8474,#8475,#10623,.T.);
#9823=EDGE_CURVE('',#8475,#8476,#3648,.T.);
#9824=EDGE_CURVE('',#8476,#8477,#10624,.T.);
#9825=EDGE_CURVE('',#8474,#8477,#3649,.T.);
#9826=EDGE_CURVE('',#8478,#8479,#10625,.T.);
#9827=EDGE_CURVE('',#8479,#8480,#3650,.T.);
#9828=EDGE_CURVE('',#8481,#8480,#10626,.T.);
#9829=EDGE_CURVE('',#8478,#8481,#3651,.T.);
#9830=EDGE_CURVE('',#8472,#8477,#3652,.T.);
#9831=EDGE_CURVE('',#8473,#8476,#3653,.T.);
#9832=EDGE_CURVE('',#8477,#8476,#10627,.T.);
#9833=EDGE_CURVE('',#8473,#8472,#10628,.T.);
#9834=EDGE_CURVE('',#8471,#8470,#10629,.T.);
#9835=EDGE_CURVE('',#8480,#8481,#10630,.T.);
#9836=EDGE_CURVE('',#8475,#8474,#10631,.T.);
#9837=EDGE_CURVE('',#8479,#8478,#10632,.T.);
#9838=EDGE_CURVE('',#8482,#8483,#10633,.T.);
#9839=EDGE_CURVE('',#8483,#8484,#3654,.T.);
#9840=EDGE_CURVE('',#8485,#8484,#10634,.T.);
#9841=EDGE_CURVE('',#8482,#8485,#3655,.T.);
#9842=EDGE_CURVE('',#8486,#8483,#3656,.T.);
#9843=EDGE_CURVE('',#8486,#8482,#3657,.T.);
#9844=EDGE_CURVE('',#8487,#8488,#10635,.T.);
#9845=EDGE_CURVE('',#8488,#8489,#3658,.T.);
#9846=EDGE_CURVE('',#8490,#8489,#10636,.T.);
#9847=EDGE_CURVE('',#8487,#8490,#3659,.T.);
#9848=EDGE_CURVE('',#8491,#8488,#3660,.T.);
#9849=EDGE_CURVE('',#8491,#8487,#3661,.T.);
#9850=EDGE_CURVE('',#8492,#8493,#10637,.T.);
#9851=EDGE_CURVE('',#8493,#8494,#3662,.T.);
#9852=EDGE_CURVE('',#8495,#8494,#10638,.T.);
#9853=EDGE_CURVE('',#8492,#8495,#3663,.T.);
#9854=EDGE_CURVE('',#8496,#8493,#3664,.T.);
#9855=EDGE_CURVE('',#8496,#8492,#3665,.T.);
#9856=EDGE_CURVE('',#8497,#8498,#10639,.T.);
#9857=EDGE_CURVE('',#8498,#8499,#3666,.T.);
#9858=EDGE_CURVE('',#8500,#8499,#10640,.T.);
#9859=EDGE_CURVE('',#8497,#8500,#3667,.T.);
#9860=EDGE_CURVE('',#8501,#8498,#3668,.T.);
#9861=EDGE_CURVE('',#8501,#8497,#3669,.T.);
#9862=EDGE_CURVE('',#8502,#8503,#10641,.T.);
#9863=EDGE_CURVE('',#8503,#8504,#3670,.T.);
#9864=EDGE_CURVE('',#8505,#8504,#10642,.T.);
#9865=EDGE_CURVE('',#8502,#8505,#3671,.T.);
#9866=EDGE_CURVE('',#8506,#8503,#3672,.T.);
#9867=EDGE_CURVE('',#8506,#8502,#3673,.T.);
#9868=EDGE_CURVE('',#8507,#8508,#10643,.T.);
#9869=EDGE_CURVE('',#8508,#8509,#3674,.T.);
#9870=EDGE_CURVE('',#8510,#8509,#10644,.T.);
#9871=EDGE_CURVE('',#8507,#8510,#3675,.T.);
#9872=EDGE_CURVE('',#8511,#8508,#3676,.T.);
#9873=EDGE_CURVE('',#8511,#8507,#3677,.T.);
#9874=EDGE_CURVE('',#8512,#8513,#10645,.T.);
#9875=EDGE_CURVE('',#8513,#8514,#3678,.T.);
#9876=EDGE_CURVE('',#8515,#8514,#10646,.T.);
#9877=EDGE_CURVE('',#8512,#8515,#3679,.T.);
#9878=EDGE_CURVE('',#8516,#8513,#3680,.T.);
#9879=EDGE_CURVE('',#8516,#8512,#3681,.T.);
#9880=EDGE_CURVE('',#8517,#8518,#10647,.T.);
#9881=EDGE_CURVE('',#8518,#8519,#3682,.T.);
#9882=EDGE_CURVE('',#8520,#8519,#10648,.T.);
#9883=EDGE_CURVE('',#8517,#8520,#3683,.T.);
#9884=EDGE_CURVE('',#8521,#8518,#3684,.T.);
#9885=EDGE_CURVE('',#8521,#8517,#3685,.T.);
#9886=EDGE_CURVE('',#8522,#8523,#10649,.T.);
#9887=EDGE_CURVE('',#8523,#8524,#3686,.T.);
#9888=EDGE_CURVE('',#8524,#8525,#142,.T.);
#9889=EDGE_CURVE('',#8522,#8525,#3687,.T.);
#9890=EDGE_CURVE('',#8526,#8527,#143,.T.);
#9891=EDGE_CURVE('',#8527,#8528,#3688,.T.);
#9892=EDGE_CURVE('',#8529,#8528,#10650,.T.);
#9893=EDGE_CURVE('',#8526,#8529,#3689,.T.);
#9894=EDGE_CURVE('',#8530,#8531,#10651,.T.);
#9895=EDGE_CURVE('',#8531,#8532,#3690,.T.);
#9896=EDGE_CURVE('',#8533,#8532,#10652,.T.);
#9897=EDGE_CURVE('',#8530,#8533,#3691,.T.);
#9898=EDGE_CURVE('',#8534,#8535,#10653,.T.);
#9899=EDGE_CURVE('',#8535,#8536,#3692,.T.);
#9900=EDGE_CURVE('',#8537,#8536,#10654,.T.);
#9901=EDGE_CURVE('',#8534,#8537,#3693,.T.);
#9902=EDGE_CURVE('',#8538,#8539,#10655,.T.);
#9903=EDGE_CURVE('',#8539,#8540,#3694,.T.);
#9904=EDGE_CURVE('',#8540,#8541,#144,.T.);
#9905=EDGE_CURVE('',#8538,#8541,#3695,.T.);
#9906=EDGE_CURVE('',#8542,#8543,#145,.T.);
#9907=EDGE_CURVE('',#8543,#8544,#3696,.T.);
#9908=EDGE_CURVE('',#8545,#8544,#10656,.T.);
#9909=EDGE_CURVE('',#8542,#8545,#3697,.T.);
#9910=EDGE_CURVE('',#8546,#8547,#10657,.T.);
#9911=EDGE_CURVE('',#8547,#8548,#3698,.T.);
#9912=EDGE_CURVE('',#8548,#8549,#146,.T.);
#9913=EDGE_CURVE('',#8546,#8549,#3699,.T.);
#9914=EDGE_CURVE('',#8550,#8551,#147,.T.);
#9915=EDGE_CURVE('',#8551,#8552,#3700,.T.);
#9916=EDGE_CURVE('',#8553,#8552,#10658,.T.);
#9917=EDGE_CURVE('',#8550,#8553,#3701,.T.);
#9918=EDGE_CURVE('',#8554,#8555,#10659,.T.);
#9919=EDGE_CURVE('',#8555,#8556,#3702,.T.);
#9920=EDGE_CURVE('',#8557,#8556,#10660,.T.);
#9921=EDGE_CURVE('',#8554,#8557,#3703,.T.);
#9922=EDGE_CURVE('',#8558,#8559,#10661,.T.);
#9923=EDGE_CURVE('',#8559,#8560,#3704,.T.);
#9924=EDGE_CURVE('',#8561,#8560,#10662,.T.);
#9925=EDGE_CURVE('',#8558,#8561,#3705,.T.);
#9926=EDGE_CURVE('',#8562,#8563,#10663,.T.);
#9927=EDGE_CURVE('',#8563,#8564,#3706,.T.);
#9928=EDGE_CURVE('',#8564,#8565,#148,.T.);
#9929=EDGE_CURVE('',#8562,#8565,#3707,.T.);
#9930=EDGE_CURVE('',#8566,#8567,#149,.T.);
#9931=EDGE_CURVE('',#8567,#8568,#3708,.T.);
#9932=EDGE_CURVE('',#8569,#8568,#10664,.T.);
#9933=EDGE_CURVE('',#8566,#8569,#3709,.T.);
#9934=EDGE_CURVE('',#8570,#8571,#10665,.T.);
#9935=EDGE_CURVE('',#8571,#8572,#3710,.T.);
#9936=EDGE_CURVE('',#8573,#8572,#10666,.T.);
#9937=EDGE_CURVE('',#8574,#8573,#150,.T.);
#9938=EDGE_CURVE('',#8575,#8574,#10667,.T.);
#9939=EDGE_CURVE('',#8570,#8575,#3711,.T.);
#9940=EDGE_CURVE('',#8576,#8577,#10668,.T.);
#9941=EDGE_CURVE('',#8577,#8578,#3712,.T.);
#9942=EDGE_CURVE('',#8579,#8578,#10669,.T.);
#9943=EDGE_CURVE('',#8576,#8579,#3713,.T.);
#9944=EDGE_CURVE('',#8580,#8577,#3714,.T.);
#9945=EDGE_CURVE('',#8580,#8576,#3715,.T.);
#9946=EDGE_CURVE('',#8581,#8582,#10670,.T.);
#9947=EDGE_CURVE('',#8582,#8583,#3716,.T.);
#9948=EDGE_CURVE('',#8584,#8583,#10671,.T.);
#9949=EDGE_CURVE('',#8581,#8584,#3717,.T.);
#9950=EDGE_CURVE('',#8585,#8582,#3718,.T.);
#9951=EDGE_CURVE('',#8585,#8581,#3719,.T.);
#9952=EDGE_CURVE('',#8586,#8587,#10672,.T.);
#9953=EDGE_CURVE('',#8587,#8588,#3720,.T.);
#9954=EDGE_CURVE('',#8589,#8588,#10673,.T.);
#9955=EDGE_CURVE('',#8586,#8589,#3721,.T.);
#9956=EDGE_CURVE('',#8590,#8589,#10674,.T.);
#9957=EDGE_CURVE('',#8591,#8590,#3722,.T.);
#9958=EDGE_CURVE('',#8591,#8586,#10675,.T.);
#9959=EDGE_CURVE('',#8592,#8593,#10676,.T.);
#9960=EDGE_CURVE('',#8593,#8594,#3723,.T.);
#9961=EDGE_CURVE('',#8595,#8594,#10677,.T.);
#9962=EDGE_CURVE('',#8592,#8595,#3724,.T.);
#9963=EDGE_CURVE('',#8593,#8596,#10678,.T.);
#9964=EDGE_CURVE('',#8596,#8597,#3725,.T.);
#9965=EDGE_CURVE('',#8594,#8597,#10679,.T.);
#9966=EDGE_CURVE('',#8543,#8542,#151,.T.);
#9967=EDGE_CURVE('',#8541,#8540,#152,.T.);
#9968=EDGE_CURVE('',#8598,#8599,#10680,.T.);
#9969=EDGE_CURVE('',#8551,#8599,#153,.T.);
#9970=EDGE_CURVE('',#8600,#8550,#154,.T.);
#9971=EDGE_CURVE('',#8600,#8601,#10681,.T.);
#9972=EDGE_CURVE('',#8549,#8601,#155,.T.);
#9973=EDGE_CURVE('',#8602,#8548,#156,.T.);
#9974=EDGE_CURVE('',#8602,#8603,#10682,.T.);
#9975=EDGE_CURVE('',#8603,#8604,#3726,.T.);
#9976=EDGE_CURVE('',#8597,#8604,#10683,.T.);
#9977=EDGE_CURVE('',#8596,#8605,#10684,.T.);
#9978=EDGE_CURVE('',#8606,#8605,#3727,.T.);
#9979=EDGE_CURVE('',#8607,#8606,#10685,.T.);
#9980=EDGE_CURVE('',#8598,#8607,#3728,.T.);
#9981=EDGE_CURVE('',#8608,#8609,#3729,.T.);
#9982=EDGE_CURVE('',#8608,#8609,#10686,.T.);
#9983=EDGE_CURVE('',#8610,#8611,#3730,.T.);
#9984=EDGE_CURVE('',#8611,#8575,#10687,.T.);
#9985=EDGE_CURVE('',#8574,#8599,#3731,.T.);
#9986=EDGE_CURVE('',#8610,#8598,#10688,.T.);
#9987=EDGE_CURVE('',#8612,#8613,#3732,.T.);
#9988=EDGE_CURVE('',#8613,#8614,#3733,.T.);
#9989=EDGE_CURVE('',#8615,#8614,#3734,.T.);
#9990=EDGE_CURVE('',#8612,#8615,#3735,.T.);
#9991=EDGE_CURVE('',#8559,#8558,#10689,.T.);
#9992=EDGE_CURVE('',#8555,#8554,#10690,.T.);
#9993=EDGE_CURVE('',#8535,#8534,#10691,.T.);
#9994=EDGE_CURVE('',#8531,#8530,#10692,.T.);
#9995=EDGE_CURVE('',#8616,#8617,#3736,.T.);
#9996=EDGE_CURVE('',#8603,#8617,#10693,.T.);
#9997=EDGE_CURVE('',#8602,#8573,#3737,.T.);
#9998=EDGE_CURVE('',#8572,#8616,#10694,.T.);
#9999=EDGE_CURVE('',#8615,#8618,#3738,.T.);
#10000=EDGE_CURVE('',#8619,#8618,#3739,.T.);
#10001=EDGE_CURVE('',#8612,#8619,#3740,.T.);
#10002=EDGE_CURVE('',#8494,#8495,#10695,.T.);
#10003=EDGE_CURVE('',#8499,#8500,#10696,.T.);
#10004=EDGE_CURVE('',#8619,#8620,#3741,.T.);
#10005=EDGE_CURVE('',#8613,#8620,#3742,.T.);
#10006=EDGE_CURVE('',#8571,#8570,#10697,.T.);
#10007=EDGE_CURVE('',#8620,#8621,#3743,.T.);
#10008=EDGE_CURVE('',#8614,#8621,#3744,.T.);
#10009=EDGE_CURVE('',#8484,#8485,#10698,.T.);
#10010=EDGE_CURVE('',#8489,#8490,#10699,.T.);
#10011=EDGE_CURVE('',#8621,#8618,#3745,.T.);
#10012=EDGE_CURVE('',#8588,#8607,#10700,.T.);
#10013=EDGE_CURVE('',#8606,#8595,#10701,.T.);
#10014=EDGE_CURVE('',#8604,#8622,#10702,.T.);
#10015=EDGE_CURVE('',#8622,#8590,#10703,.T.);
#10016=EDGE_CURVE('',#8504,#8505,#10704,.T.);
#10017=EDGE_CURVE('',#8509,#8510,#10705,.T.);
#10018=EDGE_CURVE('',#8514,#8515,#10706,.T.);
#10019=EDGE_CURVE('',#8519,#8520,#10707,.T.);
#10020=EDGE_CURVE('',#8528,#8529,#10708,.T.);
#10021=EDGE_CURVE('',#8544,#8545,#10709,.T.);
#10022=EDGE_CURVE('',#8552,#8553,#10710,.T.);
#10023=EDGE_CURVE('',#8568,#8569,#10711,.T.);
#10024=EDGE_CURVE('',#8587,#8623,#10712,.T.);
#10025=EDGE_CURVE('',#8622,#8623,#3746,.T.);
#10026=EDGE_CURVE('',#8525,#8617,#157,.T.);
#10027=EDGE_CURVE('',#8608,#8524,#158,.T.);
#10028=EDGE_CURVE('',#8527,#8609,#159,.T.);
#10029=EDGE_CURVE('',#8610,#8526,#160,.T.);
#10030=EDGE_CURVE('',#8565,#8564,#161,.T.);
#10031=EDGE_CURVE('',#8567,#8566,#162,.T.);
#10032=EDGE_CURVE('',#8600,#8601,#3747,.T.);
#10033=EDGE_CURVE('',#8605,#8592,#10713,.T.);
#10034=EDGE_CURVE('',#8583,#8584,#10714,.T.);
#10035=EDGE_CURVE('',#8623,#8591,#10715,.T.);
#10036=EDGE_CURVE('',#8578,#8579,#10716,.T.);
#10037=EDGE_CURVE('',#8582,#8581,#10717,.T.);
#10038=EDGE_CURVE('',#8577,#8576,#10718,.T.);
#10039=EDGE_CURVE('',#8616,#8611,#163,.T.);
#10040=EDGE_CURVE('',#8563,#8562,#10719,.T.);
#10041=EDGE_CURVE('',#8560,#8561,#10720,.T.);
#10042=EDGE_CURVE('',#8556,#8557,#10721,.T.);
#10043=EDGE_CURVE('',#8547,#8546,#10722,.T.);
#10044=EDGE_CURVE('',#8539,#8538,#10723,.T.);
#10045=EDGE_CURVE('',#8536,#8537,#10724,.T.);
#10046=EDGE_CURVE('',#8532,#8533,#10725,.T.);
#10047=EDGE_CURVE('',#8523,#8522,#10726,.T.);
#10048=EDGE_CURVE('',#8518,#8517,#10727,.T.);
#10049=EDGE_CURVE('',#8513,#8512,#10728,.T.);
#10050=EDGE_CURVE('',#8508,#8507,#10729,.T.);
#10051=EDGE_CURVE('',#8503,#8502,#10730,.T.);
#10052=EDGE_CURVE('',#8498,#8497,#10731,.T.);
#10053=EDGE_CURVE('',#8493,#8492,#10732,.T.);
#10054=EDGE_CURVE('',#8488,#8487,#10733,.T.);
#10055=EDGE_CURVE('',#8483,#8482,#10734,.T.);
#10056=EDGE_CURVE('',#8624,#8625,#10735,.T.);
#10057=EDGE_CURVE('',#8624,#8626,#3748,.T.);
#10058=EDGE_CURVE('',#8626,#8627,#10736,.T.);
#10059=EDGE_CURVE('',#8625,#8627,#3749,.T.);
#10060=EDGE_CURVE('',#8628,#8629,#10737,.T.);
#10061=EDGE_CURVE('',#8630,#8629,#3750,.T.);
#10062=EDGE_CURVE('',#8631,#8630,#10738,.T.);
#10063=EDGE_CURVE('',#8628,#8631,#3751,.T.);
#10064=EDGE_CURVE('',#8632,#8633,#10739,.T.);
#10065=EDGE_CURVE('',#8633,#8634,#3752,.T.);
#10066=EDGE_CURVE('',#8634,#8635,#10740,.T.);
#10067=EDGE_CURVE('',#8632,#8635,#3753,.T.);
#10068=EDGE_CURVE('',#8636,#8627,#3754,.T.);
#10069=EDGE_CURVE('',#8636,#8626,#3755,.T.);
#10070=EDGE_CURVE('',#8637,#8635,#3756,.T.);
#10071=EDGE_CURVE('',#8637,#8634,#3757,.T.);
#10072=EDGE_CURVE('',#8638,#8639,#10741,.T.);
#10073=EDGE_CURVE('',#8639,#8640,#3758,.T.);
#10074=EDGE_CURVE('',#8640,#8641,#10742,.T.);
#10075=EDGE_CURVE('',#8638,#8641,#3759,.T.);
#10076=EDGE_CURVE('',#8642,#8643,#10743,.T.);
#10077=EDGE_CURVE('',#8644,#8643,#3760,.T.);
#10078=EDGE_CURVE('',#8644,#8645,#10744,.T.);
#10079=EDGE_CURVE('',#8645,#8642,#3761,.T.);
#10080=EDGE_CURVE('',#8646,#8647,#10745,.T.);
#10081=EDGE_CURVE('',#8648,#8647,#3762,.T.);
#10082=EDGE_CURVE('',#8648,#8649,#10746,.T.);
#10083=EDGE_CURVE('',#8649,#8646,#3763,.T.);
#10084=EDGE_CURVE('',#8650,#8651,#10747,.T.);
#10085=EDGE_CURVE('',#8652,#8651,#3764,.T.);
#10086=EDGE_CURVE('',#8652,#8653,#10748,.T.);
#10087=EDGE_CURVE('',#8653,#8650,#3765,.T.);
#10088=EDGE_CURVE('',#8654,#8655,#10749,.T.);
#10089=EDGE_CURVE('',#8656,#8655,#3766,.T.);
#10090=EDGE_CURVE('',#8656,#8657,#10750,.T.);
#10091=EDGE_CURVE('',#8657,#8654,#3767,.T.);
#10092=EDGE_CURVE('',#8645,#8658,#3768,.T.);
#10093=EDGE_CURVE('',#8644,#8658,#3769,.T.);
#10094=EDGE_CURVE('',#8649,#8659,#3770,.T.);
#10095=EDGE_CURVE('',#8648,#8659,#3771,.T.);
#10096=EDGE_CURVE('',#8653,#8660,#3772,.T.);
#10097=EDGE_CURVE('',#8652,#8660,#3773,.T.);
#10098=EDGE_CURVE('',#8657,#8661,#3774,.T.);
#10099=EDGE_CURVE('',#8656,#8661,#3775,.T.);
#10100=EDGE_CURVE('',#8662,#8663,#3776,.T.);
#10101=EDGE_CURVE('',#8664,#8662,#3777,.T.);
#10102=EDGE_CURVE('',#8665,#8664,#3778,.T.);
#10103=EDGE_CURVE('',#8663,#8665,#3779,.T.);
#10104=EDGE_CURVE('',#8625,#8624,#10751,.T.);
#10105=EDGE_CURVE('',#8666,#8667,#3780,.T.);
#10106=EDGE_CURVE('',#8667,#8668,#3781,.T.);
#10107=EDGE_CURVE('',#8668,#8669,#10752,.T.);
#10108=EDGE_CURVE('',#8669,#8663,#3782,.T.);
#10109=EDGE_CURVE('',#8665,#8670,#3783,.T.);
#10110=EDGE_CURVE('',#8670,#8631,#10753,.T.);
#10111=EDGE_CURVE('',#8630,#8671,#3784,.T.);
#10112=EDGE_CURVE('',#8671,#8672,#3785,.T.);
#10113=EDGE_CURVE('',#8673,#8672,#3786,.T.);
#10114=EDGE_CURVE('',#8673,#8674,#3787,.T.);
#10115=EDGE_CURVE('',#8675,#8674,#3788,.T.);
#10116=EDGE_CURVE('',#8675,#8676,#3789,.T.);
#10117=EDGE_CURVE('',#8677,#8676,#3790,.T.);
#10118=EDGE_CURVE('',#8677,#8678,#3791,.T.);
#10119=EDGE_CURVE('',#8666,#8678,#3792,.T.);
#10120=EDGE_CURVE('',#8679,#8669,#3793,.T.);
#10121=EDGE_CURVE('',#8662,#8679,#3794,.T.);
#10122=EDGE_CURVE('',#8633,#8632,#10754,.T.);
#10123=EDGE_CURVE('',#8680,#8681,#3795,.T.);
#10124=EDGE_CURVE('',#8682,#8681,#3796,.T.);
#10125=EDGE_CURVE('',#8683,#8682,#3797,.T.);
#10126=EDGE_CURVE('',#8684,#8683,#3798,.T.);
#10127=EDGE_CURVE('',#8685,#8684,#3799,.T.);
#10128=EDGE_CURVE('',#8686,#8685,#3800,.T.);
#10129=EDGE_CURVE('',#8686,#8687,#3801,.T.);
#10130=EDGE_CURVE('',#8688,#8687,#3802,.T.);
#10131=EDGE_CURVE('',#8688,#8689,#3803,.T.);
#10132=EDGE_CURVE('',#8690,#8689,#3804,.T.);
#10133=EDGE_CURVE('',#8690,#8629,#3805,.T.);
#10134=EDGE_CURVE('',#8691,#8628,#10755,.T.);
#10135=EDGE_CURVE('',#8664,#8691,#3806,.T.);
#10136=EDGE_CURVE('',#8680,#8679,#10756,.T.);
#10137=EDGE_CURVE('',#8670,#8691,#3807,.T.);
#10138=EDGE_CURVE('',#8627,#8626,#10757,.T.);
#10139=EDGE_CURVE('',#8692,#8693,#3808,.T.);
#10140=EDGE_CURVE('',#8692,#8694,#3809,.T.);
#10141=EDGE_CURVE('',#8682,#8694,#3810,.T.);
#10142=EDGE_CURVE('',#8667,#8681,#3811,.T.);
#10143=EDGE_CURVE('',#8695,#8666,#3812,.T.);
#10144=EDGE_CURVE('',#8695,#8693,#3813,.T.);
#10145=EDGE_CURVE('',#8696,#8677,#3814,.T.);
#10146=EDGE_CURVE('',#8697,#8696,#3815,.T.);
#10147=EDGE_CURVE('',#8678,#8697,#3816,.T.);
#10148=EDGE_CURVE('',#8698,#8675,#3817,.T.);
#10149=EDGE_CURVE('',#8699,#8698,#3818,.T.);
#10150=EDGE_CURVE('',#8676,#8699,#3819,.T.);
#10151=EDGE_CURVE('',#8674,#8700,#3820,.T.);
#10152=EDGE_CURVE('',#8701,#8673,#3821,.T.);
#10153=EDGE_CURVE('',#8700,#8701,#3822,.T.);
#10154=EDGE_CURVE('',#8702,#8703,#3823,.T.);
#10155=EDGE_CURVE('',#8704,#8702,#3824,.T.);
#10156=EDGE_CURVE('',#8672,#8704,#3825,.T.);
#10157=EDGE_CURVE('',#8690,#8671,#3826,.T.);
#10158=EDGE_CURVE('',#8705,#8689,#3827,.T.);
#10159=EDGE_CURVE('',#8705,#8703,#3828,.T.);
#10160=EDGE_CURVE('',#8680,#8668,#3829,.T.);
#10161=EDGE_CURVE('',#8635,#8634,#10758,.T.);
#10162=EDGE_CURVE('',#8684,#8706,#3830,.T.);
#10163=EDGE_CURVE('',#8707,#8683,#3831,.T.);
#10164=EDGE_CURVE('',#8706,#8707,#3832,.T.);
#10165=EDGE_CURVE('',#8686,#8708,#3833,.T.);
#10166=EDGE_CURVE('',#8709,#8685,#3834,.T.);
#10167=EDGE_CURVE('',#8708,#8709,#3835,.T.);
#10168=EDGE_CURVE('',#8687,#8710,#3836,.T.);
#10169=EDGE_CURVE('',#8710,#8711,#3837,.T.);
#10170=EDGE_CURVE('',#8711,#8688,#3838,.T.);
#10171=EDGE_CURVE('',#8693,#8712,#3839,.T.);
#10172=EDGE_CURVE('',#8712,#8713,#3840,.T.);
#10173=EDGE_CURVE('',#8713,#8692,#3841,.T.);
#10174=EDGE_CURVE('',#8694,#8707,#3842,.T.);
#10175=EDGE_CURVE('',#8697,#8695,#3843,.T.);
#10176=EDGE_CURVE('',#8699,#8696,#3844,.T.);
#10177=EDGE_CURVE('',#8714,#8640,#3845,.T.);
#10178=EDGE_CURVE('',#8715,#8714,#3846,.T.);
#10179=EDGE_CURVE('',#8716,#8715,#3847,.T.);
#10180=EDGE_CURVE('',#8716,#8717,#3848,.T.);
#10181=EDGE_CURVE('',#8718,#8717,#3849,.T.);
#10182=EDGE_CURVE('',#8719,#8718,#3850,.T.);
#10183=EDGE_CURVE('',#8720,#8719,#3851,.T.);
#10184=EDGE_CURVE('',#8721,#8720,#3852,.T.);
#10185=EDGE_CURVE('',#8712,#8721,#3853,.T.);
#10186=EDGE_CURVE('',#8700,#8698,#3854,.T.);
#10187=EDGE_CURVE('',#8704,#8701,#3855,.T.);
#10188=EDGE_CURVE('',#8722,#8702,#3856,.T.);
#10189=EDGE_CURVE('',#8723,#8722,#3857,.T.);
#10190=EDGE_CURVE('',#8641,#8723,#10759,.T.);
#10191=EDGE_CURVE('',#8703,#8724,#3858,.T.);
#10192=EDGE_CURVE('',#8724,#8722,#3859,.T.);
#10193=EDGE_CURVE('',#8705,#8711,#3860,.T.);
#10194=EDGE_CURVE('',#8725,#8726,#3861,.T.);
#10195=EDGE_CURVE('',#8727,#8725,#3862,.T.);
#10196=EDGE_CURVE('',#8728,#8727,#3863,.T.);
#10197=EDGE_CURVE('',#8729,#8728,#3864,.T.);
#10198=EDGE_CURVE('',#8729,#8730,#3865,.T.);
#10199=EDGE_CURVE('',#8731,#8730,#3866,.T.);
#10200=EDGE_CURVE('',#8732,#8731,#3867,.T.);
#10201=EDGE_CURVE('',#8639,#8732,#3868,.T.);
#10202=EDGE_CURVE('',#8733,#8638,#10760,.T.);
#10203=EDGE_CURVE('',#8724,#8733,#3869,.T.);
#10204=EDGE_CURVE('',#8708,#8710,#3870,.T.);
#10205=EDGE_CURVE('',#8706,#8709,#3871,.T.);
#10206=EDGE_CURVE('',#8726,#8713,#3872,.T.);
#10207=EDGE_CURVE('',#8726,#8721,#3873,.T.);
#10208=EDGE_CURVE('',#8714,#8732,#3874,.T.);
#10209=EDGE_CURVE('',#8643,#8642,#10761,.T.);
#10210=EDGE_CURVE('',#8647,#8646,#10762,.T.);
#10211=EDGE_CURVE('',#8716,#8730,#3875,.T.);
#10212=EDGE_CURVE('',#8731,#8715,#3876,.T.);
#10213=EDGE_CURVE('',#8729,#8717,#3877,.T.);
#10214=EDGE_CURVE('',#8718,#8728,#3878,.T.);
#10215=EDGE_CURVE('',#8651,#8650,#10763,.T.);
#10216=EDGE_CURVE('',#8655,#8654,#10764,.T.);
#10217=EDGE_CURVE('',#8727,#8719,#3879,.T.);
#10218=EDGE_CURVE('',#8720,#8725,#3880,.T.);
#10219=EDGE_CURVE('',#8723,#8733,#3881,.T.);
#10220=EDGE_CURVE('',#8645,#8644,#10765,.T.);
#10221=EDGE_CURVE('',#8649,#8648,#10766,.T.);
#10222=EDGE_CURVE('',#8653,#8652,#10767,.T.);
#10223=EDGE_CURVE('',#8657,#8656,#10768,.T.);
#10224=EDGE_CURVE('',#8734,#8734,#10769,.T.);
#10225=EDGE_CURVE('',#8735,#8735,#10770,.T.);
#10226=EDGE_CURVE('',#8736,#8736,#10771,.T.);
#10227=EDGE_CURVE('',#8737,#8737,#10772,.T.);
#10228=EDGE_CURVE('',#8738,#8738,#10773,.T.);
#10229=EDGE_CURVE('',#8739,#8739,#10774,.T.);
#10230=EDGE_CURVE('',#8740,#8740,#10775,.T.);
#10231=EDGE_CURVE('',#8741,#8741,#10776,.T.);
#10232=CIRCLE('',#10778,12.5);
#10233=CIRCLE('',#10779,13.5);
#10234=CIRCLE('',#10781,12.5);
#10235=CIRCLE('',#10782,13.5);
#10236=CIRCLE('',#10784,7.);
#10237=CIRCLE('',#10785,7.);
#10238=CIRCLE('',#10788,13.5);
#10239=CIRCLE('',#10789,13.5);
#10240=CIRCLE('',#10791,12.5);
#10241=CIRCLE('',#10792,7.);
#10242=CIRCLE('',#10794,12.5);
#10243=CIRCLE('',#10795,7.);
#10244=CIRCLE('',#10800,7.);
#10245=CIRCLE('',#10801,1.);
#10246=CIRCLE('',#10802,8.);
#10247=CIRCLE('',#10803,1.);
#10248=CIRCLE('',#10805,8.);
#10249=CIRCLE('',#10806,1.);
#10250=CIRCLE('',#10807,7.);
#10251=CIRCLE('',#10808,1.);
#10252=CIRCLE('',#10810,4.);
#10253=CIRCLE('',#10811,1.);
#10254=CIRCLE('',#10812,3.);
#10255=CIRCLE('',#10813,1.);
#10256=CIRCLE('',#10815,4.);
#10257=CIRCLE('',#10816,4.);
#10258=CIRCLE('',#10818,4.);
#10259=CIRCLE('',#10821,8.);
#10260=CIRCLE('',#10822,8.);
#10261=CIRCLE('',#10824,7.);
#10262=CIRCLE('',#10825,4.);
#10263=CIRCLE('',#10827,7.);
#10264=CIRCLE('',#10828,4.);
#10265=CIRCLE('',#10830,4.);
#10266=CIRCLE('',#10832,3.);
#10267=CIRCLE('',#10834,4.);
#10268=CIRCLE('',#10840,2.25);
#10269=CIRCLE('',#10841,11.);
#10270=CIRCLE('',#10842,2.25);
#10271=CIRCLE('',#10844,4.);
#10272=CIRCLE('',#10845,4.);
#10273=CIRCLE('',#10847,2.25);
#10274=CIRCLE('',#10849,4.);
#10275=CIRCLE('',#10850,4.);
#10276=CIRCLE('',#10852,2.25);
#10277=CIRCLE('',#10854,6.);
#10278=CIRCLE('',#10855,6.);
#10279=CIRCLE('',#10862,11.);
#10280=CIRCLE('',#10867,2.85);
#10281=CIRCLE('',#10868,2.85);
#10282=CIRCLE('',#10870,1.7);
#10283=CIRCLE('',#10871,1.7);
#10284=CIRCLE('',#10873,2.85);
#10285=CIRCLE('',#10874,2.85);
#10286=CIRCLE('',#10876,1.7);
#10287=CIRCLE('',#10877,1.7);
#10288=CIRCLE('',#10879,2.85);
#10289=CIRCLE('',#10880,2.85);
#10290=CIRCLE('',#10882,1.7);
#10291=CIRCLE('',#10883,1.7);
#10292=CIRCLE('',#10885,2.85);
#10293=CIRCLE('',#10886,2.85);
#10294=CIRCLE('',#10888,1.7);
#10295=CIRCLE('',#10889,1.7);
#10296=CIRCLE('',#10891,7.);
#10297=CIRCLE('',#10892,7.);
#10298=CIRCLE('',#10894,11.);
#10299=CIRCLE('',#10895,11.);
#10300=CIRCLE('',#10897,1.7);
#10301=CIRCLE('',#10898,1.7);
#10302=CIRCLE('',#10899,1.7);
#10303=CIRCLE('',#10900,1.7);
#10304=CIRCLE('',#10903,2.85);
#10305=CIRCLE('',#10904,2.85);
#10306=CIRCLE('',#10905,2.85);
#10307=CIRCLE('',#10906,2.85);
#10308=CIRCLE('',#10908,7.);
#10309=CIRCLE('',#10909,3.);
#10310=CIRCLE('',#10910,3.);
#10311=CIRCLE('',#10913,11.);
#10312=CIRCLE('',#10914,3.);
#10313=CIRCLE('',#10915,3.);
#10314=CIRCLE('',#10917,0.5);
#10315=CIRCLE('',#10919,0.5);
#10316=CIRCLE('',#10921,0.5);
#10317=CIRCLE('',#10922,0.5);
#10318=CIRCLE('',#10928,11.);
#10319=CIRCLE('',#10930,7.);
#10320=CIRCLE('',#10933,1.7);
#10321=CIRCLE('',#10935,2.85);
#10322=CIRCLE('',#10938,1.7);
#10323=CIRCLE('',#10940,2.85);
#10324=CIRCLE('',#10943,1.7);
#10325=CIRCLE('',#10945,2.85);
#10326=CIRCLE('',#10948,1.7);
#10327=CIRCLE('',#10950,2.85);
#10328=CIRCLE('',#10957,1.65);
#10329=CIRCLE('',#10958,1.65);
#10330=CIRCLE('',#10961,1.65);
#10331=CIRCLE('',#10962,1.65);
#10332=CIRCLE('',#10965,1.65);
#10333=CIRCLE('',#10966,1.65);
#10334=CIRCLE('',#10969,1.65);
#10335=CIRCLE('',#10970,1.65);
#10336=CIRCLE('',#10985,1.65);
#10337=CIRCLE('',#10986,1.65);
#10338=CIRCLE('',#10988,1.65);
#10339=CIRCLE('',#10989,1.65);
#10340=CIRCLE('',#11047,1.65);
#10341=CIRCLE('',#11050,1.65);
#10342=CIRCLE('',#11053,1.65);
#10343=CIRCLE('',#11056,1.65);
#10344=CIRCLE('',#11059,1.65);
#10345=CIRCLE('',#11060,1.65);
#10346=CIRCLE('',#11063,1.65);
#10347=CIRCLE('',#11064,1.65);
#10348=CIRCLE('',#11067,1.65);
#10349=CIRCLE('',#11068,1.65);
#10350=CIRCLE('',#11071,1.65);
#10351=CIRCLE('',#11072,1.65);
#10352=CIRCLE('',#11075,1.65);
#10353=CIRCLE('',#11076,1.65);
#10354=CIRCLE('',#11079,1.65);
#10355=CIRCLE('',#11080,1.65);
#10356=CIRCLE('',#11083,1.65);
#10357=CIRCLE('',#11084,1.65);
#10358=CIRCLE('',#11087,1.65);
#10359=CIRCLE('',#11088,1.65);
#10360=CIRCLE('',#11091,3.25);
#10361=CIRCLE('',#11093,3.25);
#10362=CIRCLE('',#11095,1.7);
#10363=CIRCLE('',#11096,1.7);
#10364=CIRCLE('',#11098,1.7);
#10365=CIRCLE('',#11099,1.7);
#10366=CIRCLE('',#11101,3.25);
#10367=CIRCLE('',#11103,3.25);
#10368=CIRCLE('',#11105,3.25);
#10369=CIRCLE('',#11107,3.25);
#10370=CIRCLE('',#11109,1.7);
#10371=CIRCLE('',#11110,1.7);
#10372=CIRCLE('',#11112,1.7);
#10373=CIRCLE('',#11113,1.7);
#10374=CIRCLE('',#11115,3.25);
#10375=CIRCLE('',#11117,3.25);
#10376=CIRCLE('',#11119,9.);
#10377=CIRCLE('',#11120,9.);
#10378=CIRCLE('',#11121,9.);
#10379=CIRCLE('',#11123,1.65);
#10380=CIRCLE('',#11124,1.65);
#10381=CIRCLE('',#11127,1.65);
#10382=CIRCLE('',#11128,1.65);
#10383=CIRCLE('',#11131,4.);
#10384=CIRCLE('',#11132,4.);
#10385=CIRCLE('',#11134,4.);
#10386=CIRCLE('',#11135,4.);
#10387=CIRCLE('',#11137,4.);
#10388=CIRCLE('',#11138,4.);
#10389=CIRCLE('',#11140,4.);
#10390=CIRCLE('',#11141,4.);
#10391=CIRCLE('',#11143,13.5);
#10392=CIRCLE('',#11144,13.5);
#10393=CIRCLE('',#11145,13.5);
#10394=CIRCLE('',#11146,13.5);
#10395=CIRCLE('',#11147,13.5);
#10396=CIRCLE('',#11148,13.5);
#10397=CIRCLE('',#11150,13.5);
#10398=CIRCLE('',#11152,13.5);
#10399=CIRCLE('',#11153,9.);
#10400=CIRCLE('',#11155,1.7);
#10401=CIRCLE('',#11156,1.7);
#10402=CIRCLE('',#11157,1.7);
#10403=CIRCLE('',#11158,1.7);
#10404=CIRCLE('',#11160,9.);
#10405=CIRCLE('',#11161,13.5);
#10406=CIRCLE('',#11163,1.65);
#10407=CIRCLE('',#11164,1.65);
#10408=CIRCLE('',#11166,9.);
#10409=CIRCLE('',#11168,1.65);
#10410=CIRCLE('',#11169,1.65);
#10411=CIRCLE('',#11171,13.5);
#10412=CIRCLE('',#11172,4.);
#10413=CIRCLE('',#11173,13.5);
#10414=CIRCLE('',#11174,4.);
#10415=CIRCLE('',#11176,1.65);
#10416=CIRCLE('',#11177,1.65);
#10417=CIRCLE('',#11178,1.65);
#10418=CIRCLE('',#11179,1.65);
#10419=CIRCLE('',#11180,3.25);
#10420=CIRCLE('',#11181,3.25);
#10421=CIRCLE('',#11182,3.25);
#10422=CIRCLE('',#11183,3.25);
#10423=CIRCLE('',#11185,13.5);
#10424=CIRCLE('',#11188,4.);
#10425=CIRCLE('',#11190,1.65);
#10426=CIRCLE('',#11192,4.);
#10427=CIRCLE('',#11194,1.65);
#10428=CIRCLE('',#11196,1.65);
#10429=CIRCLE('',#11199,1.65);
#10430=CIRCLE('',#11204,3.25);
#10431=CIRCLE('',#11206,1.7);
#10432=CIRCLE('',#11209,1.7);
#10433=CIRCLE('',#11211,3.25);
#10434=CIRCLE('',#11215,3.25);
#10435=CIRCLE('',#11217,1.7);
#10436=CIRCLE('',#11220,1.7);
#10437=CIRCLE('',#11222,3.25);
#10438=CIRCLE('',#11225,1.65);
#10439=CIRCLE('',#11228,1.65);
#10440=CIRCLE('',#11231,1.65);
#10441=CIRCLE('',#11234,1.65);
#10442=CIRCLE('',#11237,1.65);
#10443=CIRCLE('',#11240,1.65);
#10444=CIRCLE('',#11243,1.65);
#10445=CIRCLE('',#11246,1.65);
#10446=CIRCLE('',#11249,1.65);
#10447=CIRCLE('',#11250,1.65);
#10448=CIRCLE('',#11251,1.65);
#10449=CIRCLE('',#11252,1.65);
#10450=CIRCLE('',#11253,11.1);
#10451=CIRCLE('',#11254,3.25);
#10452=CIRCLE('',#11255,3.25);
#10453=CIRCLE('',#11256,3.25);
#10454=CIRCLE('',#11257,3.25);
#10455=CIRCLE('',#11258,2.25);
#10456=CIRCLE('',#11259,2.25);
#10457=CIRCLE('',#11260,3.);
#10458=CIRCLE('',#11261,3.);
#10459=CIRCLE('',#11262,3.);
#10460=CIRCLE('',#11263,3.);
#10461=CIRCLE('',#11265,1.65);
#10462=CIRCLE('',#11266,1.65);
#10463=CIRCLE('',#11267,1.65);
#10464=CIRCLE('',#11268,1.65);
#10465=CIRCLE('',#11269,4.);
#10466=CIRCLE('',#11270,3.);
#10467=CIRCLE('',#11271,3.);
#10468=CIRCLE('',#11272,3.);
#10469=CIRCLE('',#11273,3.);
#10470=CIRCLE('',#11274,3.);
#10471=CIRCLE('',#11275,3.);
#10472=CIRCLE('',#11276,3.);
#10473=CIRCLE('',#11277,3.);
#10474=CIRCLE('',#11278,4.);
#10475=CIRCLE('',#11288,4.);
#10476=CIRCLE('',#11290,4.);
#10477=CIRCLE('',#11292,19.);
#10478=CIRCLE('',#11293,19.);
#10479=CIRCLE('',#11295,3.25);
#10480=CIRCLE('',#11297,3.25);
#10481=CIRCLE('',#11299,1.65);
#10482=CIRCLE('',#11300,1.65);
#10483=CIRCLE('',#11302,3.25);
#10484=CIRCLE('',#11304,3.25);
#10485=CIRCLE('',#11306,11.1);
#10486=CIRCLE('',#11312,19.);
#10487=CIRCLE('',#11313,1.65);
#10488=CIRCLE('',#11314,1.65);
#10489=CIRCLE('',#11315,1.65);
#10490=CIRCLE('',#11316,3.);
#10491=CIRCLE('',#11317,3.);
#10492=CIRCLE('',#11318,3.);
#10493=CIRCLE('',#11319,3.);
#10494=CIRCLE('',#11321,1.65);
#10495=CIRCLE('',#11324,1.65);
#10496=CIRCLE('',#11328,1.65);
#10497=CIRCLE('',#11331,19.);
#10498=CIRCLE('',#11334,2.25);
#10499=CIRCLE('',#11337,2.25);
#10500=CIRCLE('',#11348,0.7);
#10501=CIRCLE('',#11349,0.7);
#10502=CIRCLE('',#11351,1.25);
#10503=CIRCLE('',#11352,1.25);
#10504=CIRCLE('',#11354,0.7);
#10505=CIRCLE('',#11355,0.7);
#10506=CIRCLE('',#11359,0.3);
#10507=CIRCLE('',#11360,0.3);
#10508=CIRCLE('',#11362,1.5);
#10509=CIRCLE('',#11363,1.5);
#10510=CIRCLE('',#11365,1.5);
#10511=CIRCLE('',#11366,1.5);
#10512=CIRCLE('',#11368,1.5);
#10513=CIRCLE('',#11369,1.5);
#10514=CIRCLE('',#11371,1.5);
#10515=CIRCLE('',#11372,1.5);
#10516=CIRCLE('',#11379,0.7);
#10517=CIRCLE('',#11380,1.25);
#10518=CIRCLE('',#11381,1.25);
#10519=CIRCLE('',#11384,0.7);
#10520=CIRCLE('',#11385,1.25);
#10521=CIRCLE('',#11386,1.25);
#10522=CIRCLE('',#11389,0.7);
#10523=CIRCLE('',#11398,0.7);
#10524=CIRCLE('',#11409,0.3);
#10525=CIRCLE('',#11417,0.3);
#10526=CIRCLE('',#11423,1.5);
#10527=CIRCLE('',#11424,1.5);
#10528=CIRCLE('',#11427,1.5);
#10529=CIRCLE('',#11428,1.5);
#10530=CIRCLE('',#11434,1.5);
#10531=CIRCLE('',#11436,1.5);
#10532=CIRCLE('',#11440,1.5);
#10533=CIRCLE('',#11442,1.5);
#10534=CIRCLE('',#11448,0.3);
#10535=CIRCLE('',#11450,3.25);
#10536=CIRCLE('',#11451,3.25);
#10537=CIRCLE('',#11453,1.7);
#10538=CIRCLE('',#11454,1.7);
#10539=CIRCLE('',#11456,3.25);
#10540=CIRCLE('',#11457,3.25);
#10541=CIRCLE('',#11459,1.7);
#10542=CIRCLE('',#11460,1.7);
#10543=CIRCLE('',#11462,3.25);
#10544=CIRCLE('',#11463,3.25);
#10545=CIRCLE('',#11465,1.7);
#10546=CIRCLE('',#11466,1.7);
#10547=CIRCLE('',#11468,3.25);
#10548=CIRCLE('',#11469,3.25);
#10549=CIRCLE('',#11471,1.7);
#10550=CIRCLE('',#11472,1.7);
#10551=CIRCLE('',#11474,3.25);
#10552=CIRCLE('',#11475,3.25);
#10553=CIRCLE('',#11477,1.7);
#10554=CIRCLE('',#11478,1.7);
#10555=CIRCLE('',#11480,1.25);
#10556=CIRCLE('',#11481,1.25);
#10557=CIRCLE('',#11483,3.25);
#10558=CIRCLE('',#11484,3.25);
#10559=CIRCLE('',#11485,3.25);
#10560=CIRCLE('',#11486,3.25);
#10561=CIRCLE('',#11487,3.25);
#10562=CIRCLE('',#11488,3.25);
#10563=CIRCLE('',#11489,3.25);
#10564=CIRCLE('',#11490,3.25);
#10565=CIRCLE('',#11491,3.25);
#10566=CIRCLE('',#11494,0.3);
#10567=CIRCLE('',#11497,1.25);
#10568=CIRCLE('',#11498,1.25);
#10569=CIRCLE('',#11501,1.25);
#10570=CIRCLE('',#11502,1.25);
#10571=CIRCLE('',#11507,1.7);
#10572=CIRCLE('',#11508,1.7);
#10573=CIRCLE('',#11509,1.7);
#10574=CIRCLE('',#11510,1.7);
#10575=CIRCLE('',#11511,1.7);
#10576=CIRCLE('',#11512,1.7);
#10577=CIRCLE('',#11513,1.7);
#10578=CIRCLE('',#11514,1.7);
#10579=CIRCLE('',#11515,1.7);
#10580=CIRCLE('',#11516,1.7);
#10581=CIRCLE('',#11517,1.7);
#10582=CIRCLE('',#11518,1.7);
#10583=CIRCLE('',#11519,1.7);
#10584=CIRCLE('',#11520,1.7);
#10585=CIRCLE('',#11521,1.7);
#10586=CIRCLE('',#11522,1.7);
#10587=CIRCLE('',#11523,4.31757861624976);
#10588=CIRCLE('',#11524,3.);
#10589=CIRCLE('',#11525,1.7);
#10590=CIRCLE('',#11526,1.7);
#10591=CIRCLE('',#11527,4.76123644785077);
#10592=CIRCLE('',#11528,1.7);
#10593=CIRCLE('',#11529,1.7);
#10594=CIRCLE('',#11530,3.);
#10595=CIRCLE('',#11531,4.31757861624976);
#10596=CIRCLE('',#11532,1.7);
#10597=CIRCLE('',#11533,1.7);
#10598=CIRCLE('',#11534,4.76123644785077);
#10599=CIRCLE('',#11550,1.7);
#10600=CIRCLE('',#11552,3.25);
#10601=CIRCLE('',#11555,1.7);
#10602=CIRCLE('',#11557,3.25);
#10603=CIRCLE('',#11560,1.7);
#10604=CIRCLE('',#11562,3.25);
#10605=CIRCLE('',#11565,1.7);
#10606=CIRCLE('',#11567,3.25);
#10607=CIRCLE('',#11570,1.7);
#10608=CIRCLE('',#11572,3.25);
#10609=CIRCLE('',#11575,3.25);
#10610=CIRCLE('',#11577,1.7);
#10611=CIRCLE('',#11579,1.7);
#10612=CIRCLE('',#11582,3.25);
#10613=CIRCLE('',#11584,1.7);
#10614=CIRCLE('',#11586,1.7);
#10615=CIRCLE('',#11589,3.25);
#10616=CIRCLE('',#11591,1.7);
#10617=CIRCLE('',#11593,1.7);
#10618=CIRCLE('',#11596,3.25);
#10619=CIRCLE('',#11598,1.7);
#10620=CIRCLE('',#11600,1.7);
#10621=CIRCLE('',#11603,12.5);
#10622=CIRCLE('',#11604,13.5);
#10623=CIRCLE('',#11606,12.5);
#10624=CIRCLE('',#11607,13.5);
#10625=CIRCLE('',#11609,7.);
#10626=CIRCLE('',#11610,7.);
#10627=CIRCLE('',#11613,13.5);
#10628=CIRCLE('',#11614,13.5);
#10629=CIRCLE('',#11616,12.5);
#10630=CIRCLE('',#11617,7.);
#10631=CIRCLE('',#11619,12.5);
#10632=CIRCLE('',#11620,7.);
#10633=CIRCLE('',#11625,1.65);
#10634=CIRCLE('',#11626,1.65);
#10635=CIRCLE('',#11629,1.65);
#10636=CIRCLE('',#11630,1.65);
#10637=CIRCLE('',#11633,1.65);
#10638=CIRCLE('',#11634,1.65);
#10639=CIRCLE('',#11637,1.65);
#10640=CIRCLE('',#11638,1.65);
#10641=CIRCLE('',#11641,1.65);
#10642=CIRCLE('',#11642,1.65);
#10643=CIRCLE('',#11645,1.65);
#10644=CIRCLE('',#11646,1.65);
#10645=CIRCLE('',#11649,1.65);
#10646=CIRCLE('',#11650,1.65);
#10647=CIRCLE('',#11653,1.65);
#10648=CIRCLE('',#11654,1.65);
#10649=CIRCLE('',#11657,3.25);
#10650=CIRCLE('',#11659,3.25);
#10651=CIRCLE('',#11661,1.7);
#10652=CIRCLE('',#11662,1.7);
#10653=CIRCLE('',#11664,1.7);
#10654=CIRCLE('',#11665,1.7);
#10655=CIRCLE('',#11667,3.25);
#10656=CIRCLE('',#11669,3.25);
#10657=CIRCLE('',#11671,3.25);
#10658=CIRCLE('',#11673,3.25);
#10659=CIRCLE('',#11675,1.7);
#10660=CIRCLE('',#11676,1.7);
#10661=CIRCLE('',#11678,1.7);
#10662=CIRCLE('',#11679,1.7);
#10663=CIRCLE('',#11681,3.25);
#10664=CIRCLE('',#11683,3.25);
#10665=CIRCLE('',#11685,9.);
#10666=CIRCLE('',#11686,9.);
#10667=CIRCLE('',#11687,9.);
#10668=CIRCLE('',#11689,1.65);
#10669=CIRCLE('',#11690,1.65);
#10670=CIRCLE('',#11693,1.65);
#10671=CIRCLE('',#11694,1.65);
#10672=CIRCLE('',#11697,4.);
#10673=CIRCLE('',#11698,4.);
#10674=CIRCLE('',#11700,4.);
#10675=CIRCLE('',#11701,4.);
#10676=CIRCLE('',#11703,4.);
#10677=CIRCLE('',#11704,4.);
#10678=CIRCLE('',#11706,4.);
#10679=CIRCLE('',#11707,4.);
#10680=CIRCLE('',#11709,13.5);
#10681=CIRCLE('',#11710,13.5);
#10682=CIRCLE('',#11711,13.5);
#10683=CIRCLE('',#11712,13.5);
#10684=CIRCLE('',#11713,13.5);
#10685=CIRCLE('',#11714,13.5);
#10686=CIRCLE('',#11716,13.5);
#10687=CIRCLE('',#11718,9.);
#10688=CIRCLE('',#11719,13.5);
#10689=CIRCLE('',#11721,1.7);
#10690=CIRCLE('',#11722,1.7);
#10691=CIRCLE('',#11723,1.7);
#10692=CIRCLE('',#11724,1.7);
#10693=CIRCLE('',#11726,13.5);
#10694=CIRCLE('',#11727,9.);
#10695=CIRCLE('',#11729,1.65);
#10696=CIRCLE('',#11730,1.65);
#10697=CIRCLE('',#11732,9.);
#10698=CIRCLE('',#11734,1.65);
#10699=CIRCLE('',#11735,1.65);
#10700=CIRCLE('',#11737,13.5);
#10701=CIRCLE('',#11738,4.);
#10702=CIRCLE('',#11739,13.5);
#10703=CIRCLE('',#11740,4.);
#10704=CIRCLE('',#11742,1.65);
#10705=CIRCLE('',#11743,1.65);
#10706=CIRCLE('',#11744,1.65);
#10707=CIRCLE('',#11745,1.65);
#10708=CIRCLE('',#11746,3.25);
#10709=CIRCLE('',#11747,3.25);
#10710=CIRCLE('',#11748,3.25);
#10711=CIRCLE('',#11749,3.25);
#10712=CIRCLE('',#11751,13.5);
#10713=CIRCLE('',#11754,4.);
#10714=CIRCLE('',#11756,1.65);
#10715=CIRCLE('',#11758,4.);
#10716=CIRCLE('',#11760,1.65);
#10717=CIRCLE('',#11762,1.65);
#10718=CIRCLE('',#11765,1.65);
#10719=CIRCLE('',#11770,3.25);
#10720=CIRCLE('',#11772,1.7);
#10721=CIRCLE('',#11775,1.7);
#10722=CIRCLE('',#11777,3.25);
#10723=CIRCLE('',#11781,3.25);
#10724=CIRCLE('',#11783,1.7);
#10725=CIRCLE('',#11786,1.7);
#10726=CIRCLE('',#11788,3.25);
#10727=CIRCLE('',#11791,1.65);
#10728=CIRCLE('',#11794,1.65);
#10729=CIRCLE('',#11797,1.65);
#10730=CIRCLE('',#11800,1.65);
#10731=CIRCLE('',#11803,1.65);
#10732=CIRCLE('',#11806,1.65);
#10733=CIRCLE('',#11809,1.65);
#10734=CIRCLE('',#11812,1.65);
#10735=CIRCLE('',#11815,0.7);
#10736=CIRCLE('',#11816,0.7);
#10737=CIRCLE('',#11818,1.25);
#10738=CIRCLE('',#11819,1.25);
#10739=CIRCLE('',#11821,0.7);
#10740=CIRCLE('',#11822,0.7);
#10741=CIRCLE('',#11826,0.3);
#10742=CIRCLE('',#11827,0.3);
#10743=CIRCLE('',#11829,1.5);
#10744=CIRCLE('',#11830,1.5);
#10745=CIRCLE('',#11832,1.5);
#10746=CIRCLE('',#11833,1.5);
#10747=CIRCLE('',#11835,1.5);
#10748=CIRCLE('',#11836,1.5);
#10749=CIRCLE('',#11838,1.5);
#10750=CIRCLE('',#11839,1.5);
#10751=CIRCLE('',#11846,0.7);
#10752=CIRCLE('',#11847,1.25);
#10753=CIRCLE('',#11848,1.25);
#10754=CIRCLE('',#11851,0.7);
#10755=CIRCLE('',#11852,1.25);
#10756=CIRCLE('',#11853,1.25);
#10757=CIRCLE('',#11856,0.7);
#10758=CIRCLE('',#11865,0.7);
#10759=CIRCLE('',#11876,0.3);
#10760=CIRCLE('',#11884,0.3);
#10761=CIRCLE('',#11890,1.5);
#10762=CIRCLE('',#11891,1.5);
#10763=CIRCLE('',#11894,1.5);
#10764=CIRCLE('',#11895,1.5);
#10765=CIRCLE('',#11901,1.5);
#10766=CIRCLE('',#11903,1.5);
#10767=CIRCLE('',#11907,1.5);
#10768=CIRCLE('',#11909,1.5);
#10769=CIRCLE('',#11915,4.);
#10770=CIRCLE('',#11916,4.);
#10771=CIRCLE('',#11918,11.);
#10772=CIRCLE('',#11919,11.);
#10773=CIRCLE('',#11923,4.);
#10774=CIRCLE('',#11924,4.);
#10775=CIRCLE('',#11926,11.);
#10776=CIRCLE('',#11927,11.);
#10777=AXIS2_PLACEMENT_3D('',#15121,#11931,#11932);
#10778=AXIS2_PLACEMENT_3D('',#15122,#11933,#11934);
#10779=AXIS2_PLACEMENT_3D('',#15127,#11936,#11937);
#10780=AXIS2_PLACEMENT_3D('',#15130,#11939,#11940);
#10781=AXIS2_PLACEMENT_3D('',#15131,#11941,#11942);
#10782=AXIS2_PLACEMENT_3D('',#15136,#11944,#11945);
#10783=AXIS2_PLACEMENT_3D('',#15139,#11947,#11948);
#10784=AXIS2_PLACEMENT_3D('',#15140,#11949,#11950);
#10785=AXIS2_PLACEMENT_3D('',#15145,#11952,#11953);
#10786=AXIS2_PLACEMENT_3D('',#15148,#11955,#11956);
#10787=AXIS2_PLACEMENT_3D('',#15151,#11959,#11960);
#10788=AXIS2_PLACEMENT_3D('',#15152,#11961,#11962);
#10789=AXIS2_PLACEMENT_3D('',#15153,#11963,#11964);
#10790=AXIS2_PLACEMENT_3D('',#15154,#11965,#11966);
#10791=AXIS2_PLACEMENT_3D('',#15155,#11967,#11968);
#10792=AXIS2_PLACEMENT_3D('',#15156,#11969,#11970);
#10793=AXIS2_PLACEMENT_3D('',#15157,#11971,#11972);
#10794=AXIS2_PLACEMENT_3D('',#15158,#11973,#11974);
#10795=AXIS2_PLACEMENT_3D('',#15159,#11975,#11976);
#10796=AXIS2_PLACEMENT_3D('',#15160,#11977,#11978);
#10797=AXIS2_PLACEMENT_3D('',#15161,#11979,#11980);
#10798=AXIS2_PLACEMENT_3D('',#15162,#11981,#11982);
#10799=AXIS2_PLACEMENT_3D('',#15163,#11983,#11984);
#10800=AXIS2_PLACEMENT_3D('',#15164,#11985,#11986);
#10801=AXIS2_PLACEMENT_3D('',#15167,#11987,#11988);
#10802=AXIS2_PLACEMENT_3D('',#15169,#11989,#11990);
#10803=AXIS2_PLACEMENT_3D('',#15171,#11991,#11992);
#10804=AXIS2_PLACEMENT_3D('',#15172,#11993,#11994);
#10805=AXIS2_PLACEMENT_3D('',#15173,#11995,#11996);
#10806=AXIS2_PLACEMENT_3D('',#15176,#11997,#11998);
#10807=AXIS2_PLACEMENT_3D('',#15178,#11999,#12000);
#10808=AXIS2_PLACEMENT_3D('',#15180,#12001,#12002);
#10809=AXIS2_PLACEMENT_3D('',#15181,#12003,#12004);
#10810=AXIS2_PLACEMENT_3D('',#15182,#12005,#12006);
#10811=AXIS2_PLACEMENT_3D('',#15185,#12007,#12008);
#10812=AXIS2_PLACEMENT_3D('',#15187,#12009,#12010);
#10813=AXIS2_PLACEMENT_3D('',#15189,#12011,#12012);
#10814=AXIS2_PLACEMENT_3D('',#15190,#12013,#12014);
#10815=AXIS2_PLACEMENT_3D('',#15191,#12015,#12016);
#10816=AXIS2_PLACEMENT_3D('',#15196,#12018,#12019);
#10817=AXIS2_PLACEMENT_3D('',#15199,#12021,#12022);
#10818=AXIS2_PLACEMENT_3D('',#15202,#12024,#12025);
#10819=AXIS2_PLACEMENT_3D('',#15205,#12027,#12028);
#10820=AXIS2_PLACEMENT_3D('',#15208,#12031,#12032);
#10821=AXIS2_PLACEMENT_3D('',#15209,#12033,#12034);
#10822=AXIS2_PLACEMENT_3D('',#15210,#12035,#12036);
#10823=AXIS2_PLACEMENT_3D('',#15211,#12037,#12038);
#10824=AXIS2_PLACEMENT_3D('',#15212,#12039,#12040);
#10825=AXIS2_PLACEMENT_3D('',#15213,#12041,#12042);
#10826=AXIS2_PLACEMENT_3D('',#15214,#12043,#12044);
#10827=AXIS2_PLACEMENT_3D('',#15215,#12045,#12046);
#10828=AXIS2_PLACEMENT_3D('',#15216,#12047,#12048);
#10829=AXIS2_PLACEMENT_3D('',#15217,#12049,#12050);
#10830=AXIS2_PLACEMENT_3D('',#15218,#12051,#12052);
#10831=AXIS2_PLACEMENT_3D('',#15219,#12053,#12054);
#10832=AXIS2_PLACEMENT_3D('',#15220,#12055,#12056);
#10833=AXIS2_PLACEMENT_3D('',#15221,#12057,#12058);
#10834=AXIS2_PLACEMENT_3D('',#15222,#12059,#12060);
#10835=AXIS2_PLACEMENT_3D('',#15223,#12061,#12062);
#10836=AXIS2_PLACEMENT_3D('',#15224,#12063,#12064);
#10837=AXIS2_PLACEMENT_3D('',#15225,#12065,#12066);
#10838=AXIS2_PLACEMENT_3D('',#15226,#12067,#12068);
#10839=AXIS2_PLACEMENT_3D('',#15227,#12069,#12070);
#10840=AXIS2_PLACEMENT_3D('',#15228,#12071,#12072);
#10841=AXIS2_PLACEMENT_3D('',#15238,#12077,#12078);
#10842=AXIS2_PLACEMENT_3D('',#15240,#12079,#12080);
#10843=AXIS2_PLACEMENT_3D('',#15242,#12081,#12082);
#10844=AXIS2_PLACEMENT_3D('',#15243,#12083,#12084);
#10845=AXIS2_PLACEMENT_3D('',#15245,#12085,#12086);
#10846=AXIS2_PLACEMENT_3D('',#15247,#12087,#12088);
#10847=AXIS2_PLACEMENT_3D('',#15248,#12089,#12090);
#10848=AXIS2_PLACEMENT_3D('',#15250,#12091,#12092);
#10849=AXIS2_PLACEMENT_3D('',#15251,#12093,#12094);
#10850=AXIS2_PLACEMENT_3D('',#15253,#12095,#12096);
#10851=AXIS2_PLACEMENT_3D('',#15255,#12097,#12098);
#10852=AXIS2_PLACEMENT_3D('',#15256,#12099,#12100);
#10853=AXIS2_PLACEMENT_3D('',#15258,#12101,#12102);
#10854=AXIS2_PLACEMENT_3D('',#15259,#12103,#12104);
#10855=AXIS2_PLACEMENT_3D('',#15261,#12105,#12106);
#10856=AXIS2_PLACEMENT_3D('',#15263,#12107,#12108);
#10857=AXIS2_PLACEMENT_3D('',#15269,#12112,#12113);
#10858=AXIS2_PLACEMENT_3D('',#15273,#12116,#12117);
#10859=AXIS2_PLACEMENT_3D('',#15277,#12120,#12121);
#10860=AXIS2_PLACEMENT_3D('',#15279,#12123,#12124);
#10861=AXIS2_PLACEMENT_3D('',#15280,#12125,#12126);
#10862=AXIS2_PLACEMENT_3D('',#15281,#12127,#12128);
#10863=AXIS2_PLACEMENT_3D('',#15283,#12129,#12130);
#10864=AXIS2_PLACEMENT_3D('',#15284,#12131,#12132);
#10865=AXIS2_PLACEMENT_3D('',#15285,#12133,#12134);
#10866=AXIS2_PLACEMENT_3D('',#15286,#12135,#12136);
#10867=AXIS2_PLACEMENT_3D('',#15287,#12137,#12138);
#10868=AXIS2_PLACEMENT_3D('',#15292,#12140,#12141);
#10869=AXIS2_PLACEMENT_3D('',#15295,#12143,#12144);
#10870=AXIS2_PLACEMENT_3D('',#15296,#12145,#12146);
#10871=AXIS2_PLACEMENT_3D('',#15301,#12148,#12149);
#10872=AXIS2_PLACEMENT_3D('',#15304,#12151,#12152);
#10873=AXIS2_PLACEMENT_3D('',#15305,#12153,#12154);
#10874=AXIS2_PLACEMENT_3D('',#15310,#12156,#12157);
#10875=AXIS2_PLACEMENT_3D('',#15313,#12159,#12160);
#10876=AXIS2_PLACEMENT_3D('',#15314,#12161,#12162);
#10877=AXIS2_PLACEMENT_3D('',#15319,#12164,#12165);
#10878=AXIS2_PLACEMENT_3D('',#15322,#12167,#12168);
#10879=AXIS2_PLACEMENT_3D('',#15323,#12169,#12170);
#10880=AXIS2_PLACEMENT_3D('',#15328,#12172,#12173);
#10881=AXIS2_PLACEMENT_3D('',#15331,#12175,#12176);
#10882=AXIS2_PLACEMENT_3D('',#15332,#12177,#12178);
#10883=AXIS2_PLACEMENT_3D('',#15337,#12180,#12181);
#10884=AXIS2_PLACEMENT_3D('',#15340,#12183,#12184);
#10885=AXIS2_PLACEMENT_3D('',#15341,#12185,#12186);
#10886=AXIS2_PLACEMENT_3D('',#15346,#12188,#12189);
#10887=AXIS2_PLACEMENT_3D('',#15349,#12191,#12192);
#10888=AXIS2_PLACEMENT_3D('',#15350,#12193,#12194);
#10889=AXIS2_PLACEMENT_3D('',#15355,#12196,#12197);
#10890=AXIS2_PLACEMENT_3D('',#15358,#12199,#12200);
#10891=AXIS2_PLACEMENT_3D('',#15359,#12201,#12202);
#10892=AXIS2_PLACEMENT_3D('',#15364,#12204,#12205);
#10893=AXIS2_PLACEMENT_3D('',#15367,#12207,#12208);
#10894=AXIS2_PLACEMENT_3D('',#15368,#12209,#12210);
#10895=AXIS2_PLACEMENT_3D('',#15373,#12212,#12213);
#10896=AXIS2_PLACEMENT_3D('',#15376,#12215,#12216);
#10897=AXIS2_PLACEMENT_3D('',#15377,#12217,#12218);
#10898=AXIS2_PLACEMENT_3D('',#15378,#12219,#12220);
#10899=AXIS2_PLACEMENT_3D('',#15379,#12221,#12222);
#10900=AXIS2_PLACEMENT_3D('',#15380,#12223,#12224);
#10901=AXIS2_PLACEMENT_3D('',#15393,#12231,#12232);
#10902=AXIS2_PLACEMENT_3D('',#15399,#12236,#12237);
#10903=AXIS2_PLACEMENT_3D('',#15400,#12238,#12239);
#10904=AXIS2_PLACEMENT_3D('',#15401,#12240,#12241);
#10905=AXIS2_PLACEMENT_3D('',#15402,#12242,#12243);
#10906=AXIS2_PLACEMENT_3D('',#15403,#12244,#12245);
#10907=AXIS2_PLACEMENT_3D('',#15413,#12251,#12252);
#10908=AXIS2_PLACEMENT_3D('',#15414,#12253,#12254);
#10909=AXIS2_PLACEMENT_3D('',#15418,#12256,#12257);
#10910=AXIS2_PLACEMENT_3D('',#15426,#12261,#12262);
#10911=AXIS2_PLACEMENT_3D('',#15427,#12263,#12264);
#10912=AXIS2_PLACEMENT_3D('',#15433,#12268,#12269);
#10913=AXIS2_PLACEMENT_3D('',#15434,#12270,#12271);
#10914=AXIS2_PLACEMENT_3D('',#15438,#12273,#12274);
#10915=AXIS2_PLACEMENT_3D('',#15439,#12275,#12276);
#10916=AXIS2_PLACEMENT_3D('',#15449,#12282,#12283);
#10917=AXIS2_PLACEMENT_3D('',#15453,#12286,#12287);
#10918=AXIS2_PLACEMENT_3D('',#15454,#12288,#12289);
#10919=AXIS2_PLACEMENT_3D('',#15456,#12291,#12292);
#10920=AXIS2_PLACEMENT_3D('',#15459,#12294,#12295);
#10921=AXIS2_PLACEMENT_3D('',#15460,#12296,#12297);
#10922=AXIS2_PLACEMENT_3D('',#15465,#12300,#12301);
#10923=AXIS2_PLACEMENT_3D('',#15466,#12302,#12303);
#10924=AXIS2_PLACEMENT_3D('',#15469,#12306,#12307);
#10925=AXIS2_PLACEMENT_3D('',#15472,#12310,#12311);
#10926=AXIS2_PLACEMENT_3D('',#15473,#12312,#12313);
#10927=AXIS2_PLACEMENT_3D('',#15474,#12314,#12315);
#10928=AXIS2_PLACEMENT_3D('',#15475,#12316,#12317);
#10929=AXIS2_PLACEMENT_3D('',#15476,#12318,#12319);
#10930=AXIS2_PLACEMENT_3D('',#15477,#12320,#12321);
#10931=AXIS2_PLACEMENT_3D('',#15478,#12322,#12323);
#10932=AXIS2_PLACEMENT_3D('',#15479,#12324,#12325);
#10933=AXIS2_PLACEMENT_3D('',#15480,#12326,#12327);
#10934=AXIS2_PLACEMENT_3D('',#15481,#12328,#12329);
#10935=AXIS2_PLACEMENT_3D('',#15482,#12330,#12331);
#10936=AXIS2_PLACEMENT_3D('',#15483,#12332,#12333);
#10937=AXIS2_PLACEMENT_3D('',#15484,#12334,#12335);
#10938=AXIS2_PLACEMENT_3D('',#15485,#12336,#12337);
#10939=AXIS2_PLACEMENT_3D('',#15486,#12338,#12339);
#10940=AXIS2_PLACEMENT_3D('',#15487,#12340,#12341);
#10941=AXIS2_PLACEMENT_3D('',#15488,#12342,#12343);
#10942=AXIS2_PLACEMENT_3D('',#15489,#12344,#12345);
#10943=AXIS2_PLACEMENT_3D('',#15490,#12346,#12347);
#10944=AXIS2_PLACEMENT_3D('',#15491,#12348,#12349);
#10945=AXIS2_PLACEMENT_3D('',#15492,#12350,#12351);
#10946=AXIS2_PLACEMENT_3D('',#15493,#12352,#12353);
#10947=AXIS2_PLACEMENT_3D('',#15494,#12354,#12355);
#10948=AXIS2_PLACEMENT_3D('',#15495,#12356,#12357);
#10949=AXIS2_PLACEMENT_3D('',#15496,#12358,#12359);
#10950=AXIS2_PLACEMENT_3D('',#15497,#12360,#12361);
#10951=AXIS2_PLACEMENT_3D('',#15498,#12362,#12363);
#10952=AXIS2_PLACEMENT_3D('',#15499,#12364,#12365);
#10953=AXIS2_PLACEMENT_3D('',#15500,#12366,#12367);
#10954=AXIS2_PLACEMENT_3D('',#15501,#12368,#12369);
#10955=AXIS2_PLACEMENT_3D('',#15502,#12370,#12371);
#10956=AXIS2_PLACEMENT_3D('',#15503,#12372,#12373);
#10957=AXIS2_PLACEMENT_3D('',#15504,#12374,#12375);
#10958=AXIS2_PLACEMENT_3D('',#15509,#12377,#12378);
#10959=AXIS2_PLACEMENT_3D('',#15512,#12380,#12381);
#10960=AXIS2_PLACEMENT_3D('',#15516,#12384,#12385);
#10961=AXIS2_PLACEMENT_3D('',#15517,#12386,#12387);
#10962=AXIS2_PLACEMENT_3D('',#15522,#12389,#12390);
#10963=AXIS2_PLACEMENT_3D('',#15525,#12392,#12393);
#10964=AXIS2_PLACEMENT_3D('',#15529,#12396,#12397);
#10965=AXIS2_PLACEMENT_3D('',#15530,#12398,#12399);
#10966=AXIS2_PLACEMENT_3D('',#15535,#12401,#12402);
#10967=AXIS2_PLACEMENT_3D('',#15538,#12404,#12405);
#10968=AXIS2_PLACEMENT_3D('',#15542,#12408,#12409);
#10969=AXIS2_PLACEMENT_3D('',#15543,#12410,#12411);
#10970=AXIS2_PLACEMENT_3D('',#15548,#12413,#12414);
#10971=AXIS2_PLACEMENT_3D('',#15551,#12416,#12417);
#10972=AXIS2_PLACEMENT_3D('',#15555,#12420,#12421);
#10973=AXIS2_PLACEMENT_3D('',#15564,#12426,#12427);
#10974=AXIS2_PLACEMENT_3D('',#15573,#12432,#12433);
#10975=AXIS2_PLACEMENT_3D('',#15582,#12438,#12439);
#10976=AXIS2_PLACEMENT_3D('',#15591,#12444,#12445);
#10977=AXIS2_PLACEMENT_3D('',#15600,#12450,#12451);
#10978=AXIS2_PLACEMENT_3D('',#15609,#12456,#12457);
#10979=AXIS2_PLACEMENT_3D('',#15618,#12462,#12463);
#10980=AXIS2_PLACEMENT_3D('',#15624,#12467,#12468);
#10981=AXIS2_PLACEMENT_3D('',#15630,#12472,#12473);
#10982=AXIS2_PLACEMENT_3D('',#15639,#12478,#12479);
#10983=AXIS2_PLACEMENT_3D('',#15645,#12483,#12484);
#10984=AXIS2_PLACEMENT_3D('',#15651,#12488,#12489);
#10985=AXIS2_PLACEMENT_3D('',#15652,#12490,#12491);
#10986=AXIS2_PLACEMENT_3D('',#15653,#12492,#12493);
#10987=AXIS2_PLACEMENT_3D('',#15758,#12550,#12551);
#10988=AXIS2_PLACEMENT_3D('',#15759,#12552,#12553);
#10989=AXIS2_PLACEMENT_3D('',#15760,#12554,#12555);
#10990=AXIS2_PLACEMENT_3D('',#15865,#12612,#12613);
#10991=AXIS2_PLACEMENT_3D('',#15867,#12615,#12616);
#10992=AXIS2_PLACEMENT_3D('',#15868,#12617,#12618);
#10993=AXIS2_PLACEMENT_3D('',#15870,#12620,#12621);
#10994=AXIS2_PLACEMENT_3D('',#15872,#12623,#12624);
#10995=AXIS2_PLACEMENT_3D('',#15874,#12626,#12627);
#10996=AXIS2_PLACEMENT_3D('',#15876,#12629,#12630);
#10997=AXIS2_PLACEMENT_3D('',#15878,#12632,#12633);
#10998=AXIS2_PLACEMENT_3D('',#15880,#12635,#12636);
#10999=AXIS2_PLACEMENT_3D('',#15882,#12638,#12639);
#11000=AXIS2_PLACEMENT_3D('',#15883,#12640,#12641);
#11001=AXIS2_PLACEMENT_3D('',#15886,#12644,#12645);
#11002=AXIS2_PLACEMENT_3D('',#15889,#12648,#12649);
#11003=AXIS2_PLACEMENT_3D('',#15891,#12651,#12652);
#11004=AXIS2_PLACEMENT_3D('',#15893,#12654,#12655);
#11005=AXIS2_PLACEMENT_3D('',#15895,#12657,#12658);
#11006=AXIS2_PLACEMENT_3D('',#15897,#12660,#12661);
#11007=AXIS2_PLACEMENT_3D('',#15898,#12662,#12663);
#11008=AXIS2_PLACEMENT_3D('',#15900,#12665,#12666);
#11009=AXIS2_PLACEMENT_3D('',#15902,#12668,#12669);
#11010=AXIS2_PLACEMENT_3D('',#15904,#12671,#12672);
#11011=AXIS2_PLACEMENT_3D('',#15906,#12674,#12675);
#11012=AXIS2_PLACEMENT_3D('',#15908,#12677,#12678);
#11013=AXIS2_PLACEMENT_3D('',#15910,#12680,#12681);
#11014=AXIS2_PLACEMENT_3D('',#15911,#12682,#12683);
#11015=AXIS2_PLACEMENT_3D('',#15913,#12685,#12686);
#11016=AXIS2_PLACEMENT_3D('',#15915,#12688,#12689);
#11017=AXIS2_PLACEMENT_3D('',#15917,#12691,#12692);
#11018=AXIS2_PLACEMENT_3D('',#15919,#12694,#12695);
#11019=AXIS2_PLACEMENT_3D('',#15921,#12697,#12698);
#11020=AXIS2_PLACEMENT_3D('',#15923,#12700,#12701);
#11021=AXIS2_PLACEMENT_3D('',#15924,#12702,#12703);
#11022=AXIS2_PLACEMENT_3D('',#15926,#12705,#12706);
#11023=AXIS2_PLACEMENT_3D('',#15928,#12708,#12709);
#11024=AXIS2_PLACEMENT_3D('',#15931,#12712,#12713);
#11025=AXIS2_PLACEMENT_3D('',#15932,#12714,#12715);
#11026=AXIS2_PLACEMENT_3D('',#15934,#12717,#12718);
#11027=AXIS2_PLACEMENT_3D('',#15936,#12720,#12721);
#11028=AXIS2_PLACEMENT_3D('',#15937,#12722,#12723);
#11029=AXIS2_PLACEMENT_3D('',#15939,#12725,#12726);
#11030=AXIS2_PLACEMENT_3D('',#15941,#12728,#12729);
#11031=AXIS2_PLACEMENT_3D('',#15943,#12731,#12732);
#11032=AXIS2_PLACEMENT_3D('',#15945,#12734,#12735);
#11033=AXIS2_PLACEMENT_3D('',#15947,#12737,#12738);
#11034=AXIS2_PLACEMENT_3D('',#15949,#12740,#12741);
#11035=AXIS2_PLACEMENT_3D('',#15950,#12742,#12743);
#11036=AXIS2_PLACEMENT_3D('',#15952,#12745,#12746);
#11037=AXIS2_PLACEMENT_3D('',#15954,#12748,#12749);
#11038=AXIS2_PLACEMENT_3D('',#15956,#12751,#12752);
#11039=AXIS2_PLACEMENT_3D('',#15958,#12754,#12755);
#11040=AXIS2_PLACEMENT_3D('',#15960,#12757,#12758);
#11041=AXIS2_PLACEMENT_3D('',#15962,#12760,#12761);
#11042=AXIS2_PLACEMENT_3D('',#15963,#12762,#12763);
#11043=AXIS2_PLACEMENT_3D('',#15965,#12765,#12766);
#11044=AXIS2_PLACEMENT_3D('',#15966,#12767,#12768);
#11045=AXIS2_PLACEMENT_3D('',#15968,#12770,#12771);
#11046=AXIS2_PLACEMENT_3D('',#15969,#12772,#12773);
#11047=AXIS2_PLACEMENT_3D('',#15970,#12774,#12775);
#11048=AXIS2_PLACEMENT_3D('',#15971,#12776,#12777);
#11049=AXIS2_PLACEMENT_3D('',#15972,#12778,#12779);
#11050=AXIS2_PLACEMENT_3D('',#15973,#12780,#12781);
#11051=AXIS2_PLACEMENT_3D('',#15974,#12782,#12783);
#11052=AXIS2_PLACEMENT_3D('',#15975,#12784,#12785);
#11053=AXIS2_PLACEMENT_3D('',#15976,#12786,#12787);
#11054=AXIS2_PLACEMENT_3D('',#15977,#12788,#12789);
#11055=AXIS2_PLACEMENT_3D('',#15978,#12790,#12791);
#11056=AXIS2_PLACEMENT_3D('',#15979,#12792,#12793);
#11057=AXIS2_PLACEMENT_3D('',#15980,#12794,#12795);
#11058=AXIS2_PLACEMENT_3D('',#15981,#12796,#12797);
#11059=AXIS2_PLACEMENT_3D('',#15982,#12798,#12799);
#11060=AXIS2_PLACEMENT_3D('',#15987,#12801,#12802);
#11061=AXIS2_PLACEMENT_3D('',#15990,#12804,#12805);
#11062=AXIS2_PLACEMENT_3D('',#15994,#12808,#12809);
#11063=AXIS2_PLACEMENT_3D('',#15995,#12810,#12811);
#11064=AXIS2_PLACEMENT_3D('',#16000,#12813,#12814);
#11065=AXIS2_PLACEMENT_3D('',#16003,#12816,#12817);
#11066=AXIS2_PLACEMENT_3D('',#16007,#12820,#12821);
#11067=AXIS2_PLACEMENT_3D('',#16008,#12822,#12823);
#11068=AXIS2_PLACEMENT_3D('',#16013,#12825,#12826);
#11069=AXIS2_PLACEMENT_3D('',#16016,#12828,#12829);
#11070=AXIS2_PLACEMENT_3D('',#16020,#12832,#12833);
#11071=AXIS2_PLACEMENT_3D('',#16021,#12834,#12835);
#11072=AXIS2_PLACEMENT_3D('',#16026,#12837,#12838);
#11073=AXIS2_PLACEMENT_3D('',#16029,#12840,#12841);
#11074=AXIS2_PLACEMENT_3D('',#16033,#12844,#12845);
#11075=AXIS2_PLACEMENT_3D('',#16034,#12846,#12847);
#11076=AXIS2_PLACEMENT_3D('',#16039,#12849,#12850);
#11077=AXIS2_PLACEMENT_3D('',#16042,#12852,#12853);
#11078=AXIS2_PLACEMENT_3D('',#16046,#12856,#12857);
#11079=AXIS2_PLACEMENT_3D('',#16047,#12858,#12859);
#11080=AXIS2_PLACEMENT_3D('',#16052,#12861,#12862);
#11081=AXIS2_PLACEMENT_3D('',#16055,#12864,#12865);
#11082=AXIS2_PLACEMENT_3D('',#16059,#12868,#12869);
#11083=AXIS2_PLACEMENT_3D('',#16060,#12870,#12871);
#11084=AXIS2_PLACEMENT_3D('',#16065,#12873,#12874);
#11085=AXIS2_PLACEMENT_3D('',#16068,#12876,#12877);
#11086=AXIS2_PLACEMENT_3D('',#16072,#12880,#12881);
#11087=AXIS2_PLACEMENT_3D('',#16073,#12882,#12883);
#11088=AXIS2_PLACEMENT_3D('',#16078,#12885,#12886);
#11089=AXIS2_PLACEMENT_3D('',#16081,#12888,#12889);
#11090=AXIS2_PLACEMENT_3D('',#16085,#12892,#12893);
#11091=AXIS2_PLACEMENT_3D('',#16086,#12894,#12895);
#11092=AXIS2_PLACEMENT_3D('',#16107,#12898,#12899);
#11093=AXIS2_PLACEMENT_3D('',#16126,#12901,#12902);
#11094=AXIS2_PLACEMENT_3D('',#16129,#12904,#12905);
#11095=AXIS2_PLACEMENT_3D('',#16130,#12906,#12907);
#11096=AXIS2_PLACEMENT_3D('',#16135,#12909,#12910);
#11097=AXIS2_PLACEMENT_3D('',#16138,#12912,#12913);
#11098=AXIS2_PLACEMENT_3D('',#16139,#12914,#12915);
#11099=AXIS2_PLACEMENT_3D('',#16144,#12917,#12918);
#11100=AXIS2_PLACEMENT_3D('',#16147,#12920,#12921);
#11101=AXIS2_PLACEMENT_3D('',#16148,#12922,#12923);
#11102=AXIS2_PLACEMENT_3D('',#16169,#12926,#12927);
#11103=AXIS2_PLACEMENT_3D('',#16188,#12929,#12930);
#11104=AXIS2_PLACEMENT_3D('',#16191,#12932,#12933);
#11105=AXIS2_PLACEMENT_3D('',#16192,#12934,#12935);
#11106=AXIS2_PLACEMENT_3D('',#16213,#12938,#12939);
#11107=AXIS2_PLACEMENT_3D('',#16232,#12941,#12942);
#11108=AXIS2_PLACEMENT_3D('',#16235,#12944,#12945);
#11109=AXIS2_PLACEMENT_3D('',#16236,#12946,#12947);
#11110=AXIS2_PLACEMENT_3D('',#16241,#12949,#12950);
#11111=AXIS2_PLACEMENT_3D('',#16244,#12952,#12953);
#11112=AXIS2_PLACEMENT_3D('',#16245,#12954,#12955);
#11113=AXIS2_PLACEMENT_3D('',#16250,#12957,#12958);
#11114=AXIS2_PLACEMENT_3D('',#16253,#12960,#12961);
#11115=AXIS2_PLACEMENT_3D('',#16254,#12962,#12963);
#11116=AXIS2_PLACEMENT_3D('',#16275,#12966,#12967);
#11117=AXIS2_PLACEMENT_3D('',#16294,#12969,#12970);
#11118=AXIS2_PLACEMENT_3D('',#16297,#12972,#12973);
#11119=AXIS2_PLACEMENT_3D('',#16298,#12974,#12975);
#11120=AXIS2_PLACEMENT_3D('',#16303,#12977,#12978);
#11121=AXIS2_PLACEMENT_3D('',#16320,#12979,#12980);
#11122=AXIS2_PLACEMENT_3D('',#16323,#12982,#12983);
#11123=AXIS2_PLACEMENT_3D('',#16324,#12984,#12985);
#11124=AXIS2_PLACEMENT_3D('',#16329,#12987,#12988);
#11125=AXIS2_PLACEMENT_3D('',#16332,#12990,#12991);
#11126=AXIS2_PLACEMENT_3D('',#16336,#12994,#12995);
#11127=AXIS2_PLACEMENT_3D('',#16337,#12996,#12997);
#11128=AXIS2_PLACEMENT_3D('',#16342,#12999,#13000);
#11129=AXIS2_PLACEMENT_3D('',#16345,#13002,#13003);
#11130=AXIS2_PLACEMENT_3D('',#16349,#13006,#13007);
#11131=AXIS2_PLACEMENT_3D('',#16350,#13008,#13009);
#11132=AXIS2_PLACEMENT_3D('',#16355,#13011,#13012);
#11133=AXIS2_PLACEMENT_3D('',#16358,#13014,#13015);
#11134=AXIS2_PLACEMENT_3D('',#16359,#13016,#13017);
#11135=AXIS2_PLACEMENT_3D('',#16363,#13019,#13020);
#11136=AXIS2_PLACEMENT_3D('',#16364,#13021,#13022);
#11137=AXIS2_PLACEMENT_3D('',#16365,#13023,#13024);
#11138=AXIS2_PLACEMENT_3D('',#16370,#13026,#13027);
#11139=AXIS2_PLACEMENT_3D('',#16373,#13029,#13030);
#11140=AXIS2_PLACEMENT_3D('',#16374,#13031,#13032);
#11141=AXIS2_PLACEMENT_3D('',#16376,#13033,#13034);
#11142=AXIS2_PLACEMENT_3D('',#16379,#13036,#13037);
#11143=AXIS2_PLACEMENT_3D('',#16408,#13038,#13039);
#11144=AXIS2_PLACEMENT_3D('',#16413,#13041,#13042);
#11145=AXIS2_PLACEMENT_3D('',#16417,#13044,#13045);
#11146=AXIS2_PLACEMENT_3D('',#16418,#13046,#13047);
#11147=AXIS2_PLACEMENT_3D('',#16422,#13049,#13050);
#11148=AXIS2_PLACEMENT_3D('',#16433,#13051,#13052);
#11149=AXIS2_PLACEMENT_3D('',#16443,#13053,#13054);
#11150=AXIS2_PLACEMENT_3D('',#16447,#13056,#13057);
#11151=AXIS2_PLACEMENT_3D('',#16448,#13058,#13059);
#11152=AXIS2_PLACEMENT_3D('',#16452,#13061,#13062);
#11153=AXIS2_PLACEMENT_3D('',#16454,#13064,#13065);
#11154=AXIS2_PLACEMENT_3D('',#16455,#13066,#13067);
#11155=AXIS2_PLACEMENT_3D('',#16464,#13072,#13073);
#11156=AXIS2_PLACEMENT_3D('',#16465,#13074,#13075);
#11157=AXIS2_PLACEMENT_3D('',#16466,#13076,#13077);
#11158=AXIS2_PLACEMENT_3D('',#16467,#13078,#13079);
#11159=AXIS2_PLACEMENT_3D('',#16468,#13080,#13081);
#11160=AXIS2_PLACEMENT_3D('',#16472,#13083,#13084);
#11161=AXIS2_PLACEMENT_3D('',#16474,#13086,#13087);
#11162=AXIS2_PLACEMENT_3D('',#16475,#13088,#13089);
#11163=AXIS2_PLACEMENT_3D('',#16481,#13093,#13094);
#11164=AXIS2_PLACEMENT_3D('',#16482,#13095,#13096);
#11165=AXIS2_PLACEMENT_3D('',#16483,#13097,#13098);
#11166=AXIS2_PLACEMENT_3D('',#16487,#13101,#13102);
#11167=AXIS2_PLACEMENT_3D('',#16488,#13103,#13104);
#11168=AXIS2_PLACEMENT_3D('',#16492,#13107,#13108);
#11169=AXIS2_PLACEMENT_3D('',#16493,#13109,#13110);
#11170=AXIS2_PLACEMENT_3D('',#16494,#13111,#13112);
#11171=AXIS2_PLACEMENT_3D('',#16496,#13114,#13115);
#11172=AXIS2_PLACEMENT_3D('',#16497,#13116,#13117);
#11173=AXIS2_PLACEMENT_3D('',#16499,#13118,#13119);
#11174=AXIS2_PLACEMENT_3D('',#16500,#13120,#13121);
#11175=AXIS2_PLACEMENT_3D('',#16501,#13122,#13123);
#11176=AXIS2_PLACEMENT_3D('',#16502,#13124,#13125);
#11177=AXIS2_PLACEMENT_3D('',#16503,#13126,#13127);
#11178=AXIS2_PLACEMENT_3D('',#16504,#13128,#13129);
#11179=AXIS2_PLACEMENT_3D('',#16505,#13130,#13131);
#11180=AXIS2_PLACEMENT_3D('',#16506,#13132,#13133);
#11181=AXIS2_PLACEMENT_3D('',#16507,#13134,#13135);
#11182=AXIS2_PLACEMENT_3D('',#16508,#13136,#13137);
#11183=AXIS2_PLACEMENT_3D('',#16509,#13138,#13139);
#11184=AXIS2_PLACEMENT_3D('',#16510,#13140,#13141);
#11185=AXIS2_PLACEMENT_3D('',#16529,#13143,#13144);
#11186=AXIS2_PLACEMENT_3D('',#16558,#13145,#13146);
#11187=AXIS2_PLACEMENT_3D('',#16560,#13148,#13149);
#11188=AXIS2_PLACEMENT_3D('',#16561,#13150,#13151);
#11189=AXIS2_PLACEMENT_3D('',#16562,#13152,#13153);
#11190=AXIS2_PLACEMENT_3D('',#16563,#13154,#13155);
#11191=AXIS2_PLACEMENT_3D('',#16564,#13156,#13157);
#11192=AXIS2_PLACEMENT_3D('',#16565,#13158,#13159);
#11193=AXIS2_PLACEMENT_3D('',#16566,#13160,#13161);
#11194=AXIS2_PLACEMENT_3D('',#16567,#13162,#13163);
#11195=AXIS2_PLACEMENT_3D('',#16568,#13164,#13165);
#11196=AXIS2_PLACEMENT_3D('',#16569,#13166,#13167);
#11197=AXIS2_PLACEMENT_3D('',#16570,#13168,#13169);
#11198=AXIS2_PLACEMENT_3D('',#16571,#13170,#13171);
#11199=AXIS2_PLACEMENT_3D('',#16572,#13172,#13173);
#11200=AXIS2_PLACEMENT_3D('',#16573,#13174,#13175);
#11201=AXIS2_PLACEMENT_3D('',#16574,#13176,#13177);
#11202=AXIS2_PLACEMENT_3D('',#16589,#13178,#13179);
#11203=AXIS2_PLACEMENT_3D('',#16590,#13180,#13181);
#11204=AXIS2_PLACEMENT_3D('',#16591,#13182,#13183);
#11205=AXIS2_PLACEMENT_3D('',#16592,#13184,#13185);
#11206=AXIS2_PLACEMENT_3D('',#16593,#13186,#13187);
#11207=AXIS2_PLACEMENT_3D('',#16594,#13188,#13189);
#11208=AXIS2_PLACEMENT_3D('',#16595,#13190,#13191);
#11209=AXIS2_PLACEMENT_3D('',#16596,#13192,#13193);
#11210=AXIS2_PLACEMENT_3D('',#16597,#13194,#13195);
#11211=AXIS2_PLACEMENT_3D('',#16598,#13196,#13197);
#11212=AXIS2_PLACEMENT_3D('',#16599,#13198,#13199);
#11213=AXIS2_PLACEMENT_3D('',#16600,#13200,#13201);
#11214=AXIS2_PLACEMENT_3D('',#16601,#13202,#13203);
#11215=AXIS2_PLACEMENT_3D('',#16602,#13204,#13205);
#11216=AXIS2_PLACEMENT_3D('',#16603,#13206,#13207);
#11217=AXIS2_PLACEMENT_3D('',#16604,#13208,#13209);
#11218=AXIS2_PLACEMENT_3D('',#16605,#13210,#13211);
#11219=AXIS2_PLACEMENT_3D('',#16606,#13212,#13213);
#11220=AXIS2_PLACEMENT_3D('',#16607,#13214,#13215);
#11221=AXIS2_PLACEMENT_3D('',#16608,#13216,#13217);
#11222=AXIS2_PLACEMENT_3D('',#16609,#13218,#13219);
#11223=AXIS2_PLACEMENT_3D('',#16610,#13220,#13221);
#11224=AXIS2_PLACEMENT_3D('',#16611,#13222,#13223);
#11225=AXIS2_PLACEMENT_3D('',#16612,#13224,#13225);
#11226=AXIS2_PLACEMENT_3D('',#16613,#13226,#13227);
#11227=AXIS2_PLACEMENT_3D('',#16614,#13228,#13229);
#11228=AXIS2_PLACEMENT_3D('',#16615,#13230,#13231);
#11229=AXIS2_PLACEMENT_3D('',#16616,#13232,#13233);
#11230=AXIS2_PLACEMENT_3D('',#16617,#13234,#13235);
#11231=AXIS2_PLACEMENT_3D('',#16618,#13236,#13237);
#11232=AXIS2_PLACEMENT_3D('',#16619,#13238,#13239);
#11233=AXIS2_PLACEMENT_3D('',#16620,#13240,#13241);
#11234=AXIS2_PLACEMENT_3D('',#16621,#13242,#13243);
#11235=AXIS2_PLACEMENT_3D('',#16622,#13244,#13245);
#11236=AXIS2_PLACEMENT_3D('',#16623,#13246,#13247);
#11237=AXIS2_PLACEMENT_3D('',#16624,#13248,#13249);
#11238=AXIS2_PLACEMENT_3D('',#16625,#13250,#13251);
#11239=AXIS2_PLACEMENT_3D('',#16626,#13252,#13253);
#11240=AXIS2_PLACEMENT_3D('',#16627,#13254,#13255);
#11241=AXIS2_PLACEMENT_3D('',#16628,#13256,#13257);
#11242=AXIS2_PLACEMENT_3D('',#16629,#13258,#13259);
#11243=AXIS2_PLACEMENT_3D('',#16630,#13260,#13261);
#11244=AXIS2_PLACEMENT_3D('',#16631,#13262,#13263);
#11245=AXIS2_PLACEMENT_3D('',#16632,#13264,#13265);
#11246=AXIS2_PLACEMENT_3D('',#16633,#13266,#13267);
#11247=AXIS2_PLACEMENT_3D('',#16634,#13268,#13269);
#11248=AXIS2_PLACEMENT_3D('',#16635,#13270,#13271);
#11249=AXIS2_PLACEMENT_3D('',#16636,#13272,#13273);
#11250=AXIS2_PLACEMENT_3D('',#16638,#13274,#13275);
#11251=AXIS2_PLACEMENT_3D('',#16640,#13276,#13277);
#11252=AXIS2_PLACEMENT_3D('',#16642,#13278,#13279);
#11253=AXIS2_PLACEMENT_3D('',#16644,#13280,#13281);
#11254=AXIS2_PLACEMENT_3D('',#16646,#13282,#13283);
#11255=AXIS2_PLACEMENT_3D('',#16648,#13284,#13285);
#11256=AXIS2_PLACEMENT_3D('',#16650,#13286,#13287);
#11257=AXIS2_PLACEMENT_3D('',#16652,#13288,#13289);
#11258=AXIS2_PLACEMENT_3D('',#16654,#13290,#13291);
#11259=AXIS2_PLACEMENT_3D('',#16656,#13292,#13293);
#11260=AXIS2_PLACEMENT_3D('',#16658,#13294,#13295);
#11261=AXIS2_PLACEMENT_3D('',#16663,#13297,#13298);
#11262=AXIS2_PLACEMENT_3D('',#16667,#13300,#13301);
#11263=AXIS2_PLACEMENT_3D('',#16671,#13303,#13304);
#11264=AXIS2_PLACEMENT_3D('',#16674,#13306,#13307);
#11265=AXIS2_PLACEMENT_3D('',#16675,#13308,#13309);
#11266=AXIS2_PLACEMENT_3D('',#16677,#13310,#13311);
#11267=AXIS2_PLACEMENT_3D('',#16679,#13312,#13313);
#11268=AXIS2_PLACEMENT_3D('',#16681,#13314,#13315);
#11269=AXIS2_PLACEMENT_3D('',#16683,#13316,#13317);
#11270=AXIS2_PLACEMENT_3D('',#16688,#13319,#13320);
#11271=AXIS2_PLACEMENT_3D('',#16692,#13322,#13323);
#11272=AXIS2_PLACEMENT_3D('',#16696,#13325,#13326);
#11273=AXIS2_PLACEMENT_3D('',#16700,#13328,#13329);
#11274=AXIS2_PLACEMENT_3D('',#16704,#13331,#13332);
#11275=AXIS2_PLACEMENT_3D('',#16708,#13334,#13335);
#11276=AXIS2_PLACEMENT_3D('',#16712,#13337,#13338);
#11277=AXIS2_PLACEMENT_3D('',#16716,#13340,#13341);
#11278=AXIS2_PLACEMENT_3D('',#16717,#13342,#13343);
#11279=AXIS2_PLACEMENT_3D('',#16719,#13344,#13345);
#11280=AXIS2_PLACEMENT_3D('',#16722,#13348,#13349);
#11281=AXIS2_PLACEMENT_3D('',#16724,#13351,#13352);
#11282=AXIS2_PLACEMENT_3D('',#16726,#13354,#13355);
#11283=AXIS2_PLACEMENT_3D('',#16728,#13357,#13358);
#11284=AXIS2_PLACEMENT_3D('',#16730,#13360,#13361);
#11285=AXIS2_PLACEMENT_3D('',#16732,#13363,#13364);
#11286=AXIS2_PLACEMENT_3D('',#16734,#13366,#13367);
#11287=AXIS2_PLACEMENT_3D('',#16735,#13368,#13369);
#11288=AXIS2_PLACEMENT_3D('',#16736,#13370,#13371);
#11289=AXIS2_PLACEMENT_3D('',#16738,#13372,#13373);
#11290=AXIS2_PLACEMENT_3D('',#16739,#13374,#13375);
#11291=AXIS2_PLACEMENT_3D('',#16741,#13376,#13377);
#11292=AXIS2_PLACEMENT_3D('',#16742,#13378,#13379);
#11293=AXIS2_PLACEMENT_3D('',#16747,#13381,#13382);
#11294=AXIS2_PLACEMENT_3D('',#16750,#13384,#13385);
#11295=AXIS2_PLACEMENT_3D('',#16751,#13386,#13387);
#11296=AXIS2_PLACEMENT_3D('',#16753,#13388,#13389);
#11297=AXIS2_PLACEMENT_3D('',#16754,#13390,#13391);
#11298=AXIS2_PLACEMENT_3D('',#16756,#13392,#13393);
#11299=AXIS2_PLACEMENT_3D('',#16757,#13394,#13395);
#11300=AXIS2_PLACEMENT_3D('',#16759,#13396,#13397);
#11301=AXIS2_PLACEMENT_3D('',#16761,#13398,#13399);
#11302=AXIS2_PLACEMENT_3D('',#16762,#13400,#13401);
#11303=AXIS2_PLACEMENT_3D('',#16764,#13402,#13403);
#11304=AXIS2_PLACEMENT_3D('',#16765,#13404,#13405);
#11305=AXIS2_PLACEMENT_3D('',#16767,#13406,#13407);
#11306=AXIS2_PLACEMENT_3D('',#16768,#13408,#13409);
#11307=AXIS2_PLACEMENT_3D('',#16770,#13410,#13411);
#11308=AXIS2_PLACEMENT_3D('',#16776,#13415,#13416);
#11309=AXIS2_PLACEMENT_3D('',#16782,#13420,#13421);
#11310=AXIS2_PLACEMENT_3D('',#16788,#13425,#13426);
#11311=AXIS2_PLACEMENT_3D('',#16794,#13430,#13431);
#11312=AXIS2_PLACEMENT_3D('',#16795,#13432,#13433);
#11313=AXIS2_PLACEMENT_3D('',#16796,#13434,#13435);
#11314=AXIS2_PLACEMENT_3D('',#16798,#13436,#13437);
#11315=AXIS2_PLACEMENT_3D('',#16800,#13438,#13439);
#11316=AXIS2_PLACEMENT_3D('',#16802,#13440,#13441);
#11317=AXIS2_PLACEMENT_3D('',#16803,#13442,#13443);
#11318=AXIS2_PLACEMENT_3D('',#16804,#13444,#13445);
#11319=AXIS2_PLACEMENT_3D('',#16805,#13446,#13447);
#11320=AXIS2_PLACEMENT_3D('',#16806,#13448,#13449);
#11321=AXIS2_PLACEMENT_3D('',#16807,#13450,#13451);
#11322=AXIS2_PLACEMENT_3D('',#16809,#13452,#13453);
#11323=AXIS2_PLACEMENT_3D('',#16810,#13454,#13455);
#11324=AXIS2_PLACEMENT_3D('',#16811,#13456,#13457);
#11325=AXIS2_PLACEMENT_3D('',#16813,#13458,#13459);
#11326=AXIS2_PLACEMENT_3D('',#16814,#13460,#13461);
#11327=AXIS2_PLACEMENT_3D('',#16815,#13462,#13463);
#11328=AXIS2_PLACEMENT_3D('',#16816,#13464,#13465);
#11329=AXIS2_PLACEMENT_3D('',#16818,#13466,#13467);
#11330=AXIS2_PLACEMENT_3D('',#16819,#13468,#13469);
#11331=AXIS2_PLACEMENT_3D('',#16820,#13470,#13471);
#11332=AXIS2_PLACEMENT_3D('',#16821,#13472,#13473);
#11333=AXIS2_PLACEMENT_3D('',#16822,#13474,#13475);
#11334=AXIS2_PLACEMENT_3D('',#16823,#13476,#13477);
#11335=AXIS2_PLACEMENT_3D('',#16825,#13478,#13479);
#11336=AXIS2_PLACEMENT_3D('',#16826,#13480,#13481);
#11337=AXIS2_PLACEMENT_3D('',#16827,#13482,#13483);
#11338=AXIS2_PLACEMENT_3D('',#16829,#13484,#13485);
#11339=AXIS2_PLACEMENT_3D('',#16830,#13486,#13487);
#11340=AXIS2_PLACEMENT_3D('',#16831,#13488,#13489);
#11341=AXIS2_PLACEMENT_3D('',#16832,#13490,#13491);
#11342=AXIS2_PLACEMENT_3D('',#16833,#13492,#13493);
#11343=AXIS2_PLACEMENT_3D('',#16834,#13494,#13495);
#11344=AXIS2_PLACEMENT_3D('',#16835,#13496,#13497);
#11345=AXIS2_PLACEMENT_3D('',#16836,#13498,#13499);
#11346=AXIS2_PLACEMENT_3D('',#16837,#13500,#13501);
#11347=AXIS2_PLACEMENT_3D('',#16838,#13502,#13503);
#11348=AXIS2_PLACEMENT_3D('',#16839,#13504,#13505);
#11349=AXIS2_PLACEMENT_3D('',#16844,#13507,#13508);
#11350=AXIS2_PLACEMENT_3D('',#16847,#13510,#13511);
#11351=AXIS2_PLACEMENT_3D('',#16848,#13512,#13513);
#11352=AXIS2_PLACEMENT_3D('',#16853,#13515,#13516);
#11353=AXIS2_PLACEMENT_3D('',#16856,#13518,#13519);
#11354=AXIS2_PLACEMENT_3D('',#16857,#13520,#13521);
#11355=AXIS2_PLACEMENT_3D('',#16862,#13523,#13524);
#11356=AXIS2_PLACEMENT_3D('',#16865,#13526,#13527);
#11357=AXIS2_PLACEMENT_3D('',#16869,#13530,#13531);
#11358=AXIS2_PLACEMENT_3D('',#16873,#13534,#13535);
#11359=AXIS2_PLACEMENT_3D('',#16874,#13536,#13537);
#11360=AXIS2_PLACEMENT_3D('',#16879,#13539,#13540);
#11361=AXIS2_PLACEMENT_3D('',#16882,#13542,#13543);
#11362=AXIS2_PLACEMENT_3D('',#16883,#13544,#13545);
#11363=AXIS2_PLACEMENT_3D('',#16888,#13547,#13548);
#11364=AXIS2_PLACEMENT_3D('',#16891,#13550,#13551);
#11365=AXIS2_PLACEMENT_3D('',#16892,#13552,#13553);
#11366=AXIS2_PLACEMENT_3D('',#16897,#13555,#13556);
#11367=AXIS2_PLACEMENT_3D('',#16900,#13558,#13559);
#11368=AXIS2_PLACEMENT_3D('',#16901,#13560,#13561);
#11369=AXIS2_PLACEMENT_3D('',#16906,#13563,#13564);
#11370=AXIS2_PLACEMENT_3D('',#16909,#13566,#13567);
#11371=AXIS2_PLACEMENT_3D('',#16910,#13568,#13569);
#11372=AXIS2_PLACEMENT_3D('',#16915,#13571,#13572);
#11373=AXIS2_PLACEMENT_3D('',#16918,#13574,#13575);
#11374=AXIS2_PLACEMENT_3D('',#16922,#13578,#13579);
#11375=AXIS2_PLACEMENT_3D('',#16926,#13582,#13583);
#11376=AXIS2_PLACEMENT_3D('',#16930,#13586,#13587);
#11377=AXIS2_PLACEMENT_3D('',#16934,#13590,#13591);
#11378=AXIS2_PLACEMENT_3D('',#16943,#13596,#13597);
#11379=AXIS2_PLACEMENT_3D('',#16944,#13598,#13599);
#11380=AXIS2_PLACEMENT_3D('',#16965,#13610,#13611);
#11381=AXIS2_PLACEMENT_3D('',#16970,#13614,#13615);
#11382=AXIS2_PLACEMENT_3D('',#16973,#13617,#13618);
#11383=AXIS2_PLACEMENT_3D('',#16977,#13621,#13622);
#11384=AXIS2_PLACEMENT_3D('',#16978,#13623,#13624);
#11385=AXIS2_PLACEMENT_3D('',#16982,#13626,#13627);
#11386=AXIS2_PLACEMENT_3D('',#16985,#13629,#13630);
#11387=AXIS2_PLACEMENT_3D('',#17005,#13641,#13642);
#11388=AXIS2_PLACEMENT_3D('',#17007,#13644,#13645);
#11389=AXIS2_PLACEMENT_3D('',#17008,#13646,#13647);
#11390=AXIS2_PLACEMENT_3D('',#17009,#13648,#13649);
#11391=AXIS2_PLACEMENT_3D('',#17020,#13656,#13657);
#11392=AXIS2_PLACEMENT_3D('',#17026,#13661,#13662);
#11393=AXIS2_PLACEMENT_3D('',#17032,#13666,#13667);
#11394=AXIS2_PLACEMENT_3D('',#17038,#13671,#13672);
#11395=AXIS2_PLACEMENT_3D('',#17049,#13679,#13680);
#11396=AXIS2_PLACEMENT_3D('',#17050,#13681,#13682);
#11397=AXIS2_PLACEMENT_3D('',#17052,#13684,#13685);
#11398=AXIS2_PLACEMENT_3D('',#17053,#13686,#13687);
#11399=AXIS2_PLACEMENT_3D('',#17054,#13688,#13689);
#11400=AXIS2_PLACEMENT_3D('',#17060,#13693,#13694);
#11401=AXIS2_PLACEMENT_3D('',#17066,#13698,#13699);
#11402=AXIS2_PLACEMENT_3D('',#17072,#13703,#13704);
#11403=AXIS2_PLACEMENT_3D('',#17073,#13705,#13706);
#11404=AXIS2_PLACEMENT_3D('',#17079,#13710,#13711);
#11405=AXIS2_PLACEMENT_3D('',#17081,#13713,#13714);
#11406=AXIS2_PLACEMENT_3D('',#17082,#13715,#13716);
#11407=AXIS2_PLACEMENT_3D('',#17084,#13718,#13719);
#11408=AXIS2_PLACEMENT_3D('',#17086,#13721,#13722);
#11409=AXIS2_PLACEMENT_3D('',#17089,#13724,#13725);
#11410=AXIS2_PLACEMENT_3D('',#17111,#13738,#13739);
#11411=AXIS2_PLACEMENT_3D('',#17112,#13740,#13741);
#11412=AXIS2_PLACEMENT_3D('',#17113,#13742,#13743);
#11413=AXIS2_PLACEMENT_3D('',#17117,#13746,#13747);
#11414=AXIS2_PLACEMENT_3D('',#17118,#13748,#13749);
#11415=AXIS2_PLACEMENT_3D('',#17120,#13751,#13752);
#11416=AXIS2_PLACEMENT_3D('',#17121,#13753,#13754);
#11417=AXIS2_PLACEMENT_3D('',#17130,#13760,#13761);
#11418=AXIS2_PLACEMENT_3D('',#17144,#13769,#13770);
#11419=AXIS2_PLACEMENT_3D('',#17145,#13771,#13772);
#11420=AXIS2_PLACEMENT_3D('',#17146,#13773,#13774);
#11421=AXIS2_PLACEMENT_3D('',#17148,#13776,#13777);
#11422=AXIS2_PLACEMENT_3D('',#17150,#13779,#13780);
#11423=AXIS2_PLACEMENT_3D('',#17151,#13781,#13782);
#11424=AXIS2_PLACEMENT_3D('',#17152,#13783,#13784);
#11425=AXIS2_PLACEMENT_3D('',#17155,#13787,#13788);
#11426=AXIS2_PLACEMENT_3D('',#17158,#13791,#13792);
#11427=AXIS2_PLACEMENT_3D('',#17159,#13793,#13794);
#11428=AXIS2_PLACEMENT_3D('',#17160,#13795,#13796);
#11429=AXIS2_PLACEMENT_3D('',#17163,#13799,#13800);
#11430=AXIS2_PLACEMENT_3D('',#17165,#13802,#13803);
#11431=AXIS2_PLACEMENT_3D('',#17166,#13804,#13805);
#11432=AXIS2_PLACEMENT_3D('',#17167,#13806,#13807);
#11433=AXIS2_PLACEMENT_3D('',#17168,#13808,#13809);
#11434=AXIS2_PLACEMENT_3D('',#17169,#13810,#13811);
#11435=AXIS2_PLACEMENT_3D('',#17170,#13812,#13813);
#11436=AXIS2_PLACEMENT_3D('',#17171,#13814,#13815);
#11437=AXIS2_PLACEMENT_3D('',#17172,#13816,#13817);
#11438=AXIS2_PLACEMENT_3D('',#17173,#13818,#13819);
#11439=AXIS2_PLACEMENT_3D('',#17174,#13820,#13821);
#11440=AXIS2_PLACEMENT_3D('',#17175,#13822,#13823);
#11441=AXIS2_PLACEMENT_3D('',#17176,#13824,#13825);
#11442=AXIS2_PLACEMENT_3D('',#17177,#13826,#13827);
#11443=AXIS2_PLACEMENT_3D('',#17178,#13828,#13829);
#11444=AXIS2_PLACEMENT_3D('',#17179,#13830,#13831);
#11445=AXIS2_PLACEMENT_3D('',#17180,#13832,#13833);
#11446=AXIS2_PLACEMENT_3D('',#17181,#13834,#13835);
#11447=AXIS2_PLACEMENT_3D('',#17182,#13836,#13837);
#11448=AXIS2_PLACEMENT_3D('',#17186,#13839,#13840);
#11449=AXIS2_PLACEMENT_3D('',#17497,#13848,#13849);
#11450=AXIS2_PLACEMENT_3D('',#17498,#13850,#13851);
#11451=AXIS2_PLACEMENT_3D('',#17503,#13853,#13854);
#11452=AXIS2_PLACEMENT_3D('',#17506,#13856,#13857);
#11453=AXIS2_PLACEMENT_3D('',#17507,#13858,#13859);
#11454=AXIS2_PLACEMENT_3D('',#17512,#13861,#13862);
#11455=AXIS2_PLACEMENT_3D('',#17515,#13864,#13865);
#11456=AXIS2_PLACEMENT_3D('',#17516,#13866,#13867);
#11457=AXIS2_PLACEMENT_3D('',#17521,#13869,#13870);
#11458=AXIS2_PLACEMENT_3D('',#17524,#13872,#13873);
#11459=AXIS2_PLACEMENT_3D('',#17525,#13874,#13875);
#11460=AXIS2_PLACEMENT_3D('',#17530,#13877,#13878);
#11461=AXIS2_PLACEMENT_3D('',#17533,#13880,#13881);
#11462=AXIS2_PLACEMENT_3D('',#17534,#13882,#13883);
#11463=AXIS2_PLACEMENT_3D('',#17539,#13885,#13886);
#11464=AXIS2_PLACEMENT_3D('',#17542,#13888,#13889);
#11465=AXIS2_PLACEMENT_3D('',#17543,#13890,#13891);
#11466=AXIS2_PLACEMENT_3D('',#17548,#13893,#13894);
#11467=AXIS2_PLACEMENT_3D('',#17551,#13896,#13897);
#11468=AXIS2_PLACEMENT_3D('',#17552,#13898,#13899);
#11469=AXIS2_PLACEMENT_3D('',#17557,#13901,#13902);
#11470=AXIS2_PLACEMENT_3D('',#17560,#13904,#13905);
#11471=AXIS2_PLACEMENT_3D('',#17561,#13906,#13907);
#11472=AXIS2_PLACEMENT_3D('',#17566,#13909,#13910);
#11473=AXIS2_PLACEMENT_3D('',#17569,#13912,#13913);
#11474=AXIS2_PLACEMENT_3D('',#17570,#13914,#13915);
#11475=AXIS2_PLACEMENT_3D('',#17575,#13917,#13918);
#11476=AXIS2_PLACEMENT_3D('',#17578,#13920,#13921);
#11477=AXIS2_PLACEMENT_3D('',#17579,#13922,#13923);
#11478=AXIS2_PLACEMENT_3D('',#17584,#13925,#13926);
#11479=AXIS2_PLACEMENT_3D('',#17587,#13928,#13929);
#11480=AXIS2_PLACEMENT_3D('',#17588,#13930,#13931);
#11481=AXIS2_PLACEMENT_3D('',#17630,#13934,#13935);
#11482=AXIS2_PLACEMENT_3D('',#17633,#13937,#13938);
#11483=AXIS2_PLACEMENT_3D('',#17642,#13943,#13944);
#11484=AXIS2_PLACEMENT_3D('',#17644,#13945,#13946);
#11485=AXIS2_PLACEMENT_3D('',#17646,#13947,#13948);
#11486=AXIS2_PLACEMENT_3D('',#17648,#13949,#13950);
#11487=AXIS2_PLACEMENT_3D('',#17650,#13951,#13952);
#11488=AXIS2_PLACEMENT_3D('',#17651,#13953,#13954);
#11489=AXIS2_PLACEMENT_3D('',#17652,#13955,#13956);
#11490=AXIS2_PLACEMENT_3D('',#17653,#13957,#13958);
#11491=AXIS2_PLACEMENT_3D('',#17654,#13959,#13960);
#11492=AXIS2_PLACEMENT_3D('',#17655,#13961,#13962);
#11493=AXIS2_PLACEMENT_3D('',#17732,#13965,#13966);
#11494=AXIS2_PLACEMENT_3D('',#17816,#13970,#13971);
#11495=AXIS2_PLACEMENT_3D('',#17817,#13972,#13973);
#11496=AXIS2_PLACEMENT_3D('',#17823,#13977,#13978);
#11497=AXIS2_PLACEMENT_3D('',#17836,#13985,#13986);
#11498=AXIS2_PLACEMENT_3D('',#17842,#13990,#13991);
#11499=AXIS2_PLACEMENT_3D('',#17843,#13992,#13993);
#11500=AXIS2_PLACEMENT_3D('',#17847,#13996,#13997);
#11501=AXIS2_PLACEMENT_3D('',#17849,#13999,#14000);
#11502=AXIS2_PLACEMENT_3D('',#17862,#14007,#14008);
#11503=AXIS2_PLACEMENT_3D('',#17865,#14010,#14011);
#11504=AXIS2_PLACEMENT_3D('',#17867,#14013,#14014);
#11505=AXIS2_PLACEMENT_3D('',#17939,#14016,#14017);
#11506=AXIS2_PLACEMENT_3D('',#17941,#14019,#14020);
#11507=AXIS2_PLACEMENT_3D('',#17942,#14021,#14022);
#11508=AXIS2_PLACEMENT_3D('',#17944,#14023,#14024);
#11509=AXIS2_PLACEMENT_3D('',#17946,#14025,#14026);
#11510=AXIS2_PLACEMENT_3D('',#17947,#14027,#14028);
#11511=AXIS2_PLACEMENT_3D('',#17949,#14029,#14030);
#11512=AXIS2_PLACEMENT_3D('',#17951,#14031,#14032);
#11513=AXIS2_PLACEMENT_3D('',#17952,#14033,#14034);
#11514=AXIS2_PLACEMENT_3D('',#17954,#14035,#14036);
#11515=AXIS2_PLACEMENT_3D('',#17956,#14037,#14038);
#11516=AXIS2_PLACEMENT_3D('',#17957,#14039,#14040);
#11517=AXIS2_PLACEMENT_3D('',#17959,#14041,#14042);
#11518=AXIS2_PLACEMENT_3D('',#17961,#14043,#14044);
#11519=AXIS2_PLACEMENT_3D('',#17962,#14045,#14046);
#11520=AXIS2_PLACEMENT_3D('',#17963,#14047,#14048);
#11521=AXIS2_PLACEMENT_3D('',#17964,#14049,#14050);
#11522=AXIS2_PLACEMENT_3D('',#17965,#14051,#14052);
#11523=AXIS2_PLACEMENT_3D('',#17966,#14053,#14054);
#11524=AXIS2_PLACEMENT_3D('',#17968,#14056,#14057);
#11525=AXIS2_PLACEMENT_3D('',#17969,#14058,#14059);
#11526=AXIS2_PLACEMENT_3D('',#17970,#14060,#14061);
#11527=AXIS2_PLACEMENT_3D('',#17972,#14063,#14064);
#11528=AXIS2_PLACEMENT_3D('',#17974,#14065,#14066);
#11529=AXIS2_PLACEMENT_3D('',#17975,#14067,#14068);
#11530=AXIS2_PLACEMENT_3D('',#17976,#14069,#14070);
#11531=AXIS2_PLACEMENT_3D('',#17977,#14071,#14072);
#11532=AXIS2_PLACEMENT_3D('',#17980,#14073,#14074);
#11533=AXIS2_PLACEMENT_3D('',#17981,#14075,#14076);
#11534=AXIS2_PLACEMENT_3D('',#17985,#14078,#14079);
#11535=AXIS2_PLACEMENT_3D('',#17988,#14081,#14082);
#11536=AXIS2_PLACEMENT_3D('',#17991,#14085,#14086);
#11537=AXIS2_PLACEMENT_3D('',#18026,#14087,#14088);
#11538=AXIS2_PLACEMENT_3D('',#18027,#14089,#14090);
#11539=AXIS2_PLACEMENT_3D('',#18028,#14091,#14092);
#11540=AXIS2_PLACEMENT_3D('',#18108,#14093,#14094);
#11541=AXIS2_PLACEMENT_3D('',#18109,#14095,#14096);
#11542=AXIS2_PLACEMENT_3D('',#18110,#14097,#14098);
#11543=AXIS2_PLACEMENT_3D('',#18112,#14100,#14101);
#11544=AXIS2_PLACEMENT_3D('',#18113,#14102,#14103);
#11545=AXIS2_PLACEMENT_3D('',#18114,#14104,#14105);
#11546=AXIS2_PLACEMENT_3D('',#18116,#14107,#14108);
#11547=AXIS2_PLACEMENT_3D('',#18117,#14109,#14110);
#11548=AXIS2_PLACEMENT_3D('',#18118,#14111,#14112);
#11549=AXIS2_PLACEMENT_3D('',#18119,#14113,#14114);
#11550=AXIS2_PLACEMENT_3D('',#18120,#14115,#14116);
#11551=AXIS2_PLACEMENT_3D('',#18121,#14117,#14118);
#11552=AXIS2_PLACEMENT_3D('',#18122,#14119,#14120);
#11553=AXIS2_PLACEMENT_3D('',#18123,#14121,#14122);
#11554=AXIS2_PLACEMENT_3D('',#18124,#14123,#14124);
#11555=AXIS2_PLACEMENT_3D('',#18125,#14125,#14126);
#11556=AXIS2_PLACEMENT_3D('',#18126,#14127,#14128);
#11557=AXIS2_PLACEMENT_3D('',#18127,#14129,#14130);
#11558=AXIS2_PLACEMENT_3D('',#18128,#14131,#14132);
#11559=AXIS2_PLACEMENT_3D('',#18129,#14133,#14134);
#11560=AXIS2_PLACEMENT_3D('',#18130,#14135,#14136);
#11561=AXIS2_PLACEMENT_3D('',#18131,#14137,#14138);
#11562=AXIS2_PLACEMENT_3D('',#18132,#14139,#14140);
#11563=AXIS2_PLACEMENT_3D('',#18133,#14141,#14142);
#11564=AXIS2_PLACEMENT_3D('',#18134,#14143,#14144);
#11565=AXIS2_PLACEMENT_3D('',#18135,#14145,#14146);
#11566=AXIS2_PLACEMENT_3D('',#18136,#14147,#14148);
#11567=AXIS2_PLACEMENT_3D('',#18137,#14149,#14150);
#11568=AXIS2_PLACEMENT_3D('',#18138,#14151,#14152);
#11569=AXIS2_PLACEMENT_3D('',#18139,#14153,#14154);
#11570=AXIS2_PLACEMENT_3D('',#18140,#14155,#14156);
#11571=AXIS2_PLACEMENT_3D('',#18141,#14157,#14158);
#11572=AXIS2_PLACEMENT_3D('',#18142,#14159,#14160);
#11573=AXIS2_PLACEMENT_3D('',#18143,#14161,#14162);
#11574=AXIS2_PLACEMENT_3D('',#18144,#14163,#14164);
#11575=AXIS2_PLACEMENT_3D('',#18145,#14165,#14166);
#11576=AXIS2_PLACEMENT_3D('',#18147,#14167,#14168);
#11577=AXIS2_PLACEMENT_3D('',#18150,#14170,#14171);
#11578=AXIS2_PLACEMENT_3D('',#18153,#14173,#14174);
#11579=AXIS2_PLACEMENT_3D('',#18154,#14175,#14176);
#11580=AXIS2_PLACEMENT_3D('',#18155,#14177,#14178);
#11581=AXIS2_PLACEMENT_3D('',#18156,#14179,#14180);
#11582=AXIS2_PLACEMENT_3D('',#18157,#14181,#14182);
#11583=AXIS2_PLACEMENT_3D('',#18159,#14183,#14184);
#11584=AXIS2_PLACEMENT_3D('',#18162,#14186,#14187);
#11585=AXIS2_PLACEMENT_3D('',#18165,#14189,#14190);
#11586=AXIS2_PLACEMENT_3D('',#18166,#14191,#14192);
#11587=AXIS2_PLACEMENT_3D('',#18167,#14193,#14194);
#11588=AXIS2_PLACEMENT_3D('',#18168,#14195,#14196);
#11589=AXIS2_PLACEMENT_3D('',#18169,#14197,#14198);
#11590=AXIS2_PLACEMENT_3D('',#18171,#14199,#14200);
#11591=AXIS2_PLACEMENT_3D('',#18174,#14202,#14203);
#11592=AXIS2_PLACEMENT_3D('',#18177,#14205,#14206);
#11593=AXIS2_PLACEMENT_3D('',#18178,#14207,#14208);
#11594=AXIS2_PLACEMENT_3D('',#18179,#14209,#14210);
#11595=AXIS2_PLACEMENT_3D('',#18180,#14211,#14212);
#11596=AXIS2_PLACEMENT_3D('',#18181,#14213,#14214);
#11597=AXIS2_PLACEMENT_3D('',#18183,#14215,#14216);
#11598=AXIS2_PLACEMENT_3D('',#18186,#14218,#14219);
#11599=AXIS2_PLACEMENT_3D('',#18189,#14221,#14222);
#11600=AXIS2_PLACEMENT_3D('',#18190,#14223,#14224);
#11601=AXIS2_PLACEMENT_3D('',#18191,#14225,#14226);
#11602=AXIS2_PLACEMENT_3D('',#18192,#14227,#14228);
#11603=AXIS2_PLACEMENT_3D('',#18193,#14229,#14230);
#11604=AXIS2_PLACEMENT_3D('',#18198,#14232,#14233);
#11605=AXIS2_PLACEMENT_3D('',#18201,#14235,#14236);
#11606=AXIS2_PLACEMENT_3D('',#18202,#14237,#14238);
#11607=AXIS2_PLACEMENT_3D('',#18207,#14240,#14241);
#11608=AXIS2_PLACEMENT_3D('',#18210,#14243,#14244);
#11609=AXIS2_PLACEMENT_3D('',#18211,#14245,#14246);
#11610=AXIS2_PLACEMENT_3D('',#18216,#14248,#14249);
#11611=AXIS2_PLACEMENT_3D('',#18219,#14251,#14252);
#11612=AXIS2_PLACEMENT_3D('',#18222,#14255,#14256);
#11613=AXIS2_PLACEMENT_3D('',#18223,#14257,#14258);
#11614=AXIS2_PLACEMENT_3D('',#18224,#14259,#14260);
#11615=AXIS2_PLACEMENT_3D('',#18225,#14261,#14262);
#11616=AXIS2_PLACEMENT_3D('',#18226,#14263,#14264);
#11617=AXIS2_PLACEMENT_3D('',#18227,#14265,#14266);
#11618=AXIS2_PLACEMENT_3D('',#18228,#14267,#14268);
#11619=AXIS2_PLACEMENT_3D('',#18229,#14269,#14270);
#11620=AXIS2_PLACEMENT_3D('',#18230,#14271,#14272);
#11621=AXIS2_PLACEMENT_3D('',#18231,#14273,#14274);
#11622=AXIS2_PLACEMENT_3D('',#18232,#14275,#14276);
#11623=AXIS2_PLACEMENT_3D('',#18233,#14277,#14278);
#11624=AXIS2_PLACEMENT_3D('',#18234,#14279,#14280);
#11625=AXIS2_PLACEMENT_3D('',#18235,#14281,#14282);
#11626=AXIS2_PLACEMENT_3D('',#18240,#14284,#14285);
#11627=AXIS2_PLACEMENT_3D('',#18243,#14287,#14288);
#11628=AXIS2_PLACEMENT_3D('',#18247,#14291,#14292);
#11629=AXIS2_PLACEMENT_3D('',#18248,#14293,#14294);
#11630=AXIS2_PLACEMENT_3D('',#18253,#14296,#14297);
#11631=AXIS2_PLACEMENT_3D('',#18256,#14299,#14300);
#11632=AXIS2_PLACEMENT_3D('',#18260,#14303,#14304);
#11633=AXIS2_PLACEMENT_3D('',#18261,#14305,#14306);
#11634=AXIS2_PLACEMENT_3D('',#18266,#14308,#14309);
#11635=AXIS2_PLACEMENT_3D('',#18269,#14311,#14312);
#11636=AXIS2_PLACEMENT_3D('',#18273,#14315,#14316);
#11637=AXIS2_PLACEMENT_3D('',#18274,#14317,#14318);
#11638=AXIS2_PLACEMENT_3D('',#18279,#14320,#14321);
#11639=AXIS2_PLACEMENT_3D('',#18282,#14323,#14324);
#11640=AXIS2_PLACEMENT_3D('',#18286,#14327,#14328);
#11641=AXIS2_PLACEMENT_3D('',#18287,#14329,#14330);
#11642=AXIS2_PLACEMENT_3D('',#18292,#14332,#14333);
#11643=AXIS2_PLACEMENT_3D('',#18295,#14335,#14336);
#11644=AXIS2_PLACEMENT_3D('',#18299,#14339,#14340);
#11645=AXIS2_PLACEMENT_3D('',#18300,#14341,#14342);
#11646=AXIS2_PLACEMENT_3D('',#18305,#14344,#14345);
#11647=AXIS2_PLACEMENT_3D('',#18308,#14347,#14348);
#11648=AXIS2_PLACEMENT_3D('',#18312,#14351,#14352);
#11649=AXIS2_PLACEMENT_3D('',#18313,#14353,#14354);
#11650=AXIS2_PLACEMENT_3D('',#18318,#14356,#14357);
#11651=AXIS2_PLACEMENT_3D('',#18321,#14359,#14360);
#11652=AXIS2_PLACEMENT_3D('',#18325,#14363,#14364);
#11653=AXIS2_PLACEMENT_3D('',#18326,#14365,#14366);
#11654=AXIS2_PLACEMENT_3D('',#18331,#14368,#14369);
#11655=AXIS2_PLACEMENT_3D('',#18334,#14371,#14372);
#11656=AXIS2_PLACEMENT_3D('',#18338,#14375,#14376);
#11657=AXIS2_PLACEMENT_3D('',#18339,#14377,#14378);
#11658=AXIS2_PLACEMENT_3D('',#18360,#14381,#14382);
#11659=AXIS2_PLACEMENT_3D('',#18379,#14384,#14385);
#11660=AXIS2_PLACEMENT_3D('',#18382,#14387,#14388);
#11661=AXIS2_PLACEMENT_3D('',#18383,#14389,#14390);
#11662=AXIS2_PLACEMENT_3D('',#18388,#14392,#14393);
#11663=AXIS2_PLACEMENT_3D('',#18391,#14395,#14396);
#11664=AXIS2_PLACEMENT_3D('',#18392,#14397,#14398);
#11665=AXIS2_PLACEMENT_3D('',#18397,#14400,#14401);
#11666=AXIS2_PLACEMENT_3D('',#18400,#14403,#14404);
#11667=AXIS2_PLACEMENT_3D('',#18401,#14405,#14406);
#11668=AXIS2_PLACEMENT_3D('',#18422,#14409,#14410);
#11669=AXIS2_PLACEMENT_3D('',#18441,#14412,#14413);
#11670=AXIS2_PLACEMENT_3D('',#18444,#14415,#14416);
#11671=AXIS2_PLACEMENT_3D('',#18445,#14417,#14418);
#11672=AXIS2_PLACEMENT_3D('',#18466,#14421,#14422);
#11673=AXIS2_PLACEMENT_3D('',#18485,#14424,#14425);
#11674=AXIS2_PLACEMENT_3D('',#18488,#14427,#14428);
#11675=AXIS2_PLACEMENT_3D('',#18489,#14429,#14430);
#11676=AXIS2_PLACEMENT_3D('',#18494,#14432,#14433);
#11677=AXIS2_PLACEMENT_3D('',#18497,#14435,#14436);
#11678=AXIS2_PLACEMENT_3D('',#18498,#14437,#14438);
#11679=AXIS2_PLACEMENT_3D('',#18503,#14440,#14441);
#11680=AXIS2_PLACEMENT_3D('',#18506,#14443,#14444);
#11681=AXIS2_PLACEMENT_3D('',#18507,#14445,#14446);
#11682=AXIS2_PLACEMENT_3D('',#18528,#14449,#14450);
#11683=AXIS2_PLACEMENT_3D('',#18547,#14452,#14453);
#11684=AXIS2_PLACEMENT_3D('',#18550,#14455,#14456);
#11685=AXIS2_PLACEMENT_3D('',#18551,#14457,#14458);
#11686=AXIS2_PLACEMENT_3D('',#18556,#14460,#14461);
#11687=AXIS2_PLACEMENT_3D('',#18573,#14462,#14463);
#11688=AXIS2_PLACEMENT_3D('',#18576,#14465,#14466);
#11689=AXIS2_PLACEMENT_3D('',#18577,#14467,#14468);
#11690=AXIS2_PLACEMENT_3D('',#18582,#14470,#14471);
#11691=AXIS2_PLACEMENT_3D('',#18585,#14473,#14474);
#11692=AXIS2_PLACEMENT_3D('',#18589,#14477,#14478);
#11693=AXIS2_PLACEMENT_3D('',#18590,#14479,#14480);
#11694=AXIS2_PLACEMENT_3D('',#18595,#14482,#14483);
#11695=AXIS2_PLACEMENT_3D('',#18598,#14485,#14486);
#11696=AXIS2_PLACEMENT_3D('',#18602,#14489,#14490);
#11697=AXIS2_PLACEMENT_3D('',#18603,#14491,#14492);
#11698=AXIS2_PLACEMENT_3D('',#18608,#14494,#14495);
#11699=AXIS2_PLACEMENT_3D('',#18611,#14497,#14498);
#11700=AXIS2_PLACEMENT_3D('',#18612,#14499,#14500);
#11701=AXIS2_PLACEMENT_3D('',#18616,#14502,#14503);
#11702=AXIS2_PLACEMENT_3D('',#18617,#14504,#14505);
#11703=AXIS2_PLACEMENT_3D('',#18618,#14506,#14507);
#11704=AXIS2_PLACEMENT_3D('',#18623,#14509,#14510);
#11705=AXIS2_PLACEMENT_3D('',#18626,#14512,#14513);
#11706=AXIS2_PLACEMENT_3D('',#18627,#14514,#14515);
#11707=AXIS2_PLACEMENT_3D('',#18631,#14517,#14518);
#11708=AXIS2_PLACEMENT_3D('',#18632,#14519,#14520);
#11709=AXIS2_PLACEMENT_3D('',#18661,#14521,#14522);
#11710=AXIS2_PLACEMENT_3D('',#18673,#14523,#14524);
#11711=AXIS2_PLACEMENT_3D('',#18684,#14525,#14526);
#11712=AXIS2_PLACEMENT_3D('',#18688,#14528,#14529);
#11713=AXIS2_PLACEMENT_3D('',#18689,#14530,#14531);
#11714=AXIS2_PLACEMENT_3D('',#18693,#14533,#14534);
#11715=AXIS2_PLACEMENT_3D('',#18696,#14536,#14537);
#11716=AXIS2_PLACEMENT_3D('',#18700,#14539,#14540);
#11717=AXIS2_PLACEMENT_3D('',#18701,#14541,#14542);
#11718=AXIS2_PLACEMENT_3D('',#18705,#14544,#14545);
#11719=AXIS2_PLACEMENT_3D('',#18707,#14547,#14548);
#11720=AXIS2_PLACEMENT_3D('',#18708,#14549,#14550);
#11721=AXIS2_PLACEMENT_3D('',#18717,#14555,#14556);
#11722=AXIS2_PLACEMENT_3D('',#18718,#14557,#14558);
#11723=AXIS2_PLACEMENT_3D('',#18719,#14559,#14560);
#11724=AXIS2_PLACEMENT_3D('',#18720,#14561,#14562);
#11725=AXIS2_PLACEMENT_3D('',#18721,#14563,#14564);
#11726=AXIS2_PLACEMENT_3D('',#18725,#14566,#14567);
#11727=AXIS2_PLACEMENT_3D('',#18727,#14569,#14570);
#11728=AXIS2_PLACEMENT_3D('',#18728,#14571,#14572);
#11729=AXIS2_PLACEMENT_3D('',#18734,#14576,#14577);
#11730=AXIS2_PLACEMENT_3D('',#18735,#14578,#14579);
#11731=AXIS2_PLACEMENT_3D('',#18736,#14580,#14581);
#11732=AXIS2_PLACEMENT_3D('',#18740,#14584,#14585);
#11733=AXIS2_PLACEMENT_3D('',#18741,#14586,#14587);
#11734=AXIS2_PLACEMENT_3D('',#18745,#14590,#14591);
#11735=AXIS2_PLACEMENT_3D('',#18746,#14592,#14593);
#11736=AXIS2_PLACEMENT_3D('',#18747,#14594,#14595);
#11737=AXIS2_PLACEMENT_3D('',#18749,#14597,#14598);
#11738=AXIS2_PLACEMENT_3D('',#18750,#14599,#14600);
#11739=AXIS2_PLACEMENT_3D('',#18751,#14601,#14602);
#11740=AXIS2_PLACEMENT_3D('',#18753,#14603,#14604);
#11741=AXIS2_PLACEMENT_3D('',#18754,#14605,#14606);
#11742=AXIS2_PLACEMENT_3D('',#18755,#14607,#14608);
#11743=AXIS2_PLACEMENT_3D('',#18756,#14609,#14610);
#11744=AXIS2_PLACEMENT_3D('',#18757,#14611,#14612);
#11745=AXIS2_PLACEMENT_3D('',#18758,#14613,#14614);
#11746=AXIS2_PLACEMENT_3D('',#18759,#14615,#14616);
#11747=AXIS2_PLACEMENT_3D('',#18760,#14617,#14618);
#11748=AXIS2_PLACEMENT_3D('',#18761,#14619,#14620);
#11749=AXIS2_PLACEMENT_3D('',#18762,#14621,#14622);
#11750=AXIS2_PLACEMENT_3D('',#18763,#14623,#14624);
#11751=AXIS2_PLACEMENT_3D('',#18764,#14625,#14626);
#11752=AXIS2_PLACEMENT_3D('',#18811,#14628,#14629);
#11753=AXIS2_PLACEMENT_3D('',#18813,#14631,#14632);
#11754=AXIS2_PLACEMENT_3D('',#18814,#14633,#14634);
#11755=AXIS2_PLACEMENT_3D('',#18815,#14635,#14636);
#11756=AXIS2_PLACEMENT_3D('',#18816,#14637,#14638);
#11757=AXIS2_PLACEMENT_3D('',#18817,#14639,#14640);
#11758=AXIS2_PLACEMENT_3D('',#18818,#14641,#14642);
#11759=AXIS2_PLACEMENT_3D('',#18819,#14643,#14644);
#11760=AXIS2_PLACEMENT_3D('',#18820,#14645,#14646);
#11761=AXIS2_PLACEMENT_3D('',#18821,#14647,#14648);
#11762=AXIS2_PLACEMENT_3D('',#18822,#14649,#14650);
#11763=AXIS2_PLACEMENT_3D('',#18823,#14651,#14652);
#11764=AXIS2_PLACEMENT_3D('',#18824,#14653,#14654);
#11765=AXIS2_PLACEMENT_3D('',#18825,#14655,#14656);
#11766=AXIS2_PLACEMENT_3D('',#18826,#14657,#14658);
#11767=AXIS2_PLACEMENT_3D('',#18827,#14659,#14660);
#11768=AXIS2_PLACEMENT_3D('',#18842,#14661,#14662);
#11769=AXIS2_PLACEMENT_3D('',#18843,#14663,#14664);
#11770=AXIS2_PLACEMENT_3D('',#18844,#14665,#14666);
#11771=AXIS2_PLACEMENT_3D('',#18845,#14667,#14668);
#11772=AXIS2_PLACEMENT_3D('',#18846,#14669,#14670);
#11773=AXIS2_PLACEMENT_3D('',#18847,#14671,#14672);
#11774=AXIS2_PLACEMENT_3D('',#18848,#14673,#14674);
#11775=AXIS2_PLACEMENT_3D('',#18849,#14675,#14676);
#11776=AXIS2_PLACEMENT_3D('',#18850,#14677,#14678);
#11777=AXIS2_PLACEMENT_3D('',#18851,#14679,#14680);
#11778=AXIS2_PLACEMENT_3D('',#18852,#14681,#14682);
#11779=AXIS2_PLACEMENT_3D('',#18853,#14683,#14684);
#11780=AXIS2_PLACEMENT_3D('',#18854,#14685,#14686);
#11781=AXIS2_PLACEMENT_3D('',#18855,#14687,#14688);
#11782=AXIS2_PLACEMENT_3D('',#18856,#14689,#14690);
#11783=AXIS2_PLACEMENT_3D('',#18857,#14691,#14692);
#11784=AXIS2_PLACEMENT_3D('',#18858,#14693,#14694);
#11785=AXIS2_PLACEMENT_3D('',#18859,#14695,#14696);
#11786=AXIS2_PLACEMENT_3D('',#18860,#14697,#14698);
#11787=AXIS2_PLACEMENT_3D('',#18861,#14699,#14700);
#11788=AXIS2_PLACEMENT_3D('',#18862,#14701,#14702);
#11789=AXIS2_PLACEMENT_3D('',#18863,#14703,#14704);
#11790=AXIS2_PLACEMENT_3D('',#18864,#14705,#14706);
#11791=AXIS2_PLACEMENT_3D('',#18865,#14707,#14708);
#11792=AXIS2_PLACEMENT_3D('',#18866,#14709,#14710);
#11793=AXIS2_PLACEMENT_3D('',#18867,#14711,#14712);
#11794=AXIS2_PLACEMENT_3D('',#18868,#14713,#14714);
#11795=AXIS2_PLACEMENT_3D('',#18869,#14715,#14716);
#11796=AXIS2_PLACEMENT_3D('',#18870,#14717,#14718);
#11797=AXIS2_PLACEMENT_3D('',#18871,#14719,#14720);
#11798=AXIS2_PLACEMENT_3D('',#18872,#14721,#14722);
#11799=AXIS2_PLACEMENT_3D('',#18873,#14723,#14724);
#11800=AXIS2_PLACEMENT_3D('',#18874,#14725,#14726);
#11801=AXIS2_PLACEMENT_3D('',#18875,#14727,#14728);
#11802=AXIS2_PLACEMENT_3D('',#18876,#14729,#14730);
#11803=AXIS2_PLACEMENT_3D('',#18877,#14731,#14732);
#11804=AXIS2_PLACEMENT_3D('',#18878,#14733,#14734);
#11805=AXIS2_PLACEMENT_3D('',#18879,#14735,#14736);
#11806=AXIS2_PLACEMENT_3D('',#18880,#14737,#14738);
#11807=AXIS2_PLACEMENT_3D('',#18881,#14739,#14740);
#11808=AXIS2_PLACEMENT_3D('',#18882,#14741,#14742);
#11809=AXIS2_PLACEMENT_3D('',#18883,#14743,#14744);
#11810=AXIS2_PLACEMENT_3D('',#18884,#14745,#14746);
#11811=AXIS2_PLACEMENT_3D('',#18885,#14747,#14748);
#11812=AXIS2_PLACEMENT_3D('',#18886,#14749,#14750);
#11813=AXIS2_PLACEMENT_3D('',#18887,#14751,#14752);
#11814=AXIS2_PLACEMENT_3D('',#18888,#14753,#14754);
#11815=AXIS2_PLACEMENT_3D('',#18889,#14755,#14756);
#11816=AXIS2_PLACEMENT_3D('',#18894,#14758,#14759);
#11817=AXIS2_PLACEMENT_3D('',#18897,#14761,#14762);
#11818=AXIS2_PLACEMENT_3D('',#18898,#14763,#14764);
#11819=AXIS2_PLACEMENT_3D('',#18903,#14766,#14767);
#11820=AXIS2_PLACEMENT_3D('',#18906,#14769,#14770);
#11821=AXIS2_PLACEMENT_3D('',#18907,#14771,#14772);
#11822=AXIS2_PLACEMENT_3D('',#18912,#14774,#14775);
#11823=AXIS2_PLACEMENT_3D('',#18915,#14777,#14778);
#11824=AXIS2_PLACEMENT_3D('',#18919,#14781,#14782);
#11825=AXIS2_PLACEMENT_3D('',#18923,#14785,#14786);
#11826=AXIS2_PLACEMENT_3D('',#18924,#14787,#14788);
#11827=AXIS2_PLACEMENT_3D('',#18929,#14790,#14791);
#11828=AXIS2_PLACEMENT_3D('',#18932,#14793,#14794);
#11829=AXIS2_PLACEMENT_3D('',#18933,#14795,#14796);
#11830=AXIS2_PLACEMENT_3D('',#18938,#14798,#14799);
#11831=AXIS2_PLACEMENT_3D('',#18941,#14801,#14802);
#11832=AXIS2_PLACEMENT_3D('',#18942,#14803,#14804);
#11833=AXIS2_PLACEMENT_3D('',#18947,#14806,#14807);
#11834=AXIS2_PLACEMENT_3D('',#18950,#14809,#14810);
#11835=AXIS2_PLACEMENT_3D('',#18951,#14811,#14812);
#11836=AXIS2_PLACEMENT_3D('',#18956,#14814,#14815);
#11837=AXIS2_PLACEMENT_3D('',#18959,#14817,#14818);
#11838=AXIS2_PLACEMENT_3D('',#18960,#14819,#14820);
#11839=AXIS2_PLACEMENT_3D('',#18965,#14822,#14823);
#11840=AXIS2_PLACEMENT_3D('',#18968,#14825,#14826);
#11841=AXIS2_PLACEMENT_3D('',#18972,#14829,#14830);
#11842=AXIS2_PLACEMENT_3D('',#18976,#14833,#14834);
#11843=AXIS2_PLACEMENT_3D('',#18980,#14837,#14838);
#11844=AXIS2_PLACEMENT_3D('',#18984,#14841,#14842);
#11845=AXIS2_PLACEMENT_3D('',#18993,#14847,#14848);
#11846=AXIS2_PLACEMENT_3D('',#18994,#14849,#14850);
#11847=AXIS2_PLACEMENT_3D('',#19000,#14853,#14854);
#11848=AXIS2_PLACEMENT_3D('',#19005,#14857,#14858);
#11849=AXIS2_PLACEMENT_3D('',#19023,#14868,#14869);
#11850=AXIS2_PLACEMENT_3D('',#19027,#14872,#14873);
#11851=AXIS2_PLACEMENT_3D('',#19028,#14874,#14875);
#11852=AXIS2_PLACEMENT_3D('',#19051,#14887,#14888);
#11853=AXIS2_PLACEMENT_3D('',#19054,#14890,#14891);
#11854=AXIS2_PLACEMENT_3D('',#19055,#14892,#14893);
#11855=AXIS2_PLACEMENT_3D('',#19057,#14895,#14896);
#11856=AXIS2_PLACEMENT_3D('',#19058,#14897,#14898);
#11857=AXIS2_PLACEMENT_3D('',#19059,#14899,#14900);
#11858=AXIS2_PLACEMENT_3D('',#19070,#14907,#14908);
#11859=AXIS2_PLACEMENT_3D('',#19076,#14912,#14913);
#11860=AXIS2_PLACEMENT_3D('',#19082,#14917,#14918);
#11861=AXIS2_PLACEMENT_3D('',#19088,#14922,#14923);
#11862=AXIS2_PLACEMENT_3D('',#19099,#14930,#14931);
#11863=AXIS2_PLACEMENT_3D('',#19100,#14932,#14933);
#11864=AXIS2_PLACEMENT_3D('',#19102,#14935,#14936);
#11865=AXIS2_PLACEMENT_3D('',#19103,#14937,#14938);
#11866=AXIS2_PLACEMENT_3D('',#19104,#14939,#14940);
#11867=AXIS2_PLACEMENT_3D('',#19110,#14944,#14945);
#11868=AXIS2_PLACEMENT_3D('',#19116,#14949,#14950);
#11869=AXIS2_PLACEMENT_3D('',#19122,#14954,#14955);
#11870=AXIS2_PLACEMENT_3D('',#19123,#14956,#14957);
#11871=AXIS2_PLACEMENT_3D('',#19129,#14961,#14962);
#11872=AXIS2_PLACEMENT_3D('',#19131,#14964,#14965);
#11873=AXIS2_PLACEMENT_3D('',#19132,#14966,#14967);
#11874=AXIS2_PLACEMENT_3D('',#19134,#14969,#14970);
#11875=AXIS2_PLACEMENT_3D('',#19136,#14972,#14973);
#11876=AXIS2_PLACEMENT_3D('',#19160,#14987,#14988);
#11877=AXIS2_PLACEMENT_3D('',#19161,#14989,#14990);
#11878=AXIS2_PLACEMENT_3D('',#19162,#14991,#14992);
#11879=AXIS2_PLACEMENT_3D('',#19163,#14993,#14994);
#11880=AXIS2_PLACEMENT_3D('',#19167,#14997,#14998);
#11881=AXIS2_PLACEMENT_3D('',#19168,#14999,#15000);
#11882=AXIS2_PLACEMENT_3D('',#19170,#15002,#15003);
#11883=AXIS2_PLACEMENT_3D('',#19171,#15004,#15005);
#11884=AXIS2_PLACEMENT_3D('',#19188,#15014,#15015);
#11885=AXIS2_PLACEMENT_3D('',#19194,#15020,#15021);
#11886=AXIS2_PLACEMENT_3D('',#19195,#15022,#15023);
#11887=AXIS2_PLACEMENT_3D('',#19196,#15024,#15025);
#11888=AXIS2_PLACEMENT_3D('',#19198,#15027,#15028);
#11889=AXIS2_PLACEMENT_3D('',#19200,#15030,#15031);
#11890=AXIS2_PLACEMENT_3D('',#19201,#15032,#15033);
#11891=AXIS2_PLACEMENT_3D('',#19202,#15034,#15035);
#11892=AXIS2_PLACEMENT_3D('',#19205,#15038,#15039);
#11893=AXIS2_PLACEMENT_3D('',#19208,#15042,#15043);
#11894=AXIS2_PLACEMENT_3D('',#19209,#15044,#15045);
#11895=AXIS2_PLACEMENT_3D('',#19210,#15046,#15047);
#11896=AXIS2_PLACEMENT_3D('',#19213,#15050,#15051);
#11897=AXIS2_PLACEMENT_3D('',#19215,#15053,#15054);
#11898=AXIS2_PLACEMENT_3D('',#19216,#15055,#15056);
#11899=AXIS2_PLACEMENT_3D('',#19217,#15057,#15058);
#11900=AXIS2_PLACEMENT_3D('',#19218,#15059,#15060);
#11901=AXIS2_PLACEMENT_3D('',#19219,#15061,#15062);
#11902=AXIS2_PLACEMENT_3D('',#19220,#15063,#15064);
#11903=AXIS2_PLACEMENT_3D('',#19221,#15065,#15066);
#11904=AXIS2_PLACEMENT_3D('',#19222,#15067,#15068);
#11905=AXIS2_PLACEMENT_3D('',#19223,#15069,#15070);
#11906=AXIS2_PLACEMENT_3D('',#19224,#15071,#15072);
#11907=AXIS2_PLACEMENT_3D('',#19225,#15073,#15074);
#11908=AXIS2_PLACEMENT_3D('',#19226,#15075,#15076);
#11909=AXIS2_PLACEMENT_3D('',#19227,#15077,#15078);
#11910=AXIS2_PLACEMENT_3D('',#19228,#15079,#15080);
#11911=AXIS2_PLACEMENT_3D('',#19229,#15081,#15082);
#11912=AXIS2_PLACEMENT_3D('',#19230,#15083,#15084);
#11913=AXIS2_PLACEMENT_3D('',#19231,#15085,#15086);
#11914=AXIS2_PLACEMENT_3D('',#19232,#15087,#15088);
#11915=AXIS2_PLACEMENT_3D('',#19233,#15089,#15090);
#11916=AXIS2_PLACEMENT_3D('',#19235,#15091,#15092);
#11917=AXIS2_PLACEMENT_3D('',#19237,#15093,#15094);
#11918=AXIS2_PLACEMENT_3D('',#19238,#15095,#15096);
#11919=AXIS2_PLACEMENT_3D('',#19240,#15097,#15098);
#11920=AXIS2_PLACEMENT_3D('',#19242,#15099,#15100);
#11921=AXIS2_PLACEMENT_3D('',#19243,#15101,#15102);
#11922=AXIS2_PLACEMENT_3D('',#19244,#15103,#15104);
#11923=AXIS2_PLACEMENT_3D('',#19245,#15105,#15106);
#11924=AXIS2_PLACEMENT_3D('',#19247,#15107,#15108);
#11925=AXIS2_PLACEMENT_3D('',#19249,#15109,#15110);
#11926=AXIS2_PLACEMENT_3D('',#19250,#15111,#15112);
#11927=AXIS2_PLACEMENT_3D('',#19252,#15113,#15114);
#11928=AXIS2_PLACEMENT_3D('',#19254,#15115,#15116);
#11929=AXIS2_PLACEMENT_3D('',#19255,#15117,#15118);
#11930=AXIS2_PLACEMENT_3D('',#19256,#15119,#15120);
#11931=DIRECTION('',(0.,0.,1.));
#11932=DIRECTION('',(1.,0.,0.));
#11933=DIRECTION('',(0.,0.,1.));
#11934=DIRECTION('',(1.,0.,0.));
#11935=DIRECTION('',(0.707106781186546,8.65956056235492E-17,-0.707106781186549));
#11936=DIRECTION('',(0.,0.,-1.));
#11937=DIRECTION('',(1.,0.,0.));
#11938=DIRECTION('',(-0.707106781186546,0.,-0.707106781186549));
#11939=DIRECTION('',(0.,0.,-1.));
#11940=DIRECTION('',(1.,0.,2.74129141882756E-17));
#11941=DIRECTION('',(0.,0.,-1.));
#11942=DIRECTION('',(1.,0.,0.));
#11943=DIRECTION('',(-0.70710678118655,8.65956056235496E-17,0.707106781186545));
#11944=DIRECTION('',(0.,0.,1.));
#11945=DIRECTION('',(1.,0.,0.));
#11946=DIRECTION('',(0.70710678118655,0.,0.707106781186545));
#11947=DIRECTION('',(0.,0.,1.));
#11948=DIRECTION('',(-1.,0.,0.));
#11949=DIRECTION('',(0.,0.,1.));
#11950=DIRECTION('',(1.,0.,0.));
#11951=DIRECTION('',(0.,0.,1.));
#11952=DIRECTION('',(0.,0.,1.));
#11953=DIRECTION('',(1.,0.,0.));
#11954=DIRECTION('',(0.,0.,1.));
#11955=DIRECTION('',(0.,0.,1.));
#11956=DIRECTION('',(-1.,0.,0.));
#11957=DIRECTION('',(0.,0.,-1.));
#11958=DIRECTION('',(0.,0.,-1.));
#11959=DIRECTION('',(0.,0.,-1.));
#11960=DIRECTION('',(1.,0.,0.));
#11961=DIRECTION('',(0.,0.,-1.));
#11962=DIRECTION('',(1.,0.,0.));
#11963=DIRECTION('',(0.,0.,1.));
#11964=DIRECTION('',(1.,0.,0.));
#11965=DIRECTION('',(0.,0.,-1.));
#11966=DIRECTION('',(1.,0.,0.));
#11967=DIRECTION('',(0.,0.,1.));
#11968=DIRECTION('',(1.,0.,0.));
#11969=DIRECTION('',(0.,0.,1.));
#11970=DIRECTION('',(1.,0.,0.));
#11971=DIRECTION('',(0.,0.,1.));
#11972=DIRECTION('',(-1.,0.,0.));
#11973=DIRECTION('',(0.,0.,-1.));
#11974=DIRECTION('',(1.,0.,0.));
#11975=DIRECTION('',(0.,0.,1.));
#11976=DIRECTION('',(1.,0.,0.));
#11977=DIRECTION('',(0.,0.,1.));
#11978=DIRECTION('',(-1.,0.,0.));
#11979=DIRECTION('',(0.,0.,1.));
#11980=DIRECTION('',(-1.,0.,0.));
#11981=DIRECTION('',(0.,0.,1.));
#11982=DIRECTION('',(-1.,0.,0.));
#11983=DIRECTION('',(0.,0.,-1.));
#11984=DIRECTION('',(1.,0.,2.74129141882756E-17));
#11985=DIRECTION('',(0.,0.,-1.));
#11986=DIRECTION('',(-1.,0.,0.));
#11987=DIRECTION('',(0.0944166649157771,0.995532768614967,0.));
#11988=DIRECTION('',(-0.995532768614968,0.0944166649157786,0.));
#11989=DIRECTION('',(0.,0.,1.));
#11990=DIRECTION('',(-1.,0.,0.));
#11991=DIRECTION('',(-0.0944166649157771,-0.995532768614967,0.));
#11992=DIRECTION('',(0.995532768614967,-0.0944166649157786,0.));
#11993=DIRECTION('',(0.,0.,-1.));
#11994=DIRECTION('',(-1.,0.,0.));
#11995=DIRECTION('',(0.,0.,-1.));
#11996=DIRECTION('',(0.995532768614967,-0.0944166649157773,0.));
#11997=DIRECTION('',(0.0944166649157774,0.995532768614967,0.));
#11998=DIRECTION('',(-0.995532768614967,0.0944166649157786,0.));
#11999=DIRECTION('',(0.,0.,1.));
#12000=DIRECTION('',(0.995532768614967,-0.0944166649157771,0.));
#12001=DIRECTION('',(-0.0944166649157773,-0.995532768614967,0.));
#12002=DIRECTION('',(0.,0.,-1.));
#12003=DIRECTION('',(0.,0.,1.));
#12004=DIRECTION('',(-0.995532768614967,0.0944166649157773,0.));
#12005=DIRECTION('',(0.,0.,-1.));
#12006=DIRECTION('',(0.995532768614967,-0.0944166649157769,0.));
#12007=DIRECTION('',(0.0944166649157774,0.995532768614967,0.));
#12008=DIRECTION('',(-0.995532768614967,0.0944166649157786,0.));
#12009=DIRECTION('',(0.,0.,1.));
#12010=DIRECTION('',(0.995532768614967,-0.0944166649157775,0.));
#12011=DIRECTION('',(-0.0944166649157773,-0.995532768614967,0.));
#12012=DIRECTION('',(0.,0.,-1.));
#12013=DIRECTION('',(0.,0.,1.));
#12014=DIRECTION('',(-0.995532768614967,0.0944166649157769,0.));
#12015=DIRECTION('',(0.,0.,-1.));
#12016=DIRECTION('',(-1.,0.,0.));
#12017=DIRECTION('',(0.,0.,1.));
#12018=DIRECTION('',(0.,0.,-1.));
#12019=DIRECTION('',(-1.,0.,0.));
#12020=DIRECTION('',(0.,0.,1.));
#12021=DIRECTION('',(0.,0.,1.));
#12022=DIRECTION('',(-0.995532768614967,0.0944166649157769,0.));
#12023=DIRECTION('',(0.,0.,-1.));
#12024=DIRECTION('',(0.,0.,1.));
#12025=DIRECTION('',(0.995532768614967,-0.0944166649157769,0.));
#12026=DIRECTION('',(0.,0.,-1.));
#12027=DIRECTION('',(0.,0.,-1.));
#12028=DIRECTION('',(0.995532768614967,-0.0944166649157769,0.));
#12029=DIRECTION('',(0.,0.,-1.));
#12030=DIRECTION('',(0.,0.,-1.));
#12031=DIRECTION('',(0.,0.,-1.));
#12032=DIRECTION('',(0.995532768614967,-0.0944166649157773,0.));
#12033=DIRECTION('',(0.,0.,-1.));
#12034=DIRECTION('',(0.995532768614967,-0.0944166649157773,0.));
#12035=DIRECTION('',(0.,0.,1.));
#12036=DIRECTION('',(-1.,0.,0.));
#12037=DIRECTION('',(0.,0.,-1.));
#12038=DIRECTION('',(0.995532768614967,-0.0944166649157773,0.));
#12039=DIRECTION('',(0.,0.,1.));
#12040=DIRECTION('',(0.995532768614967,-0.0944166649157771,0.));
#12041=DIRECTION('',(0.,0.,1.));
#12042=DIRECTION('',(0.995532768614967,-0.0944166649157769,0.));
#12043=DIRECTION('',(0.,0.,1.));
#12044=DIRECTION('',(-0.995532768614967,0.0944166649157773,0.));
#12045=DIRECTION('',(0.,0.,-1.));
#12046=DIRECTION('',(-1.,0.,0.));
#12047=DIRECTION('',(0.,0.,-1.));
#12048=DIRECTION('',(-1.,0.,0.));
#12049=DIRECTION('',(0.,0.,-1.));
#12050=DIRECTION('',(1.,0.,0.));
#12051=DIRECTION('',(0.,0.,-1.));
#12052=DIRECTION('',(0.995532768614967,-0.0944166649157769,0.));
#12053=DIRECTION('',(0.,0.,-1.));
#12054=DIRECTION('',(0.995532768614967,-0.0944166649157769,0.));
#12055=DIRECTION('',(0.,0.,1.));
#12056=DIRECTION('',(0.995532768614967,-0.0944166649157775,0.));
#12057=DIRECTION('',(0.,0.,1.));
#12058=DIRECTION('',(-0.995532768614967,0.0944166649157773,0.));
#12059=DIRECTION('',(0.,0.,-1.));
#12060=DIRECTION('',(-1.,0.,0.));
#12061=DIRECTION('',(0.,0.,1.));
#12062=DIRECTION('',(-0.995532768614967,0.0944166649157769,0.));
#12063=DIRECTION('',(0.,0.,-1.));
#12064=DIRECTION('',(0.995532768614967,-0.0944166649157773,0.));
#12065=DIRECTION('',(0.,0.,1.));
#12066=DIRECTION('',(-0.995532768614967,0.0944166649157769,0.));
#12067=DIRECTION('',(0.,0.,1.));
#12068=DIRECTION('',(-0.995532768614967,0.0944166649157773,0.));
#12069=DIRECTION('',(0.,0.,-1.));
#12070=DIRECTION('',(-1.,0.,0.));
#12071=DIRECTION('',(0.,0.,-1.));
#12072=DIRECTION('',(-0.999999999999999,0.,0.));
#12073=DIRECTION('',(1.,0.,0.));
#12074=DIRECTION('',(0.,1.,0.));
#12075=DIRECTION('',(-1.,0.,0.));
#12076=DIRECTION('',(0.,-1.,0.));
#12077=DIRECTION('',(0.,0.,-1.));
#12078=DIRECTION('',(-1.,0.,0.));
#12079=DIRECTION('',(0.,0.,-1.));
#12080=DIRECTION('',(-1.,0.,0.));
#12081=DIRECTION('',(0.,0.,-1.));
#12082=DIRECTION('',(1.,0.,0.));
#12083=DIRECTION('',(0.,0.,-1.));
#12084=DIRECTION('',(-1.,0.,0.));
#12085=DIRECTION('',(0.,0.,-1.));
#12086=DIRECTION('',(-1.,0.,0.));
#12087=DIRECTION('',(0.,0.,-1.));
#12088=DIRECTION('',(1.,0.,0.));
#12089=DIRECTION('',(0.,0.,-1.));
#12090=DIRECTION('',(-1.,0.,0.));
#12091=DIRECTION('',(0.,0.,-1.));
#12092=DIRECTION('',(1.,0.,0.));
#12093=DIRECTION('',(0.,0.,-1.));
#12094=DIRECTION('',(-1.,0.,0.));
#12095=DIRECTION('',(0.,0.,-1.));
#12096=DIRECTION('',(-1.,0.,0.));
#12097=DIRECTION('',(0.,0.,-1.));
#12098=DIRECTION('',(1.,0.,0.));
#12099=DIRECTION('',(0.,0.,-1.));
#12100=DIRECTION('',(-0.999999999999999,0.,0.));
#12101=DIRECTION('',(0.,0.,-1.));
#12102=DIRECTION('',(0.999999999999999,0.,0.));
#12103=DIRECTION('',(0.,0.,1.));
#12104=DIRECTION('',(1.,0.,0.));
#12105=DIRECTION('',(0.,0.,-1.));
#12106=DIRECTION('',(-1.,0.,0.));
#12107=DIRECTION('',(0.,0.,1.));
#12108=DIRECTION('',(-1.,0.,0.));
#12109=DIRECTION('',(0.,0.,-1.));
#12110=DIRECTION('',(0.,-1.,0.));
#12111=DIRECTION('',(0.,0.,1.));
#12112=DIRECTION('',(-1.,0.,0.));
#12113=DIRECTION('',(0.,0.,-1.));
#12114=DIRECTION('',(1.,0.,0.));
#12115=DIRECTION('',(0.,0.,-1.));
#12116=DIRECTION('',(0.,-1.,0.));
#12117=DIRECTION('',(0.,0.,1.));
#12118=DIRECTION('',(0.,-1.,0.));
#12119=DIRECTION('',(0.,0.,-1.));
#12120=DIRECTION('',(1.,0.,0.));
#12121=DIRECTION('',(0.,0.,1.));
#12122=DIRECTION('',(-1.,0.,0.));
#12123=DIRECTION('',(0.,1.,0.));
#12124=DIRECTION('',(0.,0.,-1.));
#12125=DIRECTION('',(0.,0.,-1.));
#12126=DIRECTION('',(1.,0.,0.));
#12127=DIRECTION('',(0.,0.,1.));
#12128=DIRECTION('',(1.,0.,0.));
#12129=DIRECTION('',(0.,0.,1.));
#12130=DIRECTION('',(-1.,0.,0.));
#12131=DIRECTION('',(0.,0.,1.));
#12132=DIRECTION('',(-1.,0.,0.));
#12133=DIRECTION('',(0.,0.,1.));
#12134=DIRECTION('',(-1.,0.,0.));
#12135=DIRECTION('',(0.,0.,1.));
#12136=DIRECTION('',(-1.,0.,0.));
#12137=DIRECTION('',(0.,1.,0.));
#12138=DIRECTION('',(-1.,0.,0.));
#12139=DIRECTION('',(0.,-1.,0.));
#12140=DIRECTION('',(0.,1.,0.));
#12141=DIRECTION('',(-1.,0.,0.));
#12142=DIRECTION('',(0.,-1.,0.));
#12143=DIRECTION('',(0.,1.,0.));
#12144=DIRECTION('',(1.,0.,0.));
#12145=DIRECTION('',(0.,1.,0.));
#12146=DIRECTION('',(0.,0.,1.));
#12147=DIRECTION('',(0.,-1.,0.));
#12148=DIRECTION('',(0.,1.,0.));
#12149=DIRECTION('',(-1.,0.,0.));
#12150=DIRECTION('',(0.,-1.,0.));
#12151=DIRECTION('',(0.,1.,0.));
#12152=DIRECTION('',(0.999999999999999,0.,0.));
#12153=DIRECTION('',(0.,1.,0.));
#12154=DIRECTION('',(-1.,0.,0.));
#12155=DIRECTION('',(0.,-1.,0.));
#12156=DIRECTION('',(0.,1.,0.));
#12157=DIRECTION('',(-1.,0.,0.));
#12158=DIRECTION('',(0.,-1.,0.));
#12159=DIRECTION('',(0.,1.,0.));
#12160=DIRECTION('',(1.,0.,0.));
#12161=DIRECTION('',(0.,1.,0.));
#12162=DIRECTION('',(0.,0.,1.));
#12163=DIRECTION('',(0.,-1.,0.));
#12164=DIRECTION('',(0.,1.,0.));
#12165=DIRECTION('',(-1.,0.,0.));
#12166=DIRECTION('',(0.,-1.,0.));
#12167=DIRECTION('',(0.,1.,0.));
#12168=DIRECTION('',(1.,0.,0.));
#12169=DIRECTION('',(0.,1.,0.));
#12170=DIRECTION('',(-1.,0.,0.));
#12171=DIRECTION('',(0.,-1.,0.));
#12172=DIRECTION('',(0.,1.,0.));
#12173=DIRECTION('',(-1.,0.,0.));
#12174=DIRECTION('',(0.,-1.,0.));
#12175=DIRECTION('',(0.,1.,0.));
#12176=DIRECTION('',(1.,0.,0.));
#12177=DIRECTION('',(0.,1.,0.));
#12178=DIRECTION('',(0.,0.,1.));
#12179=DIRECTION('',(0.,-1.,0.));
#12180=DIRECTION('',(0.,1.,0.));
#12181=DIRECTION('',(-1.,0.,0.));
#12182=DIRECTION('',(0.,-1.,0.));
#12183=DIRECTION('',(0.,1.,0.));
#12184=DIRECTION('',(0.999999999999999,0.,0.));
#12185=DIRECTION('',(0.,1.,0.));
#12186=DIRECTION('',(-1.,0.,0.));
#12187=DIRECTION('',(0.,-1.,0.));
#12188=DIRECTION('',(0.,1.,0.));
#12189=DIRECTION('',(-1.,0.,0.));
#12190=DIRECTION('',(0.,-1.,0.));
#12191=DIRECTION('',(0.,1.,0.));
#12192=DIRECTION('',(1.,0.,0.));
#12193=DIRECTION('',(0.,1.,0.));
#12194=DIRECTION('',(0.,0.,1.));
#12195=DIRECTION('',(0.,-1.,0.));
#12196=DIRECTION('',(0.,1.,0.));
#12197=DIRECTION('',(-1.,0.,0.));
#12198=DIRECTION('',(0.,-1.,0.));
#12199=DIRECTION('',(0.,1.,0.));
#12200=DIRECTION('',(1.,0.,0.));
#12201=DIRECTION('',(0.,0.,1.));
#12202=DIRECTION('',(1.,0.,0.));
#12203=DIRECTION('',(0.,0.,1.));
#12204=DIRECTION('',(0.,0.,-1.));
#12205=DIRECTION('',(-1.,0.,0.));
#12206=DIRECTION('',(0.,0.,1.));
#12207=DIRECTION('',(0.,0.,-1.));
#12208=DIRECTION('',(1.,0.,0.));
#12209=DIRECTION('',(0.,0.,-1.));
#12210=DIRECTION('',(-1.,0.,0.));
#12211=DIRECTION('',(0.,0.,1.));
#12212=DIRECTION('',(0.,0.,-1.));
#12213=DIRECTION('',(-1.,0.,0.));
#12214=DIRECTION('',(0.,0.,1.));
#12215=DIRECTION('',(0.,0.,-1.));
#12216=DIRECTION('',(1.,0.,0.));
#12217=DIRECTION('',(0.,1.,0.));
#12218=DIRECTION('',(0.,0.,1.));
#12219=DIRECTION('',(0.,1.,0.));
#12220=DIRECTION('',(0.,0.,1.));
#12221=DIRECTION('',(0.,1.,0.));
#12222=DIRECTION('',(0.,0.,1.));
#12223=DIRECTION('',(0.,1.,0.));
#12224=DIRECTION('',(0.,0.,1.));
#12225=DIRECTION('',(1.,0.,0.));
#12226=DIRECTION('',(-0.707106781186543,0.,-0.707106781186553));
#12227=DIRECTION('',(-2.85551189461203E-16,0.,1.));
#12228=DIRECTION('',(1.,0.,0.));
#12229=DIRECTION('',(1.42775594730601E-16,0.,-1.));
#12230=DIRECTION('',(-0.707106781186551,0.,0.707106781186544));
#12231=DIRECTION('',(0.,1.,0.));
#12232=DIRECTION('',(1.,0.,0.));
#12233=DIRECTION('',(1.,0.,0.));
#12234=DIRECTION('',(0.,-1.,0.));
#12235=DIRECTION('',(0.,1.,0.));
#12236=DIRECTION('',(0.,0.,1.));
#12237=DIRECTION('',(-1.,0.,0.));
#12238=DIRECTION('',(0.,1.,0.));
#12239=DIRECTION('',(-1.,0.,0.));
#12240=DIRECTION('',(0.,1.,0.));
#12241=DIRECTION('',(-1.,0.,0.));
#12242=DIRECTION('',(0.,1.,0.));
#12243=DIRECTION('',(-1.,0.,0.));
#12244=DIRECTION('',(0.,1.,0.));
#12245=DIRECTION('',(-1.,0.,0.));
#12246=DIRECTION('',(2.85551189461203E-16,0.,-1.));
#12247=DIRECTION('',(0.707106781186543,0.,0.707106781186553));
#12248=DIRECTION('',(0.707106781186551,0.,-0.707106781186544));
#12249=DIRECTION('',(-1.42775594730601E-16,0.,1.));
#12250=DIRECTION('',(-1.,0.,0.));
#12251=DIRECTION('',(0.,1.,0.));
#12252=DIRECTION('',(1.,0.,0.));
#12253=DIRECTION('',(0.,0.,1.));
#12254=DIRECTION('',(1.,0.,0.));
#12255=DIRECTION('',(1.,0.,0.));
#12256=DIRECTION('',(0.,0.,1.));
#12257=DIRECTION('',(1.,0.,0.));
#12258=DIRECTION('',(0.,-1.,0.));
#12259=DIRECTION('',(1.,0.,0.));
#12260=DIRECTION('',(0.,-1.,0.));
#12261=DIRECTION('',(0.,0.,1.));
#12262=DIRECTION('',(1.,0.,0.));
#12263=DIRECTION('',(0.,0.,1.));
#12264=DIRECTION('',(-1.,0.,0.));
#12265=DIRECTION('',(1.,0.,0.));
#12266=DIRECTION('',(0.,0.,1.));
#12267=DIRECTION('',(0.,0.,-1.));
#12268=DIRECTION('',(0.,1.,0.));
#12269=DIRECTION('',(1.,0.,0.));
#12270=DIRECTION('',(0.,0.,-1.));
#12271=DIRECTION('',(-1.,0.,0.));
#12272=DIRECTION('',(0.,-1.,0.));
#12273=DIRECTION('',(0.,0.,-1.));
#12274=DIRECTION('',(1.,0.,0.));
#12275=DIRECTION('',(0.,0.,-1.));
#12276=DIRECTION('',(1.,0.,0.));
#12277=DIRECTION('',(0.,-1.,0.));
#12278=DIRECTION('',(-1.,3.65165315038521E-16,0.));
#12279=DIRECTION('',(0.,-1.,0.));
#12280=DIRECTION('',(0.,1.,0.));
#12281=DIRECTION('',(-1.,-1.20466908053945E-16,0.));
#12282=DIRECTION('',(0.,0.,1.));
#12283=DIRECTION('',(-1.,0.,0.));
#12284=DIRECTION('',(0.,0.,-1.));
#12285=DIRECTION('',(0.,0.,1.));
#12286=DIRECTION('',(1.,0.,0.));
#12287=DIRECTION('',(0.,0.,-1.));
#12288=DIRECTION('',(1.,0.,0.));
#12289=DIRECTION('',(0.,0.,1.));
#12290=DIRECTION('',(0.,0.,1.));
#12291=DIRECTION('',(-1.,0.,0.));
#12292=DIRECTION('',(0.,0.,-1.));
#12293=DIRECTION('',(0.,0.,1.));
#12294=DIRECTION('',(1.,0.,0.));
#12295=DIRECTION('',(0.,0.,1.));
#12296=DIRECTION('',(1.,0.,1.42775594730601E-16));
#12297=DIRECTION('',(0.,0.,1.));
#12298=DIRECTION('',(1.,0.,0.));
#12299=DIRECTION('',(1.,0.,0.));
#12300=DIRECTION('',(-1.,0.,-2.85551189461203E-16));
#12301=DIRECTION('',(0.,0.,-1.));
#12302=DIRECTION('',(-1.,0.,0.));
#12303=DIRECTION('',(0.,0.,-1.));
#12304=DIRECTION('',(0.,-1.,0.));
#12305=DIRECTION('',(0.,0.,1.));
#12306=DIRECTION('',(-1.,0.,-1.42775594730601E-16));
#12307=DIRECTION('',(1.42247325030098E-16,0.,-1.));
#12308=DIRECTION('',(0.,1.,0.));
#12309=DIRECTION('',(0.,0.,1.));
#12310=DIRECTION('',(1.,0.,2.85551189461203E-16));
#12311=DIRECTION('',(-2.86229373536173E-16,0.,1.));
#12312=DIRECTION('',(-1.20466908053945E-16,1.,0.));
#12313=DIRECTION('',(1.,1.196959198424E-16,0.));
#12314=DIRECTION('',(3.65165315038521E-16,1.,0.));
#12315=DIRECTION('',(1.,-3.66026653431106E-16,0.));
#12316=DIRECTION('',(0.,0.,-1.));
#12317=DIRECTION('',(-1.,0.,0.));
#12318=DIRECTION('',(0.,0.,-1.));
#12319=DIRECTION('',(1.,0.,0.));
#12320=DIRECTION('',(0.,0.,-1.));
#12321=DIRECTION('',(-1.,0.,0.));
#12322=DIRECTION('',(0.,0.,-1.));
#12323=DIRECTION('',(1.,0.,0.));
#12324=DIRECTION('',(0.,0.,-1.));
#12325=DIRECTION('',(1.,0.,0.));
#12326=DIRECTION('',(0.,1.,0.));
#12327=DIRECTION('',(-1.,0.,0.));
#12328=DIRECTION('',(0.,1.,0.));
#12329=DIRECTION('',(1.,0.,0.));
#12330=DIRECTION('',(0.,1.,0.));
#12331=DIRECTION('',(-1.,0.,0.));
#12332=DIRECTION('',(0.,-1.,0.));
#12333=DIRECTION('',(-1.,0.,0.));
#12334=DIRECTION('',(0.,1.,0.));
#12335=DIRECTION('',(1.,0.,0.));
#12336=DIRECTION('',(0.,1.,0.));
#12337=DIRECTION('',(-1.,0.,0.));
#12338=DIRECTION('',(0.,1.,0.));
#12339=DIRECTION('',(0.999999999999999,0.,0.));
#12340=DIRECTION('',(0.,1.,0.));
#12341=DIRECTION('',(-1.,0.,0.));
#12342=DIRECTION('',(0.,-1.,0.));
#12343=DIRECTION('',(-1.,0.,0.));
#12344=DIRECTION('',(0.,1.,0.));
#12345=DIRECTION('',(1.,0.,0.));
#12346=DIRECTION('',(0.,1.,0.));
#12347=DIRECTION('',(-1.,0.,0.));
#12348=DIRECTION('',(0.,1.,0.));
#12349=DIRECTION('',(1.,0.,0.));
#12350=DIRECTION('',(0.,1.,0.));
#12351=DIRECTION('',(-1.,0.,0.));
#12352=DIRECTION('',(0.,-1.,0.));
#12353=DIRECTION('',(-1.,0.,0.));
#12354=DIRECTION('',(0.,1.,0.));
#12355=DIRECTION('',(1.,0.,0.));
#12356=DIRECTION('',(0.,1.,0.));
#12357=DIRECTION('',(-1.,0.,0.));
#12358=DIRECTION('',(0.,1.,0.));
#12359=DIRECTION('',(0.999999999999999,0.,0.));
#12360=DIRECTION('',(0.,1.,0.));
#12361=DIRECTION('',(-1.,0.,0.));
#12362=DIRECTION('',(0.,-1.,0.));
#12363=DIRECTION('',(-1.,0.,0.));
#12364=DIRECTION('',(0.,1.,0.));
#12365=DIRECTION('',(1.,0.,0.));
#12366=DIRECTION('',(0.,0.,-1.));
#12367=DIRECTION('',(1.,0.,0.));
#12368=DIRECTION('',(0.,0.,1.));
#12369=DIRECTION('',(-1.,0.,0.));
#12370=DIRECTION('',(-0.707106781186553,0.,0.707106781186543));
#12371=DIRECTION('',(0.,-1.,0.));
#12372=DIRECTION('',(0.707106781186544,0.,0.707106781186551));
#12373=DIRECTION('',(0.,-1.,0.));
#12374=DIRECTION('',(0.,0.,-1.));
#12375=DIRECTION('',(-1.,0.,0.));
#12376=DIRECTION('',(0.,0.,-1.));
#12377=DIRECTION('',(0.,0.,-1.));
#12378=DIRECTION('',(-1.,0.,0.));
#12379=DIRECTION('',(0.,0.,-1.));
#12380=DIRECTION('',(0.,0.,-1.));
#12381=DIRECTION('',(1.,0.,0.));
#12382=DIRECTION('',(-0.85716730070211,0.,-0.515038074910059));
#12383=DIRECTION('',(0.85716730070211,1.04972719113861E-16,-0.515038074910059));
#12384=DIRECTION('',(0.,0.,-1.));
#12385=DIRECTION('',(1.,0.,-1.6660714579868E-17));
#12386=DIRECTION('',(0.,0.,-1.));
#12387=DIRECTION('',(-0.999999999999999,0.,0.));
#12388=DIRECTION('',(0.,0.,-1.));
#12389=DIRECTION('',(0.,0.,-1.));
#12390=DIRECTION('',(-0.999999999999999,0.,0.));
#12391=DIRECTION('',(0.,0.,-1.));
#12392=DIRECTION('',(0.,0.,-1.));
#12393=DIRECTION('',(0.999999999999999,0.,0.));
#12394=DIRECTION('',(-0.85716730070211,0.,-0.515038074910059));
#12395=DIRECTION('',(0.85716730070211,1.04972719113861E-16,-0.515038074910059));
#12396=DIRECTION('',(0.,0.,-1.));
#12397=DIRECTION('',(1.,0.,-1.6660714579868E-17));
#12398=DIRECTION('',(0.,0.,1.));
#12399=DIRECTION('',(1.,0.,0.));
#12400=DIRECTION('',(0.,0.,1.));
#12401=DIRECTION('',(0.,0.,1.));
#12402=DIRECTION('',(-1.,0.,0.));
#12403=DIRECTION('',(0.,0.,1.));
#12404=DIRECTION('',(0.,0.,1.));
#12405=DIRECTION('',(-1.,0.,0.));
#12406=DIRECTION('',(0.857167300702107,0.,0.515038074910063));
#12407=DIRECTION('',(-0.857167300702107,1.04972719113861E-16,0.515038074910063));
#12408=DIRECTION('',(0.,0.,1.));
#12409=DIRECTION('',(-1.,0.,0.));
#12410=DIRECTION('',(0.,0.,1.));
#12411=DIRECTION('',(0.999999999999999,0.,0.));
#12412=DIRECTION('',(0.,0.,1.));
#12413=DIRECTION('',(0.,0.,1.));
#12414=DIRECTION('',(-0.999999999999999,0.,0.));
#12415=DIRECTION('',(0.,0.,1.));
#12416=DIRECTION('',(0.,0.,1.));
#12417=DIRECTION('',(-0.999999999999999,0.,0.));
#12418=DIRECTION('',(0.857167300702107,0.,0.515038074910063));
#12419=DIRECTION('',(-0.857167300702107,1.04972719113861E-16,0.515038074910063));
#12420=DIRECTION('',(0.,0.,1.));
#12421=DIRECTION('',(-1.,0.,0.));
#12422=DIRECTION('',(0.,1.,0.));
#12423=DIRECTION('',(0.,0.,-1.));
#12424=DIRECTION('',(0.,1.,0.));
#12425=DIRECTION('',(0.,0.,-1.));
#12426=DIRECTION('',(-1.,0.,0.));
#12427=DIRECTION('',(0.,0.,-1.));
#12428=DIRECTION('',(0.,-1.,0.));
#12429=DIRECTION('',(0.,0.,-1.));
#12430=DIRECTION('',(0.,-1.,0.));
#12431=DIRECTION('',(0.,0.,-1.));
#12432=DIRECTION('',(1.,0.,0.));
#12433=DIRECTION('',(0.,0.,1.));
#12434=DIRECTION('',(1.,0.,0.));
#12435=DIRECTION('',(0.,0.,-1.));
#12436=DIRECTION('',(1.,0.,0.));
#12437=DIRECTION('',(0.,0.,1.));
#12438=DIRECTION('',(0.,1.,0.));
#12439=DIRECTION('',(0.,0.,-1.));
#12440=DIRECTION('',(1.,0.,0.));
#12441=DIRECTION('',(0.,0.,-1.));
#12442=DIRECTION('',(1.,0.,0.));
#12443=DIRECTION('',(0.,0.,-1.));
#12444=DIRECTION('',(0.,1.,0.));
#12445=DIRECTION('',(0.,0.,-1.));
#12446=DIRECTION('',(1.,0.,0.));
#12447=DIRECTION('',(0.,0.,-1.));
#12448=DIRECTION('',(1.,0.,0.));
#12449=DIRECTION('',(0.,0.,1.));
#12450=DIRECTION('',(0.,1.,0.));
#12451=DIRECTION('',(1.,0.,0.));
#12452=DIRECTION('',(1.,0.,0.));
#12453=DIRECTION('',(0.,0.,-1.));
#12454=DIRECTION('',(1.,0.,0.));
#12455=DIRECTION('',(0.,0.,1.));
#12456=DIRECTION('',(0.,1.,0.));
#12457=DIRECTION('',(1.,0.,0.));
#12458=DIRECTION('',(1.,0.,0.));
#12459=DIRECTION('',(0.,0.,1.));
#12460=DIRECTION('',(1.,0.,0.));
#12461=DIRECTION('',(0.,0.,-1.));
#12462=DIRECTION('',(0.,1.,0.));
#12463=DIRECTION('',(1.,0.,0.));
#12464=DIRECTION('',(-1.,0.,0.));
#12465=DIRECTION('',(0.,0.,1.));
#12466=DIRECTION('',(-1.,0.,0.));
#12467=DIRECTION('',(0.,-1.,0.));
#12468=DIRECTION('',(0.,0.,1.));
#12469=DIRECTION('',(0.,1.,0.));
#12470=DIRECTION('',(0.,0.,1.));
#12471=DIRECTION('',(0.,1.,0.));
#12472=DIRECTION('',(-1.,0.,0.));
#12473=DIRECTION('',(0.,0.,-1.));
#12474=DIRECTION('',(-1.,0.,0.));
#12475=DIRECTION('',(0.,0.,-1.));
#12476=DIRECTION('',(-1.,0.,0.));
#12477=DIRECTION('',(0.,0.,-1.));
#12478=DIRECTION('',(0.,-1.,0.));
#12479=DIRECTION('',(0.,0.,1.));
#12480=DIRECTION('',(0.,-1.,0.));
#12481=DIRECTION('',(0.,0.,1.));
#12482=DIRECTION('',(0.,-1.,0.));
#12483=DIRECTION('',(1.,0.,0.));
#12484=DIRECTION('',(0.,0.,1.));
#12485=DIRECTION('',(1.,0.,0.));
#12486=DIRECTION('',(0.,0.,1.));
#12487=DIRECTION('',(1.,0.,0.));
#12488=DIRECTION('',(0.,1.,0.));
#12489=DIRECTION('',(0.,0.,-1.));
#12490=DIRECTION('',(0.,0.,1.));
#12491=DIRECTION('',(-1.,0.,0.));
#12492=DIRECTION('',(0.,0.,1.));
#12493=DIRECTION('',(-0.999999999999999,0.,0.));
#12494=DIRECTION('',(0.,1.,0.));
#12495=DIRECTION('',(1.,0.,0.));
#12496=DIRECTION('',(-8.97676241395909E-17,1.,0.));
#12497=DIRECTION('',(-1.,0.,0.));
#12498=DIRECTION('',(0.0225462495189843,0.99974580100775,0.));
#12499=DIRECTION('',(0.999999999693587,2.47553272937397E-5,0.));
#12500=DIRECTION('',(0.0198955922384483,-0.999802063115236,0.));
#12501=DIRECTION('',(-1.,-5.05557066456128E-16,0.));
#12502=DIRECTION('',(0.,-1.,0.));
#12503=DIRECTION('',(1.,0.,0.));
#12504=DIRECTION('',(0.,-1.,0.));
#12505=DIRECTION('',(0.,1.,0.));
#12506=DIRECTION('',(-1.,-1.31418445149776E-16,0.));
#12507=DIRECTION('',(0.,1.,0.));
#12508=DIRECTION('',(1.,0.,0.));
#12509=DIRECTION('',(0.,-1.,0.));
#12510=DIRECTION('',(-1.,0.,0.));
#12511=DIRECTION('',(0.,-1.,0.));
#12512=DIRECTION('',(-8.50354645086671E-17,-1.,0.));
#12513=DIRECTION('',(-1.,0.,0.));
#12514=DIRECTION('',(0.,-1.,0.));
#12515=DIRECTION('',(-1.,0.,0.));
#12516=DIRECTION('',(0.,1.,0.));
#12517=DIRECTION('',(1.,0.,0.));
#12518=DIRECTION('',(0.,-1.,0.));
#12519=DIRECTION('',(1.,0.,0.));
#12520=DIRECTION('',(0.,-1.,0.));
#12521=DIRECTION('',(1.,0.,0.));
#12522=DIRECTION('',(0.,-1.,0.));
#12523=DIRECTION('',(-1.,2.31296463463578E-16,0.));
#12524=DIRECTION('',(5.25673780599033E-16,1.,0.));
#12525=DIRECTION('',(1.,0.,0.));
#12526=DIRECTION('',(0.,1.,0.));
#12527=DIRECTION('',(0.,-1.,0.));
#12528=DIRECTION('',(1.,0.,0.));
#12529=DIRECTION('',(5.25673780599033E-16,-1.,0.));
#12530=DIRECTION('',(-1.,-2.31296463463578E-16,0.));
#12531=DIRECTION('',(0.,1.,0.));
#12532=DIRECTION('',(1.,0.,0.));
#12533=DIRECTION('',(0.,1.,0.));
#12534=DIRECTION('',(1.,0.,0.));
#12535=DIRECTION('',(0.,1.,0.));
#12536=DIRECTION('',(1.,0.,0.));
#12537=DIRECTION('',(0.,-1.,0.));
#12538=DIRECTION('',(-1.,0.,0.));
#12539=DIRECTION('',(0.,1.,0.));
#12540=DIRECTION('',(-1.,0.,0.));
#12541=DIRECTION('',(8.50354645086671E-17,1.,0.));
#12542=DIRECTION('',(1.,0.,0.));
#12543=DIRECTION('',(0.,1.,0.));
#12544=DIRECTION('',(-1.,0.,0.));
#12545=DIRECTION('',(0.,1.,0.));
#12546=DIRECTION('',(1.,0.,0.));
#12547=DIRECTION('',(0.,-1.,0.));
#12548=DIRECTION('',(-1.,1.31418445149776E-16,0.));
#12549=DIRECTION('',(0.,-1.,0.));
#12550=DIRECTION('',(0.,0.,-1.));
#12551=DIRECTION('',(1.,0.,0.));
#12552=DIRECTION('',(0.,0.,-1.));
#12553=DIRECTION('',(-1.,0.,0.));
#12554=DIRECTION('',(0.,0.,-1.));
#12555=DIRECTION('',(-0.999999999999999,0.,0.));
#12556=DIRECTION('',(0.,1.,0.));
#12557=DIRECTION('',(0.,-1.,0.));
#12558=DIRECTION('',(-1.,1.31418445149776E-16,0.));
#12559=DIRECTION('',(0.,-1.,0.));
#12560=DIRECTION('',(1.,0.,0.));
#12561=DIRECTION('',(0.,1.,0.));
#12562=DIRECTION('',(-1.,0.,0.));
#12563=DIRECTION('',(0.,1.,0.));
#12564=DIRECTION('',(1.,0.,0.));
#12565=DIRECTION('',(8.50354645086671E-17,1.,0.));
#12566=DIRECTION('',(1.,0.,0.));
#12567=DIRECTION('',(0.,1.,0.));
#12568=DIRECTION('',(-1.,0.,0.));
#12569=DIRECTION('',(0.,-1.,0.));
#12570=DIRECTION('',(1.,0.,0.));
#12571=DIRECTION('',(0.,1.,0.));
#12572=DIRECTION('',(1.,0.,0.));
#12573=DIRECTION('',(0.,-1.,0.));
#12574=DIRECTION('',(1.,0.,0.));
#12575=DIRECTION('',(0.,1.,0.));
#12576=DIRECTION('',(-1.,-2.31296463463578E-16,0.));
#12577=DIRECTION('',(5.25673780599033E-16,-1.,0.));
#12578=DIRECTION('',(1.,0.,0.));
#12579=DIRECTION('',(0.,-1.,0.));
#12580=DIRECTION('',(0.,-1.,0.));
#12581=DIRECTION('',(1.,0.,0.));
#12582=DIRECTION('',(5.25673780599033E-16,1.,0.));
#12583=DIRECTION('',(-1.,2.31296463463578E-16,0.));
#12584=DIRECTION('',(0.,-1.,0.));
#12585=DIRECTION('',(1.,0.,0.));
#12586=DIRECTION('',(0.,-1.,0.));
#12587=DIRECTION('',(-1.,0.,0.));
#12588=DIRECTION('',(0.,-1.,0.));
#12589=DIRECTION('',(1.,0.,0.));
#12590=DIRECTION('',(0.,1.,0.));
#12591=DIRECTION('',(-1.,0.,0.));
#12592=DIRECTION('',(0.,-1.,0.));
#12593=DIRECTION('',(-1.,0.,0.));
#12594=DIRECTION('',(8.50354645086671E-17,1.,0.));
#12595=DIRECTION('',(0.,-1.,0.));
#12596=DIRECTION('',(-1.,0.,0.));
#12597=DIRECTION('',(0.,-1.,0.));
#12598=DIRECTION('',(1.,0.,0.));
#12599=DIRECTION('',(0.,1.,0.));
#12600=DIRECTION('',(-1.,-1.31418445149776E-16,0.));
#12601=DIRECTION('',(0.,1.,0.));
#12602=DIRECTION('',(0.,-1.,0.));
#12603=DIRECTION('',(1.,0.,0.));
#12604=DIRECTION('',(0.,-1.,0.));
#12605=DIRECTION('',(-1.,-5.05557066456128E-16,0.));
#12606=DIRECTION('',(0.0198955922384483,-0.999802063115236,0.));
#12607=DIRECTION('',(0.999999999693587,2.47553272937397E-5,0.));
#12608=DIRECTION('',(0.0225462495189843,0.99974580100775,0.));
#12609=DIRECTION('',(-1.,0.,0.));
#12610=DIRECTION('',(-8.97676241395909E-17,1.,0.));
#12611=DIRECTION('',(1.,0.,0.));
#12612=DIRECTION('',(0.,0.,-1.));
#12613=DIRECTION('',(1.,0.,0.));
#12614=DIRECTION('',(0.,0.,1.));
#12615=DIRECTION('',(1.,-8.50354645086671E-17,0.));
#12616=DIRECTION('',(-8.67361737988404E-17,-1.,0.));
#12617=DIRECTION('',(-1.,8.50354645086671E-17,0.));
#12618=DIRECTION('',(8.50014503228635E-17,1.,0.));
#12619=DIRECTION('',(0.,0.,1.));
#12620=DIRECTION('',(0.,1.,0.));
#12621=DIRECTION('',(1.,0.,0.));
#12622=DIRECTION('',(0.,0.,1.));
#12623=DIRECTION('',(-1.,0.,0.));
#12624=DIRECTION('',(0.,0.,-1.));
#12625=DIRECTION('',(0.,0.,1.));
#12626=DIRECTION('',(1.,0.,0.));
#12627=DIRECTION('',(0.,0.,1.));
#12628=DIRECTION('',(0.,0.,1.));
#12629=DIRECTION('',(0.,1.,0.));
#12630=DIRECTION('',(0.,0.,-1.));
#12631=DIRECTION('',(0.,0.,1.));
#12632=DIRECTION('',(1.,0.,0.));
#12633=DIRECTION('',(0.,0.,1.));
#12634=DIRECTION('',(0.,0.,1.));
#12635=DIRECTION('',(0.,-1.,0.));
#12636=DIRECTION('',(0.,0.,1.));
#12637=DIRECTION('',(0.,0.,1.));
#12638=DIRECTION('',(-1.,0.,0.));
#12639=DIRECTION('',(0.,0.,-1.));
#12640=DIRECTION('',(1.31418445149776E-16,1.,0.));
#12641=DIRECTION('',(1.,-1.31405303305243E-16,0.));
#12642=DIRECTION('',(0.,0.,1.));
#12643=DIRECTION('',(0.,0.,1.));
#12644=DIRECTION('',(-1.,0.,0.));
#12645=DIRECTION('',(0.,0.,-1.));
#12646=DIRECTION('',(0.,0.,-1.));
#12647=DIRECTION('',(0.,0.,1.));
#12648=DIRECTION('',(1.,8.97676241395909E-17,0.));
#12649=DIRECTION('',(8.93382590128056E-17,-1.,0.));
#12650=DIRECTION('',(0.,0.,1.));
#12651=DIRECTION('',(0.,1.,0.));
#12652=DIRECTION('',(0.,0.,-1.));
#12653=DIRECTION('',(0.,0.,1.));
#12654=DIRECTION('',(0.99974580100775,-0.0225462495189843,0.));
#12655=DIRECTION('',(-0.0225462495189843,-0.99974580100775,0.));
#12656=DIRECTION('',(0.,0.,1.));
#12657=DIRECTION('',(2.47553272937397E-5,-0.999999999693587,0.));
#12658=DIRECTION('',(-0.999999999693587,-2.47553272937394E-5,0.));
#12659=DIRECTION('',(0.,0.,1.));
#12660=DIRECTION('',(-0.999802063115235,-0.0198955922384482,0.));
#12661=DIRECTION('',(-0.0198955922384482,0.999802063115235,0.));
#12662=DIRECTION('',(-5.05557066456128E-16,1.,0.));
#12663=DIRECTION('',(1.,5.05671893247239E-16,0.));
#12664=DIRECTION('',(0.,0.,1.));
#12665=DIRECTION('',(-1.,0.,0.));
#12666=DIRECTION('',(0.,0.,-1.));
#12667=DIRECTION('',(0.,0.,1.));
#12668=DIRECTION('',(1.,0.,0.));
#12669=DIRECTION('',(0.,0.,1.));
#12670=DIRECTION('',(0.,0.,1.));
#12671=DIRECTION('',(-1.31418445149776E-16,1.,0.));
#12672=DIRECTION('',(1.,1.31405303305243E-16,0.));
#12673=DIRECTION('',(0.,0.,1.));
#12674=DIRECTION('',(1.,0.,0.));
#12675=DIRECTION('',(0.,0.,1.));
#12676=DIRECTION('',(0.,0.,1.));
#12677=DIRECTION('',(0.,-1.,0.));
#12678=DIRECTION('',(0.,0.,1.));
#12679=DIRECTION('',(0.,0.,1.));
#12680=DIRECTION('',(-1.,0.,0.));
#12681=DIRECTION('',(0.,0.,-1.));
#12682=DIRECTION('',(0.,1.,0.));
#12683=DIRECTION('',(0.,0.,-1.));
#12684=DIRECTION('',(0.,0.,1.));
#12685=DIRECTION('',(0.,-1.,0.));
#12686=DIRECTION('',(0.,0.,1.));
#12687=DIRECTION('',(0.,0.,1.));
#12688=DIRECTION('',(0.,1.,0.));
#12689=DIRECTION('',(0.,0.,-1.));
#12690=DIRECTION('',(0.,0.,1.));
#12691=DIRECTION('',(-1.,0.,0.));
#12692=DIRECTION('',(0.,0.,-1.));
#12693=DIRECTION('',(0.,0.,1.));
#12694=DIRECTION('',(0.,1.,0.));
#12695=DIRECTION('',(0.,0.,-1.));
#12696=DIRECTION('',(0.,0.,1.));
#12697=DIRECTION('',(1.,0.,0.));
#12698=DIRECTION('',(0.,0.,1.));
#12699=DIRECTION('',(0.,0.,1.));
#12700=DIRECTION('',(0.,-1.,0.));
#12701=DIRECTION('',(0.,0.,1.));
#12702=DIRECTION('',(-1.,0.,0.));
#12703=DIRECTION('',(0.,0.,-1.));
#12704=DIRECTION('',(0.,0.,1.));
#12705=DIRECTION('',(0.,1.,0.));
#12706=DIRECTION('',(0.,0.,-1.));
#12707=DIRECTION('',(0.,0.,1.));
#12708=DIRECTION('',(0.,-1.,0.));
#12709=DIRECTION('',(0.,0.,1.));
#12710=DIRECTION('',(0.,0.,1.));
#12711=DIRECTION('',(0.,0.,1.));
#12712=DIRECTION('',(0.,1.,0.));
#12713=DIRECTION('',(0.,0.,-1.));
#12714=DIRECTION('',(1.,0.,0.));
#12715=DIRECTION('',(0.,0.,1.));
#12716=DIRECTION('',(0.,0.,1.));
#12717=DIRECTION('',(1.,0.,0.));
#12718=DIRECTION('',(0.,0.,1.));
#12719=DIRECTION('',(0.,0.,1.));
#12720=DIRECTION('',(0.,-1.,0.));
#12721=DIRECTION('',(0.,0.,1.));
#12722=DIRECTION('',(-1.,0.,0.));
#12723=DIRECTION('',(0.,0.,-1.));
#12724=DIRECTION('',(0.,0.,1.));
#12725=DIRECTION('',(1.,0.,0.));
#12726=DIRECTION('',(0.,0.,1.));
#12727=DIRECTION('',(0.,0.,1.));
#12728=DIRECTION('',(-1.,0.,0.));
#12729=DIRECTION('',(0.,0.,-1.));
#12730=DIRECTION('',(0.,0.,1.));
#12731=DIRECTION('',(0.,-1.,0.));
#12732=DIRECTION('',(0.,0.,1.));
#12733=DIRECTION('',(0.,0.,1.));
#12734=DIRECTION('',(-1.,-5.25673780599033E-16,0.));
#12735=DIRECTION('',(-5.25621213220973E-16,1.,0.));
#12736=DIRECTION('',(0.,0.,1.));
#12737=DIRECTION('',(-2.31296463463578E-16,1.,0.));
#12738=DIRECTION('',(1.,2.30718222304915E-16,0.));
#12739=DIRECTION('',(0.,0.,1.));
#12740=DIRECTION('',(1.,0.,0.));
#12741=DIRECTION('',(0.,0.,1.));
#12742=DIRECTION('',(0.,-1.,0.));
#12743=DIRECTION('',(0.,0.,1.));
#12744=DIRECTION('',(0.,0.,1.));
#12745=DIRECTION('',(1.,0.,0.));
#12746=DIRECTION('',(0.,0.,1.));
#12747=DIRECTION('',(0.,0.,1.));
#12748=DIRECTION('',(-1.,0.,0.));
#12749=DIRECTION('',(0.,0.,-1.));
#12750=DIRECTION('',(0.,0.,1.));
#12751=DIRECTION('',(0.,-1.,0.));
#12752=DIRECTION('',(0.,0.,1.));
#12753=DIRECTION('',(0.,0.,1.));
#12754=DIRECTION('',(-1.,0.,0.));
#12755=DIRECTION('',(0.,0.,-1.));
#12756=DIRECTION('',(0.,0.,1.));
#12757=DIRECTION('',(2.31296463463578E-16,1.,0.));
#12758=DIRECTION('',(1.,-2.30718222304915E-16,0.));
#12759=DIRECTION('',(0.,0.,1.));
#12760=DIRECTION('',(1.,-5.25673780599033E-16,0.));
#12761=DIRECTION('',(-5.25621213220973E-16,-1.,0.));
#12762=DIRECTION('',(0.,-1.,0.));
#12763=DIRECTION('',(0.,0.,1.));
#12764=DIRECTION('',(0.,0.,1.));
#12765=DIRECTION('',(0.,-1.,0.));
#12766=DIRECTION('',(0.,0.,1.));
#12767=DIRECTION('',(1.,0.,0.));
#12768=DIRECTION('',(0.,0.,1.));
#12769=DIRECTION('',(0.,0.,1.));
#12770=DIRECTION('',(-1.,0.,0.));
#12771=DIRECTION('',(0.,0.,-1.));
#12772=DIRECTION('',(0.,-1.,0.));
#12773=DIRECTION('',(0.,0.,1.));
#12774=DIRECTION('',(0.,0.,1.));
#12775=DIRECTION('',(0.999999999999999,0.,0.));
#12776=DIRECTION('',(0.,0.,1.));
#12777=DIRECTION('',(-1.,0.,0.));
#12778=DIRECTION('',(0.,0.,1.));
#12779=DIRECTION('',(-0.999999999999999,0.,0.));
#12780=DIRECTION('',(0.,0.,1.));
#12781=DIRECTION('',(1.,0.,0.));
#12782=DIRECTION('',(0.,0.,1.));
#12783=DIRECTION('',(-1.,0.,0.));
#12784=DIRECTION('',(0.,0.,1.));
#12785=DIRECTION('',(-1.,0.,0.));
#12786=DIRECTION('',(0.,0.,-1.));
#12787=DIRECTION('',(-0.999999999999999,0.,0.));
#12788=DIRECTION('',(0.,0.,-1.));
#12789=DIRECTION('',(1.,0.,-1.6660714579868E-17));
#12790=DIRECTION('',(0.,0.,-1.));
#12791=DIRECTION('',(0.999999999999999,0.,0.));
#12792=DIRECTION('',(0.,0.,-1.));
#12793=DIRECTION('',(-1.,0.,0.));
#12794=DIRECTION('',(0.,0.,-1.));
#12795=DIRECTION('',(1.,0.,-1.6660714579868E-17));
#12796=DIRECTION('',(0.,0.,-1.));
#12797=DIRECTION('',(1.,0.,0.));
#12798=DIRECTION('',(-1.,0.,0.));
#12799=DIRECTION('',(0.,0.999999999999999,0.));
#12800=DIRECTION('',(-1.,0.,0.));
#12801=DIRECTION('',(-1.,0.,0.));
#12802=DIRECTION('',(0.,0.999999999999999,0.));
#12803=DIRECTION('',(-1.,0.,0.));
#12804=DIRECTION('',(-1.,0.,0.));
#12805=DIRECTION('',(0.,-0.999999999999999,0.));
#12806=DIRECTION('',(-0.515038074910059,0.85716730070211,0.));
#12807=DIRECTION('',(-0.515038074910059,-0.85716730070211,-1.04972719113861E-16));
#12808=DIRECTION('',(-1.,0.,0.));
#12809=DIRECTION('',(-2.0825893224835E-18,-1.,0.));
#12810=DIRECTION('',(-1.,0.,0.));
#12811=DIRECTION('',(0.,0.999999999999999,0.));
#12812=DIRECTION('',(-1.,0.,0.));
#12813=DIRECTION('',(-1.,0.,0.));
#12814=DIRECTION('',(0.,0.999999999999999,0.));
#12815=DIRECTION('',(-1.,0.,0.));
#12816=DIRECTION('',(-1.,0.,0.));
#12817=DIRECTION('',(0.,-0.999999999999999,0.));
#12818=DIRECTION('',(-0.515038074910059,0.85716730070211,0.));
#12819=DIRECTION('',(-0.515038074910059,-0.85716730070211,-1.04972719113861E-16));
#12820=DIRECTION('',(-1.,0.,0.));
#12821=DIRECTION('',(-2.0825893224835E-18,-1.,0.));
#12822=DIRECTION('',(1.,0.,0.));
#12823=DIRECTION('',(0.,-0.999999999999999,0.));
#12824=DIRECTION('',(1.,0.,0.));
#12825=DIRECTION('',(1.,0.,0.));
#12826=DIRECTION('',(0.,-0.999999999999999,0.));
#12827=DIRECTION('',(1.,0.,0.));
#12828=DIRECTION('',(1.,0.,0.));
#12829=DIRECTION('',(0.,0.999999999999999,0.));
#12830=DIRECTION('',(0.515038074910059,-0.85716730070211,0.));
#12831=DIRECTION('',(0.515038074910059,0.85716730070211,-1.04972719113861E-16));
#12832=DIRECTION('',(1.,0.,0.));
#12833=DIRECTION('',(2.29084825473185E-17,1.,0.));
#12834=DIRECTION('',(1.,0.,0.));
#12835=DIRECTION('',(0.,-0.999999999999999,0.));
#12836=DIRECTION('',(1.,0.,0.));
#12837=DIRECTION('',(1.,0.,0.));
#12838=DIRECTION('',(0.,-0.999999999999999,0.));
#12839=DIRECTION('',(1.,0.,0.));
#12840=DIRECTION('',(1.,0.,0.));
#12841=DIRECTION('',(0.,0.999999999999999,0.));
#12842=DIRECTION('',(0.515038074910059,-0.85716730070211,0.));
#12843=DIRECTION('',(0.515038074910059,0.85716730070211,-1.04972719113861E-16));
#12844=DIRECTION('',(1.,0.,0.));
#12845=DIRECTION('',(2.29084825473185E-17,1.,0.));
#12846=DIRECTION('',(0.,1.,0.));
#12847=DIRECTION('',(0.999999999999999,0.,0.));
#12848=DIRECTION('',(0.,1.,0.));
#12849=DIRECTION('',(0.,1.,0.));
#12850=DIRECTION('',(0.999999999999999,0.,0.));
#12851=DIRECTION('',(0.,1.,0.));
#12852=DIRECTION('',(0.,1.,0.));
#12853=DIRECTION('',(-0.999999999999999,0.,0.));
#12854=DIRECTION('',(0.85716730070211,0.515038074910058,0.));
#12855=DIRECTION('',(-0.85716730070211,0.515038074910058,-1.04972719113862E-16));
#12856=DIRECTION('',(0.,1.,0.));
#12857=DIRECTION('',(-1.,-4.16517864496699E-17,0.));
#12858=DIRECTION('',(0.,1.,0.));
#12859=DIRECTION('',(1.,0.,0.));
#12860=DIRECTION('',(0.,1.,0.));
#12861=DIRECTION('',(0.,1.,0.));
#12862=DIRECTION('',(1.,0.,0.));
#12863=DIRECTION('',(0.,1.,0.));
#12864=DIRECTION('',(0.,1.,0.));
#12865=DIRECTION('',(-1.,0.,0.));
#12866=DIRECTION('',(0.85716730070211,0.515038074910058,0.));
#12867=DIRECTION('',(-0.85716730070211,0.515038074910058,-1.04972719113862E-16));
#12868=DIRECTION('',(0.,1.,0.));
#12869=DIRECTION('',(-1.,-4.16517864496699E-17,0.));
#12870=DIRECTION('',(0.,1.,0.));
#12871=DIRECTION('',(1.,0.,0.));
#12872=DIRECTION('',(0.,1.,0.));
#12873=DIRECTION('',(0.,1.,0.));
#12874=DIRECTION('',(1.,0.,0.));
#12875=DIRECTION('',(0.,1.,0.));
#12876=DIRECTION('',(0.,1.,0.));
#12877=DIRECTION('',(-1.,0.,0.));
#12878=DIRECTION('',(0.85716730070211,0.515038074910058,0.));
#12879=DIRECTION('',(-0.85716730070211,0.515038074910058,-1.04972719113862E-16));
#12880=DIRECTION('',(0.,1.,0.));
#12881=DIRECTION('',(-1.,-4.16517864496699E-17,0.));
#12882=DIRECTION('',(0.,1.,0.));
#12883=DIRECTION('',(0.999999999999999,0.,0.));
#12884=DIRECTION('',(0.,1.,0.));
#12885=DIRECTION('',(0.,1.,0.));
#12886=DIRECTION('',(0.999999999999999,0.,0.));
#12887=DIRECTION('',(0.,1.,0.));
#12888=DIRECTION('',(0.,1.,0.));
#12889=DIRECTION('',(-0.999999999999999,0.,0.));
#12890=DIRECTION('',(0.85716730070211,0.515038074910058,0.));
#12891=DIRECTION('',(-0.85716730070211,0.515038074910058,-1.04972719113862E-16));
#12892=DIRECTION('',(0.,1.,0.));
#12893=DIRECTION('',(-1.,-4.16517864496699E-17,0.));
#12894=DIRECTION('',(0.,1.,0.));
#12895=DIRECTION('',(1.,0.,0.));
#12896=DIRECTION('',(0.,1.,0.));
#12897=DIRECTION('',(0.,1.,0.));
#12898=DIRECTION('',(0.,1.,0.));
#12899=DIRECTION('',(-1.,0.,0.));
#12900=DIRECTION('',(0.,1.,0.));
#12901=DIRECTION('',(0.,1.,0.));
#12902=DIRECTION('',(1.,0.,0.));
#12903=DIRECTION('',(0.,1.,0.));
#12904=DIRECTION('',(0.,1.,0.));
#12905=DIRECTION('',(-1.,0.,0.));
#12906=DIRECTION('',(0.,1.,0.));
#12907=DIRECTION('',(1.,0.,0.));
#12908=DIRECTION('',(0.,1.,0.));
#12909=DIRECTION('',(0.,1.,0.));
#12910=DIRECTION('',(1.,0.,0.));
#12911=DIRECTION('',(0.,1.,0.));
#12912=DIRECTION('',(0.,1.,0.));
#12913=DIRECTION('',(-1.,0.,0.));
#12914=DIRECTION('',(0.,1.,0.));
#12915=DIRECTION('',(1.,0.,0.));
#12916=DIRECTION('',(0.,1.,0.));
#12917=DIRECTION('',(0.,1.,0.));
#12918=DIRECTION('',(1.,0.,0.));
#12919=DIRECTION('',(0.,1.,0.));
#12920=DIRECTION('',(0.,1.,0.));
#12921=DIRECTION('',(-1.,0.,0.));
#12922=DIRECTION('',(0.,1.,0.));
#12923=DIRECTION('',(1.,0.,0.));
#12924=DIRECTION('',(0.,1.,0.));
#12925=DIRECTION('',(0.,1.,0.));
#12926=DIRECTION('',(0.,1.,0.));
#12927=DIRECTION('',(-1.,0.,0.));
#12928=DIRECTION('',(0.,1.,0.));
#12929=DIRECTION('',(0.,1.,0.));
#12930=DIRECTION('',(1.,0.,0.));
#12931=DIRECTION('',(0.,1.,0.));
#12932=DIRECTION('',(0.,1.,0.));
#12933=DIRECTION('',(-1.,0.,0.));
#12934=DIRECTION('',(0.,1.,0.));
#12935=DIRECTION('',(1.,0.,0.));
#12936=DIRECTION('',(0.,1.,0.));
#12937=DIRECTION('',(0.,1.,0.));
#12938=DIRECTION('',(0.,1.,0.));
#12939=DIRECTION('',(-1.,0.,0.));
#12940=DIRECTION('',(0.,1.,0.));
#12941=DIRECTION('',(0.,1.,0.));
#12942=DIRECTION('',(1.,0.,0.));
#12943=DIRECTION('',(0.,1.,0.));
#12944=DIRECTION('',(0.,1.,0.));
#12945=DIRECTION('',(-1.,0.,0.));
#12946=DIRECTION('',(0.,1.,0.));
#12947=DIRECTION('',(1.,0.,0.));
#12948=DIRECTION('',(0.,1.,0.));
#12949=DIRECTION('',(0.,1.,0.));
#12950=DIRECTION('',(1.,0.,0.));
#12951=DIRECTION('',(0.,1.,0.));
#12952=DIRECTION('',(0.,1.,0.));
#12953=DIRECTION('',(-1.,0.,0.));
#12954=DIRECTION('',(0.,1.,0.));
#12955=DIRECTION('',(1.,0.,0.));
#12956=DIRECTION('',(0.,1.,0.));
#12957=DIRECTION('',(0.,1.,0.));
#12958=DIRECTION('',(1.,0.,0.));
#12959=DIRECTION('',(0.,1.,0.));
#12960=DIRECTION('',(0.,1.,0.));
#12961=DIRECTION('',(-1.,0.,0.));
#12962=DIRECTION('',(0.,1.,0.));
#12963=DIRECTION('',(1.,0.,0.));
#12964=DIRECTION('',(0.,1.,0.));
#12965=DIRECTION('',(0.,1.,0.));
#12966=DIRECTION('',(0.,1.,0.));
#12967=DIRECTION('',(-1.,0.,0.));
#12968=DIRECTION('',(0.,1.,0.));
#12969=DIRECTION('',(0.,1.,0.));
#12970=DIRECTION('',(1.,0.,0.));
#12971=DIRECTION('',(0.,1.,0.));
#12972=DIRECTION('',(0.,1.,0.));
#12973=DIRECTION('',(-1.,0.,0.));
#12974=DIRECTION('',(0.,0.,1.));
#12975=DIRECTION('',(0.,-1.,0.));
#12976=DIRECTION('',(0.,0.,1.));
#12977=DIRECTION('',(0.,0.,1.));
#12978=DIRECTION('',(0.,-1.,0.));
#12979=DIRECTION('',(0.,0.,1.));
#12980=DIRECTION('',(0.,-1.,0.));
#12981=DIRECTION('',(0.,0.,1.));
#12982=DIRECTION('',(0.,0.,1.));
#12983=DIRECTION('',(0.,1.,0.));
#12984=DIRECTION('',(0.,0.,1.));
#12985=DIRECTION('',(0.,-0.999999999999999,0.));
#12986=DIRECTION('',(0.,0.,1.));
#12987=DIRECTION('',(0.,0.,1.));
#12988=DIRECTION('',(0.,-0.999999999999999,0.));
#12989=DIRECTION('',(0.,0.,1.));
#12990=DIRECTION('',(0.,0.,1.));
#12991=DIRECTION('',(0.,0.999999999999999,0.));
#12992=DIRECTION('',(0.,-0.85716730070211,0.515038074910059));
#12993=DIRECTION('',(1.04972719113861E-16,0.85716730070211,0.515038074910059));
#12994=DIRECTION('',(0.,0.,1.));
#12995=DIRECTION('',(0.,1.,1.6660714579868E-17));
#12996=DIRECTION('',(0.,0.,1.));
#12997=DIRECTION('',(0.,-0.999999999999999,0.));
#12998=DIRECTION('',(0.,0.,1.));
#12999=DIRECTION('',(0.,0.,1.));
#13000=DIRECTION('',(0.,-0.999999999999999,0.));
#13001=DIRECTION('',(0.,0.,1.));
#13002=DIRECTION('',(0.,0.,1.));
#13003=DIRECTION('',(0.,0.999999999999999,0.));
#13004=DIRECTION('',(0.,-0.857167300702109,0.515038074910059));
#13005=DIRECTION('',(1.04972719113861E-16,0.857167300702109,0.515038074910059));
#13006=DIRECTION('',(0.,0.,1.));
#13007=DIRECTION('',(0.,1.,1.6660714579868E-17));
#13008=DIRECTION('',(0.,0.,1.));
#13009=DIRECTION('',(0.,-1.,0.));
#13010=DIRECTION('',(0.,0.,1.));
#13011=DIRECTION('',(0.,0.,1.));
#13012=DIRECTION('',(0.,-1.,0.));
#13013=DIRECTION('',(0.,0.,1.));
#13014=DIRECTION('',(0.,0.,1.));
#13015=DIRECTION('',(0.,0.999999999999999,0.));
#13016=DIRECTION('',(0.,0.,1.));
#13017=DIRECTION('',(0.,-1.,0.));
#13018=DIRECTION('',(0.,0.,1.));
#13019=DIRECTION('',(0.,0.,1.));
#13020=DIRECTION('',(0.,-1.,0.));
#13021=DIRECTION('',(0.,0.,1.));
#13022=DIRECTION('',(0.,0.999999999999999,0.));
#13023=DIRECTION('',(0.,0.,1.));
#13024=DIRECTION('',(0.,-1.,0.));
#13025=DIRECTION('',(0.,0.,1.));
#13026=DIRECTION('',(0.,0.,1.));
#13027=DIRECTION('',(0.,-1.,0.));
#13028=DIRECTION('',(0.,0.,1.));
#13029=DIRECTION('',(0.,0.,1.));
#13030=DIRECTION('',(0.,0.999999999999999,0.));
#13031=DIRECTION('',(0.,0.,1.));
#13032=DIRECTION('',(0.,-1.,0.));
#13033=DIRECTION('',(0.,0.,1.));
#13034=DIRECTION('',(0.,-1.,0.));
#13035=DIRECTION('',(0.,0.,1.));
#13036=DIRECTION('',(0.,0.,1.));
#13037=DIRECTION('',(0.,0.999999999999999,0.));
#13038=DIRECTION('',(0.,0.,1.));
#13039=DIRECTION('',(0.,-1.,0.));
#13040=DIRECTION('',(0.,0.,1.));
#13041=DIRECTION('',(0.,0.,1.));
#13042=DIRECTION('',(0.,-1.,0.));
#13043=DIRECTION('',(0.,0.,-1.));
#13044=DIRECTION('',(0.,0.,-1.));
#13045=DIRECTION('',(0.,-1.,0.));
#13046=DIRECTION('',(0.,0.,1.));
#13047=DIRECTION('',(0.,-1.,0.));
#13048=DIRECTION('',(0.,0.,1.));
#13049=DIRECTION('',(0.,0.,1.));
#13050=DIRECTION('',(0.,-1.,0.));
#13051=DIRECTION('',(0.,0.,1.));
#13052=DIRECTION('',(0.,-1.,0.));
#13053=DIRECTION('',(0.,0.,1.));
#13054=DIRECTION('',(0.,1.,0.));
#13055=DIRECTION('',(0.,1.,0.));
#13056=DIRECTION('',(0.,0.,1.));
#13057=DIRECTION('',(0.,-1.,0.));
#13058=DIRECTION('',(0.,0.,1.));
#13059=DIRECTION('',(0.,1.,0.));
#13060=DIRECTION('',(0.,-1.,0.));
#13061=DIRECTION('',(0.,0.,1.));
#13062=DIRECTION('',(0.,-1.,0.));
#13063=DIRECTION('',(0.,1.,0.));
#13064=DIRECTION('',(0.,0.,1.));
#13065=DIRECTION('',(0.,-1.,0.));
#13066=DIRECTION('',(0.,0.,1.));
#13067=DIRECTION('',(0.,1.,0.));
#13068=DIRECTION('',(-1.,0.,0.));
#13069=DIRECTION('',(0.,0.,1.));
#13070=DIRECTION('',(-1.,0.,0.));
#13071=DIRECTION('',(0.,0.,1.));
#13072=DIRECTION('',(0.,1.,0.));
#13073=DIRECTION('',(1.,0.,0.));
#13074=DIRECTION('',(0.,1.,0.));
#13075=DIRECTION('',(1.,0.,0.));
#13076=DIRECTION('',(0.,1.,0.));
#13077=DIRECTION('',(1.,0.,0.));
#13078=DIRECTION('',(0.,1.,0.));
#13079=DIRECTION('',(1.,0.,0.));
#13080=DIRECTION('',(0.,-1.,0.));
#13081=DIRECTION('',(1.,0.,0.));
#13082=DIRECTION('',(0.,-1.,0.));
#13083=DIRECTION('',(0.,0.,1.));
#13084=DIRECTION('',(0.,-1.,0.));
#13085=DIRECTION('',(0.,1.,0.));
#13086=DIRECTION('',(0.,0.,1.));
#13087=DIRECTION('',(0.,-1.,0.));
#13088=DIRECTION('',(0.,0.,1.));
#13089=DIRECTION('',(0.,1.,0.));
#13090=DIRECTION('',(0.,1.,0.));
#13091=DIRECTION('',(0.,0.,1.));
#13092=DIRECTION('',(0.,1.,0.));
#13093=DIRECTION('',(1.,0.,0.));
#13094=DIRECTION('',(0.,-0.999999999999999,0.));
#13095=DIRECTION('',(1.,0.,0.));
#13096=DIRECTION('',(0.,-0.999999999999999,0.));
#13097=DIRECTION('',(-1.,0.,0.));
#13098=DIRECTION('',(0.,-1.,0.));
#13099=DIRECTION('',(0.,1.,0.));
#13100=DIRECTION('',(-1.,0.,0.));
#13101=DIRECTION('',(0.,0.,1.));
#13102=DIRECTION('',(0.,-1.,0.));
#13103=DIRECTION('',(0.,0.,1.));
#13104=DIRECTION('',(0.,1.,0.));
#13105=DIRECTION('',(0.,1.,0.));
#13106=DIRECTION('',(0.,0.,1.));
#13107=DIRECTION('',(-1.,0.,0.));
#13108=DIRECTION('',(0.,0.999999999999999,0.));
#13109=DIRECTION('',(-1.,0.,0.));
#13110=DIRECTION('',(0.,0.999999999999999,0.));
#13111=DIRECTION('',(1.,0.,0.));
#13112=DIRECTION('',(0.,1.,0.));
#13113=DIRECTION('',(1.,0.,0.));
#13114=DIRECTION('',(0.,0.,1.));
#13115=DIRECTION('',(0.,-1.,0.));
#13116=DIRECTION('',(0.,0.,1.));
#13117=DIRECTION('',(0.,-1.,0.));
#13118=DIRECTION('',(0.,0.,1.));
#13119=DIRECTION('',(0.,-1.,0.));
#13120=DIRECTION('',(0.,0.,1.));
#13121=DIRECTION('',(0.,-1.,0.));
#13122=DIRECTION('',(0.,0.,-1.));
#13123=DIRECTION('',(0.,-1.,0.));
#13124=DIRECTION('',(0.,1.,0.));
#13125=DIRECTION('',(0.999999999999999,0.,0.));
#13126=DIRECTION('',(0.,1.,0.));
#13127=DIRECTION('',(1.,0.,0.));
#13128=DIRECTION('',(0.,1.,0.));
#13129=DIRECTION('',(1.,0.,0.));
#13130=DIRECTION('',(0.,1.,0.));
#13131=DIRECTION('',(0.999999999999999,0.,0.));
#13132=DIRECTION('',(0.,1.,0.));
#13133=DIRECTION('',(1.,0.,0.));
#13134=DIRECTION('',(0.,1.,0.));
#13135=DIRECTION('',(1.,0.,0.));
#13136=DIRECTION('',(0.,1.,0.));
#13137=DIRECTION('',(1.,0.,0.));
#13138=DIRECTION('',(0.,1.,0.));
#13139=DIRECTION('',(1.,0.,0.));
#13140=DIRECTION('',(0.,-1.,0.));
#13141=DIRECTION('',(1.,0.,0.));
#13142=DIRECTION('',(0.,0.,-1.));
#13143=DIRECTION('',(0.,0.,-1.));
#13144=DIRECTION('',(7.09951644797916E-15,-1.,0.));
#13145=DIRECTION('',(0.,0.,1.));
#13146=DIRECTION('',(0.,1.,0.));
#13147=DIRECTION('',(0.,-1.,0.));
#13148=DIRECTION('',(0.,0.,1.));
#13149=DIRECTION('',(0.,1.,0.));
#13150=DIRECTION('',(0.,0.,1.));
#13151=DIRECTION('',(0.,-1.,0.));
#13152=DIRECTION('',(0.,0.,1.));
#13153=DIRECTION('',(0.,0.999999999999999,0.));
#13154=DIRECTION('',(0.,0.,1.));
#13155=DIRECTION('',(0.,-0.999999999999999,0.));
#13156=DIRECTION('',(0.,0.,1.));
#13157=DIRECTION('',(0.,1.,0.));
#13158=DIRECTION('',(0.,0.,1.));
#13159=DIRECTION('',(0.,-1.,0.));
#13160=DIRECTION('',(0.,0.,1.));
#13161=DIRECTION('',(0.,0.999999999999999,0.));
#13162=DIRECTION('',(0.,0.,1.));
#13163=DIRECTION('',(0.,-0.999999999999999,0.));
#13164=DIRECTION('',(0.,0.,1.));
#13165=DIRECTION('',(0.,1.,0.));
#13166=DIRECTION('',(0.,0.,1.));
#13167=DIRECTION('',(0.,-0.999999999999999,0.));
#13168=DIRECTION('',(0.,0.,1.));
#13169=DIRECTION('',(0.,1.,1.6660714579868E-17));
#13170=DIRECTION('',(0.,0.,1.));
#13171=DIRECTION('',(0.,0.999999999999999,0.));
#13172=DIRECTION('',(0.,0.,1.));
#13173=DIRECTION('',(0.,-0.999999999999999,0.));
#13174=DIRECTION('',(0.,0.,1.));
#13175=DIRECTION('',(0.,1.,1.6660714579868E-17));
#13176=DIRECTION('',(0.,0.,1.));
#13177=DIRECTION('',(0.,0.999999999999999,0.));
#13178=DIRECTION('',(0.,0.,1.));
#13179=DIRECTION('',(0.,1.,0.));
#13180=DIRECTION('',(0.,1.,0.));
#13181=DIRECTION('',(-1.,0.,0.));
#13182=DIRECTION('',(0.,1.,0.));
#13183=DIRECTION('',(1.,0.,0.));
#13184=DIRECTION('',(0.,1.,0.));
#13185=DIRECTION('',(-1.,0.,0.));
#13186=DIRECTION('',(0.,1.,0.));
#13187=DIRECTION('',(1.,0.,0.));
#13188=DIRECTION('',(0.,1.,0.));
#13189=DIRECTION('',(-1.,0.,0.));
#13190=DIRECTION('',(0.,-1.,0.));
#13191=DIRECTION('',(1.,0.,0.));
#13192=DIRECTION('',(0.,1.,0.));
#13193=DIRECTION('',(1.,0.,0.));
#13194=DIRECTION('',(0.,1.,0.));
#13195=DIRECTION('',(-1.,0.,0.));
#13196=DIRECTION('',(0.,1.,0.));
#13197=DIRECTION('',(1.,0.,0.));
#13198=DIRECTION('',(0.,-1.,0.));
#13199=DIRECTION('',(1.,0.,0.));
#13200=DIRECTION('',(0.,1.,0.));
#13201=DIRECTION('',(-1.,0.,0.));
#13202=DIRECTION('',(0.,1.,0.));
#13203=DIRECTION('',(-1.,0.,0.));
#13204=DIRECTION('',(0.,1.,0.));
#13205=DIRECTION('',(1.,0.,0.));
#13206=DIRECTION('',(0.,1.,0.));
#13207=DIRECTION('',(-1.,0.,0.));
#13208=DIRECTION('',(0.,1.,0.));
#13209=DIRECTION('',(1.,0.,0.));
#13210=DIRECTION('',(0.,1.,0.));
#13211=DIRECTION('',(-1.,0.,0.));
#13212=DIRECTION('',(0.,-1.,0.));
#13213=DIRECTION('',(1.,0.,0.));
#13214=DIRECTION('',(0.,1.,0.));
#13215=DIRECTION('',(1.,0.,0.));
#13216=DIRECTION('',(0.,1.,0.));
#13217=DIRECTION('',(-1.,0.,0.));
#13218=DIRECTION('',(0.,1.,0.));
#13219=DIRECTION('',(1.,0.,0.));
#13220=DIRECTION('',(0.,-1.,0.));
#13221=DIRECTION('',(1.,0.,0.));
#13222=DIRECTION('',(0.,1.,0.));
#13223=DIRECTION('',(-1.,0.,0.));
#13224=DIRECTION('',(0.,1.,0.));
#13225=DIRECTION('',(0.999999999999999,0.,0.));
#13226=DIRECTION('',(0.,1.,0.));
#13227=DIRECTION('',(-1.,-4.16517864496699E-17,0.));
#13228=DIRECTION('',(0.,1.,0.));
#13229=DIRECTION('',(-0.999999999999999,0.,0.));
#13230=DIRECTION('',(0.,1.,0.));
#13231=DIRECTION('',(1.,0.,0.));
#13232=DIRECTION('',(0.,1.,0.));
#13233=DIRECTION('',(-1.,-4.16517864496699E-17,0.));
#13234=DIRECTION('',(0.,1.,0.));
#13235=DIRECTION('',(-1.,0.,0.));
#13236=DIRECTION('',(0.,1.,0.));
#13237=DIRECTION('',(1.,0.,0.));
#13238=DIRECTION('',(0.,1.,0.));
#13239=DIRECTION('',(-1.,-4.16517864496699E-17,0.));
#13240=DIRECTION('',(0.,1.,0.));
#13241=DIRECTION('',(-1.,0.,0.));
#13242=DIRECTION('',(0.,1.,0.));
#13243=DIRECTION('',(0.999999999999999,0.,0.));
#13244=DIRECTION('',(0.,1.,0.));
#13245=DIRECTION('',(-1.,-4.16517864496699E-17,0.));
#13246=DIRECTION('',(0.,1.,0.));
#13247=DIRECTION('',(-0.999999999999999,0.,0.));
#13248=DIRECTION('',(1.,0.,0.));
#13249=DIRECTION('',(0.,-0.999999999999999,0.));
#13250=DIRECTION('',(1.,0.,0.));
#13251=DIRECTION('',(2.29084825473185E-17,1.,0.));
#13252=DIRECTION('',(1.,0.,0.));
#13253=DIRECTION('',(0.,0.999999999999999,0.));
#13254=DIRECTION('',(1.,0.,0.));
#13255=DIRECTION('',(0.,-0.999999999999999,0.));
#13256=DIRECTION('',(1.,0.,0.));
#13257=DIRECTION('',(2.29084825473185E-17,1.,0.));
#13258=DIRECTION('',(1.,0.,0.));
#13259=DIRECTION('',(0.,0.999999999999999,0.));
#13260=DIRECTION('',(-1.,0.,0.));
#13261=DIRECTION('',(0.,0.999999999999999,0.));
#13262=DIRECTION('',(-1.,0.,0.));
#13263=DIRECTION('',(-2.0825893224835E-18,-1.,0.));
#13264=DIRECTION('',(-1.,0.,0.));
#13265=DIRECTION('',(0.,-0.999999999999999,0.));
#13266=DIRECTION('',(-1.,0.,0.));
#13267=DIRECTION('',(0.,0.999999999999999,0.));
#13268=DIRECTION('',(-1.,0.,0.));
#13269=DIRECTION('',(-2.0825893224835E-18,-1.,0.));
#13270=DIRECTION('',(-1.,0.,0.));
#13271=DIRECTION('',(0.,-0.999999999999999,0.));
#13272=DIRECTION('',(0.,0.,-1.));
#13273=DIRECTION('',(-0.999999999999999,0.,0.));
#13274=DIRECTION('',(0.,0.,-1.));
#13275=DIRECTION('',(-0.999999999999999,0.,0.));
#13276=DIRECTION('',(0.,0.,-1.));
#13277=DIRECTION('',(-0.999999999999999,0.,0.));
#13278=DIRECTION('',(0.,0.,-1.));
#13279=DIRECTION('',(-0.999999999999999,0.,0.));
#13280=DIRECTION('',(0.,0.,-1.));
#13281=DIRECTION('',(-1.,0.,0.));
#13282=DIRECTION('',(0.,0.,-1.));
#13283=DIRECTION('',(-1.,0.,0.));
#13284=DIRECTION('',(0.,0.,-1.));
#13285=DIRECTION('',(-1.,0.,0.));
#13286=DIRECTION('',(0.,0.,-1.));
#13287=DIRECTION('',(-1.,0.,0.));
#13288=DIRECTION('',(0.,0.,-1.));
#13289=DIRECTION('',(-1.,0.,0.));
#13290=DIRECTION('',(0.,0.,-1.));
#13291=DIRECTION('',(-0.999999999999999,0.,0.));
#13292=DIRECTION('',(0.,0.,-1.));
#13293=DIRECTION('',(-1.,0.,0.));
#13294=DIRECTION('',(0.,0.,1.));
#13295=DIRECTION('',(-1.,0.,0.));
#13296=DIRECTION('',(-1.,0.,0.));
#13297=DIRECTION('',(0.,0.,1.));
#13298=DIRECTION('',(-1.,0.,0.));
#13299=DIRECTION('',(0.,1.,0.));
#13300=DIRECTION('',(0.,0.,1.));
#13301=DIRECTION('',(-1.,0.,0.));
#13302=DIRECTION('',(1.,0.,0.));
#13303=DIRECTION('',(0.,0.,1.));
#13304=DIRECTION('',(-1.,0.,0.));
#13305=DIRECTION('',(0.,-1.,0.));
#13306=DIRECTION('',(0.,0.,-1.));
#13307=DIRECTION('',(1.,0.,0.));
#13308=DIRECTION('',(0.,0.,-1.));
#13309=DIRECTION('',(-0.999999999999999,0.,0.));
#13310=DIRECTION('',(0.,0.,-1.));
#13311=DIRECTION('',(-0.999999999999999,0.,0.));
#13312=DIRECTION('',(0.,0.,-1.));
#13313=DIRECTION('',(-0.999999999999999,0.,0.));
#13314=DIRECTION('',(0.,0.,-1.));
#13315=DIRECTION('',(-0.999999999999999,0.,0.));
#13316=DIRECTION('',(0.,0.,-1.));
#13317=DIRECTION('',(-1.,0.,0.));
#13318=DIRECTION('',(-1.65211759616839E-16,1.,0.));
#13319=DIRECTION('',(0.,0.,1.));
#13320=DIRECTION('',(-1.,0.,0.));
#13321=DIRECTION('',(-1.,0.,0.));
#13322=DIRECTION('',(0.,0.,-1.));
#13323=DIRECTION('',(-1.,0.,0.));
#13324=DIRECTION('',(-8.26058798084194E-17,1.,0.));
#13325=DIRECTION('',(0.,0.,-1.));
#13326=DIRECTION('',(-1.,0.,0.));
#13327=DIRECTION('',(1.,0.,0.));
#13328=DIRECTION('',(0.,0.,1.));
#13329=DIRECTION('',(-1.,0.,0.));
#13330=DIRECTION('',(-1.,0.,0.));
#13331=DIRECTION('',(0.,0.,1.));
#13332=DIRECTION('',(-1.,0.,0.));
#13333=DIRECTION('',(0.,-1.,0.));
#13334=DIRECTION('',(0.,0.,1.));
#13335=DIRECTION('',(-1.,0.,0.));
#13336=DIRECTION('',(1.,0.,0.));
#13337=DIRECTION('',(0.,0.,1.));
#13338=DIRECTION('',(-1.,0.,0.));
#13339=DIRECTION('',(0.,1.,0.));
#13340=DIRECTION('',(0.,0.,1.));
#13341=DIRECTION('',(-1.,0.,0.));
#13342=DIRECTION('',(0.,0.,-1.));
#13343=DIRECTION('',(-1.,0.,0.));
#13344=DIRECTION('',(0.,0.,-1.));
#13345=DIRECTION('',(1.,0.,0.));
#13346=DIRECTION('',(0.,0.,1.));
#13347=DIRECTION('',(0.,0.,-1.));
#13348=DIRECTION('',(0.,0.,-1.));
#13349=DIRECTION('',(1.,0.,0.));
#13350=DIRECTION('',(0.,0.,-1.));
#13351=DIRECTION('',(0.,1.,0.));
#13352=DIRECTION('',(0.,0.,-1.));
#13353=DIRECTION('',(0.,0.,1.));
#13354=DIRECTION('',(0.,0.,-1.));
#13355=DIRECTION('',(1.,0.,0.));
#13356=DIRECTION('',(0.,0.,-1.));
#13357=DIRECTION('',(1.,0.,0.));
#13358=DIRECTION('',(0.,0.,1.));
#13359=DIRECTION('',(0.,0.,1.));
#13360=DIRECTION('',(0.,0.,-1.));
#13361=DIRECTION('',(1.,0.,0.));
#13362=DIRECTION('',(0.,0.,-1.));
#13363=DIRECTION('',(0.,-1.,0.));
#13364=DIRECTION('',(0.,0.,1.));
#13365=DIRECTION('',(0.,0.,1.));
#13366=DIRECTION('',(0.,0.,-1.));
#13367=DIRECTION('',(1.,0.,0.));
#13368=DIRECTION('',(-1.,0.,0.));
#13369=DIRECTION('',(0.,0.,-1.));
#13370=DIRECTION('',(0.,0.,1.));
#13371=DIRECTION('',(1.,0.,0.));
#13372=DIRECTION('',(0.,0.,1.));
#13373=DIRECTION('',(-1.,0.,0.));
#13374=DIRECTION('',(0.,0.,1.));
#13375=DIRECTION('',(1.,0.,0.));
#13376=DIRECTION('',(0.,0.,1.));
#13377=DIRECTION('',(-1.,0.,0.));
#13378=DIRECTION('',(0.,0.,1.));
#13379=DIRECTION('',(1.,0.,0.));
#13380=DIRECTION('',(0.,0.,1.));
#13381=DIRECTION('',(0.,0.,1.));
#13382=DIRECTION('',(1.,0.,0.));
#13383=DIRECTION('',(0.,0.,1.));
#13384=DIRECTION('',(0.,0.,1.));
#13385=DIRECTION('',(-1.,0.,0.));
#13386=DIRECTION('',(0.,0.,-1.));
#13387=DIRECTION('',(-1.,0.,0.));
#13388=DIRECTION('',(0.,0.,-1.));
#13389=DIRECTION('',(1.,0.,0.));
#13390=DIRECTION('',(0.,0.,-1.));
#13391=DIRECTION('',(-1.,0.,0.));
#13392=DIRECTION('',(0.,0.,-1.));
#13393=DIRECTION('',(1.,0.,0.));
#13394=DIRECTION('',(0.,0.,-1.));
#13395=DIRECTION('',(-0.999999999999999,0.,0.));
#13396=DIRECTION('',(0.,0.,1.));
#13397=DIRECTION('',(0.999999999999999,0.,0.));
#13398=DIRECTION('',(0.,0.,-1.));
#13399=DIRECTION('',(0.999999999999999,0.,0.));
#13400=DIRECTION('',(0.,0.,-1.));
#13401=DIRECTION('',(-1.,0.,0.));
#13402=DIRECTION('',(0.,0.,-1.));
#13403=DIRECTION('',(1.,0.,0.));
#13404=DIRECTION('',(0.,0.,-1.));
#13405=DIRECTION('',(-1.,0.,0.));
#13406=DIRECTION('',(0.,0.,-1.));
#13407=DIRECTION('',(1.,0.,0.));
#13408=DIRECTION('',(0.,0.,1.));
#13409=DIRECTION('',(1.,0.,0.));
#13410=DIRECTION('',(0.,0.,1.));
#13411=DIRECTION('',(-1.,0.,0.));
#13412=DIRECTION('',(0.,0.,1.));
#13413=DIRECTION('',(0.,0.,-1.));
#13414=DIRECTION('',(-1.65211759616839E-16,1.,0.));
#13415=DIRECTION('',(1.,1.65211759616839E-16,0.));
#13416=DIRECTION('',(1.66533453693773E-16,-1.,0.));
#13417=DIRECTION('',(0.,0.,1.));
#13418=DIRECTION('',(0.,0.,-1.));
#13419=DIRECTION('',(1.,0.,0.));
#13420=DIRECTION('',(0.,-1.,0.));
#13421=DIRECTION('',(0.,0.,1.));
#13422=DIRECTION('',(0.,0.,1.));
#13423=DIRECTION('',(0.,0.,-1.));
#13424=DIRECTION('',(8.26058798084194E-17,-1.,0.));
#13425=DIRECTION('',(-1.,-8.26058798084194E-17,0.));
#13426=DIRECTION('',(-8.32667268468867E-17,1.,0.));
#13427=DIRECTION('',(0.,0.,1.));
#13428=DIRECTION('',(0.,0.,-1.));
#13429=DIRECTION('',(-1.,0.,0.));
#13430=DIRECTION('',(0.,1.,0.));
#13431=DIRECTION('',(0.,0.,-1.));
#13432=DIRECTION('',(0.,0.,1.));
#13433=DIRECTION('',(1.,0.,0.));
#13434=DIRECTION('',(0.,0.,1.));
#13435=DIRECTION('',(1.,0.,0.));
#13436=DIRECTION('',(0.,0.,1.));
#13437=DIRECTION('',(0.999999999999999,0.,0.));
#13438=DIRECTION('',(0.,0.,1.));
#13439=DIRECTION('',(1.,0.,0.));
#13440=DIRECTION('',(0.,0.,1.));
#13441=DIRECTION('',(1.,0.,0.));
#13442=DIRECTION('',(0.,0.,1.));
#13443=DIRECTION('',(1.,0.,0.));
#13444=DIRECTION('',(0.,0.,1.));
#13445=DIRECTION('',(1.,0.,0.));
#13446=DIRECTION('',(0.,0.,1.));
#13447=DIRECTION('',(1.,0.,0.));
#13448=DIRECTION('',(0.,0.,1.));
#13449=DIRECTION('',(-1.,0.,0.));
#13450=DIRECTION('',(0.,0.,-1.));
#13451=DIRECTION('',(-1.,0.,0.));
#13452=DIRECTION('',(0.,0.,-1.));
#13453=DIRECTION('',(1.,0.,0.));
#13454=DIRECTION('',(0.,0.,1.));
#13455=DIRECTION('',(-1.,0.,0.));
#13456=DIRECTION('',(0.,0.,-1.));
#13457=DIRECTION('',(-0.999999999999999,0.,0.));
#13458=DIRECTION('',(0.,0.,-1.));
#13459=DIRECTION('',(0.999999999999999,0.,0.));
#13460=DIRECTION('',(0.,0.,1.));
#13461=DIRECTION('',(-1.,0.,0.));
#13462=DIRECTION('',(0.,0.,1.));
#13463=DIRECTION('',(-1.,0.,0.));
#13464=DIRECTION('',(0.,0.,-1.));
#13465=DIRECTION('',(-1.,0.,0.));
#13466=DIRECTION('',(0.,0.,-1.));
#13467=DIRECTION('',(1.,0.,0.));
#13468=DIRECTION('',(0.,0.,1.));
#13469=DIRECTION('',(-1.,0.,0.));
#13470=DIRECTION('',(0.,0.,1.));
#13471=DIRECTION('',(1.,0.,0.));
#13472=DIRECTION('',(0.,0.,1.));
#13473=DIRECTION('',(-1.,0.,0.));
#13474=DIRECTION('',(0.,0.,1.));
#13475=DIRECTION('',(-1.,0.,0.));
#13476=DIRECTION('',(0.,0.,1.));
#13477=DIRECTION('',(0.999999999999999,0.,0.));
#13478=DIRECTION('',(0.,0.,1.));
#13479=DIRECTION('',(-0.999999999999999,0.,0.));
#13480=DIRECTION('',(0.,0.,-1.));
#13481=DIRECTION('',(1.,0.,0.));
#13482=DIRECTION('',(0.,0.,1.));
#13483=DIRECTION('',(1.,0.,0.));
#13484=DIRECTION('',(0.,0.,1.));
#13485=DIRECTION('',(-1.,0.,0.));
#13486=DIRECTION('',(0.,0.,-1.));
#13487=DIRECTION('',(1.,0.,0.));
#13488=DIRECTION('',(0.,0.,-1.));
#13489=DIRECTION('',(1.,0.,0.));
#13490=DIRECTION('',(0.,0.,-1.));
#13491=DIRECTION('',(1.,0.,0.));
#13492=DIRECTION('',(0.,0.,-1.));
#13493=DIRECTION('',(1.,0.,0.));
#13494=DIRECTION('',(0.,0.,-1.));
#13495=DIRECTION('',(1.,0.,0.));
#13496=DIRECTION('',(0.,0.,-1.));
#13497=DIRECTION('',(-0.999999999999999,0.,0.));
#13498=DIRECTION('',(0.,0.,-1.));
#13499=DIRECTION('',(-0.999999999999999,0.,0.));
#13500=DIRECTION('',(0.,0.,-1.));
#13501=DIRECTION('',(-0.999999999999999,0.,0.));
#13502=DIRECTION('',(0.,0.,-1.));
#13503=DIRECTION('',(-0.999999999999999,0.,0.));
#13504=DIRECTION('',(0.,0.,-1.));
#13505=DIRECTION('',(1.,0.,0.));
#13506=DIRECTION('',(0.,0.,1.));
#13507=DIRECTION('',(0.,0.,-1.));
#13508=DIRECTION('',(1.,0.,0.));
#13509=DIRECTION('',(0.,0.,1.));
#13510=DIRECTION('',(0.,0.,1.));
#13511=DIRECTION('',(-1.,0.,0.));
#13512=DIRECTION('',(0.,0.,1.));
#13513=DIRECTION('',(-0.999999999999999,0.,0.));
#13514=DIRECTION('',(0.,0.,-1.));
#13515=DIRECTION('',(0.,0.,1.));
#13516=DIRECTION('',(-0.999999999999999,0.,0.));
#13517=DIRECTION('',(0.,0.,1.));
#13518=DIRECTION('',(0.,0.,-1.));
#13519=DIRECTION('',(0.999999999999999,0.,0.));
#13520=DIRECTION('',(0.,0.,-1.));
#13521=DIRECTION('',(-1.,0.,0.));
#13522=DIRECTION('',(0.,0.,-1.));
#13523=DIRECTION('',(0.,0.,1.));
#13524=DIRECTION('',(-1.,0.,0.));
#13525=DIRECTION('',(0.,0.,-1.));
#13526=DIRECTION('',(0.,0.,-1.));
#13527=DIRECTION('',(1.,0.,0.));
#13528=DIRECTION('',(-0.857167300610757,0.,-0.515038075062095));
#13529=DIRECTION('',(0.857167300610757,1.04972719102674E-16,-0.515038075062095));
#13530=DIRECTION('',(0.,0.,-1.));
#13531=DIRECTION('',(1.,0.,0.));
#13532=DIRECTION('',(0.857167300610757,0.,0.515038075062095));
#13533=DIRECTION('',(-0.857167300610757,1.04972719102674E-16,0.515038075062095));
#13534=DIRECTION('',(0.,0.,1.));
#13535=DIRECTION('',(-1.,0.,5.00106624513988E-17));
#13536=DIRECTION('',(0.,0.,-1.));
#13537=DIRECTION('',(-1.00000000000001,0.,0.));
#13538=DIRECTION('',(0.,0.,-1.));
#13539=DIRECTION('',(0.,0.,1.));
#13540=DIRECTION('',(-1.00000000000001,0.,0.));
#13541=DIRECTION('',(0.,0.,-1.));
#13542=DIRECTION('',(0.,0.,-1.));
#13543=DIRECTION('',(1.00000000000001,0.,0.));
#13544=DIRECTION('',(0.,-1.,0.));
#13545=DIRECTION('',(0.,0.,-1.));
#13546=DIRECTION('',(0.,-1.,0.));
#13547=DIRECTION('',(0.,1.,0.));
#13548=DIRECTION('',(0.,0.,-1.));
#13549=DIRECTION('',(0.,-1.,0.));
#13550=DIRECTION('',(0.,-1.,0.));
#13551=DIRECTION('',(0.,0.,1.));
#13552=DIRECTION('',(0.,-1.,0.));
#13553=DIRECTION('',(0.,0.,-1.));
#13554=DIRECTION('',(0.,-1.,0.));
#13555=DIRECTION('',(0.,1.,0.));
#13556=DIRECTION('',(0.,0.,-1.));
#13557=DIRECTION('',(0.,-1.,0.));
#13558=DIRECTION('',(0.,-1.,0.));
#13559=DIRECTION('',(0.,0.,1.));
#13560=DIRECTION('',(0.,-1.,0.));
#13561=DIRECTION('',(0.,0.,-1.));
#13562=DIRECTION('',(0.,-1.,0.));
#13563=DIRECTION('',(0.,1.,0.));
#13564=DIRECTION('',(0.,0.,-1.));
#13565=DIRECTION('',(0.,-1.,0.));
#13566=DIRECTION('',(0.,-1.,0.));
#13567=DIRECTION('',(0.,0.,1.));
#13568=DIRECTION('',(0.,-1.,0.));
#13569=DIRECTION('',(0.,0.,-1.));
#13570=DIRECTION('',(0.,-1.,0.));
#13571=DIRECTION('',(0.,1.,0.));
#13572=DIRECTION('',(0.,0.,-1.));
#13573=DIRECTION('',(0.,-1.,0.));
#13574=DIRECTION('',(0.,-1.,0.));
#13575=DIRECTION('',(0.,0.,1.));
#13576=DIRECTION('',(0.,0.515038074908208,0.857167300703222));
#13577=DIRECTION('',(1.04972719113998E-16,0.515038074908208,-0.857167300703222));
#13578=DIRECTION('',(0.,1.,0.));
#13579=DIRECTION('',(0.,7.28971899368321E-18,-1.));
#13580=DIRECTION('',(0.,0.515038074903619,0.857167300705979));
#13581=DIRECTION('',(1.04972719114335E-16,0.515038074903619,-0.857167300705979));
#13582=DIRECTION('',(0.,1.,0.));
#13583=DIRECTION('',(0.,7.28971899359482E-18,-1.));
#13584=DIRECTION('',(0.,0.515038074908208,0.857167300703222));
#13585=DIRECTION('',(1.04972719113998E-16,0.515038074908208,-0.857167300703222));
#13586=DIRECTION('',(0.,1.,0.));
#13587=DIRECTION('',(0.,7.28971899368321E-18,-1.));
#13588=DIRECTION('',(0.,0.515038074903619,0.857167300705979));
#13589=DIRECTION('',(1.04972719114335E-16,0.515038074903619,-0.857167300705979));
#13590=DIRECTION('',(0.,1.,0.));
#13591=DIRECTION('',(0.,7.28971899359482E-18,-1.));
#13592=DIRECTION('',(0.,0.,-1.));
#13593=DIRECTION('',(1.,0.,0.));
#13594=DIRECTION('',(0.,0.,1.));
#13595=DIRECTION('',(-1.,0.,0.));
#13596=DIRECTION('',(0.,-1.,0.));
#13597=DIRECTION('',(0.,0.,1.));
#13598=DIRECTION('',(0.,0.,-1.));
#13599=DIRECTION('',(1.,0.,0.));
#13600=DIRECTION('',(1.,0.,0.));
#13601=DIRECTION('',(-0.707106781186498,0.707106781186598,0.));
#13602=DIRECTION('',(0.,-1.,0.));
#13603=DIRECTION('',(0.707106781186548,0.707106781186548,0.));
#13604=DIRECTION('',(-1.,0.,0.));
#13605=DIRECTION('',(0.707106781186548,-0.707106781186548,0.));
#13606=DIRECTION('',(0.,1.,0.));
#13607=DIRECTION('',(-0.707106781186548,-0.707106781186548,0.));
#13608=DIRECTION('',(1.,0.,0.));
#13609=DIRECTION('',(0.,-1.,0.));
#13610=DIRECTION('',(0.,0.,1.));
#13611=DIRECTION('',(-0.999999999999999,0.,0.));
#13612=DIRECTION('',(0.,-1.,0.));
#13613=DIRECTION('',(0.,1.,0.));
#13614=DIRECTION('',(0.,0.,1.));
#13615=DIRECTION('',(-1.,0.,0.));
#13616=DIRECTION('',(0.,1.,0.));
#13617=DIRECTION('',(0.,0.,1.));
#13618=DIRECTION('',(-1.,0.,0.));
#13619=DIRECTION('',(0.,0.,-1.));
#13620=DIRECTION('',(0.,-1.,0.));
#13621=DIRECTION('',(1.,0.,0.));
#13622=DIRECTION('',(0.,0.,1.));
#13623=DIRECTION('',(0.,0.,-1.));
#13624=DIRECTION('',(-1.,0.,0.));
#13625=DIRECTION('',(0.,-1.,0.));
#13626=DIRECTION('',(0.,0.,1.));
#13627=DIRECTION('',(-1.,0.,0.));
#13628=DIRECTION('',(0.,-1.,0.));
#13629=DIRECTION('',(0.,0.,1.));
#13630=DIRECTION('',(-0.999999999999999,0.,0.));
#13631=DIRECTION('',(0.,1.,0.));
#13632=DIRECTION('',(1.,0.,0.));
#13633=DIRECTION('',(-0.707106781186548,-0.707106781186548,0.));
#13634=DIRECTION('',(0.,1.,0.));
#13635=DIRECTION('',(0.707106781186548,-0.707106781186548,0.));
#13636=DIRECTION('',(-1.,0.,0.));
#13637=DIRECTION('',(-0.707106781186548,-0.707106781186548,0.));
#13638=DIRECTION('',(0.,-1.,0.));
#13639=DIRECTION('',(0.707106781186498,-0.707106781186598,0.));
#13640=DIRECTION('',(1.,0.,0.));
#13641=DIRECTION('',(0.,0.,1.));
#13642=DIRECTION('',(-1.,0.,0.));
#13643=DIRECTION('',(0.,0.,1.));
#13644=DIRECTION('',(-1.,0.,0.));
#13645=DIRECTION('',(0.,0.,-1.));
#13646=DIRECTION('',(0.,0.,-1.));
#13647=DIRECTION('',(1.,0.,0.));
#13648=DIRECTION('',(0.,0.,1.));
#13649=DIRECTION('',(-1.,0.,0.));
#13650=DIRECTION('',(0.,0.,-1.));
#13651=DIRECTION('',(-1.,0.,0.));
#13652=DIRECTION('',(0.,0.,-1.));
#13653=DIRECTION('',(0.,0.,1.));
#13654=DIRECTION('',(0.,0.,-1.));
#13655=DIRECTION('',(1.,0.,0.));
#13656=DIRECTION('',(0.,-1.,0.));
#13657=DIRECTION('',(0.,0.,1.));
#13658=DIRECTION('',(0.,0.,-1.));
#13659=DIRECTION('',(0.,0.,1.));
#13660=DIRECTION('',(0.,1.,0.));
#13661=DIRECTION('',(-1.,0.,0.));
#13662=DIRECTION('',(0.,0.,-1.));
#13663=DIRECTION('',(0.,0.,-1.));
#13664=DIRECTION('',(0.,0.,1.));
#13665=DIRECTION('',(1.,0.,0.));
#13666=DIRECTION('',(0.,1.,0.));
#13667=DIRECTION('',(0.,0.,-1.));
#13668=DIRECTION('',(0.,0.,1.));
#13669=DIRECTION('',(0.,-1.,0.));
#13670=DIRECTION('',(0.,0.,-1.));
#13671=DIRECTION('',(1.,0.,0.));
#13672=DIRECTION('',(0.,0.,1.));
#13673=DIRECTION('',(0.,0.,1.));
#13674=DIRECTION('',(1.,0.,0.));
#13675=DIRECTION('',(0.,0.,1.));
#13676=DIRECTION('',(0.,0.,-1.));
#13677=DIRECTION('',(0.,0.,1.));
#13678=DIRECTION('',(1.,0.,0.));
#13679=DIRECTION('',(0.,-1.,0.));
#13680=DIRECTION('',(0.,0.,1.));
#13681=DIRECTION('',(0.,0.,-1.));
#13682=DIRECTION('',(0.999999999999999,0.,0.));
#13683=DIRECTION('',(0.,0.,-1.));
#13684=DIRECTION('',(0.,0.,-1.));
#13685=DIRECTION('',(1.,0.,0.));
#13686=DIRECTION('',(0.,0.,1.));
#13687=DIRECTION('',(-1.,0.,0.));
#13688=DIRECTION('',(0.,0.,-1.));
#13689=DIRECTION('',(1.,0.,0.));
#13690=DIRECTION('',(0.,0.,-1.));
#13691=DIRECTION('',(0.,-1.,0.));
#13692=DIRECTION('',(0.,0.,1.));
#13693=DIRECTION('',(-1.,0.,0.));
#13694=DIRECTION('',(0.,0.,-1.));
#13695=DIRECTION('',(0.,0.,-1.));
#13696=DIRECTION('',(-1.,0.,0.));
#13697=DIRECTION('',(0.,0.,1.));
#13698=DIRECTION('',(0.,1.,0.));
#13699=DIRECTION('',(0.,0.,-1.));
#13700=DIRECTION('',(0.,0.,1.));
#13701=DIRECTION('',(0.,-1.,0.));
#13702=DIRECTION('',(0.,0.,-1.));
#13703=DIRECTION('',(-1.,0.,0.));
#13704=DIRECTION('',(0.,0.,-1.));
#13705=DIRECTION('',(0.,0.,-1.));
#13706=DIRECTION('',(1.,0.,0.));
#13707=DIRECTION('',(-0.707106781186548,0.707106781186548,0.));
#13708=DIRECTION('',(0.707106781186548,-0.707106781186548,0.));
#13709=DIRECTION('',(0.,0.,1.));
#13710=DIRECTION('',(0.707106781186548,0.707106781186548,0.));
#13711=DIRECTION('',(0.707106781186548,-0.707106781186548,0.));
#13712=DIRECTION('',(-0.707106781186498,0.707106781186598,0.));
#13713=DIRECTION('',(0.707106781186598,0.707106781186498,0.));
#13714=DIRECTION('',(0.707106781186498,-0.707106781186598,0.));
#13715=DIRECTION('',(1.,0.,0.));
#13716=DIRECTION('',(0.,0.,1.));
#13717=DIRECTION('',(0.707106781186498,-0.707106781186598,0.));
#13718=DIRECTION('',(0.707106781186598,0.707106781186498,0.));
#13719=DIRECTION('',(0.707106781186498,-0.707106781186598,0.));
#13720=DIRECTION('',(-0.707106781186548,-0.707106781186548,0.));
#13721=DIRECTION('',(0.707106781186548,-0.707106781186548,0.));
#13722=DIRECTION('',(-0.707106781186548,-0.707106781186548,0.));
#13723=DIRECTION('',(0.,-1.,0.));
#13724=DIRECTION('',(0.,0.,1.));
#13725=DIRECTION('',(-1.00000000000001,0.,0.));
#13726=DIRECTION('',(0.,-1.,0.));
#13727=DIRECTION('',(-0.707106781186546,-0.707106781186549,0.));
#13728=DIRECTION('',(0.707106781186548,0.707106781186548,0.));
#13729=DIRECTION('',(-0.707106781186548,0.707106781186548,0.));
#13730=DIRECTION('',(0.,1.,0.));
#13731=DIRECTION('',(0.707106781186548,0.707106781186548,0.));
#13732=DIRECTION('',(1.,0.,0.));
#13733=DIRECTION('',(0.,-1.,0.));
#13734=DIRECTION('',(1.,0.,0.));
#13735=DIRECTION('',(0.,-1.,0.));
#13736=DIRECTION('',(1.,0.,0.));
#13737=DIRECTION('',(0.707106781186548,-0.707106781186548,0.));
#13738=DIRECTION('',(0.,0.,-1.));
#13739=DIRECTION('',(1.,0.,0.));
#13740=DIRECTION('',(-0.707106781186548,-0.707106781186548,0.));
#13741=DIRECTION('',(-0.707106781186548,0.707106781186548,0.));
#13742=DIRECTION('',(-0.707106781186548,0.707106781186548,0.));
#13743=DIRECTION('',(0.707106781186548,0.707106781186548,0.));
#13744=DIRECTION('',(0.,0.,-1.));
#13745=DIRECTION('',(0.707106781186548,0.707106781186548,0.));
#13746=DIRECTION('',(-0.707106781186548,0.707106781186548,0.));
#13747=DIRECTION('',(0.707106781186548,0.707106781186548,0.));
#13748=DIRECTION('',(-1.,0.,0.));
#13749=DIRECTION('',(0.,0.,-1.));
#13750=DIRECTION('',(0.707106781186548,0.707106781186548,0.));
#13751=DIRECTION('',(0.707106781186548,-0.707106781186548,0.));
#13752=DIRECTION('',(-0.707106781186548,-0.707106781186548,0.));
#13753=DIRECTION('',(0.,0.,1.));
#13754=DIRECTION('',(-1.,0.,5.00106624513988E-17));
#13755=DIRECTION('',(-0.707106781186548,-0.707106781186548,0.));
#13756=DIRECTION('',(0.,-1.,0.));
#13757=DIRECTION('',(0.707106781186548,0.707106781186548,0.));
#13758=DIRECTION('',(0.707106781186545,-0.707106781186551,0.));
#13759=DIRECTION('',(0.,1.,0.));
#13760=DIRECTION('',(0.,0.,-1.));
#13761=DIRECTION('',(-1.00000000000001,0.,0.));
#13762=DIRECTION('',(0.,1.,0.));
#13763=DIRECTION('',(-0.707106781186548,0.707106781186548,0.));
#13764=DIRECTION('',(-1.,0.,0.));
#13765=DIRECTION('',(0.,1.,0.));
#13766=DIRECTION('',(-1.,0.,0.));
#13767=DIRECTION('',(0.,1.,0.));
#13768=DIRECTION('',(-1.,0.,0.));
#13769=DIRECTION('',(0.,0.,1.));
#13770=DIRECTION('',(-1.,0.,0.));
#13771=DIRECTION('',(0.707106781186548,-0.707106781186548,0.));
#13772=DIRECTION('',(-0.707106781186548,-0.707106781186548,0.));
#13773=DIRECTION('',(0.707106781186548,0.707106781186548,0.));
#13774=DIRECTION('',(0.707106781186548,-0.707106781186548,0.));
#13775=DIRECTION('',(0.,0.,-1.));
#13776=DIRECTION('',(-1.,0.,0.));
#13777=DIRECTION('',(0.,0.,-1.));
#13778=DIRECTION('',(0.,0.,1.));
#13779=DIRECTION('',(1.,0.,0.));
#13780=DIRECTION('',(0.,0.,1.));
#13781=DIRECTION('',(0.,-1.,0.));
#13782=DIRECTION('',(0.,0.,-1.));
#13783=DIRECTION('',(0.,-1.,0.));
#13784=DIRECTION('',(0.,0.,-1.));
#13785=DIRECTION('',(0.,0.,1.));
#13786=DIRECTION('',(0.,0.,-1.));
#13787=DIRECTION('',(0.,1.,0.));
#13788=DIRECTION('',(0.,0.,-1.));
#13789=DIRECTION('',(0.,0.,-1.));
#13790=DIRECTION('',(0.,0.,1.));
#13791=DIRECTION('',(0.,1.,0.));
#13792=DIRECTION('',(0.,0.,-1.));
#13793=DIRECTION('',(0.,-1.,0.));
#13794=DIRECTION('',(0.,0.,-1.));
#13795=DIRECTION('',(0.,-1.,0.));
#13796=DIRECTION('',(0.,0.,-1.));
#13797=DIRECTION('',(0.,0.,-1.));
#13798=DIRECTION('',(0.,0.,1.));
#13799=DIRECTION('',(0.,1.,0.));
#13800=DIRECTION('',(0.,0.,-1.));
#13801=DIRECTION('',(0.,0.,1.));
#13802=DIRECTION('',(1.,0.,0.));
#13803=DIRECTION('',(0.,0.,1.));
#13804=DIRECTION('',(0.707106781186548,-0.707106781186548,0.));
#13805=DIRECTION('',(-0.707106781186548,-0.707106781186548,0.));
#13806=DIRECTION('',(0.,0.,-1.));
#13807=DIRECTION('',(1.00000000000001,0.,0.));
#13808=DIRECTION('',(-0.707106781186548,-0.707106781186548,0.));
#13809=DIRECTION('',(-0.707106781186548,0.707106781186548,0.));
#13810=DIRECTION('',(0.,1.,0.));
#13811=DIRECTION('',(0.,0.,-1.));
#13812=DIRECTION('',(0.,-1.,0.));
#13813=DIRECTION('',(0.,0.,1.));
#13814=DIRECTION('',(0.,1.,0.));
#13815=DIRECTION('',(0.,0.,-1.));
#13816=DIRECTION('',(0.,-1.,0.));
#13817=DIRECTION('',(0.,0.,1.));
#13818=DIRECTION('',(-1.,0.,0.));
#13819=DIRECTION('',(0.,0.,-1.));
#13820=DIRECTION('',(-1.,0.,0.));
#13821=DIRECTION('',(0.,0.,-1.));
#13822=DIRECTION('',(0.,1.,0.));
#13823=DIRECTION('',(0.,0.,-1.));
#13824=DIRECTION('',(0.,-1.,0.));
#13825=DIRECTION('',(0.,0.,1.));
#13826=DIRECTION('',(0.,1.,0.));
#13827=DIRECTION('',(0.,0.,-1.));
#13828=DIRECTION('',(0.,-1.,0.));
#13829=DIRECTION('',(0.,0.,1.));
#13830=DIRECTION('',(0.,1.,0.));
#13831=DIRECTION('',(0.,7.28971899368321E-18,-1.));
#13832=DIRECTION('',(0.,1.,0.));
#13833=DIRECTION('',(0.,7.28971899359482E-18,-1.));
#13834=DIRECTION('',(0.,1.,0.));
#13835=DIRECTION('',(0.,7.28971899368321E-18,-1.));
#13836=DIRECTION('',(0.,1.,0.));
#13837=DIRECTION('',(0.,7.28971899359482E-18,-1.));
#13838=DIRECTION('',(0.,0.,-1.));
#13839=DIRECTION('',(0.,0.,1.));
#13840=DIRECTION('',(-1.,0.,0.));
#13841=DIRECTION('',(0.,0.,1.));
#13842=DIRECTION('',(0.,0.,-1.));
#13843=DIRECTION('',(0.,0.,-1.));
#13844=DIRECTION('',(0.,0.,-1.));
#13845=DIRECTION('',(0.,0.,-1.));
#13846=DIRECTION('',(0.,0.,-1.));
#13847=DIRECTION('',(0.,0.,-1.));
#13848=DIRECTION('',(0.,0.,-1.));
#13849=DIRECTION('',(1.,0.,0.));
#13850=DIRECTION('',(0.,1.,0.));
#13851=DIRECTION('',(0.,0.,1.));
#13852=DIRECTION('',(0.,1.,0.));
#13853=DIRECTION('',(0.,1.,0.));
#13854=DIRECTION('',(0.,0.,1.));
#13855=DIRECTION('',(0.,1.,0.));
#13856=DIRECTION('',(0.,1.,0.));
#13857=DIRECTION('',(0.,0.,-1.));
#13858=DIRECTION('',(0.,1.,0.));
#13859=DIRECTION('',(0.,0.,1.));
#13860=DIRECTION('',(0.,1.,0.));
#13861=DIRECTION('',(0.,1.,0.));
#13862=DIRECTION('',(0.,0.,1.));
#13863=DIRECTION('',(0.,1.,0.));
#13864=DIRECTION('',(0.,1.,0.));
#13865=DIRECTION('',(0.,0.,-1.));
#13866=DIRECTION('',(0.,1.,0.));
#13867=DIRECTION('',(0.,0.,1.));
#13868=DIRECTION('',(0.,1.,0.));
#13869=DIRECTION('',(0.,1.,0.));
#13870=DIRECTION('',(0.,0.,1.));
#13871=DIRECTION('',(0.,1.,0.));
#13872=DIRECTION('',(0.,1.,0.));
#13873=DIRECTION('',(0.,0.,-1.));
#13874=DIRECTION('',(0.,1.,0.));
#13875=DIRECTION('',(0.,0.,1.));
#13876=DIRECTION('',(0.,1.,0.));
#13877=DIRECTION('',(0.,1.,0.));
#13878=DIRECTION('',(0.,0.,1.));
#13879=DIRECTION('',(0.,1.,0.));
#13880=DIRECTION('',(0.,1.,0.));
#13881=DIRECTION('',(0.,0.,-1.));
#13882=DIRECTION('',(0.,1.,0.));
#13883=DIRECTION('',(0.,0.,1.));
#13884=DIRECTION('',(0.,1.,0.));
#13885=DIRECTION('',(0.,1.,0.));
#13886=DIRECTION('',(0.,0.,1.));
#13887=DIRECTION('',(0.,1.,0.));
#13888=DIRECTION('',(0.,1.,0.));
#13889=DIRECTION('',(0.,0.,-1.));
#13890=DIRECTION('',(0.,1.,0.));
#13891=DIRECTION('',(0.,0.,1.));
#13892=DIRECTION('',(0.,1.,0.));
#13893=DIRECTION('',(0.,1.,0.));
#13894=DIRECTION('',(0.,0.,1.));
#13895=DIRECTION('',(0.,1.,0.));
#13896=DIRECTION('',(0.,1.,0.));
#13897=DIRECTION('',(0.,0.,-1.));
#13898=DIRECTION('',(0.,1.,0.));
#13899=DIRECTION('',(0.,0.,1.));
#13900=DIRECTION('',(0.,1.,0.));
#13901=DIRECTION('',(0.,1.,0.));
#13902=DIRECTION('',(0.,0.,1.));
#13903=DIRECTION('',(0.,1.,0.));
#13904=DIRECTION('',(0.,1.,0.));
#13905=DIRECTION('',(0.,0.,-1.));
#13906=DIRECTION('',(0.,1.,0.));
#13907=DIRECTION('',(0.,0.,1.));
#13908=DIRECTION('',(0.,1.,0.));
#13909=DIRECTION('',(0.,1.,0.));
#13910=DIRECTION('',(0.,0.,1.));
#13911=DIRECTION('',(0.,1.,0.));
#13912=DIRECTION('',(0.,1.,0.));
#13913=DIRECTION('',(0.,0.,-1.));
#13914=DIRECTION('',(0.,1.,0.));
#13915=DIRECTION('',(0.,0.,1.));
#13916=DIRECTION('',(0.,1.,0.));
#13917=DIRECTION('',(0.,1.,0.));
#13918=DIRECTION('',(0.,0.,1.));
#13919=DIRECTION('',(0.,1.,0.));
#13920=DIRECTION('',(0.,1.,0.));
#13921=DIRECTION('',(0.,0.,-1.));
#13922=DIRECTION('',(0.,1.,0.));
#13923=DIRECTION('',(0.,0.,0.999999999999996));
#13924=DIRECTION('',(0.,1.,0.));
#13925=DIRECTION('',(0.,1.,0.));
#13926=DIRECTION('',(0.,0.,0.999999999999996));
#13927=DIRECTION('',(0.,1.,0.));
#13928=DIRECTION('',(0.,1.,0.));
#13929=DIRECTION('',(0.,0.,-0.999999999999996));
#13930=DIRECTION('',(0.,0.,1.));
#13931=DIRECTION('',(-0.999999999999999,0.,0.));
#13932=DIRECTION('',(0.,0.,-1.));
#13933=DIRECTION('',(0.,0.,-1.));
#13934=DIRECTION('',(0.,0.,1.));
#13935=DIRECTION('',(-0.999999999999999,0.,0.));
#13936=DIRECTION('',(0.,0.,-1.));
#13937=DIRECTION('',(0.,0.,-1.));
#13938=DIRECTION('',(0.999999999999999,0.,0.));
#13939=DIRECTION('',(0.,0.,1.));
#13940=DIRECTION('',(1.,0.,0.));
#13941=DIRECTION('',(0.,0.,-1.));
#13942=DIRECTION('',(-1.,0.,0.));
#13943=DIRECTION('',(0.,-1.,0.));
#13944=DIRECTION('',(0.,0.,1.));
#13945=DIRECTION('',(0.,-1.,0.));
#13946=DIRECTION('',(0.,0.,1.));
#13947=DIRECTION('',(0.,-1.,0.));
#13948=DIRECTION('',(0.,0.,1.));
#13949=DIRECTION('',(0.,-1.,0.));
#13950=DIRECTION('',(0.,0.,1.));
#13951=DIRECTION('',(0.,1.,0.));
#13952=DIRECTION('',(0.,0.,1.));
#13953=DIRECTION('',(0.,1.,0.));
#13954=DIRECTION('',(0.,0.,1.));
#13955=DIRECTION('',(0.,1.,0.));
#13956=DIRECTION('',(0.,0.,1.));
#13957=DIRECTION('',(0.,1.,0.));
#13958=DIRECTION('',(0.,0.,1.));
#13959=DIRECTION('',(0.,1.,0.));
#13960=DIRECTION('',(0.,0.,1.));
#13961=DIRECTION('',(0.,-1.,0.));
#13962=DIRECTION('',(0.,0.,1.));
#13963=DIRECTION('',(0.,0.,-1.));
#13964=DIRECTION('',(0.,0.,1.));
#13965=DIRECTION('',(0.,0.,-1.));
#13966=DIRECTION('',(1.,0.,0.));
#13967=DIRECTION('',(0.,0.,-1.));
#13968=DIRECTION('',(0.,0.,-1.));
#13969=DIRECTION('',(0.,0.,1.));
#13970=DIRECTION('',(0.,0.,-1.));
#13971=DIRECTION('',(-1.,0.,0.));
#13972=DIRECTION('',(0.,0.,-1.));
#13973=DIRECTION('',(1.,0.,0.));
#13974=DIRECTION('',(0.707106781186548,0.707106781186548,0.));
#13975=DIRECTION('',(0.,0.,-1.));
#13976=DIRECTION('',(-0.707106781186548,-0.707106781186548,0.));
#13977=DIRECTION('',(0.707106781186548,-0.707106781186548,0.));
#13978=DIRECTION('',(-0.707106781186548,-0.707106781186548,0.));
#13979=DIRECTION('',(0.,1.,0.));
#13980=DIRECTION('',(0.707106781186548,-0.707106781186548,0.));
#13981=DIRECTION('',(-1.,0.,0.));
#13982=DIRECTION('',(-1.,0.,0.));
#13983=DIRECTION('',(0.707106781186548,0.707106781186548,0.));
#13984=DIRECTION('',(0.,-1.,0.));
#13985=DIRECTION('',(0.,0.,1.));
#13986=DIRECTION('',(-0.999999999999999,0.,0.));
#13987=DIRECTION('',(0.,1.,0.));
#13988=DIRECTION('',(0.707106781186548,-0.707106781186547,0.));
#13989=DIRECTION('',(0.,1.,0.));
#13990=DIRECTION('',(0.,0.,1.));
#13991=DIRECTION('',(-1.,0.,0.));
#13992=DIRECTION('',(0.,0.,-1.));
#13993=DIRECTION('',(1.,0.,0.));
#13994=DIRECTION('',(0.707106781186548,-0.707106781186548,0.));
#13995=DIRECTION('',(0.,0.,1.));
#13996=DIRECTION('',(-0.707106781186548,-0.707106781186548,0.));
#13997=DIRECTION('',(-0.707106781186548,0.707106781186548,0.));
#13998=DIRECTION('',(0.,-1.,0.));
#13999=DIRECTION('',(0.,0.,1.));
#14000=DIRECTION('',(-0.999999999999999,0.,0.));
#14001=DIRECTION('',(0.,-1.,0.));
#14002=DIRECTION('',(-0.707106781186548,-0.707106781186548,0.));
#14003=DIRECTION('',(-1.,0.,0.));
#14004=DIRECTION('',(-1.,0.,0.));
#14005=DIRECTION('',(-0.707106781186548,0.707106781186548,0.));
#14006=DIRECTION('',(0.,1.,0.));
#14007=DIRECTION('',(0.,0.,1.));
#14008=DIRECTION('',(-1.,0.,0.));
#14009=DIRECTION('',(0.,1.,0.));
#14010=DIRECTION('',(0.,0.,-1.));
#14011=DIRECTION('',(1.,0.,0.));
#14012=DIRECTION('',(0.,0.,-1.));
#14013=DIRECTION('',(1.,0.,0.));
#14014=DIRECTION('',(0.,0.,1.));
#14015=DIRECTION('',(0.,0.,-1.));
#14016=DIRECTION('',(0.,0.,-1.));
#14017=DIRECTION('',(1.,0.,0.));
#14018=DIRECTION('',(0.,0.,-1.));
#14019=DIRECTION('',(1.,0.,0.));
#14020=DIRECTION('',(0.,0.,1.));
#14021=DIRECTION('',(0.,1.,0.));
#14022=DIRECTION('',(0.,0.,1.));
#14023=DIRECTION('',(0.,1.,0.));
#14024=DIRECTION('',(0.,0.,1.));
#14025=DIRECTION('',(0.,1.,0.));
#14026=DIRECTION('',(0.,0.,1.));
#14027=DIRECTION('',(0.,1.,0.));
#14028=DIRECTION('',(0.,0.,1.));
#14029=DIRECTION('',(0.,1.,0.));
#14030=DIRECTION('',(0.,0.,1.));
#14031=DIRECTION('',(0.,1.,0.));
#14032=DIRECTION('',(0.,0.,1.));
#14033=DIRECTION('',(0.,1.,0.));
#14034=DIRECTION('',(0.,0.,1.));
#14035=DIRECTION('',(0.,1.,0.));
#14036=DIRECTION('',(0.,0.,1.));
#14037=DIRECTION('',(0.,1.,0.));
#14038=DIRECTION('',(0.,0.,1.));
#14039=DIRECTION('',(0.,1.,0.));
#14040=DIRECTION('',(0.,0.,0.999999999999996));
#14041=DIRECTION('',(0.,1.,0.));
#14042=DIRECTION('',(0.,0.,0.999999999999996));
#14043=DIRECTION('',(0.,1.,0.));
#14044=DIRECTION('',(0.,0.,0.999999999999996));
#14045=DIRECTION('',(0.,1.,0.));
#14046=DIRECTION('',(0.,0.,0.999999999999996));
#14047=DIRECTION('',(0.,1.,0.));
#14048=DIRECTION('',(0.,0.,0.999999999999996));
#14049=DIRECTION('',(0.,1.,0.));
#14050=DIRECTION('',(0.,0.,1.));
#14051=DIRECTION('',(0.,1.,0.));
#14052=DIRECTION('',(0.,0.,1.));
#14053=DIRECTION('',(0.,-1.,0.));
#14054=DIRECTION('',(0.,0.,1.));
#14055=DIRECTION('',(0.,0.,-1.));
#14056=DIRECTION('',(0.,-1.,0.));
#14057=DIRECTION('',(-1.73472347597681E-15,0.,1.));
#14058=DIRECTION('',(0.,1.,0.));
#14059=DIRECTION('',(0.,0.,1.));
#14060=DIRECTION('',(0.,1.,0.));
#14061=DIRECTION('',(0.,0.,1.));
#14062=DIRECTION('',(0.,0.,1.));
#14063=DIRECTION('',(0.,-1.,0.));
#14064=DIRECTION('',(-9.59133116056511E-14,0.,0.999999999999997));
#14065=DIRECTION('',(0.,1.,0.));
#14066=DIRECTION('',(0.,0.,1.));
#14067=DIRECTION('',(0.,1.,0.));
#14068=DIRECTION('',(0.,0.,1.));
#14069=DIRECTION('',(0.,-1.,0.));
#14070=DIRECTION('',(-1.41669083871439E-14,0.,1.));
#14071=DIRECTION('',(0.,-1.,0.));
#14072=DIRECTION('',(1.0647211365271E-14,0.,1.));
#14073=DIRECTION('',(0.,1.,0.));
#14074=DIRECTION('',(0.,0.,1.));
#14075=DIRECTION('',(0.,1.,0.));
#14076=DIRECTION('',(0.,0.,1.));
#14077=DIRECTION('',(0.,0.,-1.));
#14078=DIRECTION('',(0.,-1.,0.));
#14079=DIRECTION('',(0.,0.,0.999999999999997));
#14080=DIRECTION('',(0.,0.,1.));
#14081=DIRECTION('',(0.,1.,0.));
#14082=DIRECTION('',(0.,0.,-1.));
#14083=DIRECTION('',(0.,0.,-1.));
#14084=DIRECTION('',(0.,0.,1.));
#14085=DIRECTION('',(-1.,0.,0.));
#14086=DIRECTION('',(0.,0.,-1.));
#14087=DIRECTION('',(0.,0.,-1.));
#14088=DIRECTION('',(0.999999999999999,0.,0.));
#14089=DIRECTION('',(-1.,0.,0.));
#14090=DIRECTION('',(0.,0.,-1.));
#14091=DIRECTION('',(0.707106781186548,0.707106781186548,0.));
#14092=DIRECTION('',(0.707106781186548,-0.707106781186548,0.));
#14093=DIRECTION('',(0.,0.,-1.));
#14094=DIRECTION('',(1.,0.,0.));
#14095=DIRECTION('',(-0.707106781186548,0.707106781186548,0.));
#14096=DIRECTION('',(0.707106781186548,0.707106781186548,0.));
#14097=DIRECTION('',(0.,1.,0.));
#14098=DIRECTION('',(0.,0.,-1.));
#14099=DIRECTION('',(0.,1.,0.));
#14100=DIRECTION('',(0.,1.,0.));
#14101=DIRECTION('',(0.,0.,-1.));
#14102=DIRECTION('',(0.,1.,0.));
#14103=DIRECTION('',(0.,0.,-0.999999999999997));
#14104=DIRECTION('',(0.,1.,0.));
#14105=DIRECTION('',(0.,0.,-0.999999999999997));
#14106=DIRECTION('',(0.,1.,0.));
#14107=DIRECTION('',(0.,1.,0.));
#14108=DIRECTION('',(0.,0.,-0.999999999999997));
#14109=DIRECTION('',(0.,1.,0.));
#14110=DIRECTION('',(0.,0.,-0.999999999999997));
#14111=DIRECTION('',(0.,1.,0.));
#14112=DIRECTION('',(0.,0.,-1.));
#14113=DIRECTION('',(0.,1.,0.));
#14114=DIRECTION('',(0.,0.,-1.));
#14115=DIRECTION('',(0.,1.,0.));
#14116=DIRECTION('',(0.,0.,0.999999999999996));
#14117=DIRECTION('',(0.,1.,0.));
#14118=DIRECTION('',(0.,0.,-0.999999999999996));
#14119=DIRECTION('',(0.,1.,0.));
#14120=DIRECTION('',(0.,0.,1.));
#14121=DIRECTION('',(0.,-1.,0.));
#14122=DIRECTION('',(0.,0.,1.));
#14123=DIRECTION('',(0.,1.,0.));
#14124=DIRECTION('',(0.,0.,-1.));
#14125=DIRECTION('',(0.,1.,0.));
#14126=DIRECTION('',(0.,0.,1.));
#14127=DIRECTION('',(0.,1.,0.));
#14128=DIRECTION('',(0.,0.,-1.));
#14129=DIRECTION('',(0.,1.,0.));
#14130=DIRECTION('',(0.,0.,1.));
#14131=DIRECTION('',(0.,-1.,0.));
#14132=DIRECTION('',(0.,0.,1.));
#14133=DIRECTION('',(0.,1.,0.));
#14134=DIRECTION('',(0.,0.,-1.));
#14135=DIRECTION('',(0.,1.,0.));
#14136=DIRECTION('',(0.,0.,1.));
#14137=DIRECTION('',(0.,1.,0.));
#14138=DIRECTION('',(0.,0.,-1.));
#14139=DIRECTION('',(0.,1.,0.));
#14140=DIRECTION('',(0.,0.,1.));
#14141=DIRECTION('',(0.,-1.,0.));
#14142=DIRECTION('',(0.,0.,1.));
#14143=DIRECTION('',(0.,1.,0.));
#14144=DIRECTION('',(0.,0.,-1.));
#14145=DIRECTION('',(0.,1.,0.));
#14146=DIRECTION('',(0.,0.,1.));
#14147=DIRECTION('',(0.,1.,0.));
#14148=DIRECTION('',(0.,0.,-1.));
#14149=DIRECTION('',(0.,1.,0.));
#14150=DIRECTION('',(0.,0.,1.));
#14151=DIRECTION('',(0.,-1.,0.));
#14152=DIRECTION('',(0.,0.,1.));
#14153=DIRECTION('',(0.,1.,0.));
#14154=DIRECTION('',(0.,0.,-1.));
#14155=DIRECTION('',(0.,1.,0.));
#14156=DIRECTION('',(0.,0.,1.));
#14157=DIRECTION('',(0.,1.,0.));
#14158=DIRECTION('',(0.,0.,-1.));
#14159=DIRECTION('',(0.,1.,0.));
#14160=DIRECTION('',(0.,0.,1.));
#14161=DIRECTION('',(0.,-1.,0.));
#14162=DIRECTION('',(0.,0.,1.));
#14163=DIRECTION('',(0.,1.,0.));
#14164=DIRECTION('',(0.,0.,-1.));
#14165=DIRECTION('',(0.,1.,0.));
#14166=DIRECTION('',(0.,0.,1.));
#14167=DIRECTION('',(0.,1.,0.));
#14168=DIRECTION('',(0.,0.,-1.));
#14169=DIRECTION('',(0.,1.,0.));
#14170=DIRECTION('',(0.,1.,0.));
#14171=DIRECTION('',(0.,0.,0.999999999999996));
#14172=DIRECTION('',(0.,-1.,0.));
#14173=DIRECTION('',(0.,1.,0.));
#14174=DIRECTION('',(0.,0.,-0.999999999999996));
#14175=DIRECTION('',(0.,1.,0.));
#14176=DIRECTION('',(0.,0.,0.999999999999996));
#14177=DIRECTION('',(0.,1.,0.));
#14178=DIRECTION('',(0.,0.,-0.999999999999996));
#14179=DIRECTION('',(0.,-1.,0.));
#14180=DIRECTION('',(0.,0.,1.));
#14181=DIRECTION('',(0.,1.,0.));
#14182=DIRECTION('',(0.,0.,1.));
#14183=DIRECTION('',(0.,1.,0.));
#14184=DIRECTION('',(0.,0.,-1.));
#14185=DIRECTION('',(0.,1.,0.));
#14186=DIRECTION('',(0.,1.,0.));
#14187=DIRECTION('',(0.,0.,1.));
#14188=DIRECTION('',(0.,-1.,0.));
#14189=DIRECTION('',(0.,1.,0.));
#14190=DIRECTION('',(0.,0.,-1.));
#14191=DIRECTION('',(0.,1.,0.));
#14192=DIRECTION('',(0.,0.,1.));
#14193=DIRECTION('',(0.,1.,0.));
#14194=DIRECTION('',(0.,0.,-1.));
#14195=DIRECTION('',(0.,-1.,0.));
#14196=DIRECTION('',(0.,0.,1.));
#14197=DIRECTION('',(0.,1.,0.));
#14198=DIRECTION('',(0.,0.,1.));
#14199=DIRECTION('',(0.,1.,0.));
#14200=DIRECTION('',(0.,0.,-1.));
#14201=DIRECTION('',(0.,1.,0.));
#14202=DIRECTION('',(0.,1.,0.));
#14203=DIRECTION('',(0.,0.,1.));
#14204=DIRECTION('',(0.,-1.,0.));
#14205=DIRECTION('',(0.,1.,0.));
#14206=DIRECTION('',(0.,0.,-1.));
#14207=DIRECTION('',(0.,1.,0.));
#14208=DIRECTION('',(0.,0.,1.));
#14209=DIRECTION('',(0.,1.,0.));
#14210=DIRECTION('',(0.,0.,-1.));
#14211=DIRECTION('',(0.,-1.,0.));
#14212=DIRECTION('',(0.,0.,1.));
#14213=DIRECTION('',(0.,1.,0.));
#14214=DIRECTION('',(0.,0.,1.));
#14215=DIRECTION('',(0.,1.,0.));
#14216=DIRECTION('',(0.,0.,-1.));
#14217=DIRECTION('',(0.,1.,0.));
#14218=DIRECTION('',(0.,1.,0.));
#14219=DIRECTION('',(0.,0.,1.));
#14220=DIRECTION('',(0.,-1.,0.));
#14221=DIRECTION('',(0.,1.,0.));
#14222=DIRECTION('',(0.,0.,-1.));
#14223=DIRECTION('',(0.,1.,0.));
#14224=DIRECTION('',(0.,0.,1.));
#14225=DIRECTION('',(0.,1.,0.));
#14226=DIRECTION('',(0.,0.,-1.));
#14227=DIRECTION('',(0.,-1.,0.));
#14228=DIRECTION('',(0.,0.,1.));
#14229=DIRECTION('',(0.,0.,1.));
#14230=DIRECTION('',(1.,0.,0.));
#14231=DIRECTION('',(-0.707106781186546,0.,0.707106781186549));
#14232=DIRECTION('',(0.,0.,-1.));
#14233=DIRECTION('',(1.,0.,0.));
#14234=DIRECTION('',(0.707106781186546,8.65956056235492E-17,0.707106781186549));
#14235=DIRECTION('',(0.,0.,1.));
#14236=DIRECTION('',(1.,0.,5.48258283765512E-17));
#14237=DIRECTION('',(0.,0.,-1.));
#14238=DIRECTION('',(1.,0.,0.));
#14239=DIRECTION('',(0.70710678118655,0.,-0.707106781186545));
#14240=DIRECTION('',(0.,0.,1.));
#14241=DIRECTION('',(1.,0.,0.));
#14242=DIRECTION('',(-0.70710678118655,8.65956056235496E-17,-0.707106781186545));
#14243=DIRECTION('',(0.,0.,-1.));
#14244=DIRECTION('',(-1.,0.,-2.73858664189726E-17));
#14245=DIRECTION('',(0.,0.,1.));
#14246=DIRECTION('',(1.,0.,0.));
#14247=DIRECTION('',(0.,0.,-1.));
#14248=DIRECTION('',(0.,0.,1.));
#14249=DIRECTION('',(1.,0.,0.));
#14250=DIRECTION('',(0.,0.,-1.));
#14251=DIRECTION('',(0.,0.,-1.));
#14252=DIRECTION('',(-1.,0.,0.));
#14253=DIRECTION('',(0.,0.,1.));
#14254=DIRECTION('',(0.,0.,1.));
#14255=DIRECTION('',(0.,0.,1.));
#14256=DIRECTION('',(1.,0.,0.));
#14257=DIRECTION('',(0.,0.,1.));
#14258=DIRECTION('',(1.,0.,0.));
#14259=DIRECTION('',(0.,0.,-1.));
#14260=DIRECTION('',(1.,0.,0.));
#14261=DIRECTION('',(0.,0.,1.));
#14262=DIRECTION('',(1.,0.,0.));
#14263=DIRECTION('',(0.,0.,1.));
#14264=DIRECTION('',(1.,0.,0.));
#14265=DIRECTION('',(0.,0.,1.));
#14266=DIRECTION('',(1.,0.,0.));
#14267=DIRECTION('',(0.,0.,-1.));
#14268=DIRECTION('',(-1.,0.,0.));
#14269=DIRECTION('',(0.,0.,-1.));
#14270=DIRECTION('',(1.,0.,0.));
#14271=DIRECTION('',(0.,0.,1.));
#14272=DIRECTION('',(1.,0.,0.));
#14273=DIRECTION('',(0.,0.,-1.));
#14274=DIRECTION('',(-1.,0.,0.));
#14275=DIRECTION('',(0.,0.,-1.));
#14276=DIRECTION('',(-1.,0.,0.));
#14277=DIRECTION('',(0.,0.,-1.));
#14278=DIRECTION('',(-1.,0.,-2.73858664189726E-17));
#14279=DIRECTION('',(0.,0.,1.));
#14280=DIRECTION('',(1.,0.,5.48258283765512E-17));
#14281=DIRECTION('',(1.,0.,0.));
#14282=DIRECTION('',(0.,0.999999999999999,0.));
#14283=DIRECTION('',(-1.,0.,0.));
#14284=DIRECTION('',(1.,0.,0.));
#14285=DIRECTION('',(0.,0.999999999999999,0.));
#14286=DIRECTION('',(-1.,0.,0.));
#14287=DIRECTION('',(-1.,0.,0.));
#14288=DIRECTION('',(0.,-0.999999999999999,0.));
#14289=DIRECTION('',(-0.515038074910059,0.85716730070211,0.));
#14290=DIRECTION('',(-0.515038074910059,-0.85716730070211,1.04972719113861E-16));
#14291=DIRECTION('',(-1.,0.,0.));
#14292=DIRECTION('',(-2.0825893224835E-18,-1.,0.));
#14293=DIRECTION('',(1.,0.,0.));
#14294=DIRECTION('',(0.,0.999999999999999,0.));
#14295=DIRECTION('',(-1.,0.,0.));
#14296=DIRECTION('',(1.,0.,0.));
#14297=DIRECTION('',(0.,0.999999999999999,0.));
#14298=DIRECTION('',(-1.,0.,0.));
#14299=DIRECTION('',(-1.,0.,0.));
#14300=DIRECTION('',(0.,-0.999999999999999,0.));
#14301=DIRECTION('',(-0.515038074910059,0.85716730070211,0.));
#14302=DIRECTION('',(-0.515038074910059,-0.85716730070211,1.04972719113861E-16));
#14303=DIRECTION('',(-1.,0.,0.));
#14304=DIRECTION('',(-2.0825893224835E-18,-1.,0.));
#14305=DIRECTION('',(-1.,0.,0.));
#14306=DIRECTION('',(0.,-0.999999999999999,0.));
#14307=DIRECTION('',(1.,0.,0.));
#14308=DIRECTION('',(-1.,0.,0.));
#14309=DIRECTION('',(0.,-0.999999999999999,0.));
#14310=DIRECTION('',(1.,0.,0.));
#14311=DIRECTION('',(1.,0.,0.));
#14312=DIRECTION('',(0.,0.999999999999999,0.));
#14313=DIRECTION('',(0.515038074910059,-0.85716730070211,0.));
#14314=DIRECTION('',(0.515038074910059,0.85716730070211,1.04972719113861E-16));
#14315=DIRECTION('',(1.,0.,0.));
#14316=DIRECTION('',(2.29084825473185E-17,1.,0.));
#14317=DIRECTION('',(-1.,0.,0.));
#14318=DIRECTION('',(0.,-0.999999999999999,0.));
#14319=DIRECTION('',(1.,0.,0.));
#14320=DIRECTION('',(-1.,0.,0.));
#14321=DIRECTION('',(0.,-0.999999999999999,0.));
#14322=DIRECTION('',(1.,0.,0.));
#14323=DIRECTION('',(1.,0.,0.));
#14324=DIRECTION('',(0.,0.999999999999999,0.));
#14325=DIRECTION('',(0.515038074910059,-0.85716730070211,0.));
#14326=DIRECTION('',(0.515038074910059,0.85716730070211,1.04972719113861E-16));
#14327=DIRECTION('',(1.,0.,0.));
#14328=DIRECTION('',(2.29084825473185E-17,1.,0.));
#14329=DIRECTION('',(0.,-1.,0.));
#14330=DIRECTION('',(0.999999999999999,0.,0.));
#14331=DIRECTION('',(0.,1.,0.));
#14332=DIRECTION('',(0.,-1.,0.));
#14333=DIRECTION('',(0.999999999999999,0.,0.));
#14334=DIRECTION('',(0.,1.,0.));
#14335=DIRECTION('',(0.,1.,0.));
#14336=DIRECTION('',(-0.999999999999999,0.,0.));
#14337=DIRECTION('',(0.85716730070211,0.515038074910058,0.));
#14338=DIRECTION('',(-0.85716730070211,0.515038074910058,1.04972719113862E-16));
#14339=DIRECTION('',(0.,1.,0.));
#14340=DIRECTION('',(-1.,-4.16517864496699E-17,0.));
#14341=DIRECTION('',(0.,-1.,0.));
#14342=DIRECTION('',(1.,0.,0.));
#14343=DIRECTION('',(0.,1.,0.));
#14344=DIRECTION('',(0.,-1.,0.));
#14345=DIRECTION('',(1.,0.,0.));
#14346=DIRECTION('',(0.,1.,0.));
#14347=DIRECTION('',(0.,1.,0.));
#14348=DIRECTION('',(-1.,0.,0.));
#14349=DIRECTION('',(0.85716730070211,0.515038074910058,0.));
#14350=DIRECTION('',(-0.85716730070211,0.515038074910058,1.04972719113862E-16));
#14351=DIRECTION('',(0.,1.,0.));
#14352=DIRECTION('',(-1.,-4.16517864496699E-17,0.));
#14353=DIRECTION('',(0.,-1.,0.));
#14354=DIRECTION('',(1.,0.,0.));
#14355=DIRECTION('',(0.,1.,0.));
#14356=DIRECTION('',(0.,-1.,0.));
#14357=DIRECTION('',(1.,0.,0.));
#14358=DIRECTION('',(0.,1.,0.));
#14359=DIRECTION('',(0.,1.,0.));
#14360=DIRECTION('',(-1.,0.,0.));
#14361=DIRECTION('',(0.85716730070211,0.515038074910058,0.));
#14362=DIRECTION('',(-0.85716730070211,0.515038074910058,1.04972719113862E-16));
#14363=DIRECTION('',(0.,1.,0.));
#14364=DIRECTION('',(-1.,-4.16517864496699E-17,0.));
#14365=DIRECTION('',(0.,-1.,0.));
#14366=DIRECTION('',(0.999999999999999,0.,0.));
#14367=DIRECTION('',(0.,1.,0.));
#14368=DIRECTION('',(0.,-1.,0.));
#14369=DIRECTION('',(0.999999999999999,0.,0.));
#14370=DIRECTION('',(0.,1.,0.));
#14371=DIRECTION('',(0.,1.,0.));
#14372=DIRECTION('',(-0.999999999999999,0.,0.));
#14373=DIRECTION('',(0.85716730070211,0.515038074910058,0.));
#14374=DIRECTION('',(-0.85716730070211,0.515038074910058,1.04972719113862E-16));
#14375=DIRECTION('',(0.,1.,0.));
#14376=DIRECTION('',(-1.,-4.16517864496699E-17,0.));
#14377=DIRECTION('',(0.,-1.,0.));
#14378=DIRECTION('',(1.,0.,0.));
#14379=DIRECTION('',(0.,1.,0.));
#14380=DIRECTION('',(0.,1.,0.));
#14381=DIRECTION('',(0.,1.,0.));
#14382=DIRECTION('',(-1.,0.,0.));
#14383=DIRECTION('',(0.,1.,0.));
#14384=DIRECTION('',(0.,-1.,0.));
#14385=DIRECTION('',(1.,0.,0.));
#14386=DIRECTION('',(0.,1.,0.));
#14387=DIRECTION('',(0.,1.,0.));
#14388=DIRECTION('',(-1.,0.,0.));
#14389=DIRECTION('',(0.,-1.,0.));
#14390=DIRECTION('',(1.,0.,0.));
#14391=DIRECTION('',(0.,1.,0.));
#14392=DIRECTION('',(0.,-1.,0.));
#14393=DIRECTION('',(1.,0.,0.));
#14394=DIRECTION('',(0.,1.,0.));
#14395=DIRECTION('',(0.,1.,0.));
#14396=DIRECTION('',(-1.,0.,0.));
#14397=DIRECTION('',(0.,-1.,0.));
#14398=DIRECTION('',(1.,0.,0.));
#14399=DIRECTION('',(0.,1.,0.));
#14400=DIRECTION('',(0.,-1.,0.));
#14401=DIRECTION('',(1.,0.,0.));
#14402=DIRECTION('',(0.,1.,0.));
#14403=DIRECTION('',(0.,1.,0.));
#14404=DIRECTION('',(-1.,0.,0.));
#14405=DIRECTION('',(0.,-1.,0.));
#14406=DIRECTION('',(1.,0.,0.));
#14407=DIRECTION('',(0.,1.,0.));
#14408=DIRECTION('',(0.,1.,0.));
#14409=DIRECTION('',(0.,1.,0.));
#14410=DIRECTION('',(-1.,0.,0.));
#14411=DIRECTION('',(0.,1.,0.));
#14412=DIRECTION('',(0.,-1.,0.));
#14413=DIRECTION('',(1.,0.,0.));
#14414=DIRECTION('',(0.,1.,0.));
#14415=DIRECTION('',(0.,1.,0.));
#14416=DIRECTION('',(-1.,0.,0.));
#14417=DIRECTION('',(0.,-1.,0.));
#14418=DIRECTION('',(1.,0.,0.));
#14419=DIRECTION('',(0.,1.,0.));
#14420=DIRECTION('',(0.,1.,0.));
#14421=DIRECTION('',(0.,1.,0.));
#14422=DIRECTION('',(-1.,0.,0.));
#14423=DIRECTION('',(0.,1.,0.));
#14424=DIRECTION('',(0.,-1.,0.));
#14425=DIRECTION('',(1.,0.,0.));
#14426=DIRECTION('',(0.,1.,0.));
#14427=DIRECTION('',(0.,1.,0.));
#14428=DIRECTION('',(-1.,0.,0.));
#14429=DIRECTION('',(0.,-1.,0.));
#14430=DIRECTION('',(1.,0.,0.));
#14431=DIRECTION('',(0.,1.,0.));
#14432=DIRECTION('',(0.,-1.,0.));
#14433=DIRECTION('',(1.,0.,0.));
#14434=DIRECTION('',(0.,1.,0.));
#14435=DIRECTION('',(0.,1.,0.));
#14436=DIRECTION('',(-1.,0.,0.));
#14437=DIRECTION('',(0.,-1.,0.));
#14438=DIRECTION('',(1.,0.,0.));
#14439=DIRECTION('',(0.,1.,0.));
#14440=DIRECTION('',(0.,-1.,0.));
#14441=DIRECTION('',(1.,0.,0.));
#14442=DIRECTION('',(0.,1.,0.));
#14443=DIRECTION('',(0.,1.,0.));
#14444=DIRECTION('',(-1.,0.,0.));
#14445=DIRECTION('',(0.,-1.,0.));
#14446=DIRECTION('',(1.,0.,0.));
#14447=DIRECTION('',(0.,1.,0.));
#14448=DIRECTION('',(0.,1.,0.));
#14449=DIRECTION('',(0.,1.,0.));
#14450=DIRECTION('',(-1.,0.,0.));
#14451=DIRECTION('',(0.,1.,0.));
#14452=DIRECTION('',(0.,-1.,0.));
#14453=DIRECTION('',(1.,0.,0.));
#14454=DIRECTION('',(0.,1.,0.));
#14455=DIRECTION('',(0.,1.,0.));
#14456=DIRECTION('',(-1.,0.,0.));
#14457=DIRECTION('',(0.,0.,1.));
#14458=DIRECTION('',(0.,-1.,0.));
#14459=DIRECTION('',(0.,0.,-1.));
#14460=DIRECTION('',(0.,0.,1.));
#14461=DIRECTION('',(0.,-1.,0.));
#14462=DIRECTION('',(0.,0.,1.));
#14463=DIRECTION('',(0.,-1.,0.));
#14464=DIRECTION('',(0.,0.,-1.));
#14465=DIRECTION('',(0.,0.,-1.));
#14466=DIRECTION('',(0.,1.,0.));
#14467=DIRECTION('',(0.,0.,1.));
#14468=DIRECTION('',(0.,-0.999999999999999,0.));
#14469=DIRECTION('',(0.,0.,-1.));
#14470=DIRECTION('',(0.,0.,1.));
#14471=DIRECTION('',(0.,-0.999999999999999,0.));
#14472=DIRECTION('',(0.,0.,-1.));
#14473=DIRECTION('',(0.,0.,-1.));
#14474=DIRECTION('',(0.,0.999999999999999,0.));
#14475=DIRECTION('',(0.,-0.85716730070211,-0.515038074910059));
#14476=DIRECTION('',(1.04972719113861E-16,0.85716730070211,-0.515038074910059));
#14477=DIRECTION('',(0.,0.,-1.));
#14478=DIRECTION('',(0.,1.,3.3321429159736E-17));
#14479=DIRECTION('',(0.,0.,1.));
#14480=DIRECTION('',(0.,-0.999999999999999,0.));
#14481=DIRECTION('',(0.,0.,-1.));
#14482=DIRECTION('',(0.,0.,1.));
#14483=DIRECTION('',(0.,-0.999999999999999,0.));
#14484=DIRECTION('',(0.,0.,-1.));
#14485=DIRECTION('',(0.,0.,-1.));
#14486=DIRECTION('',(0.,0.999999999999999,0.));
#14487=DIRECTION('',(0.,-0.857167300702109,-0.515038074910059));
#14488=DIRECTION('',(1.04972719113861E-16,0.857167300702109,-0.515038074910059));
#14489=DIRECTION('',(0.,0.,-1.));
#14490=DIRECTION('',(0.,1.,3.33214291597361E-17));
#14491=DIRECTION('',(0.,0.,1.));
#14492=DIRECTION('',(0.,-1.,0.));
#14493=DIRECTION('',(0.,0.,-1.));
#14494=DIRECTION('',(0.,0.,1.));
#14495=DIRECTION('',(0.,-1.,0.));
#14496=DIRECTION('',(0.,0.,-1.));
#14497=DIRECTION('',(0.,0.,-1.));
#14498=DIRECTION('',(0.,0.999999999999999,0.));
#14499=DIRECTION('',(0.,0.,1.));
#14500=DIRECTION('',(0.,-1.,0.));
#14501=DIRECTION('',(0.,0.,-1.));
#14502=DIRECTION('',(0.,0.,1.));
#14503=DIRECTION('',(0.,-1.,0.));
#14504=DIRECTION('',(0.,0.,-1.));
#14505=DIRECTION('',(0.,0.999999999999999,0.));
#14506=DIRECTION('',(0.,0.,1.));
#14507=DIRECTION('',(0.,-1.,0.));
#14508=DIRECTION('',(0.,0.,-1.));
#14509=DIRECTION('',(0.,0.,1.));
#14510=DIRECTION('',(0.,-1.,0.));
#14511=DIRECTION('',(0.,0.,-1.));
#14512=DIRECTION('',(0.,0.,-1.));
#14513=DIRECTION('',(0.,0.999999999999999,0.));
#14514=DIRECTION('',(0.,0.,1.));
#14515=DIRECTION('',(0.,-1.,0.));
#14516=DIRECTION('',(0.,0.,-1.));
#14517=DIRECTION('',(0.,0.,1.));
#14518=DIRECTION('',(0.,-1.,0.));
#14519=DIRECTION('',(0.,0.,-1.));
#14520=DIRECTION('',(0.,0.999999999999999,0.));
#14521=DIRECTION('',(0.,0.,1.));
#14522=DIRECTION('',(0.,-1.,0.));
#14523=DIRECTION('',(0.,0.,1.));
#14524=DIRECTION('',(0.,-1.,0.));
#14525=DIRECTION('',(0.,0.,1.));
#14526=DIRECTION('',(0.,-1.,0.));
#14527=DIRECTION('',(0.,0.,-1.));
#14528=DIRECTION('',(0.,0.,1.));
#14529=DIRECTION('',(0.,-1.,0.));
#14530=DIRECTION('',(0.,0.,-1.));
#14531=DIRECTION('',(0.,-1.,0.));
#14532=DIRECTION('',(0.,0.,1.));
#14533=DIRECTION('',(0.,0.,1.));
#14534=DIRECTION('',(0.,-1.,0.));
#14535=DIRECTION('',(0.,0.,-1.));
#14536=DIRECTION('',(0.,0.,-1.));
#14537=DIRECTION('',(0.,1.,0.));
#14538=DIRECTION('',(0.,1.,0.));
#14539=DIRECTION('',(0.,0.,1.));
#14540=DIRECTION('',(0.,-1.,0.));
#14541=DIRECTION('',(0.,0.,-1.));
#14542=DIRECTION('',(0.,1.,0.));
#14543=DIRECTION('',(0.,-1.,0.));
#14544=DIRECTION('',(0.,0.,1.));
#14545=DIRECTION('',(0.,-1.,0.));
#14546=DIRECTION('',(0.,1.,0.));
#14547=DIRECTION('',(0.,0.,1.));
#14548=DIRECTION('',(0.,-1.,0.));
#14549=DIRECTION('',(0.,0.,-1.));
#14550=DIRECTION('',(0.,1.,0.));
#14551=DIRECTION('',(-1.,0.,0.));
#14552=DIRECTION('',(0.,0.,-1.));
#14553=DIRECTION('',(-1.,0.,0.));
#14554=DIRECTION('',(0.,0.,-1.));
#14555=DIRECTION('',(0.,-1.,0.));
#14556=DIRECTION('',(1.,0.,0.));
#14557=DIRECTION('',(0.,-1.,0.));
#14558=DIRECTION('',(1.,0.,0.));
#14559=DIRECTION('',(0.,-1.,0.));
#14560=DIRECTION('',(1.,0.,0.));
#14561=DIRECTION('',(0.,-1.,0.));
#14562=DIRECTION('',(1.,0.,0.));
#14563=DIRECTION('',(0.,-1.,0.));
#14564=DIRECTION('',(1.,0.,0.));
#14565=DIRECTION('',(0.,-1.,0.));
#14566=DIRECTION('',(0.,0.,1.));
#14567=DIRECTION('',(0.,-1.,0.));
#14568=DIRECTION('',(0.,1.,0.));
#14569=DIRECTION('',(0.,0.,1.));
#14570=DIRECTION('',(0.,-1.,0.));
#14571=DIRECTION('',(0.,0.,-1.));
#14572=DIRECTION('',(0.,1.,0.));
#14573=DIRECTION('',(0.,1.,0.));
#14574=DIRECTION('',(0.,0.,-1.));
#14575=DIRECTION('',(0.,1.,0.));
#14576=DIRECTION('',(-1.,0.,0.));
#14577=DIRECTION('',(0.,-0.999999999999999,0.));
#14578=DIRECTION('',(-1.,0.,0.));
#14579=DIRECTION('',(0.,-0.999999999999999,0.));
#14580=DIRECTION('',(-1.,0.,0.));
#14581=DIRECTION('',(0.,-1.,0.));
#14582=DIRECTION('',(-1.,0.,0.));
#14583=DIRECTION('',(0.,1.,0.));
#14584=DIRECTION('',(0.,0.,1.));
#14585=DIRECTION('',(0.,-1.,0.));
#14586=DIRECTION('',(0.,0.,-1.));
#14587=DIRECTION('',(0.,1.,0.));
#14588=DIRECTION('',(0.,0.,-1.));
#14589=DIRECTION('',(0.,1.,0.));
#14590=DIRECTION('',(1.,0.,0.));
#14591=DIRECTION('',(0.,0.999999999999999,0.));
#14592=DIRECTION('',(1.,0.,0.));
#14593=DIRECTION('',(0.,0.999999999999999,0.));
#14594=DIRECTION('',(1.,0.,0.));
#14595=DIRECTION('',(0.,1.,0.));
#14596=DIRECTION('',(1.,0.,0.));
#14597=DIRECTION('',(0.,0.,1.));
#14598=DIRECTION('',(0.,-1.,0.));
#14599=DIRECTION('',(0.,0.,1.));
#14600=DIRECTION('',(0.,-1.,0.));
#14601=DIRECTION('',(0.,0.,1.));
#14602=DIRECTION('',(0.,-1.,0.));
#14603=DIRECTION('',(0.,0.,1.));
#14604=DIRECTION('',(0.,-1.,0.));
#14605=DIRECTION('',(0.,0.,1.));
#14606=DIRECTION('',(0.,-1.,0.));
#14607=DIRECTION('',(0.,-1.,0.));
#14608=DIRECTION('',(0.999999999999999,0.,0.));
#14609=DIRECTION('',(0.,-1.,0.));
#14610=DIRECTION('',(1.,0.,0.));
#14611=DIRECTION('',(0.,-1.,0.));
#14612=DIRECTION('',(1.,0.,0.));
#14613=DIRECTION('',(0.,-1.,0.));
#14614=DIRECTION('',(0.999999999999999,0.,0.));
#14615=DIRECTION('',(0.,-1.,0.));
#14616=DIRECTION('',(1.,0.,0.));
#14617=DIRECTION('',(0.,-1.,0.));
#14618=DIRECTION('',(1.,0.,0.));
#14619=DIRECTION('',(0.,-1.,0.));
#14620=DIRECTION('',(1.,0.,0.));
#14621=DIRECTION('',(0.,-1.,0.));
#14622=DIRECTION('',(1.,0.,0.));
#14623=DIRECTION('',(0.,-1.,0.));
#14624=DIRECTION('',(1.,0.,0.));
#14625=DIRECTION('',(0.,0.,-1.));
#14626=DIRECTION('',(7.09951644797916E-15,-1.,0.));
#14627=DIRECTION('',(0.,0.,1.));
#14628=DIRECTION('',(0.,0.,-1.));
#14629=DIRECTION('',(0.,1.,0.));
#14630=DIRECTION('',(0.,-1.,0.));
#14631=DIRECTION('',(0.,0.,-1.));
#14632=DIRECTION('',(0.,1.,0.));
#14633=DIRECTION('',(0.,0.,1.));
#14634=DIRECTION('',(0.,-1.,0.));
#14635=DIRECTION('',(0.,0.,-1.));
#14636=DIRECTION('',(0.,0.999999999999999,0.));
#14637=DIRECTION('',(0.,0.,1.));
#14638=DIRECTION('',(0.,-0.999999999999999,0.));
#14639=DIRECTION('',(0.,0.,-1.));
#14640=DIRECTION('',(0.,1.,0.));
#14641=DIRECTION('',(0.,0.,1.));
#14642=DIRECTION('',(0.,-1.,0.));
#14643=DIRECTION('',(0.,0.,-1.));
#14644=DIRECTION('',(0.,0.999999999999999,0.));
#14645=DIRECTION('',(0.,0.,1.));
#14646=DIRECTION('',(0.,-0.999999999999999,0.));
#14647=DIRECTION('',(0.,0.,-1.));
#14648=DIRECTION('',(0.,1.,0.));
#14649=DIRECTION('',(0.,0.,1.));
#14650=DIRECTION('',(0.,-0.999999999999999,0.));
#14651=DIRECTION('',(0.,0.,-1.));
#14652=DIRECTION('',(0.,1.,3.33214291597361E-17));
#14653=DIRECTION('',(0.,0.,-1.));
#14654=DIRECTION('',(0.,0.999999999999999,0.));
#14655=DIRECTION('',(0.,0.,1.));
#14656=DIRECTION('',(0.,-0.999999999999999,0.));
#14657=DIRECTION('',(0.,0.,-1.));
#14658=DIRECTION('',(0.,1.,3.3321429159736E-17));
#14659=DIRECTION('',(0.,0.,-1.));
#14660=DIRECTION('',(0.,0.999999999999999,0.));
#14661=DIRECTION('',(0.,0.,-1.));
#14662=DIRECTION('',(0.,1.,0.));
#14663=DIRECTION('',(0.,1.,0.));
#14664=DIRECTION('',(-1.,0.,0.));
#14665=DIRECTION('',(0.,-1.,0.));
#14666=DIRECTION('',(1.,0.,0.));
#14667=DIRECTION('',(0.,1.,0.));
#14668=DIRECTION('',(-1.,0.,0.));
#14669=DIRECTION('',(0.,-1.,0.));
#14670=DIRECTION('',(1.,0.,0.));
#14671=DIRECTION('',(0.,1.,0.));
#14672=DIRECTION('',(-1.,0.,0.));
#14673=DIRECTION('',(0.,-1.,0.));
#14674=DIRECTION('',(1.,0.,0.));
#14675=DIRECTION('',(0.,-1.,0.));
#14676=DIRECTION('',(1.,0.,0.));
#14677=DIRECTION('',(0.,1.,0.));
#14678=DIRECTION('',(-1.,0.,0.));
#14679=DIRECTION('',(0.,-1.,0.));
#14680=DIRECTION('',(1.,0.,0.));
#14681=DIRECTION('',(0.,-1.,0.));
#14682=DIRECTION('',(1.,0.,0.));
#14683=DIRECTION('',(0.,1.,0.));
#14684=DIRECTION('',(-1.,0.,0.));
#14685=DIRECTION('',(0.,1.,0.));
#14686=DIRECTION('',(-1.,0.,0.));
#14687=DIRECTION('',(0.,-1.,0.));
#14688=DIRECTION('',(1.,0.,0.));
#14689=DIRECTION('',(0.,1.,0.));
#14690=DIRECTION('',(-1.,0.,0.));
#14691=DIRECTION('',(0.,-1.,0.));
#14692=DIRECTION('',(1.,0.,0.));
#14693=DIRECTION('',(0.,1.,0.));
#14694=DIRECTION('',(-1.,0.,0.));
#14695=DIRECTION('',(0.,-1.,0.));
#14696=DIRECTION('',(1.,0.,0.));
#14697=DIRECTION('',(0.,-1.,0.));
#14698=DIRECTION('',(1.,0.,0.));
#14699=DIRECTION('',(0.,1.,0.));
#14700=DIRECTION('',(-1.,0.,0.));
#14701=DIRECTION('',(0.,-1.,0.));
#14702=DIRECTION('',(1.,0.,0.));
#14703=DIRECTION('',(0.,-1.,0.));
#14704=DIRECTION('',(1.,0.,0.));
#14705=DIRECTION('',(0.,1.,0.));
#14706=DIRECTION('',(-1.,0.,0.));
#14707=DIRECTION('',(0.,-1.,0.));
#14708=DIRECTION('',(0.999999999999999,0.,0.));
#14709=DIRECTION('',(0.,1.,0.));
#14710=DIRECTION('',(-1.,-4.16517864496699E-17,0.));
#14711=DIRECTION('',(0.,1.,0.));
#14712=DIRECTION('',(-0.999999999999999,0.,0.));
#14713=DIRECTION('',(0.,-1.,0.));
#14714=DIRECTION('',(1.,0.,0.));
#14715=DIRECTION('',(0.,1.,0.));
#14716=DIRECTION('',(-1.,-4.16517864496699E-17,0.));
#14717=DIRECTION('',(0.,1.,0.));
#14718=DIRECTION('',(-1.,0.,0.));
#14719=DIRECTION('',(0.,-1.,0.));
#14720=DIRECTION('',(1.,0.,0.));
#14721=DIRECTION('',(0.,1.,0.));
#14722=DIRECTION('',(-1.,-4.16517864496699E-17,0.));
#14723=DIRECTION('',(0.,1.,0.));
#14724=DIRECTION('',(-1.,0.,0.));
#14725=DIRECTION('',(0.,-1.,0.));
#14726=DIRECTION('',(0.999999999999999,0.,0.));
#14727=DIRECTION('',(0.,1.,0.));
#14728=DIRECTION('',(-1.,-4.16517864496699E-17,0.));
#14729=DIRECTION('',(0.,1.,0.));
#14730=DIRECTION('',(-0.999999999999999,0.,0.));
#14731=DIRECTION('',(-1.,0.,0.));
#14732=DIRECTION('',(0.,-0.999999999999999,0.));
#14733=DIRECTION('',(1.,0.,0.));
#14734=DIRECTION('',(2.29084825473185E-17,1.,0.));
#14735=DIRECTION('',(1.,0.,0.));
#14736=DIRECTION('',(0.,0.999999999999999,0.));
#14737=DIRECTION('',(-1.,0.,0.));
#14738=DIRECTION('',(0.,-0.999999999999999,0.));
#14739=DIRECTION('',(1.,0.,0.));
#14740=DIRECTION('',(2.29084825473185E-17,1.,0.));
#14741=DIRECTION('',(1.,0.,0.));
#14742=DIRECTION('',(0.,0.999999999999999,0.));
#14743=DIRECTION('',(1.,0.,0.));
#14744=DIRECTION('',(0.,0.999999999999999,0.));
#14745=DIRECTION('',(-1.,0.,0.));
#14746=DIRECTION('',(-2.0825893224835E-18,-1.,0.));
#14747=DIRECTION('',(-1.,0.,0.));
#14748=DIRECTION('',(0.,-0.999999999999999,0.));
#14749=DIRECTION('',(1.,0.,0.));
#14750=DIRECTION('',(0.,0.999999999999999,0.));
#14751=DIRECTION('',(-1.,0.,0.));
#14752=DIRECTION('',(-2.0825893224835E-18,-1.,0.));
#14753=DIRECTION('',(-1.,0.,0.));
#14754=DIRECTION('',(0.,-0.999999999999999,0.));
#14755=DIRECTION('',(0.,0.,-1.));
#14756=DIRECTION('',(1.,0.,0.));
#14757=DIRECTION('',(0.,0.,-1.));
#14758=DIRECTION('',(0.,0.,-1.));
#14759=DIRECTION('',(1.,0.,0.));
#14760=DIRECTION('',(0.,0.,-1.));
#14761=DIRECTION('',(0.,0.,-1.));
#14762=DIRECTION('',(-1.,0.,0.));
#14763=DIRECTION('',(0.,0.,1.));
#14764=DIRECTION('',(-0.999999999999999,0.,0.));
#14765=DIRECTION('',(0.,0.,-1.));
#14766=DIRECTION('',(0.,0.,1.));
#14767=DIRECTION('',(-0.999999999999999,0.,0.));
#14768=DIRECTION('',(0.,0.,1.));
#14769=DIRECTION('',(0.,0.,1.));
#14770=DIRECTION('',(0.999999999999999,0.,0.));
#14771=DIRECTION('',(0.,0.,-1.));
#14772=DIRECTION('',(-1.,0.,0.));
#14773=DIRECTION('',(0.,0.,1.));
#14774=DIRECTION('',(0.,0.,1.));
#14775=DIRECTION('',(-1.,0.,0.));
#14776=DIRECTION('',(0.,0.,1.));
#14777=DIRECTION('',(0.,0.,1.));
#14778=DIRECTION('',(1.,0.,0.));
#14779=DIRECTION('',(-0.857167300610757,0.,0.515038075062095));
#14780=DIRECTION('',(0.857167300610757,1.04972719102674E-16,0.515038075062095));
#14781=DIRECTION('',(0.,0.,1.));
#14782=DIRECTION('',(1.,0.,-1.66702208171329E-17));
#14783=DIRECTION('',(0.857167300610757,0.,-0.515038075062095));
#14784=DIRECTION('',(-0.857167300610757,1.04972719102674E-16,-0.515038075062095));
#14785=DIRECTION('',(0.,0.,-1.));
#14786=DIRECTION('',(-1.,0.,0.));
#14787=DIRECTION('',(0.,0.,-1.));
#14788=DIRECTION('',(-1.00000000000001,0.,0.));
#14789=DIRECTION('',(0.,0.,1.));
#14790=DIRECTION('',(0.,0.,1.));
#14791=DIRECTION('',(-1.00000000000001,0.,0.));
#14792=DIRECTION('',(0.,0.,1.));
#14793=DIRECTION('',(0.,0.,1.));
#14794=DIRECTION('',(1.00000000000001,0.,0.));
#14795=DIRECTION('',(0.,1.,0.));
#14796=DIRECTION('',(0.,0.,1.));
#14797=DIRECTION('',(0.,1.,0.));
#14798=DIRECTION('',(0.,-1.,0.));
#14799=DIRECTION('',(0.,0.,1.));
#14800=DIRECTION('',(0.,1.,0.));
#14801=DIRECTION('',(0.,-1.,0.));
#14802=DIRECTION('',(0.,0.,-1.));
#14803=DIRECTION('',(0.,1.,0.));
#14804=DIRECTION('',(0.,0.,1.));
#14805=DIRECTION('',(0.,1.,0.));
#14806=DIRECTION('',(0.,-1.,0.));
#14807=DIRECTION('',(0.,0.,1.));
#14808=DIRECTION('',(0.,1.,0.));
#14809=DIRECTION('',(0.,-1.,0.));
#14810=DIRECTION('',(0.,0.,-1.));
#14811=DIRECTION('',(0.,1.,0.));
#14812=DIRECTION('',(0.,0.,1.));
#14813=DIRECTION('',(0.,1.,0.));
#14814=DIRECTION('',(0.,-1.,0.));
#14815=DIRECTION('',(0.,0.,1.));
#14816=DIRECTION('',(0.,1.,0.));
#14817=DIRECTION('',(0.,-1.,0.));
#14818=DIRECTION('',(0.,0.,-1.));
#14819=DIRECTION('',(0.,1.,0.));
#14820=DIRECTION('',(0.,0.,1.));
#14821=DIRECTION('',(0.,1.,0.));
#14822=DIRECTION('',(0.,-1.,0.));
#14823=DIRECTION('',(0.,0.,1.));
#14824=DIRECTION('',(0.,1.,0.));
#14825=DIRECTION('',(0.,-1.,0.));
#14826=DIRECTION('',(0.,0.,-1.));
#14827=DIRECTION('',(0.,-0.515038074908208,0.857167300703222));
#14828=DIRECTION('',(-1.04972719113998E-16,-0.515038074908208,-0.857167300703222));
#14829=DIRECTION('',(0.,1.,0.));
#14830=DIRECTION('',(0.,7.28971899368321E-18,1.));
#14831=DIRECTION('',(0.,-0.515038074903619,0.857167300705979));
#14832=DIRECTION('',(-1.04972719114335E-16,-0.515038074903619,-0.857167300705979));
#14833=DIRECTION('',(0.,1.,0.));
#14834=DIRECTION('',(0.,7.28971899359482E-18,1.));
#14835=DIRECTION('',(0.,-0.515038074908208,0.857167300703222));
#14836=DIRECTION('',(-1.04972719113998E-16,-0.515038074908208,-0.857167300703222));
#14837=DIRECTION('',(0.,1.,0.));
#14838=DIRECTION('',(0.,7.28971899368321E-18,1.));
#14839=DIRECTION('',(0.,-0.515038074903619,0.857167300705979));
#14840=DIRECTION('',(-1.04972719114335E-16,-0.515038074903619,-0.857167300705979));
#14841=DIRECTION('',(0.,1.,0.));
#14842=DIRECTION('',(0.,7.28971899359482E-18,1.));
#14843=DIRECTION('',(0.,0.,1.));
#14844=DIRECTION('',(-1.,0.,0.));
#14845=DIRECTION('',(0.,0.,-1.));
#14846=DIRECTION('',(1.,0.,0.));
#14847=DIRECTION('',(0.,-1.,0.));
#14848=DIRECTION('',(0.,0.,-1.));
#14849=DIRECTION('',(0.,0.,-1.));
#14850=DIRECTION('',(1.,0.,0.));
#14851=DIRECTION('',(1.,0.,0.));
#14852=DIRECTION('',(0.,1.,0.));
#14853=DIRECTION('',(0.,0.,1.));
#14854=DIRECTION('',(-1.,0.,0.));
#14855=DIRECTION('',(0.,1.,0.));
#14856=DIRECTION('',(0.,-1.,0.));
#14857=DIRECTION('',(0.,0.,1.));
#14858=DIRECTION('',(-0.999999999999999,0.,0.));
#14859=DIRECTION('',(0.,-1.,0.));
#14860=DIRECTION('',(1.,0.,0.));
#14861=DIRECTION('',(-0.707106781186548,-0.707106781186548,0.));
#14862=DIRECTION('',(0.,1.,0.));
#14863=DIRECTION('',(0.707106781186548,-0.707106781186548,0.));
#14864=DIRECTION('',(-1.,0.,0.));
#14865=DIRECTION('',(0.707106781186548,0.707106781186548,0.));
#14866=DIRECTION('',(0.,-1.,0.));
#14867=DIRECTION('',(-0.707106781186498,0.707106781186598,0.));
#14868=DIRECTION('',(0.,0.,-1.));
#14869=DIRECTION('',(-1.,0.,0.));
#14870=DIRECTION('',(0.,0.,1.));
#14871=DIRECTION('',(0.,-1.,0.));
#14872=DIRECTION('',(1.,0.,0.));
#14873=DIRECTION('',(0.,0.,-1.));
#14874=DIRECTION('',(0.,0.,-1.));
#14875=DIRECTION('',(-1.,0.,0.));
#14876=DIRECTION('',(0.,-1.,0.));
#14877=DIRECTION('',(1.,0.,0.));
#14878=DIRECTION('',(0.707106781186498,-0.707106781186598,0.));
#14879=DIRECTION('',(0.,-1.,0.));
#14880=DIRECTION('',(-0.707106781186548,-0.707106781186548,0.));
#14881=DIRECTION('',(-1.,0.,0.));
#14882=DIRECTION('',(0.707106781186548,-0.707106781186548,0.));
#14883=DIRECTION('',(0.,1.,0.));
#14884=DIRECTION('',(-0.707106781186548,-0.707106781186548,0.));
#14885=DIRECTION('',(1.,0.,0.));
#14886=DIRECTION('',(0.,1.,0.));
#14887=DIRECTION('',(0.,0.,1.));
#14888=DIRECTION('',(-0.999999999999999,0.,0.));
#14889=DIRECTION('',(0.,-1.,0.));
#14890=DIRECTION('',(0.,0.,1.));
#14891=DIRECTION('',(-1.,0.,0.));
#14892=DIRECTION('',(0.,0.,-1.));
#14893=DIRECTION('',(-1.,0.,0.));
#14894=DIRECTION('',(0.,0.,-1.));
#14895=DIRECTION('',(-1.,0.,0.));
#14896=DIRECTION('',(0.,0.,1.));
#14897=DIRECTION('',(0.,0.,-1.));
#14898=DIRECTION('',(1.,0.,0.));
#14899=DIRECTION('',(0.,0.,-1.));
#14900=DIRECTION('',(-1.,0.,0.));
#14901=DIRECTION('',(0.,0.,1.));
#14902=DIRECTION('',(1.,0.,0.));
#14903=DIRECTION('',(0.,0.,1.));
#14904=DIRECTION('',(0.,0.,-1.));
#14905=DIRECTION('',(0.,0.,1.));
#14906=DIRECTION('',(-1.,0.,0.));
#14907=DIRECTION('',(0.,-1.,0.));
#14908=DIRECTION('',(0.,0.,-1.));
#14909=DIRECTION('',(0.,0.,1.));
#14910=DIRECTION('',(0.,1.,0.));
#14911=DIRECTION('',(0.,0.,-1.));
#14912=DIRECTION('',(-1.,0.,0.));
#14913=DIRECTION('',(0.,0.,1.));
#14914=DIRECTION('',(0.,0.,1.));
#14915=DIRECTION('',(1.,0.,0.));
#14916=DIRECTION('',(0.,0.,-1.));
#14917=DIRECTION('',(0.,1.,0.));
#14918=DIRECTION('',(0.,0.,1.));
#14919=DIRECTION('',(0.,0.,-1.));
#14920=DIRECTION('',(0.,0.,1.));
#14921=DIRECTION('',(0.,-1.,0.));
#14922=DIRECTION('',(1.,0.,0.));
#14923=DIRECTION('',(0.,0.,-1.));
#14924=DIRECTION('',(0.,0.,-1.));
#14925=DIRECTION('',(1.,0.,0.));
#14926=DIRECTION('',(0.,0.,-1.));
#14927=DIRECTION('',(0.,0.,1.));
#14928=DIRECTION('',(0.,0.,-1.));
#14929=DIRECTION('',(1.,0.,0.));
#14930=DIRECTION('',(0.,-1.,0.));
#14931=DIRECTION('',(0.,0.,-1.));
#14932=DIRECTION('',(0.,0.,1.));
#14933=DIRECTION('',(0.999999999999999,0.,0.));
#14934=DIRECTION('',(0.,0.,1.));
#14935=DIRECTION('',(0.,0.,1.));
#14936=DIRECTION('',(1.,0.,0.));
#14937=DIRECTION('',(0.,0.,1.));
#14938=DIRECTION('',(-1.,0.,0.));
#14939=DIRECTION('',(0.,0.,1.));
#14940=DIRECTION('',(1.,0.,0.));
#14941=DIRECTION('',(0.,0.,1.));
#14942=DIRECTION('',(0.,0.,-1.));
#14943=DIRECTION('',(0.,-1.,0.));
#14944=DIRECTION('',(-1.,0.,0.));
#14945=DIRECTION('',(0.,0.,1.));
#14946=DIRECTION('',(0.,0.,1.));
#14947=DIRECTION('',(0.,0.,-1.));
#14948=DIRECTION('',(-1.,0.,0.));
#14949=DIRECTION('',(0.,1.,0.));
#14950=DIRECTION('',(0.,0.,1.));
#14951=DIRECTION('',(0.,0.,1.));
#14952=DIRECTION('',(0.,-1.,0.));
#14953=DIRECTION('',(0.,0.,-1.));
#14954=DIRECTION('',(-1.,0.,0.));
#14955=DIRECTION('',(0.,0.,1.));
#14956=DIRECTION('',(0.,0.,1.));
#14957=DIRECTION('',(1.,0.,-1.66702208171329E-17));
#14958=DIRECTION('',(-0.707106781186548,0.707106781186548,0.));
#14959=DIRECTION('',(0.,0.,-1.));
#14960=DIRECTION('',(0.707106781186548,-0.707106781186548,0.));
#14961=DIRECTION('',(0.707106781186548,0.707106781186548,0.));
#14962=DIRECTION('',(0.707106781186548,-0.707106781186548,0.));
#14963=DIRECTION('',(-0.707106781186498,0.707106781186598,0.));
#14964=DIRECTION('',(0.707106781186598,0.707106781186498,0.));
#14965=DIRECTION('',(0.707106781186498,-0.707106781186598,0.));
#14966=DIRECTION('',(1.,0.,0.));
#14967=DIRECTION('',(0.,0.,-1.));
#14968=DIRECTION('',(0.707106781186498,-0.707106781186598,0.));
#14969=DIRECTION('',(0.707106781186598,0.707106781186498,0.));
#14970=DIRECTION('',(0.707106781186498,-0.707106781186598,0.));
#14971=DIRECTION('',(-0.707106781186548,-0.707106781186548,0.));
#14972=DIRECTION('',(0.707106781186548,-0.707106781186548,0.));
#14973=DIRECTION('',(-0.707106781186548,-0.707106781186548,0.));
#14974=DIRECTION('',(0.,-1.,0.));
#14975=DIRECTION('',(0.707106781186548,-0.707106781186548,0.));
#14976=DIRECTION('',(1.,0.,0.));
#14977=DIRECTION('',(0.,-1.,0.));
#14978=DIRECTION('',(1.,0.,0.));
#14979=DIRECTION('',(0.,-1.,0.));
#14980=DIRECTION('',(1.,0.,0.));
#14981=DIRECTION('',(0.707106781186548,0.707106781186548,0.));
#14982=DIRECTION('',(0.,1.,0.));
#14983=DIRECTION('',(-0.707106781186548,0.707106781186548,0.));
#14984=DIRECTION('',(0.707106781186548,0.707106781186548,0.));
#14985=DIRECTION('',(-0.707106781186546,-0.707106781186549,0.));
#14986=DIRECTION('',(0.,-1.,0.));
#14987=DIRECTION('',(0.,0.,1.));
#14988=DIRECTION('',(-1.00000000000001,0.,0.));
#14989=DIRECTION('',(0.,0.,1.));
#14990=DIRECTION('',(1.,0.,0.));
#14991=DIRECTION('',(-0.707106781186548,-0.707106781186548,0.));
#14992=DIRECTION('',(-0.707106781186548,0.707106781186548,0.));
#14993=DIRECTION('',(-0.707106781186548,0.707106781186548,0.));
#14994=DIRECTION('',(0.707106781186548,0.707106781186548,0.));
#14995=DIRECTION('',(0.707106781186548,0.707106781186548,0.));
#14996=DIRECTION('',(0.,0.,1.));
#14997=DIRECTION('',(-0.707106781186548,0.707106781186548,0.));
#14998=DIRECTION('',(0.707106781186548,0.707106781186548,0.));
#14999=DIRECTION('',(-1.,0.,0.));
#15000=DIRECTION('',(0.,0.,1.));
#15001=DIRECTION('',(0.707106781186548,0.707106781186548,0.));
#15002=DIRECTION('',(0.707106781186548,-0.707106781186548,0.));
#15003=DIRECTION('',(-0.707106781186548,-0.707106781186548,0.));
#15004=DIRECTION('',(0.,0.,-1.));
#15005=DIRECTION('',(-1.,0.,0.));
#15006=DIRECTION('',(-0.707106781186548,-0.707106781186548,0.));
#15007=DIRECTION('',(-1.,0.,0.));
#15008=DIRECTION('',(0.,1.,0.));
#15009=DIRECTION('',(-1.,0.,0.));
#15010=DIRECTION('',(0.,1.,0.));
#15011=DIRECTION('',(-1.,0.,0.));
#15012=DIRECTION('',(-0.707106781186548,0.707106781186548,0.));
#15013=DIRECTION('',(0.,1.,0.));
#15014=DIRECTION('',(0.,0.,-1.));
#15015=DIRECTION('',(-1.00000000000001,0.,0.));
#15016=DIRECTION('',(0.,1.,0.));
#15017=DIRECTION('',(0.707106781186545,-0.707106781186551,0.));
#15018=DIRECTION('',(0.707106781186548,0.707106781186548,0.));
#15019=DIRECTION('',(0.,-1.,0.));
#15020=DIRECTION('',(0.,0.,-1.));
#15021=DIRECTION('',(-1.,0.,0.));
#15022=DIRECTION('',(0.707106781186548,-0.707106781186548,0.));
#15023=DIRECTION('',(-0.707106781186548,-0.707106781186548,0.));
#15024=DIRECTION('',(0.707106781186548,0.707106781186548,0.));
#15025=DIRECTION('',(0.707106781186548,-0.707106781186548,0.));
#15026=DIRECTION('',(0.,0.,1.));
#15027=DIRECTION('',(-1.,0.,0.));
#15028=DIRECTION('',(0.,0.,1.));
#15029=DIRECTION('',(0.,0.,-1.));
#15030=DIRECTION('',(1.,0.,0.));
#15031=DIRECTION('',(0.,0.,-1.));
#15032=DIRECTION('',(0.,1.,0.));
#15033=DIRECTION('',(0.,0.,1.));
#15034=DIRECTION('',(0.,1.,0.));
#15035=DIRECTION('',(0.,0.,1.));
#15036=DIRECTION('',(0.,0.,-1.));
#15037=DIRECTION('',(0.,0.,1.));
#15038=DIRECTION('',(0.,1.,0.));
#15039=DIRECTION('',(0.,0.,1.));
#15040=DIRECTION('',(0.,0.,1.));
#15041=DIRECTION('',(0.,0.,-1.));
#15042=DIRECTION('',(0.,1.,0.));
#15043=DIRECTION('',(0.,0.,1.));
#15044=DIRECTION('',(0.,1.,0.));
#15045=DIRECTION('',(0.,0.,1.));
#15046=DIRECTION('',(0.,1.,0.));
#15047=DIRECTION('',(0.,0.,1.));
#15048=DIRECTION('',(0.,0.,1.));
#15049=DIRECTION('',(0.,0.,-1.));
#15050=DIRECTION('',(0.,1.,0.));
#15051=DIRECTION('',(0.,0.,1.));
#15052=DIRECTION('',(0.,0.,-1.));
#15053=DIRECTION('',(1.,0.,0.));
#15054=DIRECTION('',(0.,0.,-1.));
#15055=DIRECTION('',(0.707106781186548,-0.707106781186548,0.));
#15056=DIRECTION('',(-0.707106781186548,-0.707106781186548,0.));
#15057=DIRECTION('',(0.,0.,1.));
#15058=DIRECTION('',(1.00000000000001,0.,0.));
#15059=DIRECTION('',(-0.707106781186548,-0.707106781186548,0.));
#15060=DIRECTION('',(-0.707106781186548,0.707106781186548,0.));
#15061=DIRECTION('',(0.,-1.,0.));
#15062=DIRECTION('',(0.,0.,1.));
#15063=DIRECTION('',(0.,-1.,0.));
#15064=DIRECTION('',(0.,0.,-1.));
#15065=DIRECTION('',(0.,-1.,0.));
#15066=DIRECTION('',(0.,0.,1.));
#15067=DIRECTION('',(0.,-1.,0.));
#15068=DIRECTION('',(0.,0.,-1.));
#15069=DIRECTION('',(-1.,0.,0.));
#15070=DIRECTION('',(0.,0.,1.));
#15071=DIRECTION('',(-1.,0.,0.));
#15072=DIRECTION('',(0.,0.,1.));
#15073=DIRECTION('',(0.,-1.,0.));
#15074=DIRECTION('',(0.,0.,1.));
#15075=DIRECTION('',(0.,-1.,0.));
#15076=DIRECTION('',(0.,0.,-1.));
#15077=DIRECTION('',(0.,-1.,0.));
#15078=DIRECTION('',(0.,0.,1.));
#15079=DIRECTION('',(0.,-1.,0.));
#15080=DIRECTION('',(0.,0.,-1.));
#15081=DIRECTION('',(0.,1.,0.));
#15082=DIRECTION('',(0.,7.28971899368321E-18,1.));
#15083=DIRECTION('',(0.,1.,0.));
#15084=DIRECTION('',(0.,7.28971899359482E-18,1.));
#15085=DIRECTION('',(0.,1.,0.));
#15086=DIRECTION('',(0.,7.28971899368321E-18,1.));
#15087=DIRECTION('',(0.,1.,0.));
#15088=DIRECTION('',(0.,7.28971899359482E-18,1.));
#15089=DIRECTION('',(0.,0.,1.));
#15090=DIRECTION('',(-1.,0.,0.));
#15091=DIRECTION('',(0.,0.,1.));
#15092=DIRECTION('',(1.,0.,0.));
#15093=DIRECTION('',(0.,0.,-1.));
#15094=DIRECTION('',(-1.,0.,0.));
#15095=DIRECTION('',(0.,0.,1.));
#15096=DIRECTION('',(-1.,0.,0.));
#15097=DIRECTION('',(0.,0.,1.));
#15098=DIRECTION('',(1.,0.,0.));
#15099=DIRECTION('',(0.,0.,-1.));
#15100=DIRECTION('',(-1.,0.,0.));
#15101=DIRECTION('',(0.,0.,-1.));
#15102=DIRECTION('',(1.,0.,0.));
#15103=DIRECTION('',(0.,0.,1.));
#15104=DIRECTION('',(-1.,0.,0.));
#15105=DIRECTION('',(0.,0.,-1.));
#15106=DIRECTION('',(-1.,0.,0.));
#15107=DIRECTION('',(0.,0.,-1.));
#15108=DIRECTION('',(1.,0.,0.));
#15109=DIRECTION('',(0.,0.,1.));
#15110=DIRECTION('',(1.,0.,0.));
#15111=DIRECTION('',(0.,0.,-1.));
#15112=DIRECTION('',(-1.,0.,0.));
#15113=DIRECTION('',(0.,0.,-1.));
#15114=DIRECTION('',(1.,0.,0.));
#15115=DIRECTION('',(0.,0.,1.));
#15116=DIRECTION('',(1.,0.,0.));
#15117=DIRECTION('',(0.,0.,1.));
#15118=DIRECTION('',(-1.,0.,0.));
#15119=DIRECTION('',(0.,0.,-1.));
#15120=DIRECTION('',(1.,0.,0.));
#15121=CARTESIAN_POINT('',(0.,0.,0.));
#15122=CARTESIAN_POINT('',(3.68326705956953,28.4917410666081,151.999987292601));
#15123=CARTESIAN_POINT('',(16.1832670595695,28.4917410666081,151.999987292601));
#15124=CARTESIAN_POINT('',(-8.81673294043047,28.4917410666081,151.999987292601));
#15125=CARTESIAN_POINT('',(16.1832670595695,28.4917410666081,151.999987292601));
#15126=CARTESIAN_POINT('',(17.1832670595695,28.4917410666081,150.999987292601));
#15127=CARTESIAN_POINT('',(3.68326705956953,28.4917410666081,150.999987292601));
#15128=CARTESIAN_POINT('',(-9.81673294043047,28.4917410666081,150.999987292601));
#15129=CARTESIAN_POINT('',(-8.81673294043047,28.4917410666081,151.999987292601));
#15130=CARTESIAN_POINT('',(3.68326705956953,28.4917410666081,151.999987292601));
#15131=CARTESIAN_POINT('',(3.68326705956953,28.4917410666081,116.999987292601));
#15132=CARTESIAN_POINT('',(-8.81673294043047,28.4917410666081,116.999987292601));
#15133=CARTESIAN_POINT('',(16.1832670595695,28.4917410666081,116.999987292601));
#15134=CARTESIAN_POINT('',(-9.81673294043047,28.4917410666081,117.999987292601));
#15135=CARTESIAN_POINT('',(-9.81673294043047,28.4917410666081,117.999987292601));
#15136=CARTESIAN_POINT('',(3.68326705956953,28.4917410666081,117.999987292601));
#15137=CARTESIAN_POINT('',(17.1832670595695,28.4917410666081,117.999987292601));
#15138=CARTESIAN_POINT('',(17.1832670595695,28.4917410666081,117.999987292601));
#15139=CARTESIAN_POINT('',(3.68326705956953,28.4917410666081,117.999987292601));
#15140=CARTESIAN_POINT('',(3.68326705956953,28.4917410666081,116.999987292601));
#15141=CARTESIAN_POINT('',(-3.31673294043047,28.4917410666081,116.999987292601));
#15142=CARTESIAN_POINT('',(10.6832670595695,28.4917410666081,116.999987292601));
#15143=CARTESIAN_POINT('',(-3.31673294043047,28.4917410666081,151.999987292601));
#15144=CARTESIAN_POINT('',(-3.31673294043047,28.4917410666081,151.999987292601));
#15145=CARTESIAN_POINT('',(3.68326705956953,28.4917410666081,151.999987292601));
#15146=CARTESIAN_POINT('',(10.6832670595695,28.4917410666081,151.999987292601));
#15147=CARTESIAN_POINT('',(10.6832670595695,28.4917410666081,151.999987292601));
#15148=CARTESIAN_POINT('',(3.68326705956953,28.4917410666081,151.999987292601));
#15149=CARTESIAN_POINT('',(17.1832670595695,28.4917410666081,151.999987292601));
#15150=CARTESIAN_POINT('',(-9.81673294043047,28.4917410666081,151.999987292601));
#15151=CARTESIAN_POINT('',(3.68326705956953,28.4917410666081,151.999987292601));
#15152=CARTESIAN_POINT('',(3.68326705956953,28.4917410666081,150.999987292601));
#15153=CARTESIAN_POINT('',(3.68326705956953,28.4917410666081,117.999987292601));
#15154=CARTESIAN_POINT('',(3.68326705956953,28.4917410666081,151.999987292601));
#15155=CARTESIAN_POINT('',(3.68326705956953,28.4917410666081,151.999987292601));
#15156=CARTESIAN_POINT('',(3.68326705956953,28.4917410666081,151.999987292601));
#15157=CARTESIAN_POINT('',(3.68326705956953,28.4917410666081,151.999987292601));
#15158=CARTESIAN_POINT('',(3.68326705956953,28.4917410666081,116.999987292601));
#15159=CARTESIAN_POINT('',(3.68326705956953,28.4917410666081,116.999987292601));
#15160=CARTESIAN_POINT('',(3.68326705956953,28.4917410666081,116.999987292601));
#15161=CARTESIAN_POINT('',(3.68326705956953,28.4917410666081,151.999987292601));
#15162=CARTESIAN_POINT('',(3.68326705956953,28.4917410666081,117.999987292601));
#15163=CARTESIAN_POINT('',(3.68326705956953,28.4917410666081,151.999987292601));
#15164=CARTESIAN_POINT('',(3.68326705956952,28.4917410666081,-17.8));
#15165=CARTESIAN_POINT('',(-3.28546232073525,29.1526577210185,-17.8));
#15166=CARTESIAN_POINT('',(10.6519964398743,27.8308244121977,-17.8));
#15167=CARTESIAN_POINT('',(-3.28546232073525,29.1526577210185,-16.8));
#15168=CARTESIAN_POINT('',(-4.28099508935021,29.2470743859343,-16.8));
#15169=CARTESIAN_POINT('',(3.68326705956952,28.4917410666081,-16.8));
#15170=CARTESIAN_POINT('',(11.6475292084893,27.7364077472819,-16.8));
#15171=CARTESIAN_POINT('',(10.6519964398743,27.8308244121977,-16.8));
#15172=CARTESIAN_POINT('',(3.68326705956952,28.4917410666081,-16.8));
#15173=CARTESIAN_POINT('',(3.68326705956952,28.4917410666081,211.2));
#15174=CARTESIAN_POINT('',(-4.28099508935021,29.2470743859343,211.2));
#15175=CARTESIAN_POINT('',(11.6475292084893,27.7364077472819,211.2));
#15176=CARTESIAN_POINT('',(-3.28546232073524,29.1526577210185,211.2));
#15177=CARTESIAN_POINT('',(-3.28546232073524,29.1526577210185,212.2));
#15178=CARTESIAN_POINT('',(3.68326705956952,28.4917410666081,212.2));
#15179=CARTESIAN_POINT('',(10.6519964398743,27.8308244121977,212.2));
#15180=CARTESIAN_POINT('',(10.6519964398743,27.8308244121977,211.2));
#15181=CARTESIAN_POINT('',(3.68326705956952,28.4917410666081,211.2));
#15182=CARTESIAN_POINT('',(3.68326705956952,28.4917410666081,235.2));
#15183=CARTESIAN_POINT('',(-0.298864014890343,28.8694077262712,235.2));
#15184=CARTESIAN_POINT('',(7.66539813402939,28.114074406945,235.2));
#15185=CARTESIAN_POINT('',(0.696668753724624,28.7749910613554,235.2));
#15186=CARTESIAN_POINT('',(0.696668753724624,28.7749910613554,236.2));
#15187=CARTESIAN_POINT('',(3.68326705956952,28.4917410666081,236.2));
#15188=CARTESIAN_POINT('',(6.66986536541443,28.2084910718608,236.2));
#15189=CARTESIAN_POINT('',(6.66986536541443,28.2084910718608,235.2));
#15190=CARTESIAN_POINT('',(3.68326705956952,28.4917410666081,235.2));
#15191=CARTESIAN_POINT('',(3.68326705956952,28.4917410666081,-23.6));
#15192=CARTESIAN_POINT('',(-0.298864014890343,28.8694077262712,-23.6));
#15193=CARTESIAN_POINT('',(7.66539813402939,28.114074406945,-23.6));
#15194=CARTESIAN_POINT('',(-0.298864014890343,28.8694077262712,94.2));
#15195=CARTESIAN_POINT('',(-0.298864014890343,28.8694077262712,-17.8));
#15196=CARTESIAN_POINT('',(3.68326705956952,28.4917410666081,-17.8));
#15197=CARTESIAN_POINT('',(7.66539813402939,28.114074406945,-17.8));
#15198=CARTESIAN_POINT('',(7.66539813402939,28.114074406945,94.2));
#15199=CARTESIAN_POINT('',(3.68326705956952,28.4917410666081,94.2));
#15200=CARTESIAN_POINT('',(7.66539813402939,28.114074406945,236.2));
#15201=CARTESIAN_POINT('',(7.66539813402939,28.114074406945,212.2));
#15202=CARTESIAN_POINT('',(3.68326705956952,28.4917410666081,212.2));
#15203=CARTESIAN_POINT('',(-0.298864014890343,28.8694077262712,212.2));
#15204=CARTESIAN_POINT('',(-0.298864014890343,28.8694077262712,236.2));
#15205=CARTESIAN_POINT('',(3.68326705956952,28.4917410666081,236.2));
#15206=CARTESIAN_POINT('',(11.6475292084893,27.7364077472819,212.2));
#15207=CARTESIAN_POINT('',(-4.28099508935021,29.2470743859343,212.2));
#15208=CARTESIAN_POINT('',(3.68326705956952,28.4917410666081,212.2));
#15209=CARTESIAN_POINT('',(3.68326705956952,28.4917410666081,211.2));
#15210=CARTESIAN_POINT('',(3.68326705956952,28.4917410666081,-16.8));
#15211=CARTESIAN_POINT('',(3.68326705956952,28.4917410666081,212.2));
#15212=CARTESIAN_POINT('',(3.68326705956952,28.4917410666081,212.2));
#15213=CARTESIAN_POINT('',(3.68326705956952,28.4917410666081,212.2));
#15214=CARTESIAN_POINT('',(3.68326705956952,28.4917410666081,212.2));
#15215=CARTESIAN_POINT('',(3.68326705956952,28.4917410666081,-17.8));
#15216=CARTESIAN_POINT('',(3.68326705956952,28.4917410666081,-17.8));
#15217=CARTESIAN_POINT('',(3.68326705956955,14.9917410666081,-17.8));
#15218=CARTESIAN_POINT('',(3.68326705956952,28.4917410666081,235.2));
#15219=CARTESIAN_POINT('',(3.68326705956952,28.4917410666081,236.2));
#15220=CARTESIAN_POINT('',(3.68326705956952,28.4917410666081,236.2));
#15221=CARTESIAN_POINT('',(3.68326705956952,28.4917410666081,236.2));
#15222=CARTESIAN_POINT('',(3.68326705956952,28.4917410666081,-23.6));
#15223=CARTESIAN_POINT('',(3.68326705956952,28.4917410666081,94.2));
#15224=CARTESIAN_POINT('',(3.68326705956952,28.4917410666081,-23.6));
#15225=CARTESIAN_POINT('',(3.68326705956952,28.4917410666081,235.2));
#15226=CARTESIAN_POINT('',(3.68326705956952,28.4917410666081,211.2));
#15227=CARTESIAN_POINT('',(3.68326705956952,28.4917410666081,-16.8));
#15228=CARTESIAN_POINT('',(20.6832670595696,-3.5082589333919,-17.8));
#15229=CARTESIAN_POINT('',(18.4332670595696,-3.5082589333919,-17.8));
#15230=CARTESIAN_POINT('',(-17.8167329404304,-14.0082589333919,-17.8));
#15231=CARTESIAN_POINT('',(-17.8167329404304,-14.0082589333919,-17.8));
#15232=CARTESIAN_POINT('',(25.1832670595696,-14.0082589333919,-17.8));
#15233=CARTESIAN_POINT('',(25.1832670595696,-13.5082589333919,-17.8));
#15234=CARTESIAN_POINT('',(25.1832670595696,42.9917410666081,-17.8));
#15235=CARTESIAN_POINT('',(-17.8167329404304,42.9917410666081,-17.8));
#15236=CARTESIAN_POINT('',(-17.8167329404304,42.9917410666081,-17.8));
#15237=CARTESIAN_POINT('',(-17.8167329404304,-13.5082589333919,-17.8));
#15238=CARTESIAN_POINT('',(3.68326705956955,28.4917410666081,-17.8));
#15239=CARTESIAN_POINT('',(-7.31673294043044,28.4917410666081,-17.8));
#15240=CARTESIAN_POINT('',(-13.3167329404304,-3.5082589333919,-17.8));
#15241=CARTESIAN_POINT('',(-15.5667329404304,-3.5082589333919,-17.8));
#15242=CARTESIAN_POINT('',(3.68326705956955,14.9917410666081,-17.8));
#15243=CARTESIAN_POINT('',(-13.3167329404304,-3.5082589333919,-22.4));
#15244=CARTESIAN_POINT('',(-17.3167329404304,-3.5082589333919,-22.4));
#15245=CARTESIAN_POINT('',(-13.3167329404304,-3.5082589333919,-26.8));
#15246=CARTESIAN_POINT('',(-17.3167329404304,-3.5082589333919,-26.8));
#15247=CARTESIAN_POINT('',(-13.3167329404304,-3.5082589333919,-26.8));
#15248=CARTESIAN_POINT('',(-13.3167329404304,-3.5082589333919,-22.4));
#15249=CARTESIAN_POINT('',(-15.5667329404304,-3.5082589333919,-22.4));
#15250=CARTESIAN_POINT('',(-13.3167329404304,-3.5082589333919,-26.8));
#15251=CARTESIAN_POINT('',(20.6832670595696,-3.5082589333919,-22.4));
#15252=CARTESIAN_POINT('',(16.6832670595696,-3.5082589333919,-22.4));
#15253=CARTESIAN_POINT('',(20.6832670595696,-3.5082589333919,-26.8));
#15254=CARTESIAN_POINT('',(16.6832670595696,-3.5082589333919,-26.8));
#15255=CARTESIAN_POINT('',(20.6832670595696,-3.5082589333919,-26.8));
#15256=CARTESIAN_POINT('',(20.6832670595696,-3.5082589333919,-22.4));
#15257=CARTESIAN_POINT('',(18.4332670595696,-3.5082589333919,-22.4));
#15258=CARTESIAN_POINT('',(20.6832670595696,-3.5082589333919,-26.8));
#15259=CARTESIAN_POINT('',(3.68326705956955,28.4917410666081,-24.8));
#15260=CARTESIAN_POINT('',(9.68326705956956,28.4917410666081,-24.8));
#15261=CARTESIAN_POINT('',(3.68326705956955,28.4917410666081,-26.8));
#15262=CARTESIAN_POINT('',(-2.31673294043045,28.4917410666081,-26.8));
#15263=CARTESIAN_POINT('',(3.68326705956955,28.4917410666081,-26.8));
#15264=CARTESIAN_POINT('',(25.1832670595696,-14.0082589333919,-17.8));
#15265=CARTESIAN_POINT('',(25.1832670595696,-14.0082589333919,-26.8));
#15266=CARTESIAN_POINT('',(25.1832670595696,-13.5082589333919,-26.8));
#15267=CARTESIAN_POINT('',(25.1832670595696,42.9917410666081,-26.8));
#15268=CARTESIAN_POINT('',(25.1832670595696,42.9917410666081,-17.8));
#15269=CARTESIAN_POINT('',(25.1832670595696,-13.5082589333919,-17.8));
#15270=CARTESIAN_POINT('',(-17.8167329404304,42.9917410666081,-26.8));
#15271=CARTESIAN_POINT('',(-17.8167329404304,42.9917410666081,-26.8));
#15272=CARTESIAN_POINT('',(-17.8167329404304,42.9917410666081,-17.8));
#15273=CARTESIAN_POINT('',(-17.8167329404304,42.9917410666081,-17.8));
#15274=CARTESIAN_POINT('',(-17.8167329404304,14.9917410666081,-26.8));
#15275=CARTESIAN_POINT('',(-17.8167329404304,-14.0082589333919,-26.8));
#15276=CARTESIAN_POINT('',(-17.8167329404304,-14.0082589333919,-17.8));
#15277=CARTESIAN_POINT('',(-17.8167329404304,-13.5082589333919,-17.8));
#15278=CARTESIAN_POINT('',(-17.8167329404304,-14.0082589333919,-26.8));
#15279=CARTESIAN_POINT('',(-17.8167329404304,-14.0082589333919,-17.8));
#15280=CARTESIAN_POINT('',(3.68326705956955,14.9917410666081,-26.8));
#15281=CARTESIAN_POINT('',(3.68326705956955,28.4917410666081,-24.8));
#15282=CARTESIAN_POINT('',(14.6832670595696,28.4917410666081,-24.8));
#15283=CARTESIAN_POINT('',(3.68326705956955,28.4917410666081,-24.8));
#15284=CARTESIAN_POINT('',(3.68326705956955,28.4917410666081,-24.8));
#15285=CARTESIAN_POINT('',(22.9332670595696,-3.5082589333919,-22.4));
#15286=CARTESIAN_POINT('',(-11.0667329404304,-3.5082589333919,-22.4));
#15287=CARTESIAN_POINT('',(14.6832670595695,7.39174106660808,242.));
#15288=CARTESIAN_POINT('',(17.5332670595696,7.39174106660808,242.));
#15289=CARTESIAN_POINT('',(11.8332670595695,7.39174106660808,242.));
#15290=CARTESIAN_POINT('',(17.5332670595696,10.7917410666081,242.));
#15291=CARTESIAN_POINT('',(17.5332670595696,10.7917410666081,242.));
#15292=CARTESIAN_POINT('',(14.6832670595695,10.7917410666081,242.));
#15293=CARTESIAN_POINT('',(11.8332670595695,10.7917410666081,242.));
#15294=CARTESIAN_POINT('',(11.8332670595695,10.7917410666081,242.));
#15295=CARTESIAN_POINT('',(14.6832670595695,10.7917410666081,242.));
#15296=CARTESIAN_POINT('',(14.6832670595695,0.491741066608081,242.));
#15297=CARTESIAN_POINT('',(16.3832670595696,0.491741066608081,242.));
#15298=CARTESIAN_POINT('',(12.9832670595695,0.491741066608081,242.));
#15299=CARTESIAN_POINT('',(16.3832670595696,10.7917410666081,242.));
#15300=CARTESIAN_POINT('',(16.3832670595696,7.39174106660808,242.));
#15301=CARTESIAN_POINT('',(14.6832670595695,7.39174106660808,242.));
#15302=CARTESIAN_POINT('',(12.9832670595695,7.39174106660808,242.));
#15303=CARTESIAN_POINT('',(12.9832670595695,10.7917410666081,242.));
#15304=CARTESIAN_POINT('',(14.6832670595695,10.7917410666081,242.));
#15305=CARTESIAN_POINT('',(-7.31673294043045,7.39174106660808,228.));
#15306=CARTESIAN_POINT('',(-4.46673294043045,7.39174106660808,228.));
#15307=CARTESIAN_POINT('',(-10.1667329404305,7.39174106660808,228.));
#15308=CARTESIAN_POINT('',(-4.46673294043045,10.7917410666081,228.));
#15309=CARTESIAN_POINT('',(-4.46673294043045,10.7917410666081,228.));
#15310=CARTESIAN_POINT('',(-7.31673294043045,10.7917410666081,228.));
#15311=CARTESIAN_POINT('',(-10.1667329404305,10.7917410666081,228.));
#15312=CARTESIAN_POINT('',(-10.1667329404305,10.7917410666081,228.));
#15313=CARTESIAN_POINT('',(-7.31673294043045,10.7917410666081,228.));
#15314=CARTESIAN_POINT('',(-7.31673294043045,0.491741066608081,228.));
#15315=CARTESIAN_POINT('',(-5.61673294043045,0.491741066608081,228.));
#15316=CARTESIAN_POINT('',(-9.01673294043045,0.491741066608081,228.));
#15317=CARTESIAN_POINT('',(-5.61673294043045,10.7917410666081,228.));
#15318=CARTESIAN_POINT('',(-5.61673294043045,7.39174106660808,228.));
#15319=CARTESIAN_POINT('',(-7.31673294043045,7.39174106660808,228.));
#15320=CARTESIAN_POINT('',(-9.01673294043045,7.39174106660808,228.));
#15321=CARTESIAN_POINT('',(-9.01673294043045,10.7917410666081,228.));
#15322=CARTESIAN_POINT('',(-7.31673294043045,10.7917410666081,228.));
#15323=CARTESIAN_POINT('',(14.6832670595695,7.39174106660808,228.));
#15324=CARTESIAN_POINT('',(17.5332670595696,7.39174106660808,228.));
#15325=CARTESIAN_POINT('',(11.8332670595695,7.39174106660808,228.));
#15326=CARTESIAN_POINT('',(17.5332670595696,10.7917410666081,228.));
#15327=CARTESIAN_POINT('',(17.5332670595696,10.7917410666081,228.));
#15328=CARTESIAN_POINT('',(14.6832670595695,10.7917410666081,228.));
#15329=CARTESIAN_POINT('',(11.8332670595695,10.7917410666081,228.));
#15330=CARTESIAN_POINT('',(11.8332670595695,10.7917410666081,228.));
#15331=CARTESIAN_POINT('',(14.6832670595695,10.7917410666081,228.));
#15332=CARTESIAN_POINT('',(14.6832670595695,0.491741066608081,228.));
#15333=CARTESIAN_POINT('',(16.3832670595696,0.491741066608081,228.));
#15334=CARTESIAN_POINT('',(12.9832670595695,0.491741066608081,228.));
#15335=CARTESIAN_POINT('',(16.3832670595696,10.7917410666081,228.));
#15336=CARTESIAN_POINT('',(16.3832670595696,7.39174106660808,228.));
#15337=CARTESIAN_POINT('',(14.6832670595695,7.39174106660808,228.));
#15338=CARTESIAN_POINT('',(12.9832670595695,7.39174106660808,228.));
#15339=CARTESIAN_POINT('',(12.9832670595695,10.7917410666081,228.));
#15340=CARTESIAN_POINT('',(14.6832670595695,10.7917410666081,228.));
#15341=CARTESIAN_POINT('',(-7.31673294043045,7.39174106660808,242.));
#15342=CARTESIAN_POINT('',(-4.46673294043045,7.39174106660808,242.));
#15343=CARTESIAN_POINT('',(-10.1667329404305,7.39174106660808,242.));
#15344=CARTESIAN_POINT('',(-4.46673294043045,10.7917410666081,242.));
#15345=CARTESIAN_POINT('',(-4.46673294043045,10.7917410666081,242.));
#15346=CARTESIAN_POINT('',(-7.31673294043045,10.7917410666081,242.));
#15347=CARTESIAN_POINT('',(-10.1667329404305,10.7917410666081,242.));
#15348=CARTESIAN_POINT('',(-10.1667329404305,10.7917410666081,242.));
#15349=CARTESIAN_POINT('',(-7.31673294043045,10.7917410666081,242.));
#15350=CARTESIAN_POINT('',(-7.31673294043045,0.491741066608081,242.));
#15351=CARTESIAN_POINT('',(-5.61673294043045,0.491741066608081,242.));
#15352=CARTESIAN_POINT('',(-9.01673294043045,0.491741066608081,242.));
#15353=CARTESIAN_POINT('',(-5.61673294043045,10.7917410666081,242.));
#15354=CARTESIAN_POINT('',(-5.61673294043045,7.39174106660808,242.));
#15355=CARTESIAN_POINT('',(-7.31673294043045,7.39174106660808,242.));
#15356=CARTESIAN_POINT('',(-9.01673294043045,7.39174106660808,242.));
#15357=CARTESIAN_POINT('',(-9.01673294043045,10.7917410666081,242.));
#15358=CARTESIAN_POINT('',(-7.31673294043045,10.7917410666081,242.));
#15359=CARTESIAN_POINT('',(3.68326705956955,28.4917410666081,222.));
#15360=CARTESIAN_POINT('',(-3.31673294043045,28.4917410666081,222.));
#15361=CARTESIAN_POINT('',(10.6832670595695,28.4917410666081,222.));
#15362=CARTESIAN_POINT('',(10.6832670595695,28.4917410666081,246.5));
#15363=CARTESIAN_POINT('',(10.6832670595695,28.4917410666081,219.2));
#15364=CARTESIAN_POINT('',(3.68326705956955,28.4917410666081,219.2));
#15365=CARTESIAN_POINT('',(-3.31673294043045,28.4917410666081,219.2));
#15366=CARTESIAN_POINT('',(-3.31673294043045,28.4917410666081,246.5));
#15367=CARTESIAN_POINT('',(3.68326705956955,28.4917410666081,246.5));
#15368=CARTESIAN_POINT('',(3.68326705956955,28.4917410666081,219.2));
#15369=CARTESIAN_POINT('',(14.6832670595695,28.4917410666081,219.2));
#15370=CARTESIAN_POINT('',(-7.31673294043045,28.4917410666081,219.2));
#15371=CARTESIAN_POINT('',(14.6832670595695,28.4917410666081,219.2));
#15372=CARTESIAN_POINT('',(14.6832670595695,28.4917410666081,212.2));
#15373=CARTESIAN_POINT('',(3.68326705956955,28.4917410666081,212.2));
#15374=CARTESIAN_POINT('',(-7.31673294043045,28.4917410666081,212.2));
#15375=CARTESIAN_POINT('',(-7.31673294043045,28.4917410666081,219.2));
#15376=CARTESIAN_POINT('',(3.68326705956955,28.4917410666081,219.2));
#15377=CARTESIAN_POINT('',(14.6832670595695,0.491741066608081,242.));
#15378=CARTESIAN_POINT('',(-7.31673294043045,0.491741066608081,228.));
#15379=CARTESIAN_POINT('',(14.6832670595695,0.491741066608081,228.));
#15380=CARTESIAN_POINT('',(-7.31673294043045,0.491741066608081,242.));
#15381=CARTESIAN_POINT('',(-17.8167329404304,0.491741066608081,246.5));
#15382=CARTESIAN_POINT('',(-9.61673294043045,0.491741066608081,246.5));
#15383=CARTESIAN_POINT('',(16.9832670595695,0.491741066608081,246.5));
#15384=CARTESIAN_POINT('',(-9.61673294043045,0.491741066608081,246.5));
#15385=CARTESIAN_POINT('',(-10.6167329404304,0.491741066608081,245.5));
#15386=CARTESIAN_POINT('',(-10.6167329404304,0.491741066608084,246.5));
#15387=CARTESIAN_POINT('',(-10.6167329404304,0.491741066608084,212.2));
#15388=CARTESIAN_POINT('',(-17.8167329404304,0.491741066608081,212.2));
#15389=CARTESIAN_POINT('',(17.9832670595695,0.491741066608084,212.2));
#15390=CARTESIAN_POINT('',(17.9832670595695,0.491741066608084,222.2));
#15391=CARTESIAN_POINT('',(17.9832670595695,0.491741066608081,245.5));
#15392=CARTESIAN_POINT('',(17.9832670595695,0.491741066608084,245.5));
#15393=CARTESIAN_POINT('',(-17.8167329404304,0.491741066608081,222.));
#15394=CARTESIAN_POINT('',(-17.8167329404304,10.7917410666081,246.5));
#15395=CARTESIAN_POINT('',(-9.61673294043045,10.7917410666081,246.5));
#15396=CARTESIAN_POINT('',(16.9832670595695,10.7917410666081,246.5));
#15397=CARTESIAN_POINT('',(-9.61673294043045,0.991741066608081,246.5));
#15398=CARTESIAN_POINT('',(16.9832670595695,10.7917410666081,246.5));
#15399=CARTESIAN_POINT('',(-17.8167329404304,10.7917410666081,246.5));
#15400=CARTESIAN_POINT('',(14.6832670595695,10.7917410666081,242.));
#15401=CARTESIAN_POINT('',(-7.31673294043045,10.7917410666081,228.));
#15402=CARTESIAN_POINT('',(14.6832670595695,10.7917410666081,228.));
#15403=CARTESIAN_POINT('',(-7.31673294043045,10.7917410666081,242.));
#15404=CARTESIAN_POINT('',(-10.6167329404304,10.7917410666081,222.));
#15405=CARTESIAN_POINT('',(-10.6167329404304,10.7917410666081,245.5));
#15406=CARTESIAN_POINT('',(-10.6167329404304,10.7917410666081,222.5));
#15407=CARTESIAN_POINT('',(-25.9667329404305,10.7917410666081,230.15));
#15408=CARTESIAN_POINT('',(11.8332670595694,10.7917410666081,251.65));
#15409=CARTESIAN_POINT('',(17.9832670595695,10.7917410666081,245.5));
#15410=CARTESIAN_POINT('',(17.9832670595695,10.7917410666081,222.));
#15411=CARTESIAN_POINT('',(17.9832670595695,10.7917410666081,222.5));
#15412=CARTESIAN_POINT('',(-17.8167329404304,10.7917410666081,222.5));
#15413=CARTESIAN_POINT('',(-17.8167329404304,10.7917410666081,222.));
#15414=CARTESIAN_POINT('',(3.68326705956955,28.4917410666081,222.));
#15415=CARTESIAN_POINT('',(-17.8167329404304,44.2917410666081,222.));
#15416=CARTESIAN_POINT('',(-14.8167329404305,44.2917410666081,222.));
#15417=CARTESIAN_POINT('',(22.1832670595696,44.2917410666081,222.));
#15418=CARTESIAN_POINT('',(-14.8167329404305,41.2917410666081,222.));
#15419=CARTESIAN_POINT('',(-17.8167329404304,41.2917410666081,222.));
#15420=CARTESIAN_POINT('',(-17.8167329404304,44.2917410666081,222.));
#15421=CARTESIAN_POINT('',(-17.8167329404304,11.2917410666081,222.));
#15422=CARTESIAN_POINT('',(25.1832670595695,11.2917410666081,222.));
#15423=CARTESIAN_POINT('',(25.1832670595695,11.2917410666081,222.));
#15424=CARTESIAN_POINT('',(25.1832670595695,44.2917410666081,222.));
#15425=CARTESIAN_POINT('',(25.1832670595695,41.2917410666081,222.));
#15426=CARTESIAN_POINT('',(22.1832670595696,41.2917410666081,222.));
#15427=CARTESIAN_POINT('',(-17.8167329404304,44.2917410666081,222.));
#15428=CARTESIAN_POINT('',(-17.8167329404304,44.2917410666081,212.2));
#15429=CARTESIAN_POINT('',(-14.8167329404305,44.2917410666081,212.2));
#15430=CARTESIAN_POINT('',(22.1832670595696,44.2917410666081,212.2));
#15431=CARTESIAN_POINT('',(-14.8167329404305,44.2917410666081,222.));
#15432=CARTESIAN_POINT('',(22.1832670595696,44.2917410666081,212.2));
#15433=CARTESIAN_POINT('',(-17.8167329404304,44.2917410666081,212.2));
#15434=CARTESIAN_POINT('',(3.68326705956955,28.4917410666081,212.2));
#15435=CARTESIAN_POINT('',(-17.8167329404304,44.2917410666081,212.2));
#15436=CARTESIAN_POINT('',(-17.8167329404304,41.2917410666081,212.2));
#15437=CARTESIAN_POINT('',(-17.8167329404304,10.9917410666081,212.2));
#15438=CARTESIAN_POINT('',(-14.8167329404305,41.2917410666081,212.2));
#15439=CARTESIAN_POINT('',(22.1832670595696,41.2917410666081,212.2));
#15440=CARTESIAN_POINT('',(25.1832670595695,41.2917410666081,212.2));
#15441=CARTESIAN_POINT('',(25.1832670595695,44.2917410666081,212.2));
#15442=CARTESIAN_POINT('',(25.1832670595695,10.9917410666081,212.2));
#15443=CARTESIAN_POINT('',(-17.8167329404304,10.9917410666081,212.2));
#15444=CARTESIAN_POINT('',(17.9832670595695,10.9917410666081,212.2));
#15445=CARTESIAN_POINT('',(17.9832670595695,44.2917410666081,212.2));
#15446=CARTESIAN_POINT('',(-10.6167329404304,44.2917410666081,212.2));
#15447=CARTESIAN_POINT('',(-10.6167329404304,10.9917410666081,212.2));
#15448=CARTESIAN_POINT('',(-17.8167329404304,10.9917410666081,212.2));
#15449=CARTESIAN_POINT('',(-17.8167329404304,44.2917410666081,212.2));
#15450=CARTESIAN_POINT('',(-17.8167329404304,41.2917410666081,212.2));
#15451=CARTESIAN_POINT('',(-17.8167329404304,10.9917410666081,209.5));
#15452=CARTESIAN_POINT('',(-17.8167329404304,10.9917410666081,222.1));
#15453=CARTESIAN_POINT('',(-17.8167329404304,11.2917410666081,222.5));
#15454=CARTESIAN_POINT('',(-17.8167329404304,10.7917410666081,222.));
#15455=CARTESIAN_POINT('',(25.1832670595695,41.2917410666081,222.));
#15456=CARTESIAN_POINT('',(25.1832670595695,11.2917410666081,222.5));
#15457=CARTESIAN_POINT('',(25.1832670595695,10.9917410666081,222.1));
#15458=CARTESIAN_POINT('',(25.1832670595695,10.9917410666081,209.5));
#15459=CARTESIAN_POINT('',(25.1832670595695,10.7917410666081,222.));
#15460=CARTESIAN_POINT('',(17.9832670595695,11.2917410666081,222.5));
#15461=CARTESIAN_POINT('',(17.9832670595695,10.9917410666081,222.1));
#15462=CARTESIAN_POINT('',(-17.8167329404304,10.9917410666081,222.1));
#15463=CARTESIAN_POINT('',(-17.8167329404304,10.9917410666081,222.1));
#15464=CARTESIAN_POINT('',(-10.6167329404304,10.9917410666081,222.1));
#15465=CARTESIAN_POINT('',(-10.6167329404304,11.2917410666081,222.5));
#15466=CARTESIAN_POINT('',(-17.8167329404304,11.2917410666081,222.5));
#15467=CARTESIAN_POINT('',(17.9832670595695,0.991741066608081,245.5));
#15468=CARTESIAN_POINT('',(17.9832670595695,10.9917410666081,209.5));
#15469=CARTESIAN_POINT('',(17.9832670595695,44.2917410666081,222.2));
#15470=CARTESIAN_POINT('',(-10.6167329404304,10.7917410666081,245.5));
#15471=CARTESIAN_POINT('',(-10.6167329404304,10.9917410666081,209.5));
#15472=CARTESIAN_POINT('',(-10.6167329404304,44.2917410666081,246.5));
#15473=CARTESIAN_POINT('',(-10.6167329404304,10.9917410666081,209.5));
#15474=CARTESIAN_POINT('',(17.9832670595695,10.9917410666081,209.5));
#15475=CARTESIAN_POINT('',(3.68326705956955,28.4917410666081,219.2));
#15476=CARTESIAN_POINT('',(3.68326705956955,28.4917410666081,219.2));
#15477=CARTESIAN_POINT('',(3.68326705956955,28.4917410666081,219.2));
#15478=CARTESIAN_POINT('',(3.68326705956955,28.4917410666081,219.2));
#15479=CARTESIAN_POINT('',(3.68326705956955,28.4917410666081,246.5));
#15480=CARTESIAN_POINT('',(-7.31673294043045,7.39174106660808,242.));
#15481=CARTESIAN_POINT('',(-7.31673294043045,10.7917410666081,242.));
#15482=CARTESIAN_POINT('',(-7.31673294043045,7.39174106660808,242.));
#15483=CARTESIAN_POINT('',(-7.31673294043045,7.39174106660808,243.7));
#15484=CARTESIAN_POINT('',(-7.31673294043045,10.7917410666081,242.));
#15485=CARTESIAN_POINT('',(14.6832670595695,7.39174106660808,228.));
#15486=CARTESIAN_POINT('',(14.6832670595695,10.7917410666081,228.));
#15487=CARTESIAN_POINT('',(14.6832670595695,7.39174106660808,228.));
#15488=CARTESIAN_POINT('',(14.6832670595695,7.39174106660808,229.7));
#15489=CARTESIAN_POINT('',(14.6832670595695,10.7917410666081,228.));
#15490=CARTESIAN_POINT('',(-7.31673294043045,7.39174106660808,228.));
#15491=CARTESIAN_POINT('',(-7.31673294043045,10.7917410666081,228.));
#15492=CARTESIAN_POINT('',(-7.31673294043045,7.39174106660808,228.));
#15493=CARTESIAN_POINT('',(-7.31673294043045,7.39174106660808,229.7));
#15494=CARTESIAN_POINT('',(-7.31673294043045,10.7917410666081,228.));
#15495=CARTESIAN_POINT('',(14.6832670595695,7.39174106660808,242.));
#15496=CARTESIAN_POINT('',(14.6832670595695,10.7917410666081,242.));
#15497=CARTESIAN_POINT('',(14.6832670595695,7.39174106660808,242.));
#15498=CARTESIAN_POINT('',(14.6832670595695,7.39174106660808,243.7));
#15499=CARTESIAN_POINT('',(14.6832670595695,10.7917410666081,242.));
#15500=CARTESIAN_POINT('',(-14.8167329404305,41.2917410666081,212.2));
#15501=CARTESIAN_POINT('',(22.1832670595696,41.2917410666081,222.));
#15502=CARTESIAN_POINT('',(-9.61673294043045,10.7917410666081,246.5));
#15503=CARTESIAN_POINT('',(17.9832670595695,44.2917410666081,245.5));
#15504=CARTESIAN_POINT('',(-13.3167329404305,-3.50825893339192,110.1));
#15505=CARTESIAN_POINT('',(-11.6667329404305,-3.50825893339192,110.1));
#15506=CARTESIAN_POINT('',(-14.9667329404305,-3.50825893339192,110.1));
#15507=CARTESIAN_POINT('',(-11.6667329404305,-3.50825893339192,100.));
#15508=CARTESIAN_POINT('',(-11.6667329404305,-3.50825893339192,-17.8));
#15509=CARTESIAN_POINT('',(-13.3167329404305,-3.50825893339192,-17.8));
#15510=CARTESIAN_POINT('',(-14.9667329404305,-3.50825893339192,-17.8));
#15511=CARTESIAN_POINT('',(-14.9667329404305,-3.50825893339192,100.));
#15512=CARTESIAN_POINT('',(-13.3167329404305,-3.50825893339192,100.));
#15513=CARTESIAN_POINT('',(-14.9667329404305,-3.50825893339192,110.1));
#15514=CARTESIAN_POINT('',(-13.3167329404305,-3.50825893339192,111.091420021395));
#15515=CARTESIAN_POINT('',(-11.6667329404305,-3.50825893339192,110.1));
#15516=CARTESIAN_POINT('',(-13.3167329404305,-3.50825893339192,110.1));
#15517=CARTESIAN_POINT('',(20.6832670595695,-3.50825893339192,110.1));
#15518=CARTESIAN_POINT('',(22.3332670595695,-3.50825893339192,110.1));
#15519=CARTESIAN_POINT('',(19.0332670595695,-3.50825893339192,110.1));
#15520=CARTESIAN_POINT('',(22.3332670595695,-3.50825893339192,100.));
#15521=CARTESIAN_POINT('',(22.3332670595695,-3.50825893339192,-17.8));
#15522=CARTESIAN_POINT('',(20.6832670595695,-3.50825893339192,-17.8));
#15523=CARTESIAN_POINT('',(19.0332670595695,-3.50825893339192,-17.8));
#15524=CARTESIAN_POINT('',(19.0332670595695,-3.50825893339192,100.));
#15525=CARTESIAN_POINT('',(20.6832670595695,-3.50825893339192,100.));
#15526=CARTESIAN_POINT('',(19.0332670595695,-3.50825893339192,110.1));
#15527=CARTESIAN_POINT('',(20.6832670595695,-3.50825893339192,111.091420021395));
#15528=CARTESIAN_POINT('',(22.3332670595695,-3.50825893339192,110.1));
#15529=CARTESIAN_POINT('',(20.6832670595695,-3.50825893339192,110.1));
#15530=CARTESIAN_POINT('',(-13.3167329404305,-3.50825893339192,239.9));
#15531=CARTESIAN_POINT('',(-14.9667329404305,-3.50825893339192,239.9));
#15532=CARTESIAN_POINT('',(-11.6667329404305,-3.50825893339192,239.9));
#15533=CARTESIAN_POINT('',(-14.9667329404305,-3.50825893339192,250.));
#15534=CARTESIAN_POINT('',(-14.9667329404305,-3.50825893339192,269.));
#15535=CARTESIAN_POINT('',(-13.3167329404305,-3.50825893339192,269.));
#15536=CARTESIAN_POINT('',(-11.6667329404305,-3.50825893339192,269.));
#15537=CARTESIAN_POINT('',(-11.6667329404305,-3.50825893339192,250.));
#15538=CARTESIAN_POINT('',(-13.3167329404305,-3.50825893339192,250.));
#15539=CARTESIAN_POINT('',(-11.6667329404305,-3.50825893339192,239.9));
#15540=CARTESIAN_POINT('',(-13.3167329404305,-3.50825893339192,238.908579978604));
#15541=CARTESIAN_POINT('',(-14.9667329404305,-3.50825893339192,239.9));
#15542=CARTESIAN_POINT('',(-13.3167329404305,-3.50825893339192,239.9));
#15543=CARTESIAN_POINT('',(20.6832670595695,-3.50825893339192,239.9));
#15544=CARTESIAN_POINT('',(19.0332670595695,-3.50825893339192,239.9));
#15545=CARTESIAN_POINT('',(22.3332670595695,-3.50825893339192,239.9));
#15546=CARTESIAN_POINT('',(19.0332670595695,-3.50825893339192,250.));
#15547=CARTESIAN_POINT('',(19.0332670595695,-3.50825893339192,269.));
#15548=CARTESIAN_POINT('',(20.6832670595695,-3.50825893339192,269.));
#15549=CARTESIAN_POINT('',(22.3332670595695,-3.50825893339192,269.));
#15550=CARTESIAN_POINT('',(22.3332670595695,-3.50825893339192,250.));
#15551=CARTESIAN_POINT('',(20.6832670595695,-3.50825893339192,250.));
#15552=CARTESIAN_POINT('',(22.3332670595695,-3.50825893339192,239.9));
#15553=CARTESIAN_POINT('',(20.6832670595695,-3.50825893339192,238.908579978604));
#15554=CARTESIAN_POINT('',(19.0332670595695,-3.50825893339192,239.9));
#15555=CARTESIAN_POINT('',(20.6832670595695,-3.50825893339192,239.9));
#15556=CARTESIAN_POINT('',(25.1832670595695,20.9917410666081,269.));
#15557=CARTESIAN_POINT('',(25.1832670595695,7.04174106660808,269.));
#15558=CARTESIAN_POINT('',(25.1832670595695,10.9917410666081,269.));
#15559=CARTESIAN_POINT('',(25.1832670595695,7.04174106660808,250.));
#15560=CARTESIAN_POINT('',(25.1832670595695,7.04174106660808,-17.8));
#15561=CARTESIAN_POINT('',(25.1832670595695,14.9917410666081,-17.8));
#15562=CARTESIAN_POINT('',(25.1832670595695,10.9917410666081,-17.8));
#15563=CARTESIAN_POINT('',(25.1832670595695,10.9917410666081,250.));
#15564=CARTESIAN_POINT('',(25.1832670595695,-13.5082589333919,250.));
#15565=CARTESIAN_POINT('',(-17.8167329404305,20.9917410666081,269.));
#15566=CARTESIAN_POINT('',(-17.8167329404305,2.84174106660808,269.));
#15567=CARTESIAN_POINT('',(-17.8167329404305,-14.0082589333919,269.));
#15568=CARTESIAN_POINT('',(-17.8167329404305,2.84174106660808,250.));
#15569=CARTESIAN_POINT('',(-17.8167329404305,2.84174106660808,-17.8));
#15570=CARTESIAN_POINT('',(-17.8167329404305,14.9917410666081,-17.8));
#15571=CARTESIAN_POINT('',(-17.8167329404305,-14.0082589333919,-17.8));
#15572=CARTESIAN_POINT('',(-17.8167329404305,-14.0082589333919,100.2));
#15573=CARTESIAN_POINT('',(-17.8167329404305,-13.5082589333919,250.));
#15574=CARTESIAN_POINT('',(3.68326705956953,-14.0082589333919,269.));
#15575=CARTESIAN_POINT('',(-9.26673294043047,-14.0082589333919,269.));
#15576=CARTESIAN_POINT('',(16.6332670595695,-14.0082589333919,269.));
#15577=CARTESIAN_POINT('',(-9.26673294043047,-14.0082589333919,100.2));
#15578=CARTESIAN_POINT('',(-9.26673294043047,-14.0082589333919,-17.8));
#15579=CARTESIAN_POINT('',(3.68326705956955,-14.0082589333919,-17.8));
#15580=CARTESIAN_POINT('',(16.6332670595695,-14.0082589333919,-17.8));
#15581=CARTESIAN_POINT('',(16.6332670595695,-14.0082589333919,100.2));
#15582=CARTESIAN_POINT('',(-17.8167329404304,-14.0082589333919,100.2));
#15583=CARTESIAN_POINT('',(3.68326705956953,-14.0082589333919,269.));
#15584=CARTESIAN_POINT('',(20.8332670595695,-14.0082589333919,269.));
#15585=CARTESIAN_POINT('',(25.1832670595695,-14.0082589333919,269.));
#15586=CARTESIAN_POINT('',(20.8332670595695,-14.0082589333919,100.2));
#15587=CARTESIAN_POINT('',(20.8332670595695,-14.0082589333919,-17.8));
#15588=CARTESIAN_POINT('',(3.68326705956955,-14.0082589333919,-17.8));
#15589=CARTESIAN_POINT('',(25.1832670595695,-14.0082589333919,-17.8));
#15590=CARTESIAN_POINT('',(25.1832670595695,-14.0082589333919,250.));
#15591=CARTESIAN_POINT('',(-17.8167329404304,-14.0082589333919,100.2));
#15592=CARTESIAN_POINT('',(-17.8167329404304,0.491741066608081,269.));
#15593=CARTESIAN_POINT('',(-10.8167329404305,0.491741066608081,269.));
#15594=CARTESIAN_POINT('',(-9.16673294043047,0.491741066608081,269.));
#15595=CARTESIAN_POINT('',(-9.16673294043047,0.491741066608081,222.));
#15596=CARTESIAN_POINT('',(-9.16673294043047,0.491741066608081,-17.8));
#15597=CARTESIAN_POINT('',(-17.8167329404304,0.491741066608081,-17.8));
#15598=CARTESIAN_POINT('',(-10.8167329404305,0.491741066608081,-17.8));
#15599=CARTESIAN_POINT('',(-10.8167329404305,0.491741066608081,100.));
#15600=CARTESIAN_POINT('',(-17.8167329404304,0.491741066608081,222.));
#15601=CARTESIAN_POINT('',(-17.8167329404304,0.491741066608081,269.));
#15602=CARTESIAN_POINT('',(-4.96673294043028,0.491741066608081,269.));
#15603=CARTESIAN_POINT('',(-2.41673294043047,0.491741066608081,269.));
#15604=CARTESIAN_POINT('',(-2.41673294043047,0.491741066608081,222.));
#15605=CARTESIAN_POINT('',(-2.41673294043047,0.491741066608081,-17.8));
#15606=CARTESIAN_POINT('',(-17.8167329404304,0.491741066608081,-17.8));
#15607=CARTESIAN_POINT('',(-4.96673294043028,0.491741066608081,-17.8));
#15608=CARTESIAN_POINT('',(-4.96673294043028,0.491741066608081,222.));
#15609=CARTESIAN_POINT('',(-17.8167329404304,0.491741066608081,222.));
#15610=CARTESIAN_POINT('',(-17.8167329404304,0.491741066608081,-17.8));
#15611=CARTESIAN_POINT('',(9.78326705956953,0.491741066608081,-17.8));
#15612=CARTESIAN_POINT('',(12.3332670595693,0.491741066608081,-17.8));
#15613=CARTESIAN_POINT('',(9.78326705956953,0.491741066608081,222.));
#15614=CARTESIAN_POINT('',(9.78326705956953,0.491741066608081,269.));
#15615=CARTESIAN_POINT('',(-17.8167329404304,0.491741066608081,269.));
#15616=CARTESIAN_POINT('',(12.3332670595693,0.491741066608081,269.));
#15617=CARTESIAN_POINT('',(12.3332670595693,0.491741066608081,222.));
#15618=CARTESIAN_POINT('',(-17.8167329404304,0.491741066608081,222.));
#15619=CARTESIAN_POINT('',(3.68326705956955,10.9917410666081,-17.8));
#15620=CARTESIAN_POINT('',(18.1832670595695,10.9917410666081,-17.8));
#15621=CARTESIAN_POINT('',(18.1832670595695,10.9917410666081,250.));
#15622=CARTESIAN_POINT('',(18.1832670595695,10.9917410666081,269.));
#15623=CARTESIAN_POINT('',(3.68326705956953,10.9917410666081,269.));
#15624=CARTESIAN_POINT('',(-17.8167329404305,10.9917410666081,250.));
#15625=CARTESIAN_POINT('',(25.1832670595695,14.9917410666081,-17.8));
#15626=CARTESIAN_POINT('',(25.1832670595695,2.84174106660808,-17.8));
#15627=CARTESIAN_POINT('',(25.1832670595695,2.84174106660808,250.));
#15628=CARTESIAN_POINT('',(25.1832670595695,2.84174106660808,269.));
#15629=CARTESIAN_POINT('',(25.1832670595695,20.9917410666081,269.));
#15630=CARTESIAN_POINT('',(25.1832670595695,-13.5082589333919,250.));
#15631=CARTESIAN_POINT('',(3.68326705956953,10.9917410666081,269.));
#15632=CARTESIAN_POINT('',(-10.8167329404305,10.9917410666081,269.));
#15633=CARTESIAN_POINT('',(-17.8167329404305,10.9917410666081,269.));
#15634=CARTESIAN_POINT('',(-10.8167329404305,10.9917410666081,250.));
#15635=CARTESIAN_POINT('',(-10.8167329404305,10.9917410666081,-17.8));
#15636=CARTESIAN_POINT('',(3.68326705956955,10.9917410666081,-17.8));
#15637=CARTESIAN_POINT('',(-17.8167329404305,10.9917410666081,-17.8));
#15638=CARTESIAN_POINT('',(-17.8167329404305,10.9917410666081,250.));
#15639=CARTESIAN_POINT('',(-17.8167329404305,10.9917410666081,250.));
#15640=CARTESIAN_POINT('',(-17.8167329404305,14.9917410666081,-17.8));
#15641=CARTESIAN_POINT('',(-17.8167329404305,7.04174106660808,-17.8));
#15642=CARTESIAN_POINT('',(-17.8167329404305,7.04174106660808,250.));
#15643=CARTESIAN_POINT('',(-17.8167329404305,7.04174106660808,269.));
#15644=CARTESIAN_POINT('',(-17.8167329404305,20.9917410666081,269.));
#15645=CARTESIAN_POINT('',(-17.8167329404305,-13.5082589333919,250.));
#15646=CARTESIAN_POINT('',(3.68326705956955,-14.0082589333919,-17.8));
#15647=CARTESIAN_POINT('',(-13.4667329404305,-14.0082589333919,-17.8));
#15648=CARTESIAN_POINT('',(-13.4667329404305,-14.0082589333919,100.2));
#15649=CARTESIAN_POINT('',(-13.4667329404305,-14.0082589333919,269.));
#15650=CARTESIAN_POINT('',(3.68326705956953,-14.0082589333919,269.));
#15651=CARTESIAN_POINT('',(-17.8167329404304,-14.0082589333919,100.2));
#15652=CARTESIAN_POINT('',(-13.3167329404305,-3.50825893339192,269.));
#15653=CARTESIAN_POINT('',(20.6832670595695,-3.50825893339192,269.));
#15654=CARTESIAN_POINT('',(9.78326705956953,-0.708258933391916,269.));
#15655=CARTESIAN_POINT('',(9.78326705956953,-1.50825893339192,269.));
#15656=CARTESIAN_POINT('',(-2.41673294043047,-1.50825893339192,269.));
#15657=CARTESIAN_POINT('',(5.78326705956969,-1.50825893339192,269.));
#15658=CARTESIAN_POINT('',(5.78326705956969,-2.50825893339192,269.));
#15659=CARTESIAN_POINT('',(5.78326705956969,-2.50825893339192,269.));
#15660=CARTESIAN_POINT('',(7.50766968183313,-2.50825893339192,269.));
#15661=CARTESIAN_POINT('',(7.50766968183313,-2.50825893339192,269.));
#15662=CARTESIAN_POINT('',(7.50766968183313,-2.50825893339192,269.));
#15663=CARTESIAN_POINT('',(7.43326705842048,-5.80742007671749,269.));
#15664=CARTESIAN_POINT('',(7.43326705842048,-5.80742007671749,269.));
#15665=CARTESIAN_POINT('',(-0.0667329392814199,-5.80760574167219,269.));
#15666=CARTESIAN_POINT('',(-0.1323883936683,-2.50825893339192,269.));
#15667=CARTESIAN_POINT('',(-0.1323883936683,-2.50825893339192,269.));
#15668=CARTESIAN_POINT('',(1.58326705956959,-2.50825893339192,269.));
#15669=CARTESIAN_POINT('',(1.58326705956959,-2.50825893339192,269.));
#15670=CARTESIAN_POINT('',(1.58326705956959,-2.50825893339192,269.));
#15671=CARTESIAN_POINT('',(1.58326705956959,-1.50825893339192,269.));
#15672=CARTESIAN_POINT('',(-2.41673294043047,-1.50825893339192,269.));
#15673=CARTESIAN_POINT('',(-2.41673294043047,-1.50825893339192,269.));
#15674=CARTESIAN_POINT('',(-2.41673294043047,-0.708258933391916,269.));
#15675=CARTESIAN_POINT('',(-4.96673294043028,-1.00825893339192,269.));
#15676=CARTESIAN_POINT('',(-4.96673294043028,-1.00825893339192,269.));
#15677=CARTESIAN_POINT('',(-3.31673294043047,-1.00825893339192,269.));
#15678=CARTESIAN_POINT('',(-3.31673294043047,-1.00825893339192,269.));
#15679=CARTESIAN_POINT('',(-3.31673294043047,-1.00825893339192,269.));
#15680=CARTESIAN_POINT('',(-3.31673294043047,-4.30825893339192,269.));
#15681=CARTESIAN_POINT('',(-3.31673294043047,-4.30825893339192,269.));
#15682=CARTESIAN_POINT('',(-10.8167329404305,-4.30825893339192,269.));
#15683=CARTESIAN_POINT('',(-10.8167329404305,-1.00825893339192,269.));
#15684=CARTESIAN_POINT('',(-10.8167329404305,-1.00825893339192,269.));
#15685=CARTESIAN_POINT('',(-9.16673294043047,-1.00825893339192,269.));
#15686=CARTESIAN_POINT('',(-9.16673294043047,-1.00825893339192,269.));
#15687=CARTESIAN_POINT('',(-9.16673294043047,-1.00825893339192,269.));
#15688=CARTESIAN_POINT('',(-10.8167329404305,0.791741066608076,269.));
#15689=CARTESIAN_POINT('',(-16.3167329404305,7.04174106660808,269.));
#15690=CARTESIAN_POINT('',(-16.3167329404305,7.04174106660808,269.));
#15691=CARTESIAN_POINT('',(-16.3167329404305,8.69174106660808,269.));
#15692=CARTESIAN_POINT('',(-16.3167329404305,8.69174106660808,269.));
#15693=CARTESIAN_POINT('',(-16.3167329404305,8.69174106660808,269.));
#15694=CARTESIAN_POINT('',(-12.8167329404305,8.69174106660808,269.));
#15695=CARTESIAN_POINT('',(-12.8167329404305,8.69174106660808,269.));
#15696=CARTESIAN_POINT('',(-12.8167329404305,1.19174106660808,269.));
#15697=CARTESIAN_POINT('',(-16.3167329404305,1.19174106660808,269.));
#15698=CARTESIAN_POINT('',(-16.3167329404305,1.19174106660808,269.));
#15699=CARTESIAN_POINT('',(-16.3167329404305,2.84174106660808,269.));
#15700=CARTESIAN_POINT('',(-16.3167329404305,2.84174106660808,269.));
#15701=CARTESIAN_POINT('',(-16.3167329404305,2.84174106660808,269.));
#15702=CARTESIAN_POINT('',(-13.4667329404305,-11.7082589333919,269.));
#15703=CARTESIAN_POINT('',(-13.4667329404305,-11.7082589333919,269.));
#15704=CARTESIAN_POINT('',(-15.1167329404305,-11.7082589333919,269.));
#15705=CARTESIAN_POINT('',(-15.1167329404305,-11.7082589333919,269.));
#15706=CARTESIAN_POINT('',(-15.1167329404305,-11.7082589333919,269.));
#15707=CARTESIAN_POINT('',(-15.1167329404305,-8.40825893339192,269.));
#15708=CARTESIAN_POINT('',(-15.1167329404305,-8.40825893339192,269.));
#15709=CARTESIAN_POINT('',(-7.61673294043047,-8.40825893339192,269.));
#15710=CARTESIAN_POINT('',(-7.61673294043047,-11.7082589333919,269.));
#15711=CARTESIAN_POINT('',(-7.61673294043047,-11.7082589333919,269.));
#15712=CARTESIAN_POINT('',(-9.26673294043047,-11.7082589333919,269.));
#15713=CARTESIAN_POINT('',(-9.26673294043047,-11.7082589333919,269.));
#15714=CARTESIAN_POINT('',(-9.26673294043047,-11.7082589333919,269.));
#15715=CARTESIAN_POINT('',(16.6332670595695,-11.7082589333919,269.));
#15716=CARTESIAN_POINT('',(16.6332670595695,-11.7082589333919,269.));
#15717=CARTESIAN_POINT('',(16.6332670595695,-11.7082589333919,269.));
#15718=CARTESIAN_POINT('',(14.9832670595695,-11.7082589333919,269.));
#15719=CARTESIAN_POINT('',(14.9832670595695,-11.7082589333919,269.));
#15720=CARTESIAN_POINT('',(14.9832670595695,-8.40825893339192,269.));
#15721=CARTESIAN_POINT('',(22.4832670595695,-8.40825893339192,269.));
#15722=CARTESIAN_POINT('',(22.4832670595695,-8.40825893339192,269.));
#15723=CARTESIAN_POINT('',(22.4832670595695,-11.7082589333919,269.));
#15724=CARTESIAN_POINT('',(22.4832670595695,-11.7082589333919,269.));
#15725=CARTESIAN_POINT('',(22.4832670595695,-11.7082589333919,269.));
#15726=CARTESIAN_POINT('',(20.8332670595695,-11.7082589333919,269.));
#15727=CARTESIAN_POINT('',(20.8332670595695,-11.7082589333919,269.));
#15728=CARTESIAN_POINT('',(23.6832670595695,2.84174106660808,269.));
#15729=CARTESIAN_POINT('',(23.6832670595695,2.84174106660808,269.));
#15730=CARTESIAN_POINT('',(23.6832670595695,2.84174106660808,269.));
#15731=CARTESIAN_POINT('',(23.6832670595695,1.19174106660808,269.));
#15732=CARTESIAN_POINT('',(23.6832670595695,1.19174106660808,269.));
#15733=CARTESIAN_POINT('',(20.1832670595695,1.19174106660808,269.));
#15734=CARTESIAN_POINT('',(20.1832670595695,8.69174106660808,269.));
#15735=CARTESIAN_POINT('',(20.1832670595695,8.69174106660808,269.));
#15736=CARTESIAN_POINT('',(23.6832670595695,8.69174106660808,269.));
#15737=CARTESIAN_POINT('',(23.6832670595695,8.69174106660808,269.));
#15738=CARTESIAN_POINT('',(23.6832670595695,8.69174106660808,269.));
#15739=CARTESIAN_POINT('',(23.6832670595695,7.04174106660808,269.));
#15740=CARTESIAN_POINT('',(23.6832670595695,7.04174106660808,269.));
#15741=CARTESIAN_POINT('',(18.1832670595695,0.791741066608076,269.));
#15742=CARTESIAN_POINT('',(18.1832670595695,0.491741066608081,269.));
#15743=CARTESIAN_POINT('',(-17.8167329404304,0.491741066608081,269.));
#15744=CARTESIAN_POINT('',(16.5332670595695,0.491741066608081,269.));
#15745=CARTESIAN_POINT('',(16.5332670595695,-1.00825893339192,269.));
#15746=CARTESIAN_POINT('',(16.5332670595695,-1.00825893339192,269.));
#15747=CARTESIAN_POINT('',(16.5332670595695,-1.00825893339192,269.));
#15748=CARTESIAN_POINT('',(18.1832670595695,-1.00825893339192,269.));
#15749=CARTESIAN_POINT('',(18.1832670595695,-1.00825893339192,269.));
#15750=CARTESIAN_POINT('',(18.1832670595695,-4.30825893339192,269.));
#15751=CARTESIAN_POINT('',(10.6832670595695,-4.30825893339192,269.));
#15752=CARTESIAN_POINT('',(10.6832670595695,-4.30825893339192,269.));
#15753=CARTESIAN_POINT('',(10.6832670595695,-1.00825893339192,269.));
#15754=CARTESIAN_POINT('',(10.6832670595695,-1.00825893339192,269.));
#15755=CARTESIAN_POINT('',(10.6832670595695,-1.00825893339192,269.));
#15756=CARTESIAN_POINT('',(12.3332670595693,-1.00825893339192,269.));
#15757=CARTESIAN_POINT('',(12.3332670595693,-1.00825893339192,269.));
#15758=CARTESIAN_POINT('',(3.68326705956953,20.9917410666081,269.));
#15759=CARTESIAN_POINT('',(-13.3167329404305,-3.50825893339192,-17.8));
#15760=CARTESIAN_POINT('',(20.6832670595695,-3.50825893339192,-17.8));
#15761=CARTESIAN_POINT('',(9.78326705956953,-0.708258933391916,-17.8));
#15762=CARTESIAN_POINT('',(9.78326705956953,-1.50825893339192,-17.8));
#15763=CARTESIAN_POINT('',(12.3332670595693,-1.00825893339192,-17.8));
#15764=CARTESIAN_POINT('',(12.3332670595693,-1.00825893339192,-17.8));
#15765=CARTESIAN_POINT('',(10.6832670595695,-1.00825893339192,-17.8));
#15766=CARTESIAN_POINT('',(10.6832670595695,-1.00825893339192,-17.8));
#15767=CARTESIAN_POINT('',(10.6832670595695,-1.00825893339192,-17.8));
#15768=CARTESIAN_POINT('',(10.6832670595695,-4.30825893339192,-17.8));
#15769=CARTESIAN_POINT('',(10.6832670595695,-4.30825893339192,-17.8));
#15770=CARTESIAN_POINT('',(18.1832670595695,-4.30825893339192,-17.8));
#15771=CARTESIAN_POINT('',(18.1832670595695,-1.00825893339192,-17.8));
#15772=CARTESIAN_POINT('',(18.1832670595695,-1.00825893339192,-17.8));
#15773=CARTESIAN_POINT('',(16.5332670595695,-1.00825893339192,-17.8));
#15774=CARTESIAN_POINT('',(16.5332670595695,-1.00825893339192,-17.8));
#15775=CARTESIAN_POINT('',(16.5332670595695,-1.00825893339192,-17.8));
#15776=CARTESIAN_POINT('',(16.5332670595695,0.491741066608081,-17.8));
#15777=CARTESIAN_POINT('',(-17.8167329404304,0.491741066608081,-17.8));
#15778=CARTESIAN_POINT('',(18.1832670595695,0.491741066608081,-17.8));
#15779=CARTESIAN_POINT('',(18.1832670595695,0.791741066608076,-17.8));
#15780=CARTESIAN_POINT('',(3.68326705956955,7.04174106660808,-17.8));
#15781=CARTESIAN_POINT('',(23.6832670595695,7.04174106660808,-17.8));
#15782=CARTESIAN_POINT('',(23.6832670595695,8.69174106660808,-17.8));
#15783=CARTESIAN_POINT('',(23.6832670595695,8.69174106660808,-17.8));
#15784=CARTESIAN_POINT('',(23.6832670595695,8.69174106660808,-17.8));
#15785=CARTESIAN_POINT('',(20.1832670595695,8.69174106660808,-17.8));
#15786=CARTESIAN_POINT('',(20.1832670595695,8.69174106660808,-17.8));
#15787=CARTESIAN_POINT('',(20.1832670595695,1.19174106660808,-17.8));
#15788=CARTESIAN_POINT('',(23.6832670595695,1.19174106660808,-17.8));
#15789=CARTESIAN_POINT('',(23.6832670595695,1.19174106660808,-17.8));
#15790=CARTESIAN_POINT('',(23.6832670595695,2.84174106660808,-17.8));
#15791=CARTESIAN_POINT('',(23.6832670595695,2.84174106660808,-17.8));
#15792=CARTESIAN_POINT('',(23.6832670595695,2.84174106660808,-17.8));
#15793=CARTESIAN_POINT('',(20.8332670595695,14.9917410666081,-17.8));
#15794=CARTESIAN_POINT('',(20.8332670595695,-11.7082589333919,-17.8));
#15795=CARTESIAN_POINT('',(22.4832670595695,-11.7082589333919,-17.8));
#15796=CARTESIAN_POINT('',(22.4832670595695,-11.7082589333919,-17.8));
#15797=CARTESIAN_POINT('',(22.4832670595695,-11.7082589333919,-17.8));
#15798=CARTESIAN_POINT('',(22.4832670595695,-8.40825893339192,-17.8));
#15799=CARTESIAN_POINT('',(22.4832670595695,-8.40825893339192,-17.8));
#15800=CARTESIAN_POINT('',(14.9832670595695,-8.40825893339192,-17.8));
#15801=CARTESIAN_POINT('',(14.9832670595695,-11.7082589333919,-17.8));
#15802=CARTESIAN_POINT('',(14.9832670595695,-11.7082589333919,-17.8));
#15803=CARTESIAN_POINT('',(16.6332670595695,-11.7082589333919,-17.8));
#15804=CARTESIAN_POINT('',(16.6332670595695,-11.7082589333919,-17.8));
#15805=CARTESIAN_POINT('',(16.6332670595695,-11.7082589333919,-17.8));
#15806=CARTESIAN_POINT('',(-9.26673294043047,14.9917410666081,-17.8));
#15807=CARTESIAN_POINT('',(-9.26673294043047,-11.7082589333919,-17.8));
#15808=CARTESIAN_POINT('',(-9.26673294043047,-11.7082589333919,-17.8));
#15809=CARTESIAN_POINT('',(-7.61673294043047,-11.7082589333919,-17.8));
#15810=CARTESIAN_POINT('',(-7.61673294043047,-11.7082589333919,-17.8));
#15811=CARTESIAN_POINT('',(-7.61673294043047,-8.40825893339192,-17.8));
#15812=CARTESIAN_POINT('',(-15.1167329404305,-8.40825893339192,-17.8));
#15813=CARTESIAN_POINT('',(-15.1167329404305,-8.40825893339192,-17.8));
#15814=CARTESIAN_POINT('',(-15.1167329404305,-11.7082589333919,-17.8));
#15815=CARTESIAN_POINT('',(-15.1167329404305,-11.7082589333919,-17.8));
#15816=CARTESIAN_POINT('',(-15.1167329404305,-11.7082589333919,-17.8));
#15817=CARTESIAN_POINT('',(-13.4667329404305,-11.7082589333919,-17.8));
#15818=CARTESIAN_POINT('',(-13.4667329404305,-11.7082589333919,-17.8));
#15819=CARTESIAN_POINT('',(3.68326705956955,2.84174106660808,-17.8));
#15820=CARTESIAN_POINT('',(-16.3167329404305,2.84174106660808,-17.8));
#15821=CARTESIAN_POINT('',(-16.3167329404305,2.84174106660808,-17.8));
#15822=CARTESIAN_POINT('',(-16.3167329404305,1.19174106660808,-17.8));
#15823=CARTESIAN_POINT('',(-16.3167329404305,1.19174106660808,-17.8));
#15824=CARTESIAN_POINT('',(-12.8167329404305,1.19174106660808,-17.8));
#15825=CARTESIAN_POINT('',(-12.8167329404305,8.69174106660808,-17.8));
#15826=CARTESIAN_POINT('',(-12.8167329404305,8.69174106660808,-17.8));
#15827=CARTESIAN_POINT('',(-16.3167329404305,8.69174106660808,-17.8));
#15828=CARTESIAN_POINT('',(-16.3167329404305,8.69174106660808,-17.8));
#15829=CARTESIAN_POINT('',(-16.3167329404305,8.69174106660808,-17.8));
#15830=CARTESIAN_POINT('',(-16.3167329404305,7.04174106660808,-17.8));
#15831=CARTESIAN_POINT('',(-16.3167329404305,7.04174106660808,-17.8));
#15832=CARTESIAN_POINT('',(-10.8167329404305,14.9917410666081,-17.8));
#15833=CARTESIAN_POINT('',(-9.16673294043047,-1.00825893339192,-17.8));
#15834=CARTESIAN_POINT('',(-9.16673294043047,-1.00825893339192,-17.8));
#15835=CARTESIAN_POINT('',(-9.16673294043047,-1.00825893339192,-17.8));
#15836=CARTESIAN_POINT('',(-10.8167329404305,-1.00825893339192,-17.8));
#15837=CARTESIAN_POINT('',(-10.8167329404305,-1.00825893339192,-17.8));
#15838=CARTESIAN_POINT('',(-10.8167329404305,-4.30825893339192,-17.8));
#15839=CARTESIAN_POINT('',(-3.31673294043047,-4.30825893339192,-17.8));
#15840=CARTESIAN_POINT('',(-3.31673294043047,-4.30825893339192,-17.8));
#15841=CARTESIAN_POINT('',(-3.31673294043047,-1.00825893339192,-17.8));
#15842=CARTESIAN_POINT('',(-3.31673294043047,-1.00825893339192,-17.8));
#15843=CARTESIAN_POINT('',(-3.31673294043047,-1.00825893339192,-17.8));
#15844=CARTESIAN_POINT('',(-4.96673294043028,-1.00825893339192,-17.8));
#15845=CARTESIAN_POINT('',(-4.96673294043028,-1.00825893339192,-17.8));
#15846=CARTESIAN_POINT('',(-2.41673294043047,-0.708258933391916,-17.8));
#15847=CARTESIAN_POINT('',(-2.41673294043047,-1.50825893339192,-17.8));
#15848=CARTESIAN_POINT('',(-2.41673294043047,-1.50825893339192,-17.8));
#15849=CARTESIAN_POINT('',(1.58326705956959,-1.50825893339192,-17.8));
#15850=CARTESIAN_POINT('',(1.58326705956959,-2.50825893339192,-17.8));
#15851=CARTESIAN_POINT('',(1.58326705956959,-2.50825893339192,-17.8));
#15852=CARTESIAN_POINT('',(1.58326705956959,-2.50825893339192,-17.8));
#15853=CARTESIAN_POINT('',(-0.1323883936683,-2.50825893339192,-17.8));
#15854=CARTESIAN_POINT('',(-0.1323883936683,-2.50825893339192,-17.8));
#15855=CARTESIAN_POINT('',(-0.0667329392814199,-5.80760574167219,-17.8));
#15856=CARTESIAN_POINT('',(7.43326705842048,-5.80742007671749,-17.8));
#15857=CARTESIAN_POINT('',(7.43326705842048,-5.80742007671749,-17.8));
#15858=CARTESIAN_POINT('',(7.50766968183313,-2.50825893339192,-17.8));
#15859=CARTESIAN_POINT('',(7.50766968183313,-2.50825893339192,-17.8));
#15860=CARTESIAN_POINT('',(7.50766968183313,-2.50825893339192,-17.8));
#15861=CARTESIAN_POINT('',(5.78326705956969,-2.50825893339192,-17.8));
#15862=CARTESIAN_POINT('',(5.78326705956969,-2.50825893339192,-17.8));
#15863=CARTESIAN_POINT('',(5.78326705956969,-1.50825893339192,-17.8));
#15864=CARTESIAN_POINT('',(-2.41673294043047,-1.50825893339192,-17.8));
#15865=CARTESIAN_POINT('',(3.68326705956955,14.9917410666081,-17.8));
#15866=CARTESIAN_POINT('',(18.1832670595695,0.491741066608081,222.));
#15867=CARTESIAN_POINT('',(18.1832670595695,0.791741066608076,100.));
#15868=CARTESIAN_POINT('',(-10.8167329404305,0.791741066608076,100.));
#15869=CARTESIAN_POINT('',(16.5332670595695,0.491741066608081,222.));
#15870=CARTESIAN_POINT('',(-17.8167329404304,0.491741066608081,222.));
#15871=CARTESIAN_POINT('',(12.3332670595693,-1.00825893339192,100.));
#15872=CARTESIAN_POINT('',(12.3332670595693,-1.00825893339192,100.));
#15873=CARTESIAN_POINT('',(16.5332670595695,-1.00825893339192,100.));
#15874=CARTESIAN_POINT('',(16.5332670595695,-1.00825893339192,100.));
#15875=CARTESIAN_POINT('',(18.1832670595695,-1.00825893339192,100.));
#15876=CARTESIAN_POINT('',(16.5332670595695,-1.00825893339192,100.));
#15877=CARTESIAN_POINT('',(18.1832670595695,-4.30825893339192,100.));
#15878=CARTESIAN_POINT('',(18.1832670595695,-1.00825893339192,100.));
#15879=CARTESIAN_POINT('',(10.6832670595695,-4.30825893339192,100.));
#15880=CARTESIAN_POINT('',(10.6832670595695,-4.30825893339192,100.));
#15881=CARTESIAN_POINT('',(10.6832670595695,-1.00825893339192,100.));
#15882=CARTESIAN_POINT('',(10.6832670595695,-1.00825893339192,100.));
#15883=CARTESIAN_POINT('',(10.6832670595695,-1.00825893339192,100.));
#15884=CARTESIAN_POINT('',(1.58326705956959,-1.50825893339192,100.));
#15885=CARTESIAN_POINT('',(1.58326705956959,-2.50825893339192,100.));
#15886=CARTESIAN_POINT('',(1.58326705956959,-2.50825893339192,100.));
#15887=CARTESIAN_POINT('',(5.78326705956969,-1.50825893339192,100.));
#15888=CARTESIAN_POINT('',(5.78326705956969,-2.50825893339192,100.));
#15889=CARTESIAN_POINT('',(5.78326705956969,-2.50825893339192,100.));
#15890=CARTESIAN_POINT('',(7.50766968183313,-2.50825893339192,100.));
#15891=CARTESIAN_POINT('',(7.50766968183313,-2.50825893339192,100.));
#15892=CARTESIAN_POINT('',(7.43326705842048,-5.80742007671749,100.));
#15893=CARTESIAN_POINT('',(7.50766968183313,-2.50825893339192,100.));
#15894=CARTESIAN_POINT('',(-0.0667329392814199,-5.80760574167219,100.));
#15895=CARTESIAN_POINT('',(7.43326705842048,-5.80742007671749,100.));
#15896=CARTESIAN_POINT('',(-0.1323883936683,-2.50825893339192,100.));
#15897=CARTESIAN_POINT('',(-0.1323883936683,-2.50825893339192,100.));
#15898=CARTESIAN_POINT('',(1.58326705956959,-2.50825893339192,100.));
#15899=CARTESIAN_POINT('',(-9.16673294043047,-1.00825893339192,100.));
#15900=CARTESIAN_POINT('',(-9.16673294043047,-1.00825893339192,100.));
#15901=CARTESIAN_POINT('',(-4.96673294043028,-1.00825893339192,100.));
#15902=CARTESIAN_POINT('',(-4.96673294043028,-1.00825893339192,100.));
#15903=CARTESIAN_POINT('',(-3.31673294043047,-1.00825893339192,100.));
#15904=CARTESIAN_POINT('',(-3.31673294043047,-1.00825893339192,100.));
#15905=CARTESIAN_POINT('',(-3.31673294043047,-4.30825893339192,100.));
#15906=CARTESIAN_POINT('',(-3.31673294043047,-1.00825893339192,100.));
#15907=CARTESIAN_POINT('',(-10.8167329404305,-4.30825893339192,100.));
#15908=CARTESIAN_POINT('',(-3.31673294043047,-4.30825893339192,100.));
#15909=CARTESIAN_POINT('',(-10.8167329404305,-1.00825893339192,100.));
#15910=CARTESIAN_POINT('',(-10.8167329404305,-1.00825893339192,100.));
#15911=CARTESIAN_POINT('',(-9.16673294043047,-1.00825893339192,100.));
#15912=CARTESIAN_POINT('',(-16.3167329404305,2.84174106660808,100.));
#15913=CARTESIAN_POINT('',(-16.3167329404305,2.84174106660808,100.));
#15914=CARTESIAN_POINT('',(-16.3167329404305,7.04174106660808,100.));
#15915=CARTESIAN_POINT('',(-16.3167329404305,7.04174106660808,100.));
#15916=CARTESIAN_POINT('',(-16.3167329404305,8.69174106660808,100.));
#15917=CARTESIAN_POINT('',(-16.3167329404305,8.69174106660808,100.));
#15918=CARTESIAN_POINT('',(-12.8167329404305,8.69174106660808,100.));
#15919=CARTESIAN_POINT('',(-16.3167329404305,8.69174106660808,100.));
#15920=CARTESIAN_POINT('',(-12.8167329404305,1.19174106660808,100.));
#15921=CARTESIAN_POINT('',(-12.8167329404305,8.69174106660808,100.));
#15922=CARTESIAN_POINT('',(-16.3167329404305,1.19174106660808,100.));
#15923=CARTESIAN_POINT('',(-16.3167329404305,1.19174106660808,100.));
#15924=CARTESIAN_POINT('',(-16.3167329404305,2.84174106660808,100.));
#15925=CARTESIAN_POINT('',(23.6832670595695,7.04174106660808,100.));
#15926=CARTESIAN_POINT('',(23.6832670595695,7.04174106660808,100.));
#15927=CARTESIAN_POINT('',(23.6832670595695,2.84174106660808,100.));
#15928=CARTESIAN_POINT('',(23.6832670595695,2.84174106660808,100.));
#15929=CARTESIAN_POINT('',(20.1832670595695,8.69174106660808,100.));
#15930=CARTESIAN_POINT('',(23.6832670595695,8.69174106660808,100.));
#15931=CARTESIAN_POINT('',(23.6832670595695,8.69174106660808,100.));
#15932=CARTESIAN_POINT('',(23.6832670595695,8.69174106660808,100.));
#15933=CARTESIAN_POINT('',(23.6832670595695,1.19174106660808,100.));
#15934=CARTESIAN_POINT('',(23.6832670595695,2.84174106660808,100.));
#15935=CARTESIAN_POINT('',(20.1832670595695,1.19174106660808,100.));
#15936=CARTESIAN_POINT('',(23.6832670595695,1.19174106660808,100.));
#15937=CARTESIAN_POINT('',(20.1832670595695,8.69174106660808,100.));
#15938=CARTESIAN_POINT('',(20.8332670595695,-11.7082589333919,100.));
#15939=CARTESIAN_POINT('',(20.8332670595695,-11.7082589333919,100.));
#15940=CARTESIAN_POINT('',(16.6332670595695,-11.7082589333919,100.));
#15941=CARTESIAN_POINT('',(16.6332670595695,-11.7082589333919,100.));
#15942=CARTESIAN_POINT('',(14.9832670595695,-11.7082589333919,100.));
#15943=CARTESIAN_POINT('',(16.6332670595695,-11.7082589333919,100.));
#15944=CARTESIAN_POINT('',(14.9832670595695,-8.40825893339192,100.));
#15945=CARTESIAN_POINT('',(14.9832670595695,-11.7082589333919,100.));
#15946=CARTESIAN_POINT('',(22.4832670595695,-8.40825893339192,100.));
#15947=CARTESIAN_POINT('',(22.4832670595695,-8.40825893339192,100.));
#15948=CARTESIAN_POINT('',(22.4832670595695,-11.7082589333919,100.));
#15949=CARTESIAN_POINT('',(22.4832670595695,-11.7082589333919,100.));
#15950=CARTESIAN_POINT('',(22.4832670595695,-11.7082589333919,100.));
#15951=CARTESIAN_POINT('',(-9.26673294043047,-11.7082589333919,100.));
#15952=CARTESIAN_POINT('',(-9.26673294043047,-11.7082589333919,100.));
#15953=CARTESIAN_POINT('',(-13.4667329404305,-11.7082589333919,100.));
#15954=CARTESIAN_POINT('',(-13.4667329404305,-11.7082589333919,100.));
#15955=CARTESIAN_POINT('',(-15.1167329404305,-11.7082589333919,100.));
#15956=CARTESIAN_POINT('',(-15.1167329404305,-11.7082589333919,100.));
#15957=CARTESIAN_POINT('',(-15.1167329404305,-8.40825893339192,100.));
#15958=CARTESIAN_POINT('',(-15.1167329404305,-11.7082589333919,100.));
#15959=CARTESIAN_POINT('',(-7.61673294043047,-8.40825893339192,100.));
#15960=CARTESIAN_POINT('',(-15.1167329404305,-8.40825893339192,100.));
#15961=CARTESIAN_POINT('',(-7.61673294043047,-11.7082589333919,100.));
#15962=CARTESIAN_POINT('',(-7.61673294043047,-11.7082589333919,100.));
#15963=CARTESIAN_POINT('',(-9.26673294043047,-11.7082589333919,100.));
#15964=CARTESIAN_POINT('',(9.78326705956953,-1.50825893339192,100.));
#15965=CARTESIAN_POINT('',(-2.41673294043047,-1.50825893339192,100.));
#15966=CARTESIAN_POINT('',(9.78326705956953,-0.708258933391916,100.));
#15967=CARTESIAN_POINT('',(-2.41673294043047,-1.50825893339192,100.));
#15968=CARTESIAN_POINT('',(-2.41673294043047,-0.708258933391916,100.));
#15969=CARTESIAN_POINT('',(-2.41673294043047,-1.50825893339192,100.));
#15970=CARTESIAN_POINT('',(20.6832670595695,-3.50825893339192,239.9));
#15971=CARTESIAN_POINT('',(20.6832670595695,-3.50825893339192,239.9));
#15972=CARTESIAN_POINT('',(20.6832670595695,-3.50825893339192,250.));
#15973=CARTESIAN_POINT('',(-13.3167329404305,-3.50825893339192,239.9));
#15974=CARTESIAN_POINT('',(-13.3167329404305,-3.50825893339192,239.9));
#15975=CARTESIAN_POINT('',(-13.3167329404305,-3.50825893339192,250.));
#15976=CARTESIAN_POINT('',(20.6832670595695,-3.50825893339192,110.1));
#15977=CARTESIAN_POINT('',(20.6832670595695,-3.50825893339192,110.1));
#15978=CARTESIAN_POINT('',(20.6832670595695,-3.50825893339192,100.));
#15979=CARTESIAN_POINT('',(-13.3167329404305,-3.50825893339192,110.1));
#15980=CARTESIAN_POINT('',(-13.3167329404305,-3.50825893339192,110.1));
#15981=CARTESIAN_POINT('',(-13.3167329404305,-3.50825893339192,100.));
#15982=CARTESIAN_POINT('',(-7.21673294043046,38.9917410666081,107.699987292601));
#15983=CARTESIAN_POINT('',(-7.21673294043046,37.3417410666081,107.699987292601));
#15984=CARTESIAN_POINT('',(-7.21673294043046,40.6417410666081,107.699987292601));
#15985=CARTESIAN_POINT('',(-17.3167329404305,37.3417410666081,107.699987292601));
#15986=CARTESIAN_POINT('',(-17.3167329404305,37.3417410666081,107.699987292601));
#15987=CARTESIAN_POINT('',(-17.3167329404305,38.9917410666081,107.699987292601));
#15988=CARTESIAN_POINT('',(-17.3167329404305,40.6417410666081,107.699987292601));
#15989=CARTESIAN_POINT('',(-17.3167329404305,40.6417410666081,107.699987292601));
#15990=CARTESIAN_POINT('',(-17.3167329404305,38.9917410666081,107.699987292601));
#15991=CARTESIAN_POINT('',(-7.21673294043046,40.6417410666081,107.699987292601));
#15992=CARTESIAN_POINT('',(-6.22531291903498,38.9917410666081,107.699987292601));
#15993=CARTESIAN_POINT('',(-7.21673294043046,37.3417410666081,107.699987292601));
#15994=CARTESIAN_POINT('',(-7.21673294043046,38.9917410666081,107.699987292601));
#15995=CARTESIAN_POINT('',(-7.21673294043046,38.9917410666081,146.699987292601));
#15996=CARTESIAN_POINT('',(-7.21673294043046,37.3417410666081,146.699987292601));
#15997=CARTESIAN_POINT('',(-7.21673294043046,40.6417410666081,146.699987292601));
#15998=CARTESIAN_POINT('',(-17.3167329404305,37.3417410666081,146.699987292601));
#15999=CARTESIAN_POINT('',(-17.3167329404305,37.3417410666081,146.699987292601));
#16000=CARTESIAN_POINT('',(-17.3167329404305,38.9917410666081,146.699987292601));
#16001=CARTESIAN_POINT('',(-17.3167329404305,40.6417410666081,146.699987292601));
#16002=CARTESIAN_POINT('',(-17.3167329404305,40.6417410666081,146.699987292601));
#16003=CARTESIAN_POINT('',(-17.3167329404305,38.9917410666081,146.699987292601));
#16004=CARTESIAN_POINT('',(-7.21673294043046,40.6417410666081,146.699987292601));
#16005=CARTESIAN_POINT('',(-6.22531291903498,38.9917410666081,146.699987292601));
#16006=CARTESIAN_POINT('',(-7.21673294043046,37.3417410666081,146.699987292601));
#16007=CARTESIAN_POINT('',(-7.21673294043046,38.9917410666081,146.699987292601));
#16008=CARTESIAN_POINT('',(14.5832670595695,38.9917410666081,107.699987292601));
#16009=CARTESIAN_POINT('',(14.5832670595695,40.6417410666081,107.699987292601));
#16010=CARTESIAN_POINT('',(14.5832670595695,37.3417410666081,107.699987292601));
#16011=CARTESIAN_POINT('',(24.6832670595695,40.6417410666081,107.699987292601));
#16012=CARTESIAN_POINT('',(24.6832670595695,40.6417410666081,107.699987292601));
#16013=CARTESIAN_POINT('',(24.6832670595695,38.9917410666081,107.699987292601));
#16014=CARTESIAN_POINT('',(24.6832670595695,37.3417410666081,107.699987292601));
#16015=CARTESIAN_POINT('',(24.6832670595695,37.3417410666081,107.699987292601));
#16016=CARTESIAN_POINT('',(24.6832670595695,38.9917410666081,107.699987292601));
#16017=CARTESIAN_POINT('',(14.5832670595695,37.3417410666081,107.699987292601));
#16018=CARTESIAN_POINT('',(13.5918470381741,38.9917410666081,107.699987292601));
#16019=CARTESIAN_POINT('',(14.5832670595695,40.6417410666081,107.699987292601));
#16020=CARTESIAN_POINT('',(14.5832670595695,38.9917410666081,107.699987292601));
#16021=CARTESIAN_POINT('',(14.5832670595695,38.9917410666081,146.699987292601));
#16022=CARTESIAN_POINT('',(14.5832670595695,40.6417410666081,146.699987292601));
#16023=CARTESIAN_POINT('',(14.5832670595695,37.3417410666081,146.699987292601));
#16024=CARTESIAN_POINT('',(24.6832670595695,40.6417410666081,146.699987292601));
#16025=CARTESIAN_POINT('',(24.6832670595695,40.6417410666081,146.699987292601));
#16026=CARTESIAN_POINT('',(24.6832670595695,38.9917410666081,146.699987292601));
#16027=CARTESIAN_POINT('',(24.6832670595695,37.3417410666081,146.699987292601));
#16028=CARTESIAN_POINT('',(24.6832670595695,37.3417410666081,146.699987292601));
#16029=CARTESIAN_POINT('',(24.6832670595695,38.9917410666081,146.699987292601));
#16030=CARTESIAN_POINT('',(14.5832670595695,37.3417410666081,146.699987292601));
#16031=CARTESIAN_POINT('',(13.5918470381741,38.9917410666081,146.699987292601));
#16032=CARTESIAN_POINT('',(14.5832670595695,40.6417410666081,146.699987292601));
#16033=CARTESIAN_POINT('',(14.5832670595695,38.9917410666081,146.699987292601));
#16034=CARTESIAN_POINT('',(18.6832670595695,33.3917410666081,112.199987292601));
#16035=CARTESIAN_POINT('',(17.0332670595695,33.3917410666081,112.199987292601));
#16036=CARTESIAN_POINT('',(20.3332670595695,33.3917410666081,112.199987292601));
#16037=CARTESIAN_POINT('',(17.0332670595695,43.4917410666081,112.199987292601));
#16038=CARTESIAN_POINT('',(17.0332670595695,43.4917410666081,112.199987292601));
#16039=CARTESIAN_POINT('',(18.6832670595695,43.4917410666081,112.199987292601));
#16040=CARTESIAN_POINT('',(20.3332670595695,43.4917410666081,112.199987292601));
#16041=CARTESIAN_POINT('',(20.3332670595695,43.4917410666081,112.199987292601));
#16042=CARTESIAN_POINT('',(18.6832670595695,43.4917410666081,112.199987292601));
#16043=CARTESIAN_POINT('',(20.3332670595695,33.3917410666081,112.199987292601));
#16044=CARTESIAN_POINT('',(18.6832670595695,32.4003210452127,112.199987292601));
#16045=CARTESIAN_POINT('',(17.0332670595695,33.3917410666081,112.199987292601));
#16046=CARTESIAN_POINT('',(18.6832670595695,33.3917410666081,112.199987292601));
#16047=CARTESIAN_POINT('',(-11.3167329404305,33.3917410666081,142.199987292601));
#16048=CARTESIAN_POINT('',(-12.9667329404305,33.3917410666081,142.199987292601));
#16049=CARTESIAN_POINT('',(-9.66673294043046,33.3917410666081,142.199987292601));
#16050=CARTESIAN_POINT('',(-12.9667329404305,43.4917410666081,142.199987292601));
#16051=CARTESIAN_POINT('',(-12.9667329404305,43.4917410666081,142.199987292601));
#16052=CARTESIAN_POINT('',(-11.3167329404305,43.4917410666081,142.199987292601));
#16053=CARTESIAN_POINT('',(-9.66673294043046,43.4917410666081,142.199987292601));
#16054=CARTESIAN_POINT('',(-9.66673294043046,43.4917410666081,142.199987292601));
#16055=CARTESIAN_POINT('',(-11.3167329404305,43.4917410666081,142.199987292601));
#16056=CARTESIAN_POINT('',(-9.66673294043046,33.3917410666081,142.199987292601));
#16057=CARTESIAN_POINT('',(-11.3167329404305,32.4003210452127,142.199987292601));
#16058=CARTESIAN_POINT('',(-12.9667329404305,33.3917410666081,142.199987292601));
#16059=CARTESIAN_POINT('',(-11.3167329404305,33.3917410666081,142.199987292601));
#16060=CARTESIAN_POINT('',(-11.3167329404305,33.3917410666081,112.199987292601));
#16061=CARTESIAN_POINT('',(-12.9667329404305,33.3917410666081,112.199987292601));
#16062=CARTESIAN_POINT('',(-9.66673294043046,33.3917410666081,112.199987292601));
#16063=CARTESIAN_POINT('',(-12.9667329404305,43.4917410666081,112.199987292601));
#16064=CARTESIAN_POINT('',(-12.9667329404305,43.4917410666081,112.199987292601));
#16065=CARTESIAN_POINT('',(-11.3167329404305,43.4917410666081,112.199987292601));
#16066=CARTESIAN_POINT('',(-9.66673294043046,43.4917410666081,112.199987292601));
#16067=CARTESIAN_POINT('',(-9.66673294043046,43.4917410666081,112.199987292601));
#16068=CARTESIAN_POINT('',(-11.3167329404305,43.4917410666081,112.199987292601));
#16069=CARTESIAN_POINT('',(-9.66673294043046,33.3917410666081,112.199987292601));
#16070=CARTESIAN_POINT('',(-11.3167329404305,32.4003210452127,112.199987292601));
#16071=CARTESIAN_POINT('',(-12.9667329404305,33.3917410666081,112.199987292601));
#16072=CARTESIAN_POINT('',(-11.3167329404305,33.3917410666081,112.199987292601));
#16073=CARTESIAN_POINT('',(18.6832670595695,33.3917410666081,142.199987292601));
#16074=CARTESIAN_POINT('',(17.0332670595695,33.3917410666081,142.199987292601));
#16075=CARTESIAN_POINT('',(20.3332670595695,33.3917410666081,142.199987292601));
#16076=CARTESIAN_POINT('',(17.0332670595695,43.4917410666081,142.199987292601));
#16077=CARTESIAN_POINT('',(17.0332670595695,43.4917410666081,142.199987292601));
#16078=CARTESIAN_POINT('',(18.6832670595695,43.4917410666081,142.199987292601));
#16079=CARTESIAN_POINT('',(20.3332670595695,43.4917410666081,142.199987292601));
#16080=CARTESIAN_POINT('',(20.3332670595695,43.4917410666081,142.199987292601));
#16081=CARTESIAN_POINT('',(18.6832670595695,43.4917410666081,142.199987292601));
#16082=CARTESIAN_POINT('',(20.3332670595695,33.3917410666081,142.199987292601));
#16083=CARTESIAN_POINT('',(18.6832670595695,32.4003210452127,142.199987292601));
#16084=CARTESIAN_POINT('',(17.0332670595695,33.3917410666081,142.199987292601));
#16085=CARTESIAN_POINT('',(18.6832670595695,33.3917410666081,142.199987292601));
#16086=CARTESIAN_POINT('',(13.6832670595695,13.4917410666081,117.199987292601));
#16087=CARTESIAN_POINT('',(10.4332670595695,13.4917410666081,117.199987292601));
#16088=CARTESIAN_POINT('',(16.9332670595695,13.4917410666081,117.199987292601));
#16089=CARTESIAN_POINT('',(10.4332670595695,43.4917410666081,117.199987292601));
#16090=CARTESIAN_POINT('',(10.4332670595695,16.8003983862549,117.199987292601));
#16091=CARTESIAN_POINT('',(16.9332670595695,25.905720958411,117.199987292601));
#16092=CARTESIAN_POINT('',(16.9332670595695,25.905720958411,117.505120439466));
#16093=CARTESIAN_POINT('',(16.8916887198286,25.6925821280978,117.758427316106));
#16094=CARTESIAN_POINT('',(16.7942375677502,25.266815353997,118.163152546907));
#16095=CARTESIAN_POINT('',(16.7334615905245,25.0268188283439,118.335277453038));
#16096=CARTESIAN_POINT('',(16.5262756475752,24.301253736911,118.812464848643));
#16097=CARTESIAN_POINT('',(16.3542453296826,23.8026008864391,119.078717250984));
#16098=CARTESIAN_POINT('',(15.7315767322633,22.3066672728131,119.802280932551));
#16099=CARTESIAN_POINT('',(15.1736086420942,21.3086981951344,120.178116177245));
#16100=CARTESIAN_POINT('',(13.7635763117261,19.4357253887611,120.529239477427));
#16101=CARTESIAN_POINT('',(12.8738796623088,18.5441003773612,120.499877494668));
#16102=CARTESIAN_POINT('',(11.1704837599743,17.206152850783,119.486972949272));
#16103=CARTESIAN_POINT('',(10.4332670595695,16.8003981155182,118.408725126949));
#16104=CARTESIAN_POINT('',(10.4332670595695,16.8003981155182,117.199987292601));
#16105=CARTESIAN_POINT('',(16.9332670595695,25.9057209584109,117.199987292601));
#16106=CARTESIAN_POINT('',(16.9332670595695,43.4917410666081,117.199987292601));
#16107=CARTESIAN_POINT('',(13.6832670595695,43.4917410666081,117.199987292601));
#16108=CARTESIAN_POINT('',(10.4332670595695,40.183084017698,117.199987292601));
#16109=CARTESIAN_POINT('',(10.4332670595695,40.183084017698,118.407159657339));
#16110=CARTESIAN_POINT('',(11.1755359242625,39.7737375219266,119.491173539462));
#16111=CARTESIAN_POINT('',(12.8746552987453,38.4383947247691,120.499138226561));
#16112=CARTESIAN_POINT('',(13.7645035272776,37.5463981368443,120.528882991785));
#16113=CARTESIAN_POINT('',(15.1716215703874,35.6775502772117,120.178736491486));
#16114=CARTESIAN_POINT('',(15.7315054586385,34.6766688742891,119.802094345499));
#16115=CARTESIAN_POINT('',(16.3534020043907,33.1830655711355,119.079831645197));
#16116=CARTESIAN_POINT('',(16.5278970313236,32.677364006514,118.80984043625));
#16117=CARTESIAN_POINT('',(16.7351288567375,31.9504103561204,118.330872466289));
#16118=CARTESIAN_POINT('',(16.7951352928889,31.7130560788624,118.160550998811));
#16119=CARTESIAN_POINT('',(16.892720423952,31.286074760051,117.75299329355));
#16120=CARTESIAN_POINT('',(16.9332670595695,31.0777611748052,117.501840488107));
#16121=CARTESIAN_POINT('',(16.9332670595695,31.0777611748052,117.199987292601));
#16122=CARTESIAN_POINT('',(10.4332670595695,40.1830821489273,117.199987292601));
#16123=CARTESIAN_POINT('',(16.9332670595695,31.0777611748052,117.199987292601));
#16124=CARTESIAN_POINT('',(10.4332670595695,43.4917410666081,117.199987292601));
#16125=CARTESIAN_POINT('',(10.4332670595695,43.4917410666081,117.199987292601));
#16126=CARTESIAN_POINT('',(13.6832670595695,43.4917410666081,117.199987292601));
#16127=CARTESIAN_POINT('',(16.9332670595695,43.4917410666081,117.199987292601));
#16128=CARTESIAN_POINT('',(16.9332670595695,43.4917410666081,117.199987292601));
#16129=CARTESIAN_POINT('',(13.6832670595695,43.4917410666081,117.199987292601));
#16130=CARTESIAN_POINT('',(13.6832670595695,11.4917410666081,117.199987292601));
#16131=CARTESIAN_POINT('',(11.9832670595695,11.4917410666081,117.199987292601));
#16132=CARTESIAN_POINT('',(15.3832670595695,11.4917410666081,117.199987292601));
#16133=CARTESIAN_POINT('',(11.9832670595695,43.4917410666081,117.199987292601));
#16134=CARTESIAN_POINT('',(11.9832670595695,13.4917410666081,117.199987292601));
#16135=CARTESIAN_POINT('',(13.6832670595695,13.4917410666081,117.199987292601));
#16136=CARTESIAN_POINT('',(15.3832670595695,13.4917410666081,117.199987292601));
#16137=CARTESIAN_POINT('',(15.3832670595695,43.4917410666081,117.199987292601));
#16138=CARTESIAN_POINT('',(13.6832670595695,43.4917410666081,117.199987292601));
#16139=CARTESIAN_POINT('',(-6.31673294043046,11.4917410666081,137.199987292601));
#16140=CARTESIAN_POINT('',(-8.01673294043046,11.4917410666081,137.199987292601));
#16141=CARTESIAN_POINT('',(-4.61673294043046,11.4917410666081,137.199987292601));
#16142=CARTESIAN_POINT('',(-8.01673294043046,43.4917410666081,137.199987292601));
#16143=CARTESIAN_POINT('',(-8.01673294043046,13.4917410666081,137.199987292601));
#16144=CARTESIAN_POINT('',(-6.31673294043046,13.4917410666081,137.199987292601));
#16145=CARTESIAN_POINT('',(-4.61673294043046,13.4917410666081,137.199987292601));
#16146=CARTESIAN_POINT('',(-4.61673294043046,43.4917410666081,137.199987292601));
#16147=CARTESIAN_POINT('',(-6.31673294043046,43.4917410666081,137.199987292601));
#16148=CARTESIAN_POINT('',(-6.31673294043046,13.4917410666081,137.199987292601));
#16149=CARTESIAN_POINT('',(-9.56673294043046,13.4917410666081,137.199987292601));
#16150=CARTESIAN_POINT('',(-3.06673294043046,13.4917410666081,137.199987292601));
#16151=CARTESIAN_POINT('',(-9.56673294043046,43.4917410666081,137.199987292601));
#16152=CARTESIAN_POINT('',(-9.56673294043046,25.9057209584136,137.199987292608));
#16153=CARTESIAN_POINT('',(-3.06673294043046,16.8003981155182,137.199987292601));
#16154=CARTESIAN_POINT('',(-3.06673294043046,16.8003981155182,138.407159671032));
#16155=CARTESIAN_POINT('',(-3.80900171561201,17.2097445521723,139.491173450722));
#16156=CARTESIAN_POINT('',(-5.50812109564797,18.5450873312341,140.499138212394));
#16157=CARTESIAN_POINT('',(-6.39796934610946,19.4370839254566,140.528882995876));
#16158=CARTESIAN_POINT('',(-7.80508741750259,21.3059317997176,140.178736511227));
#16159=CARTESIAN_POINT('',(-8.36497131761097,22.3068132139881,139.80209436444));
#16160=CARTESIAN_POINT('',(-8.98686787502945,23.800416533715,139.079831660308));
#16161=CARTESIAN_POINT('',(-9.16136290509553,24.3061181041704,138.809840449441));
#16162=CARTESIAN_POINT('',(-9.36859473408851,25.0330717636154,138.330872475997));
#16163=CARTESIAN_POINT('',(-9.42860117127025,25.2704260440474,138.160551007191));
#16164=CARTESIAN_POINT('',(-9.52618630396937,25.6974073689314,137.752993299048));
#16165=CARTESIAN_POINT('',(-9.56673294042919,25.9057209584044,137.501840491544));
#16166=CARTESIAN_POINT('',(-9.56673294043046,25.9057209584108,137.199987292615));
#16167=CARTESIAN_POINT('',(-3.06673294043046,16.8003981155182,137.199987292601));
#16168=CARTESIAN_POINT('',(-3.06673294043046,43.4917410666081,137.199987292601));
#16169=CARTESIAN_POINT('',(-6.31673294043046,43.4917410666081,137.199987292601));
#16170=CARTESIAN_POINT('',(-9.56673294043046,31.0777611748053,137.199987292587));
#16171=CARTESIAN_POINT('',(-9.56673294043174,31.0777611747988,137.50512044));
#16172=CARTESIAN_POINT('',(-9.52515460055904,31.2909000057733,137.758427316953));
#16173=CARTESIAN_POINT('',(-9.42770344821918,31.7166667808466,138.163152548229));
#16174=CARTESIAN_POINT('',(-9.36692747082912,31.9566633070039,138.335277454569));
#16175=CARTESIAN_POINT('',(-9.15974152732222,32.6822283998392,138.812464850709));
#16176=CARTESIAN_POINT('',(-8.98771120894209,33.1808812512297,139.078717253359));
#16177=CARTESIAN_POINT('',(-8.3650426096279,34.676814867593,139.802280935586));
#16178=CARTESIAN_POINT('',(-7.80707451777302,35.6747839467878,140.178116180338));
#16179=CARTESIAN_POINT('',(-6.3970421825841,37.5477567559197,140.529239478116));
#16180=CARTESIAN_POINT('',(-5.50734553043085,38.4393817676455,140.499877492771));
#16181=CARTESIAN_POINT('',(-3.80394962605977,39.7773292922543,139.486972934808));
#16182=CARTESIAN_POINT('',(-3.06673294043046,40.1830840176981,138.408725129117));
#16183=CARTESIAN_POINT('',(-3.06673294043046,40.1830840176981,137.199987292601));
#16184=CARTESIAN_POINT('',(-9.56673294043046,31.0777611748026,137.199987292594));
#16185=CARTESIAN_POINT('',(-3.06673294043046,40.1830840176981,137.199987292601));
#16186=CARTESIAN_POINT('',(-9.56673294043046,43.4917410666081,137.199987292601));
#16187=CARTESIAN_POINT('',(-9.56673294043046,43.4917410666081,137.199987292601));
#16188=CARTESIAN_POINT('',(-6.31673294043046,43.4917410666081,137.199987292601));
#16189=CARTESIAN_POINT('',(-3.06673294043046,43.4917410666081,137.199987292601));
#16190=CARTESIAN_POINT('',(-3.06673294043046,43.4917410666081,137.199987292601));
#16191=CARTESIAN_POINT('',(-6.31673294043046,43.4917410666081,137.199987292601));
#16192=CARTESIAN_POINT('',(-6.31673294043046,13.4917410666081,117.199987292601));
#16193=CARTESIAN_POINT('',(-9.56673294043046,13.4917410666081,117.199987292601));
#16194=CARTESIAN_POINT('',(-3.06673294043046,13.4917410666081,117.199987292601));
#16195=CARTESIAN_POINT('',(-9.56673294043046,43.4917410666081,117.199987292601));
#16196=CARTESIAN_POINT('',(-9.56673294043046,25.9057209584108,117.199987292601));
#16197=CARTESIAN_POINT('',(-3.06673294043046,16.8003981155182,117.199987292601));
#16198=CARTESIAN_POINT('',(-3.06673294043045,16.8003981155182,118.407159657339));
#16199=CARTESIAN_POINT('',(-3.80900180512339,17.2097446112896,119.491173539462));
#16200=CARTESIAN_POINT('',(-5.50812117960614,18.545087408447,120.499138226561));
#16201=CARTESIAN_POINT('',(-6.39796940813844,19.4370839963718,120.528882991785));
#16202=CARTESIAN_POINT('',(-7.80508745124832,21.3059318560045,120.178736491486));
#16203=CARTESIAN_POINT('',(-8.36497133949941,22.306813258927,119.802094345499));
#16204=CARTESIAN_POINT('',(-8.98686788525154,23.8004165620806,119.079831645197));
#16205=CARTESIAN_POINT('',(-9.16136291218448,24.3061181267021,118.80984043625));
#16206=CARTESIAN_POINT('',(-9.36859473759838,25.0330717770957,118.330872466289));
#16207=CARTESIAN_POINT('',(-9.4286011737498,25.2704260543536,118.160550998811));
#16208=CARTESIAN_POINT('',(-9.52618630481287,25.697407373165,117.75299329355));
#16209=CARTESIAN_POINT('',(-9.56673294043046,25.9057209584108,117.501840488107));
#16210=CARTESIAN_POINT('',(-9.56673294043046,25.9057209584108,117.199987292601));
#16211=CARTESIAN_POINT('',(-3.06673294043046,16.8003999842889,117.199987292601));
#16212=CARTESIAN_POINT('',(-3.06673294043046,43.4917410666081,117.199987292601));
#16213=CARTESIAN_POINT('',(-6.31673294043046,43.4917410666081,117.199987292601));
#16214=CARTESIAN_POINT('',(-9.56673294043046,31.0777611748053,117.199987292601));
#16215=CARTESIAN_POINT('',(-9.56673294043046,31.0777611748053,117.505120439466));
#16216=CARTESIAN_POINT('',(-9.52515460068949,31.2909000051185,117.758427316106));
#16217=CARTESIAN_POINT('',(-9.42770344861107,31.7166667792193,118.163152546907));
#16218=CARTESIAN_POINT('',(-9.3669274713854,31.9566633048725,118.335277453038));
#16219=CARTESIAN_POINT('',(-9.15974152843608,32.6822283963053,118.812464848643));
#16220=CARTESIAN_POINT('',(-8.98771121054354,33.1808812467772,119.078717250984));
#16221=CARTESIAN_POINT('',(-8.36504261312423,34.6768148604032,119.802280932551));
#16222=CARTESIAN_POINT('',(-7.80707452295507,35.6747839380819,120.178116177245));
#16223=CARTESIAN_POINT('',(-6.39704219258699,37.5477567444552,120.529239477427));
#16224=CARTESIAN_POINT('',(-5.50734554316971,38.4393817558551,120.499877494668));
#16225=CARTESIAN_POINT('',(-3.80394964083522,39.7773292824333,119.486972949272));
#16226=CARTESIAN_POINT('',(-3.06673294043046,40.183084017698,118.408725126949));
#16227=CARTESIAN_POINT('',(-3.06673294043046,40.1830840176981,117.199987292601));
#16228=CARTESIAN_POINT('',(-9.56673294043046,31.0777611748055,117.199987292601));
#16229=CARTESIAN_POINT('',(-3.06673294043046,40.1830837469613,117.199987292601));
#16230=CARTESIAN_POINT('',(-9.56673294043046,43.4917410666081,117.199987292601));
#16231=CARTESIAN_POINT('',(-9.56673294043046,43.4917410666081,117.199987292601));
#16232=CARTESIAN_POINT('',(-6.31673294043046,43.4917410666081,117.199987292601));
#16233=CARTESIAN_POINT('',(-3.06673294043046,43.4917410666081,117.199987292601));
#16234=CARTESIAN_POINT('',(-3.06673294043046,43.4917410666081,117.199987292601));
#16235=CARTESIAN_POINT('',(-6.31673294043046,43.4917410666081,117.199987292601));
#16236=CARTESIAN_POINT('',(-6.31673294043046,11.4917410666081,117.199987292601));
#16237=CARTESIAN_POINT('',(-8.01673294043046,11.4917410666081,117.199987292601));
#16238=CARTESIAN_POINT('',(-4.61673294043046,11.4917410666081,117.199987292601));
#16239=CARTESIAN_POINT('',(-8.01673294043046,43.4917410666081,117.199987292601));
#16240=CARTESIAN_POINT('',(-8.01673294043046,13.4917410666081,117.199987292601));
#16241=CARTESIAN_POINT('',(-6.31673294043046,13.4917410666081,117.199987292601));
#16242=CARTESIAN_POINT('',(-4.61673294043046,13.4917410666081,117.199987292601));
#16243=CARTESIAN_POINT('',(-4.61673294043046,43.4917410666081,117.199987292601));
#16244=CARTESIAN_POINT('',(-6.31673294043046,43.4917410666081,117.199987292601));
#16245=CARTESIAN_POINT('',(13.6832670595695,11.4917410666081,137.199987292601));
#16246=CARTESIAN_POINT('',(11.9832670595695,11.4917410666081,137.199987292601));
#16247=CARTESIAN_POINT('',(15.3832670595695,11.4917410666081,137.199987292601));
#16248=CARTESIAN_POINT('',(11.9832670595695,43.4917410666081,137.199987292601));
#16249=CARTESIAN_POINT('',(11.9832670595695,13.4917410666081,137.199987292601));
#16250=CARTESIAN_POINT('',(13.6832670595695,13.4917410666081,137.199987292601));
#16251=CARTESIAN_POINT('',(15.3832670595695,13.4917410666081,137.199987292601));
#16252=CARTESIAN_POINT('',(15.3832670595695,43.4917410666081,137.199987292601));
#16253=CARTESIAN_POINT('',(13.6832670595695,43.4917410666081,137.199987292601));
#16254=CARTESIAN_POINT('',(13.6832670595695,13.4917410666081,137.199987292601));
#16255=CARTESIAN_POINT('',(10.4332670595695,13.4917410666081,137.199987292601));
#16256=CARTESIAN_POINT('',(16.9332670595695,13.4917410666081,137.199987292601));
#16257=CARTESIAN_POINT('',(10.4332670595695,43.4917410666081,137.199987292601));
#16258=CARTESIAN_POINT('',(10.4332670595695,16.8003981155182,137.199987292601));
#16259=CARTESIAN_POINT('',(16.9332670595695,25.905720958411,137.199987292601));
#16260=CARTESIAN_POINT('',(16.9332670595695,25.905720958411,137.505120440013));
#16261=CARTESIAN_POINT('',(16.8916887196972,25.6925821274385,137.758427316959));
#16262=CARTESIAN_POINT('',(16.794237567357,25.2668153523647,138.163152548233));
#16263=CARTESIAN_POINT('',(16.7334615899671,25.0268188262081,138.335277454572));
#16264=CARTESIAN_POINT('',(16.5262756464597,24.3012537333721,138.812464850712));
#16265=CARTESIAN_POINT('',(16.3542453280795,23.8026008819824,139.078717253361));
#16266=CARTESIAN_POINT('',(15.7315767287667,22.3066672656232,139.802280935586));
#16267=CARTESIAN_POINT('',(15.173608636909,21.3086981864251,140.178116180338));
#16268=CARTESIAN_POINT('',(13.7635763017328,19.4357253773085,140.529239478114));
#16269=CARTESIAN_POINT('',(12.8738796495683,18.5441003655701,140.499877492768));
#16270=CARTESIAN_POINT('',(11.1704837452101,17.2061528409702,139.486972934817));
#16271=CARTESIAN_POINT('',(10.4332670595695,16.8003981155182,138.408725129117));
#16272=CARTESIAN_POINT('',(10.4332670595695,16.8003981155182,137.199987292601));
#16273=CARTESIAN_POINT('',(16.9332670595695,25.905720958411,137.199987292601));
#16274=CARTESIAN_POINT('',(16.9332670595695,43.4917410666081,137.199987292601));
#16275=CARTESIAN_POINT('',(13.6832670595695,43.4917410666081,137.199987292601));
#16276=CARTESIAN_POINT('',(10.4332670595695,40.183084017698,137.199987292601));
#16277=CARTESIAN_POINT('',(10.4332670595695,40.183084017698,138.407159671033));
#16278=CARTESIAN_POINT('',(11.1755358347518,39.7737375810435,139.491173450723));
#16279=CARTESIAN_POINT('',(12.8746552147888,38.4383948019805,140.499138212395));
#16280=CARTESIAN_POINT('',(13.7645034652505,37.5463982077574,140.528882995876));
#16281=CARTESIAN_POINT('',(15.1716215366438,35.6775503334953,140.178736511226));
#16282=CARTESIAN_POINT('',(15.7315054367521,34.6766689192242,139.802094364439));
#16283=CARTESIAN_POINT('',(16.3534019941702,33.1830655994965,139.079831660306));
#16284=CARTESIAN_POINT('',(16.5278970242362,32.6773640290409,138.809840449439));
#16285=CARTESIAN_POINT('',(16.7351288532289,31.9504103695958,138.330872475994));
#16286=CARTESIAN_POINT('',(16.7951352904105,31.7130560891638,138.160551007188));
#16287=CARTESIAN_POINT('',(16.8927204231094,31.2860747642802,137.752993299043));
#16288=CARTESIAN_POINT('',(16.9332670595696,31.0777611748052,137.501840491531));
#16289=CARTESIAN_POINT('',(16.9332670595695,31.0777611748052,137.199987292601));
#16290=CARTESIAN_POINT('',(10.4332670595695,40.1830840176981,137.199987292601));
#16291=CARTESIAN_POINT('',(16.9332670595695,31.0777611748052,137.199987292601));
#16292=CARTESIAN_POINT('',(10.4332670595695,43.4917410666081,137.199987292601));
#16293=CARTESIAN_POINT('',(10.4332670595695,43.4917410666081,137.199987292601));
#16294=CARTESIAN_POINT('',(13.6832670595695,43.4917410666081,137.199987292601));
#16295=CARTESIAN_POINT('',(16.9332670595695,43.4917410666081,137.199987292601));
#16296=CARTESIAN_POINT('',(16.9332670595695,43.4917410666081,137.199987292601));
#16297=CARTESIAN_POINT('',(13.6832670595695,43.4917410666081,137.199987292601));
#16298=CARTESIAN_POINT('',(3.68326705956953,28.4917410666081,97.199987292601));
#16299=CARTESIAN_POINT('',(3.68326705956953,37.4917410666081,97.199987292601));
#16300=CARTESIAN_POINT('',(3.68326705956953,19.4917410666081,97.199987292601));
#16301=CARTESIAN_POINT('',(3.68326705956953,37.4917410666081,97.199987292601));
#16302=CARTESIAN_POINT('',(3.68326705956953,37.4917410666081,116.999987292601));
#16303=CARTESIAN_POINT('',(3.68326705956953,28.4917410666081,116.999987292601));
#16304=CARTESIAN_POINT('',(-3.07289262376874,34.4376897994206,116.999987292601));
#16305=CARTESIAN_POINT('',(-3.07289262376874,34.4376897994206,116.999987292601));
#16306=CARTESIAN_POINT('',(-3.11321474804051,34.3918732741539,116.34599463077));
#16307=CARTESIAN_POINT('',(-3.36102311831179,34.115352449903,115.757489193988));
#16308=CARTESIAN_POINT('',(-3.93742062522119,33.305486833825,114.929327867728));
#16309=CARTESIAN_POINT('',(-4.25366063512818,32.7803245941577,114.669780882074));
#16310=CARTESIAN_POINT('',(-5.02531623298977,31.081655476598,114.15407361115));
#16311=CARTESIAN_POINT('',(-5.31670515938338,29.7762969141021,114.107667057246));
#16312=CARTESIAN_POINT('',(-5.31676071726738,27.20757453402,114.107649090891));
#16313=CARTESIAN_POINT('',(-5.03091235658696,25.9151811964448,114.150686132182));
#16314=CARTESIAN_POINT('',(-4.25276484544462,24.2006696947975,114.670203954433));
#16315=CARTESIAN_POINT('',(-3.93684395557358,23.6771880093697,114.930164986574));
#16316=CARTESIAN_POINT('',(-3.361635879705,22.868987684121,115.756600219473));
#16317=CARTESIAN_POINT('',(-3.11317654977945,22.5915654558036,116.346614176066));
#16318=CARTESIAN_POINT('',(-3.07289262376874,22.5457923337956,116.999987292601));
#16319=CARTESIAN_POINT('',(-3.07289262376874,22.5457923337956,116.999987292601));
#16320=CARTESIAN_POINT('',(3.68326705956953,28.4917410666081,116.999987292601));
#16321=CARTESIAN_POINT('',(3.68326705956953,19.4917410666081,116.999987292601));
#16322=CARTESIAN_POINT('',(3.68326705956953,19.4917410666081,97.199987292601));
#16323=CARTESIAN_POINT('',(3.68326705956953,28.4917410666081,97.199987292601));
#16324=CARTESIAN_POINT('',(19.6832670595695,28.4917410666081,141.899987292601));
#16325=CARTESIAN_POINT('',(19.6832670595695,30.1417410666081,141.899987292601));
#16326=CARTESIAN_POINT('',(19.6832670595695,26.8417410666081,141.899987292601));
#16327=CARTESIAN_POINT('',(19.6832670595695,30.1417410666081,151.999987292601));
#16328=CARTESIAN_POINT('',(19.6832670595695,30.1417410666081,151.999987292601));
#16329=CARTESIAN_POINT('',(19.6832670595695,28.4917410666081,151.999987292601));
#16330=CARTESIAN_POINT('',(19.6832670595695,26.8417410666081,151.999987292601));
#16331=CARTESIAN_POINT('',(19.6832670595695,26.8417410666081,151.999987292601));
#16332=CARTESIAN_POINT('',(19.6832670595695,28.4917410666081,151.999987292601));
#16333=CARTESIAN_POINT('',(19.6832670595695,26.8417410666081,141.899987292601));
#16334=CARTESIAN_POINT('',(19.6832670595695,28.4917410666081,140.908567271206));
#16335=CARTESIAN_POINT('',(19.6832670595695,30.1417410666081,141.899987292601));
#16336=CARTESIAN_POINT('',(19.6832670595695,28.4917410666081,141.899987292601));
#16337=CARTESIAN_POINT('',(-12.3167329404305,28.4917410666081,141.899987292601));
#16338=CARTESIAN_POINT('',(-12.3167329404305,30.1417410666081,141.899987292601));
#16339=CARTESIAN_POINT('',(-12.3167329404305,26.8417410666081,141.899987292601));
#16340=CARTESIAN_POINT('',(-12.3167329404305,30.1417410666081,151.999987292601));
#16341=CARTESIAN_POINT('',(-12.3167329404305,30.1417410666081,151.999987292601));
#16342=CARTESIAN_POINT('',(-12.3167329404305,28.4917410666081,151.999987292601));
#16343=CARTESIAN_POINT('',(-12.3167329404305,26.8417410666081,151.999987292601));
#16344=CARTESIAN_POINT('',(-12.3167329404305,26.8417410666081,151.999987292601));
#16345=CARTESIAN_POINT('',(-12.3167329404305,28.4917410666081,151.999987292601));
#16346=CARTESIAN_POINT('',(-12.3167329404305,26.8417410666081,141.899987292601));
#16347=CARTESIAN_POINT('',(-12.3167329404305,28.4917410666081,140.908567271206));
#16348=CARTESIAN_POINT('',(-12.3167329404305,30.1417410666081,141.899987292601));
#16349=CARTESIAN_POINT('',(-12.3167329404305,28.4917410666081,141.899987292601));
#16350=CARTESIAN_POINT('',(19.6832670595695,28.4917410666081,151.999987292601));
#16351=CARTESIAN_POINT('',(19.6832670595695,32.4917410666081,151.999987292601));
#16352=CARTESIAN_POINT('',(16.8785795595695,31.343710215695,151.999987292601));
#16353=CARTESIAN_POINT('',(19.6832670595695,32.4917410666081,151.999987292601));
#16354=CARTESIAN_POINT('',(19.6832670595695,32.4917410666081,157.199987292601));
#16355=CARTESIAN_POINT('',(19.6832670595695,28.4917410666081,157.199987292601));
#16356=CARTESIAN_POINT('',(16.8785795595695,31.343710215695,157.199987292601));
#16357=CARTESIAN_POINT('',(16.8785795595695,31.343710215695,154.599987292601));
#16358=CARTESIAN_POINT('',(19.6832670595695,28.4917410666081,151.999987292601));
#16359=CARTESIAN_POINT('',(19.6832670595695,28.4917410666081,151.999987292601));
#16360=CARTESIAN_POINT('',(19.6832670595695,24.4917410666081,151.999987292601));
#16361=CARTESIAN_POINT('',(19.6832670595695,24.4917410666081,151.999987292601));
#16362=CARTESIAN_POINT('',(19.6832670595695,24.4917410666081,157.199987292601));
#16363=CARTESIAN_POINT('',(19.6832670595695,28.4917410666081,157.199987292601));
#16364=CARTESIAN_POINT('',(19.6832670595695,28.4917410666081,151.999987292601));
#16365=CARTESIAN_POINT('',(-12.3167329404305,28.4917410666081,151.999987292601));
#16366=CARTESIAN_POINT('',(-12.3167329404305,32.4917410666081,151.999987292601));
#16367=CARTESIAN_POINT('',(-12.3167329404305,24.4917410666081,151.999987292601));
#16368=CARTESIAN_POINT('',(-12.3167329404305,32.4917410666081,151.999987292601));
#16369=CARTESIAN_POINT('',(-12.3167329404305,32.4917410666081,157.199987292601));
#16370=CARTESIAN_POINT('',(-12.3167329404305,28.4917410666081,157.199987292601));
#16371=CARTESIAN_POINT('',(-12.3167329404305,24.4917410666081,157.199987292601));
#16372=CARTESIAN_POINT('',(-12.3167329404305,24.4917410666081,151.999987292601));
#16373=CARTESIAN_POINT('',(-12.3167329404305,28.4917410666081,151.999987292601));
#16374=CARTESIAN_POINT('',(-12.3167329404305,28.4917410666081,151.999987292601));
#16375=CARTESIAN_POINT('',(-9.51204544043046,25.6397719175211,151.999987292601));
#16376=CARTESIAN_POINT('',(-12.3167329404305,28.4917410666081,157.199987292601));
#16377=CARTESIAN_POINT('',(-9.51204544043046,25.6397719175211,157.199987292601));
#16378=CARTESIAN_POINT('',(-9.51204544043046,25.6397719175211,154.599987292601));
#16379=CARTESIAN_POINT('',(-12.3167329404305,28.4917410666081,151.999987292601));
#16380=CARTESIAN_POINT('',(-3.06673294043046,40.1830840176981,137.199987292601));
#16381=CARTESIAN_POINT('',(-3.06673294043046,40.1830840176981,135.99281491417));
#16382=CARTESIAN_POINT('',(-3.80900171561199,39.7737375810439,134.90880113448));
#16383=CARTESIAN_POINT('',(-5.50812109564796,38.4383948019821,133.900836372808));
#16384=CARTESIAN_POINT('',(-6.39796934610944,37.5463982077596,133.871091589326));
#16385=CARTESIAN_POINT('',(-7.80508741750258,35.6775503334986,134.221238073975));
#16386=CARTESIAN_POINT('',(-8.36497131761096,34.6766689192281,134.597880220762));
#16387=CARTESIAN_POINT('',(-8.98686787502945,33.1830655995012,135.320142924893));
#16388=CARTESIAN_POINT('',(-9.16136290509552,32.6773640290458,135.590134135761));
#16389=CARTESIAN_POINT('',(-9.3685947340885,31.9504103696008,136.069102109205));
#16390=CARTESIAN_POINT('',(-9.42860117127025,31.7130560891689,136.239423578011));
#16391=CARTESIAN_POINT('',(-9.52618630396937,31.2860747642849,136.646981286154));
#16392=CARTESIAN_POINT('',(-9.56673294042919,31.0777611748119,136.898134093658));
#16393=CARTESIAN_POINT('',(-9.56673294043046,31.0777611748053,137.199987292587));
#16394=CARTESIAN_POINT('',(-9.56673294043046,25.9057209584108,137.199987292615));
#16395=CARTESIAN_POINT('',(-9.56673294043174,25.9057209584174,136.894854145202));
#16396=CARTESIAN_POINT('',(-9.52515460055905,25.6925821274429,136.641547268249));
#16397=CARTESIAN_POINT('',(-9.42770344821919,25.2668153523696,136.236822036973));
#16398=CARTESIAN_POINT('',(-9.36692747082913,25.0268188262123,136.064697130633));
#16399=CARTESIAN_POINT('',(-9.15974152732223,24.301253733377,135.587509734493));
#16400=CARTESIAN_POINT('',(-8.98771120894209,23.8026008819865,135.321257331843));
#16401=CARTESIAN_POINT('',(-8.3650426096279,22.3066672656232,134.597693649616));
#16402=CARTESIAN_POINT('',(-7.80707451777302,21.3086981864285,134.221858404864));
#16403=CARTESIAN_POINT('',(-6.3970421825841,19.4357253772965,133.870735107086));
#16404=CARTESIAN_POINT('',(-5.50734553043085,18.5441003655707,133.900097092431));
#16405=CARTESIAN_POINT('',(-3.80394962605974,17.2061528409619,134.913001650394));
#16406=CARTESIAN_POINT('',(-3.06673294043046,16.8003981155182,135.991249456085));
#16407=CARTESIAN_POINT('',(-3.06673294043046,16.8003981155182,137.199987292601));
#16408=CARTESIAN_POINT('',(3.68326705956953,28.4917410666081,116.999987292601));
#16409=CARTESIAN_POINT('',(3.68326705956953,41.9917410666081,116.999987292601));
#16410=CARTESIAN_POINT('',(-3.07289262376875,40.179525558685,116.999987292601));
#16411=CARTESIAN_POINT('',(3.68326705956953,41.9917410666081,116.999987292601));
#16412=CARTESIAN_POINT('',(3.68326705956953,41.9917410666081,157.199987292601));
#16413=CARTESIAN_POINT('',(3.68326705956953,28.4917410666081,157.199987292601));
#16414=CARTESIAN_POINT('',(-9.51204544043046,31.343710215695,157.199987292601));
#16415=CARTESIAN_POINT('',(-9.51204544043046,31.343710215695,154.599987292601));
#16416=CARTESIAN_POINT('',(-9.51204544043046,31.343710215695,151.999987292601));
#16417=CARTESIAN_POINT('',(3.68326705956953,28.4917410666081,151.999987292601));
#16418=CARTESIAN_POINT('',(3.68326705956953,28.4917410666081,157.199987292601));
#16419=CARTESIAN_POINT('',(3.68326705956953,14.9917410666081,157.199987292601));
#16420=CARTESIAN_POINT('',(3.68326705956953,14.9917410666081,116.999987292601));
#16421=CARTESIAN_POINT('',(3.68326705956953,14.9917410666081,116.999987292601));
#16422=CARTESIAN_POINT('',(3.68326705956953,28.4917410666081,116.999987292601));
#16423=CARTESIAN_POINT('',(-3.07289262376874,16.8039565745311,116.999987292601));
#16424=CARTESIAN_POINT('',(-3.07289262376874,16.8039565745311,116.999987292601));
#16425=CARTESIAN_POINT('',(-3.06876742774616,16.8015719923143,117.066894678462));
#16426=CARTESIAN_POINT('',(-3.06673294043046,16.8003981155182,117.133559095126));
#16427=CARTESIAN_POINT('',(-3.06673294043046,16.8003981155182,117.199987292601));
#16428=CARTESIAN_POINT('',(-9.56673294043046,25.9057209584108,117.199987292601));
#16429=CARTESIAN_POINT('',(-9.56673294043046,25.9057209584108,117.132474683524));
#16430=CARTESIAN_POINT('',(-9.56454002139792,25.8944297352907,117.064325042509));
#16431=CARTESIAN_POINT('',(-9.56057325709217,25.8743580860785,116.999987292601));
#16432=CARTESIAN_POINT('',(-9.56057325709217,25.8743580860785,116.999987292601));
#16433=CARTESIAN_POINT('',(3.68326705956953,28.4917410666081,116.999987292601));
#16434=CARTESIAN_POINT('',(-9.56057325709217,31.1091240471377,116.999987292601));
#16435=CARTESIAN_POINT('',(-9.56057325709217,31.1091240471377,116.999987292601));
#16436=CARTESIAN_POINT('',(-9.5645923664362,31.088787534383,117.065174037237));
#16437=CARTESIAN_POINT('',(-9.56673294043046,31.0777611748056,117.13175578207));
#16438=CARTESIAN_POINT('',(-9.56673294043046,31.0777611748056,117.199987292601));
#16439=CARTESIAN_POINT('',(-3.06673294043046,40.1830840176981,117.199987292601));
#16440=CARTESIAN_POINT('',(-3.06673294043046,40.1830840176981,117.133268240768));
#16441=CARTESIAN_POINT('',(-3.06878550122092,40.1818996934743,117.066601541131));
#16442=CARTESIAN_POINT('',(-3.07289262376875,40.179525558685,116.999987292601));
#16443=CARTESIAN_POINT('',(3.68326705956953,28.4917410666081,116.999987292601));
#16444=CARTESIAN_POINT('',(16.9271073762313,43.4917410666081,116.999987292601));
#16445=CARTESIAN_POINT('',(16.9271073762313,25.8743580860786,116.999987292601));
#16446=CARTESIAN_POINT('',(16.9271073762313,31.1091240471376,116.999987292601));
#16447=CARTESIAN_POINT('',(3.68326705956953,28.4917410666081,116.999987292601));
#16448=CARTESIAN_POINT('',(3.68326705956953,28.4917410666081,116.999987292601));
#16449=CARTESIAN_POINT('',(10.4394267429078,43.4917410666081,116.999987292601));
#16450=CARTESIAN_POINT('',(10.4394267429078,40.179525558685,116.999987292601));
#16451=CARTESIAN_POINT('',(10.4394267429078,34.4376897994205,116.999987292601));
#16452=CARTESIAN_POINT('',(3.68326705956953,28.4917410666081,116.999987292601));
#16453=CARTESIAN_POINT('',(-3.07289262376874,43.4917410666081,116.999987292601));
#16454=CARTESIAN_POINT('',(3.68326705956953,28.4917410666081,116.999987292601));
#16455=CARTESIAN_POINT('',(3.68326705956953,28.4917410666081,116.999987292601));
#16456=CARTESIAN_POINT('',(3.68326705956954,11.4917410666081,97.199987292601));
#16457=CARTESIAN_POINT('',(24.6832670595695,11.4917410666081,97.199987292601));
#16458=CARTESIAN_POINT('',(-17.3167329404305,11.4917410666081,97.199987292601));
#16459=CARTESIAN_POINT('',(24.6832670595695,11.4917410666081,157.199987292601));
#16460=CARTESIAN_POINT('',(24.6832670595695,11.4917410666081,157.199987292601));
#16461=CARTESIAN_POINT('',(-17.3167329404305,11.4917410666081,157.199987292601));
#16462=CARTESIAN_POINT('',(-17.3167329404305,11.4917410666081,157.199987292601));
#16463=CARTESIAN_POINT('',(-17.3167329404305,11.4917410666081,127.199987292601));
#16464=CARTESIAN_POINT('',(13.6832670595695,11.4917410666081,137.199987292601));
#16465=CARTESIAN_POINT('',(-6.31673294043046,11.4917410666081,117.199987292601));
#16466=CARTESIAN_POINT('',(-6.31673294043046,11.4917410666081,137.199987292601));
#16467=CARTESIAN_POINT('',(13.6832670595695,11.4917410666081,117.199987292601));
#16468=CARTESIAN_POINT('',(3.68326705956954,11.4917410666081,127.199987292601));
#16469=CARTESIAN_POINT('',(10.4394267429078,43.4917410666081,116.999987292601));
#16470=CARTESIAN_POINT('',(10.4394267429078,22.5457923337956,116.999987292601));
#16471=CARTESIAN_POINT('',(10.4394267429078,16.8039565745312,116.999987292601));
#16472=CARTESIAN_POINT('',(3.68326705956953,28.4917410666081,116.999987292601));
#16473=CARTESIAN_POINT('',(-3.07289262376874,43.4917410666081,116.999987292601));
#16474=CARTESIAN_POINT('',(3.68326705956953,28.4917410666081,116.999987292601));
#16475=CARTESIAN_POINT('',(3.68326705956953,28.4917410666081,116.999987292601));
#16476=CARTESIAN_POINT('',(24.6832670595695,43.4917410666081,97.199987292601));
#16477=CARTESIAN_POINT('',(24.6832670595695,43.4917410666081,97.199987292601));
#16478=CARTESIAN_POINT('',(24.6832670595695,43.4917410666081,127.199987292601));
#16479=CARTESIAN_POINT('',(24.6832670595695,43.4917410666081,157.199987292601));
#16480=CARTESIAN_POINT('',(24.6832670595695,43.4917410666081,157.199987292601));
#16481=CARTESIAN_POINT('',(24.6832670595695,38.9917410666081,107.699987292601));
#16482=CARTESIAN_POINT('',(24.6832670595695,38.9917410666081,146.699987292601));
#16483=CARTESIAN_POINT('',(24.6832670595695,43.4917410666081,157.199987292601));
#16484=CARTESIAN_POINT('',(-17.3167329404305,43.4917410666081,97.199987292601));
#16485=CARTESIAN_POINT('',(-17.3167329404305,43.4917410666081,97.199987292601));
#16486=CARTESIAN_POINT('',(-17.3167329404305,43.4917410666081,97.199987292601));
#16487=CARTESIAN_POINT('',(3.68326705956953,28.4917410666081,97.199987292601));
#16488=CARTESIAN_POINT('',(-17.3167329404305,43.4917410666081,97.199987292601));
#16489=CARTESIAN_POINT('',(-17.3167329404305,43.4917410666081,157.199987292601));
#16490=CARTESIAN_POINT('',(-17.3167329404305,43.4917410666081,157.199987292601));
#16491=CARTESIAN_POINT('',(-17.3167329404305,43.4917410666081,157.199987292601));
#16492=CARTESIAN_POINT('',(-17.3167329404305,38.9917410666081,107.699987292601));
#16493=CARTESIAN_POINT('',(-17.3167329404305,38.9917410666081,146.699987292601));
#16494=CARTESIAN_POINT('',(-17.3167329404305,43.4917410666081,157.199987292601));
#16495=CARTESIAN_POINT('',(-17.3167329404305,43.4917410666081,157.199987292601));
#16496=CARTESIAN_POINT('',(3.68326705956953,28.4917410666081,157.199987292601));
#16497=CARTESIAN_POINT('',(19.6832670595695,28.4917410666081,157.199987292601));
#16498=CARTESIAN_POINT('',(16.8785795595695,25.6397719175212,157.199987292601));
#16499=CARTESIAN_POINT('',(3.68326705956953,28.4917410666081,157.199987292601));
#16500=CARTESIAN_POINT('',(-12.3167329404305,28.4917410666081,157.199987292601));
#16501=CARTESIAN_POINT('',(-17.3167329404305,43.4917410666081,157.199987292601));
#16502=CARTESIAN_POINT('',(18.6832670595695,43.4917410666081,112.199987292601));
#16503=CARTESIAN_POINT('',(-11.3167329404305,43.4917410666081,142.199987292601));
#16504=CARTESIAN_POINT('',(-11.3167329404305,43.4917410666081,112.199987292601));
#16505=CARTESIAN_POINT('',(18.6832670595695,43.4917410666081,142.199987292601));
#16506=CARTESIAN_POINT('',(13.6832670595695,43.4917410666081,117.199987292601));
#16507=CARTESIAN_POINT('',(-6.31673294043046,43.4917410666081,137.199987292601));
#16508=CARTESIAN_POINT('',(-6.31673294043046,43.4917410666081,117.199987292601));
#16509=CARTESIAN_POINT('',(13.6832670595695,43.4917410666081,137.199987292601));
#16510=CARTESIAN_POINT('',(3.68326705956954,43.4917410666081,127.199987292601));
#16511=CARTESIAN_POINT('',(10.4394267429078,40.179525558685,116.999987292601));
#16512=CARTESIAN_POINT('',(10.4353015468852,40.1819101409019,117.066894678462));
#16513=CARTESIAN_POINT('',(10.4332670595695,40.183084017698,117.133559095126));
#16514=CARTESIAN_POINT('',(10.4332670595695,40.183084017698,117.199987292601));
#16515=CARTESIAN_POINT('',(16.9332670595695,31.0777611748052,117.199987292601));
#16516=CARTESIAN_POINT('',(16.9332670595695,31.0777611748052,117.132474683524));
#16517=CARTESIAN_POINT('',(16.931074140537,31.0890523979254,117.064325042509));
#16518=CARTESIAN_POINT('',(16.9271073762313,31.1091240471376,116.999987292601));
#16519=CARTESIAN_POINT('',(16.9271073762313,25.8743580860786,116.999987292601));
#16520=CARTESIAN_POINT('',(16.9311264855753,25.8946945988334,117.065174037237));
#16521=CARTESIAN_POINT('',(16.9332670595695,25.9057209584108,117.13175578207));
#16522=CARTESIAN_POINT('',(16.9332670595695,25.9057209584108,117.199987292601));
#16523=CARTESIAN_POINT('',(10.4332670595695,16.8003981155182,117.199987292601));
#16524=CARTESIAN_POINT('',(10.4332670595695,16.8003981155182,117.133268240768));
#16525=CARTESIAN_POINT('',(10.43531962036,16.8015824397419,117.066601541131));
#16526=CARTESIAN_POINT('',(10.4394267429078,16.8039565745312,116.999987292601));
#16527=CARTESIAN_POINT('',(16.8785795595695,25.6397719175212,154.599987292601));
#16528=CARTESIAN_POINT('',(16.8785795595695,25.6397719175212,151.999987292601));
#16529=CARTESIAN_POINT('',(3.68326705956953,28.4917410666081,151.999987292601));
#16530=CARTESIAN_POINT('',(10.4332670595695,16.8003981155182,137.199987292601));
#16531=CARTESIAN_POINT('',(10.4332670595695,16.8003981155182,135.992814914169));
#16532=CARTESIAN_POINT('',(11.1755358347518,17.2097445521727,134.908801134479));
#16533=CARTESIAN_POINT('',(12.8746552147888,18.5450873312357,133.900836372807));
#16534=CARTESIAN_POINT('',(13.7645034652505,19.4370839254588,133.871091589326));
#16535=CARTESIAN_POINT('',(15.1716215366438,21.3059317997209,134.221238073976));
#16536=CARTESIAN_POINT('',(15.7315054367521,22.306813213992,134.597880220763));
#16537=CARTESIAN_POINT('',(16.3534019941703,23.8004165337197,135.320142924896));
#16538=CARTESIAN_POINT('',(16.5278970242362,24.3061181041753,135.590134135763));
#16539=CARTESIAN_POINT('',(16.7351288532289,25.0330717636204,136.069102109208));
#16540=CARTESIAN_POINT('',(16.7951352904105,25.2704260440524,136.239423578014));
#16541=CARTESIAN_POINT('',(16.8927204231094,25.6974073689361,136.646981286159));
#16542=CARTESIAN_POINT('',(16.9332670595695,25.905720958411,136.898134093671));
#16543=CARTESIAN_POINT('',(16.9332670595695,25.905720958411,137.199987292601));
#16544=CARTESIAN_POINT('',(16.9332670595695,31.0777611748052,137.199987292601));
#16545=CARTESIAN_POINT('',(16.9332670595695,31.0777611748052,136.894854145189));
#16546=CARTESIAN_POINT('',(16.8916887196972,31.2909000057777,136.641547268243));
#16547=CARTESIAN_POINT('',(16.7942375673571,31.7166667808515,136.236822036969));
#16548=CARTESIAN_POINT('',(16.7334615899671,31.9566633070081,136.06469713063));
#16549=CARTESIAN_POINT('',(16.5262756464597,32.6822283998441,135.58750973449));
#16550=CARTESIAN_POINT('',(16.3542453280795,33.1808812512338,135.321257331841));
#16551=CARTESIAN_POINT('',(15.7315767287667,34.6768148675929,134.597693649616));
#16552=CARTESIAN_POINT('',(15.173608636909,35.6747839467911,134.221858404864));
#16553=CARTESIAN_POINT('',(13.7635763017328,37.5477567559077,133.870735107088));
#16554=CARTESIAN_POINT('',(12.8738796495683,38.4393817676461,133.900097092434));
#16555=CARTESIAN_POINT('',(11.1704837452101,39.777329292246,134.913001650385));
#16556=CARTESIAN_POINT('',(10.4332670595695,40.183084017698,135.991249456085));
#16557=CARTESIAN_POINT('',(10.4332670595695,40.183084017698,137.199987292601));
#16558=CARTESIAN_POINT('',(3.68326705956953,28.4917410666081,116.999987292601));
#16559=CARTESIAN_POINT('',(-9.56057325709217,43.4917410666081,116.999987292601));
#16560=CARTESIAN_POINT('',(3.68326705956953,28.4917410666081,116.999987292601));
#16561=CARTESIAN_POINT('',(-12.3167329404305,28.4917410666081,151.999987292601));
#16562=CARTESIAN_POINT('',(-12.3167329404305,28.4917410666081,151.999987292601));
#16563=CARTESIAN_POINT('',(-12.3167329404305,28.4917410666081,151.999987292601));
#16564=CARTESIAN_POINT('',(-12.3167329404305,28.4917410666081,151.999987292601));
#16565=CARTESIAN_POINT('',(19.6832670595695,28.4917410666081,151.999987292601));
#16566=CARTESIAN_POINT('',(19.6832670595695,28.4917410666081,151.999987292601));
#16567=CARTESIAN_POINT('',(19.6832670595695,28.4917410666081,151.999987292601));
#16568=CARTESIAN_POINT('',(19.6832670595695,28.4917410666081,151.999987292601));
#16569=CARTESIAN_POINT('',(-12.3167329404305,28.4917410666081,141.899987292601));
#16570=CARTESIAN_POINT('',(-12.3167329404305,28.4917410666081,141.899987292601));
#16571=CARTESIAN_POINT('',(-12.3167329404305,28.4917410666081,151.999987292601));
#16572=CARTESIAN_POINT('',(19.6832670595695,28.4917410666081,141.899987292601));
#16573=CARTESIAN_POINT('',(19.6832670595695,28.4917410666081,141.899987292601));
#16574=CARTESIAN_POINT('',(19.6832670595695,28.4917410666081,151.999987292601));
#16575=CARTESIAN_POINT('',(10.4394267429078,22.5457923337956,116.999987292601));
#16576=CARTESIAN_POINT('',(10.4797488671796,22.5916088590624,116.34599463077));
#16577=CARTESIAN_POINT('',(10.7275572374509,22.8681296833132,115.757489193988));
#16578=CARTESIAN_POINT('',(11.3039547443603,23.6779952993913,114.929327867728));
#16579=CARTESIAN_POINT('',(11.6201947542673,24.2031575390585,114.669780882074));
#16580=CARTESIAN_POINT('',(12.3918503521288,25.9018266566182,114.15407361115));
#16581=CARTESIAN_POINT('',(12.6832392785224,27.2071852191141,114.107667057246));
#16582=CARTESIAN_POINT('',(12.6832948364064,29.7759075991962,114.107649090891));
#16583=CARTESIAN_POINT('',(12.397446475726,31.0683009367714,114.150686132182));
#16584=CARTESIAN_POINT('',(11.6192989645837,32.7828124384187,114.670203954433));
#16585=CARTESIAN_POINT('',(11.3033780747127,33.3062941238465,114.930164986574));
#16586=CARTESIAN_POINT('',(10.7281699988441,34.1144944490952,115.756600219473));
#16587=CARTESIAN_POINT('',(10.4797106689185,34.3919166774126,116.346614176066));
#16588=CARTESIAN_POINT('',(10.4394267429078,34.4376897994205,116.999987292601));
#16589=CARTESIAN_POINT('',(3.68326705956953,28.4917410666081,97.199987292601));
#16590=CARTESIAN_POINT('',(13.6832670595695,43.4917410666081,137.199987292601));
#16591=CARTESIAN_POINT('',(13.6832670595695,13.4917410666081,137.199987292601));
#16592=CARTESIAN_POINT('',(13.6832670595695,43.4917410666081,137.199987292601));
#16593=CARTESIAN_POINT('',(13.6832670595695,13.4917410666081,137.199987292601));
#16594=CARTESIAN_POINT('',(13.6832670595695,43.4917410666081,137.199987292601));
#16595=CARTESIAN_POINT('',(15.3832670595695,13.4917410666081,137.199987292601));
#16596=CARTESIAN_POINT('',(-6.31673294043046,13.4917410666081,117.199987292601));
#16597=CARTESIAN_POINT('',(-6.31673294043046,43.4917410666081,117.199987292601));
#16598=CARTESIAN_POINT('',(-6.31673294043046,13.4917410666081,117.199987292601));
#16599=CARTESIAN_POINT('',(-4.61673294043046,13.4917410666081,117.199987292601));
#16600=CARTESIAN_POINT('',(-6.31673294043046,43.4917410666081,117.199987292601));
#16601=CARTESIAN_POINT('',(-6.31673294043046,43.4917410666081,137.199987292601));
#16602=CARTESIAN_POINT('',(-6.31673294043046,13.4917410666081,137.199987292601));
#16603=CARTESIAN_POINT('',(-6.31673294043046,43.4917410666081,137.199987292601));
#16604=CARTESIAN_POINT('',(-6.31673294043046,13.4917410666081,137.199987292601));
#16605=CARTESIAN_POINT('',(-6.31673294043046,43.4917410666081,137.199987292601));
#16606=CARTESIAN_POINT('',(-4.61673294043046,13.4917410666081,137.199987292601));
#16607=CARTESIAN_POINT('',(13.6832670595695,13.4917410666081,117.199987292601));
#16608=CARTESIAN_POINT('',(13.6832670595695,43.4917410666081,117.199987292601));
#16609=CARTESIAN_POINT('',(13.6832670595695,13.4917410666081,117.199987292601));
#16610=CARTESIAN_POINT('',(15.3832670595695,13.4917410666081,117.199987292601));
#16611=CARTESIAN_POINT('',(13.6832670595695,43.4917410666081,117.199987292601));
#16612=CARTESIAN_POINT('',(18.6832670595695,33.3917410666081,142.199987292601));
#16613=CARTESIAN_POINT('',(18.6832670595695,33.3917410666081,142.199987292601));
#16614=CARTESIAN_POINT('',(18.6832670595695,43.4917410666081,142.199987292601));
#16615=CARTESIAN_POINT('',(-11.3167329404305,33.3917410666081,112.199987292601));
#16616=CARTESIAN_POINT('',(-11.3167329404305,33.3917410666081,112.199987292601));
#16617=CARTESIAN_POINT('',(-11.3167329404305,43.4917410666081,112.199987292601));
#16618=CARTESIAN_POINT('',(-11.3167329404305,33.3917410666081,142.199987292601));
#16619=CARTESIAN_POINT('',(-11.3167329404305,33.3917410666081,142.199987292601));
#16620=CARTESIAN_POINT('',(-11.3167329404305,43.4917410666081,142.199987292601));
#16621=CARTESIAN_POINT('',(18.6832670595695,33.3917410666081,112.199987292601));
#16622=CARTESIAN_POINT('',(18.6832670595695,33.3917410666081,112.199987292601));
#16623=CARTESIAN_POINT('',(18.6832670595695,43.4917410666081,112.199987292601));
#16624=CARTESIAN_POINT('',(14.5832670595695,38.9917410666081,146.699987292601));
#16625=CARTESIAN_POINT('',(14.5832670595695,38.9917410666081,146.699987292601));
#16626=CARTESIAN_POINT('',(24.6832670595695,38.9917410666081,146.699987292601));
#16627=CARTESIAN_POINT('',(14.5832670595695,38.9917410666081,107.699987292601));
#16628=CARTESIAN_POINT('',(14.5832670595695,38.9917410666081,107.699987292601));
#16629=CARTESIAN_POINT('',(24.6832670595695,38.9917410666081,107.699987292601));
#16630=CARTESIAN_POINT('',(-7.21673294043046,38.9917410666081,146.699987292601));
#16631=CARTESIAN_POINT('',(-7.21673294043046,38.9917410666081,146.699987292601));
#16632=CARTESIAN_POINT('',(-17.3167329404305,38.9917410666081,146.699987292601));
#16633=CARTESIAN_POINT('',(-7.21673294043046,38.9917410666081,107.699987292601));
#16634=CARTESIAN_POINT('',(-7.21673294043046,38.9917410666081,107.699987292601));
#16635=CARTESIAN_POINT('',(-17.3167329404305,38.9917410666081,107.699987292601));
#16636=CARTESIAN_POINT('',(-19.8167329404306,5.24174106660819,269.));
#16637=CARTESIAN_POINT('',(-21.4667329404306,5.24174106660819,269.));
#16638=CARTESIAN_POINT('',(27.1832670595694,4.9917410666081,269.));
#16639=CARTESIAN_POINT('',(25.5332670595694,4.9917410666081,269.));
#16640=CARTESIAN_POINT('',(27.1832670595696,51.9917410666081,269.));
#16641=CARTESIAN_POINT('',(25.5332670595696,51.9917410666081,269.));
#16642=CARTESIAN_POINT('',(-19.8167329404304,51.9917410666081,269.));
#16643=CARTESIAN_POINT('',(-21.4667329404304,51.9917410666081,269.));
#16644=CARTESIAN_POINT('',(3.68326705956953,28.4917410666081,269.));
#16645=CARTESIAN_POINT('',(-7.41673294043047,28.4917410666081,269.));
#16646=CARTESIAN_POINT('',(19.2396162456736,44.0480902527122,269.));
#16647=CARTESIAN_POINT('',(15.9896162456736,44.0480902527122,269.));
#16648=CARTESIAN_POINT('',(-11.8730821265345,44.0480902527122,269.));
#16649=CARTESIAN_POINT('',(-15.1230821265345,44.0480902527122,269.));
#16650=CARTESIAN_POINT('',(-11.8730821265345,12.9353918805041,269.));
#16651=CARTESIAN_POINT('',(-15.1230821265345,12.9353918805041,269.));
#16652=CARTESIAN_POINT('',(19.2396162456736,12.935391880504,269.));
#16653=CARTESIAN_POINT('',(15.9896162456736,12.935391880504,269.));
#16654=CARTESIAN_POINT('',(20.6832670595695,-3.5082589333919,269.));
#16655=CARTESIAN_POINT('',(18.4332670595695,-3.5082589333919,269.));
#16656=CARTESIAN_POINT('',(-13.3167329404305,-3.5082589333919,269.));
#16657=CARTESIAN_POINT('',(-15.5667329404305,-3.5082589333919,269.));
#16658=CARTESIAN_POINT('',(28.6832670595695,-11.0082589333919,269.));
#16659=CARTESIAN_POINT('',(28.6832670595695,-14.0082589333919,269.));
#16660=CARTESIAN_POINT('',(31.6832670595695,-11.0082589333919,269.));
#16661=CARTESIAN_POINT('',(-24.3167329404305,-14.0082589333919,269.));
#16662=CARTESIAN_POINT('',(-21.3167329404305,-14.0082589333919,269.));
#16663=CARTESIAN_POINT('',(-21.3167329404305,-11.0082589333919,269.));
#16664=CARTESIAN_POINT('',(-24.3167329404305,-11.0082589333919,269.));
#16665=CARTESIAN_POINT('',(-24.3167329404305,-14.0082589333919,269.));
#16666=CARTESIAN_POINT('',(-24.3167329404305,52.9917410666081,269.));
#16667=CARTESIAN_POINT('',(-21.3167329404305,52.9917410666081,269.));
#16668=CARTESIAN_POINT('',(-21.3167329404305,55.9917410666081,269.));
#16669=CARTESIAN_POINT('',(-24.3167329404305,55.9917410666081,269.));
#16670=CARTESIAN_POINT('',(28.6832670595695,55.9917410666081,269.));
#16671=CARTESIAN_POINT('',(28.6832670595695,52.9917410666081,269.));
#16672=CARTESIAN_POINT('',(31.6832670595695,52.9917410666081,269.));
#16673=CARTESIAN_POINT('',(31.6832670595695,-14.0082589333919,269.));
#16674=CARTESIAN_POINT('',(3.68326705956953,20.9917410666081,269.));
#16675=CARTESIAN_POINT('',(-19.8167329404306,5.24174106660819,278.));
#16676=CARTESIAN_POINT('',(-21.4667329404306,5.24174106660819,278.));
#16677=CARTESIAN_POINT('',(27.1832670595694,4.9917410666081,278.));
#16678=CARTESIAN_POINT('',(25.5332670595694,4.9917410666081,278.));
#16679=CARTESIAN_POINT('',(27.1832670595696,51.9917410666081,278.));
#16680=CARTESIAN_POINT('',(25.5332670595696,51.9917410666081,278.));
#16681=CARTESIAN_POINT('',(-19.8167329404304,51.9917410666081,278.));
#16682=CARTESIAN_POINT('',(-21.4667329404304,51.9917410666081,278.));
#16683=CARTESIAN_POINT('',(-13.3167329404305,-3.5082589333919,278.));
#16684=CARTESIAN_POINT('',(-17.3167329404305,-3.5082589333919,278.));
#16685=CARTESIAN_POINT('',(24.6832670595695,20.1917410666081,278.));
#16686=CARTESIAN_POINT('',(24.6832670595695,10.4917410666081,278.));
#16687=CARTESIAN_POINT('',(24.6832670595695,46.4917410666081,278.));
#16688=CARTESIAN_POINT('',(21.6832670595695,10.4917410666081,278.));
#16689=CARTESIAN_POINT('',(21.6832670595695,7.4917410666081,278.));
#16690=CARTESIAN_POINT('',(-17.3167329404305,7.4917410666081,278.));
#16691=CARTESIAN_POINT('',(-14.3167329404305,7.4917410666081,278.));
#16692=CARTESIAN_POINT('',(-14.3167329404305,10.4917410666081,278.));
#16693=CARTESIAN_POINT('',(-17.3167329404305,10.4917410666081,278.));
#16694=CARTESIAN_POINT('',(-17.3167329404305,49.4917410666081,278.));
#16695=CARTESIAN_POINT('',(-17.3167329404305,46.4917410666081,278.));
#16696=CARTESIAN_POINT('',(-14.3167329404305,46.4917410666081,278.));
#16697=CARTESIAN_POINT('',(-14.3167329404305,49.4917410666081,278.));
#16698=CARTESIAN_POINT('',(-17.3167329404305,49.4917410666081,278.));
#16699=CARTESIAN_POINT('',(21.6832670595695,49.4917410666081,278.));
#16700=CARTESIAN_POINT('',(21.6832670595695,46.4917410666081,278.));
#16701=CARTESIAN_POINT('',(-24.3167329404305,-14.0082589333919,278.));
#16702=CARTESIAN_POINT('',(28.6832670595695,-14.0082589333919,278.));
#16703=CARTESIAN_POINT('',(-21.3167329404305,-14.0082589333919,278.));
#16704=CARTESIAN_POINT('',(28.6832670595695,-11.0082589333919,278.));
#16705=CARTESIAN_POINT('',(31.6832670595695,-11.0082589333919,278.));
#16706=CARTESIAN_POINT('',(31.6832670595695,-14.0082589333919,278.));
#16707=CARTESIAN_POINT('',(31.6832670595695,52.9917410666081,278.));
#16708=CARTESIAN_POINT('',(28.6832670595695,52.9917410666081,278.));
#16709=CARTESIAN_POINT('',(28.6832670595695,55.9917410666081,278.));
#16710=CARTESIAN_POINT('',(-24.3167329404305,55.9917410666081,278.));
#16711=CARTESIAN_POINT('',(-21.3167329404305,55.9917410666081,278.));
#16712=CARTESIAN_POINT('',(-21.3167329404305,52.9917410666081,278.));
#16713=CARTESIAN_POINT('',(-24.3167329404305,52.9917410666081,278.));
#16714=CARTESIAN_POINT('',(-24.3167329404305,-14.0082589333919,278.));
#16715=CARTESIAN_POINT('',(-24.3167329404305,-11.0082589333919,278.));
#16716=CARTESIAN_POINT('',(-21.3167329404305,-11.0082589333919,278.));
#16717=CARTESIAN_POINT('',(20.6832670595695,-3.5082589333919,278.));
#16718=CARTESIAN_POINT('',(16.6832670595695,-3.5082589333919,278.));
#16719=CARTESIAN_POINT('',(3.68326705956953,20.9917410666081,278.));
#16720=CARTESIAN_POINT('',(28.6832670595695,-14.0082589333919,278.));
#16721=CARTESIAN_POINT('',(31.6832670595695,-11.0082589333919,278.));
#16722=CARTESIAN_POINT('',(28.6832670595695,-11.0082589333919,278.));
#16723=CARTESIAN_POINT('',(-21.3167329404305,-14.0082589333919,278.));
#16724=CARTESIAN_POINT('',(-24.3167329404305,-14.0082589333919,278.));
#16725=CARTESIAN_POINT('',(-24.3167329404305,-11.0082589333919,278.));
#16726=CARTESIAN_POINT('',(-21.3167329404305,-11.0082589333919,278.));
#16727=CARTESIAN_POINT('',(-24.3167329404305,52.9917410666081,278.));
#16728=CARTESIAN_POINT('',(-24.3167329404305,-14.0082589333919,278.));
#16729=CARTESIAN_POINT('',(-21.3167329404305,55.9917410666081,278.));
#16730=CARTESIAN_POINT('',(-21.3167329404305,52.9917410666081,278.));
#16731=CARTESIAN_POINT('',(28.6832670595695,55.9917410666081,278.));
#16732=CARTESIAN_POINT('',(-24.3167329404305,55.9917410666081,278.));
#16733=CARTESIAN_POINT('',(31.6832670595695,52.9917410666081,278.));
#16734=CARTESIAN_POINT('',(28.6832670595695,52.9917410666081,278.));
#16735=CARTESIAN_POINT('',(31.6832670595695,-14.0082589333919,278.));
#16736=CARTESIAN_POINT('',(-13.3167329404305,-3.5082589333919,273.6));
#16737=CARTESIAN_POINT('',(-9.31673294043047,-3.5082589333919,273.6));
#16738=CARTESIAN_POINT('',(-13.3167329404305,-3.5082589333919,278.));
#16739=CARTESIAN_POINT('',(20.6832670595695,-3.5082589333919,273.6));
#16740=CARTESIAN_POINT('',(24.6832670595695,-3.5082589333919,273.6));
#16741=CARTESIAN_POINT('',(20.6832670595695,-3.5082589333919,278.));
#16742=CARTESIAN_POINT('',(3.68326705956953,28.4917410666081,276.));
#16743=CARTESIAN_POINT('',(-15.3167329404305,28.4917410666081,276.));
#16744=CARTESIAN_POINT('',(22.6832670595695,28.4917410666081,276.));
#16745=CARTESIAN_POINT('',(-15.3167329404305,28.4917410666081,276.));
#16746=CARTESIAN_POINT('',(-15.3167329404305,28.4917410666081,277.));
#16747=CARTESIAN_POINT('',(3.68326705956953,28.4917410666081,277.));
#16748=CARTESIAN_POINT('',(22.6832670595695,28.4917410666081,277.));
#16749=CARTESIAN_POINT('',(22.6832670595695,28.4917410666081,276.));
#16750=CARTESIAN_POINT('',(3.68326705956953,28.4917410666081,276.));
#16751=CARTESIAN_POINT('',(-11.8730821265345,12.9353918805041,274.));
#16752=CARTESIAN_POINT('',(-15.1230821265345,12.9353918805041,274.));
#16753=CARTESIAN_POINT('',(-11.8730821265345,12.9353918805041,269.));
#16754=CARTESIAN_POINT('',(19.2396162456736,44.0480902527122,274.));
#16755=CARTESIAN_POINT('',(15.9896162456736,44.0480902527122,274.));
#16756=CARTESIAN_POINT('',(19.2396162456736,44.0480902527122,269.));
#16757=CARTESIAN_POINT('',(19.2396162456736,44.0480902527122,274.));
#16758=CARTESIAN_POINT('',(17.5896162456736,44.0480902527122,274.));
#16759=CARTESIAN_POINT('',(19.2396162456736,44.0480902527122,277.));
#16760=CARTESIAN_POINT('',(20.8896162456736,44.0480902527122,277.));
#16761=CARTESIAN_POINT('',(19.2396162456736,44.0480902527122,269.));
#16762=CARTESIAN_POINT('',(19.2396162456736,12.935391880504,274.));
#16763=CARTESIAN_POINT('',(15.9896162456736,12.935391880504,274.));
#16764=CARTESIAN_POINT('',(19.2396162456736,12.935391880504,269.));
#16765=CARTESIAN_POINT('',(-11.8730821265345,44.0480902527122,274.));
#16766=CARTESIAN_POINT('',(-15.1230821265345,44.0480902527122,274.));
#16767=CARTESIAN_POINT('',(-11.8730821265345,44.0480902527122,269.));
#16768=CARTESIAN_POINT('',(3.68326705956953,28.4917410666081,276.));
#16769=CARTESIAN_POINT('',(14.7832670595695,28.4917410666081,276.));
#16770=CARTESIAN_POINT('',(3.68326705956953,28.4917410666081,269.));
#16771=CARTESIAN_POINT('',(24.6832670595695,10.4917410666081,278.));
#16772=CARTESIAN_POINT('',(24.6832670595695,10.4917410666081,277.));
#16773=CARTESIAN_POINT('',(24.6832670595695,46.4917410666081,277.));
#16774=CARTESIAN_POINT('',(24.6832670595695,46.4917410666081,277.));
#16775=CARTESIAN_POINT('',(24.6832670595695,49.4917410666081,277.));
#16776=CARTESIAN_POINT('',(24.6832670595695,49.4917410666081,277.));
#16777=CARTESIAN_POINT('',(-14.3167329404305,7.4917410666081,278.));
#16778=CARTESIAN_POINT('',(-14.3167329404305,7.4917410666081,277.));
#16779=CARTESIAN_POINT('',(21.6832670595695,7.4917410666081,277.));
#16780=CARTESIAN_POINT('',(21.6832670595695,7.4917410666081,277.));
#16781=CARTESIAN_POINT('',(-17.3167329404305,7.4917410666081,277.));
#16782=CARTESIAN_POINT('',(-17.3167329404305,7.4917410666081,277.));
#16783=CARTESIAN_POINT('',(-17.3167329404305,46.4917410666081,278.));
#16784=CARTESIAN_POINT('',(-17.3167329404305,46.4917410666081,277.));
#16785=CARTESIAN_POINT('',(-17.3167329404305,10.4917410666081,277.));
#16786=CARTESIAN_POINT('',(-17.3167329404305,10.4917410666081,277.));
#16787=CARTESIAN_POINT('',(-17.3167329404305,49.4917410666081,277.));
#16788=CARTESIAN_POINT('',(-17.3167329404305,49.4917410666081,277.));
#16789=CARTESIAN_POINT('',(21.6832670595695,49.4917410666081,278.));
#16790=CARTESIAN_POINT('',(21.6832670595695,49.4917410666081,277.));
#16791=CARTESIAN_POINT('',(-14.3167329404305,49.4917410666081,277.));
#16792=CARTESIAN_POINT('',(-14.3167329404305,49.4917410666081,277.));
#16793=CARTESIAN_POINT('',(-17.3167329404305,49.4917410666081,277.));
#16794=CARTESIAN_POINT('',(-17.3167329404305,49.4917410666081,277.));
#16795=CARTESIAN_POINT('',(3.68326705956953,28.4917410666081,277.));
#16796=CARTESIAN_POINT('',(-11.8730821265345,12.9353918805041,277.));
#16797=CARTESIAN_POINT('',(-10.2230821265345,12.9353918805041,277.));
#16798=CARTESIAN_POINT('',(19.2396162456736,12.935391880504,277.));
#16799=CARTESIAN_POINT('',(20.8896162456736,12.935391880504,277.));
#16800=CARTESIAN_POINT('',(-11.8730821265345,44.0480902527122,277.));
#16801=CARTESIAN_POINT('',(-10.2230821265345,44.0480902527122,277.));
#16802=CARTESIAN_POINT('',(-14.3167329404305,10.4917410666081,277.));
#16803=CARTESIAN_POINT('',(21.6832670595695,10.4917410666081,277.));
#16804=CARTESIAN_POINT('',(21.6832670595695,46.4917410666081,277.));
#16805=CARTESIAN_POINT('',(-14.3167329404305,46.4917410666081,277.));
#16806=CARTESIAN_POINT('',(3.68326705956953,20.1917410666081,277.));
#16807=CARTESIAN_POINT('',(-11.8730821265345,44.0480902527122,274.));
#16808=CARTESIAN_POINT('',(-13.5230821265345,44.0480902527122,274.));
#16809=CARTESIAN_POINT('',(-11.8730821265345,44.0480902527122,269.));
#16810=CARTESIAN_POINT('',(-10.2230821265345,44.0480902527122,274.));
#16811=CARTESIAN_POINT('',(19.2396162456736,12.935391880504,274.));
#16812=CARTESIAN_POINT('',(17.5896162456736,12.935391880504,274.));
#16813=CARTESIAN_POINT('',(19.2396162456736,12.935391880504,269.));
#16814=CARTESIAN_POINT('',(20.8896162456736,12.935391880504,274.));
#16815=CARTESIAN_POINT('',(20.8896162456736,44.0480902527122,274.));
#16816=CARTESIAN_POINT('',(-11.8730821265345,12.9353918805041,274.));
#16817=CARTESIAN_POINT('',(-13.5230821265345,12.9353918805041,274.));
#16818=CARTESIAN_POINT('',(-11.8730821265345,12.9353918805041,269.));
#16819=CARTESIAN_POINT('',(-10.2230821265345,12.9353918805041,274.));
#16820=CARTESIAN_POINT('',(3.68326705956953,28.4917410666081,276.));
#16821=CARTESIAN_POINT('',(3.68326705956953,28.4917410666081,276.));
#16822=CARTESIAN_POINT('',(3.68326705956953,28.4917410666081,276.));
#16823=CARTESIAN_POINT('',(20.6832670595695,-3.5082589333919,273.6));
#16824=CARTESIAN_POINT('',(22.9332670595695,-3.5082589333919,273.6));
#16825=CARTESIAN_POINT('',(20.6832670595695,-3.5082589333919,278.));
#16826=CARTESIAN_POINT('',(22.9332670595695,-3.5082589333919,273.6));
#16827=CARTESIAN_POINT('',(-13.3167329404305,-3.5082589333919,273.6));
#16828=CARTESIAN_POINT('',(-11.0667329404305,-3.5082589333919,273.6));
#16829=CARTESIAN_POINT('',(-13.3167329404305,-3.5082589333919,278.));
#16830=CARTESIAN_POINT('',(-11.0667329404305,-3.5082589333919,273.6));
#16831=CARTESIAN_POINT('',(-14.3167329404305,10.4917410666081,277.));
#16832=CARTESIAN_POINT('',(21.6832670595695,10.4917410666081,277.));
#16833=CARTESIAN_POINT('',(21.6832670595695,46.4917410666081,277.));
#16834=CARTESIAN_POINT('',(-14.3167329404305,46.4917410666081,277.));
#16835=CARTESIAN_POINT('',(-19.8167329404304,51.9917410666081,278.));
#16836=CARTESIAN_POINT('',(27.1832670595696,51.9917410666081,278.));
#16837=CARTESIAN_POINT('',(27.1832670595694,4.9917410666081,278.));
#16838=CARTESIAN_POINT('',(-19.8167329404306,5.24174106660819,278.));
#16839=CARTESIAN_POINT('',(3.68326705956954,8.99174106660808,104.499987292601));
#16840=CARTESIAN_POINT('',(4.38326705956954,8.99174106660808,104.499987292601));
#16841=CARTESIAN_POINT('',(2.98326705956954,8.99174106660808,104.499987292601));
#16842=CARTESIAN_POINT('',(2.98326705956954,8.99174106660808,104.499987292601));
#16843=CARTESIAN_POINT('',(2.98326705954061,8.99174106660808,109.499987292601));
#16844=CARTESIAN_POINT('',(3.68326705956954,8.99174106660808,109.499987292601));
#16845=CARTESIAN_POINT('',(4.38326705959848,8.99174106660808,109.499987292601));
#16846=CARTESIAN_POINT('',(4.38326705956954,8.99174106660808,104.499987292601));
#16847=CARTESIAN_POINT('',(3.68326705956954,8.99174106660808,104.499987292601));
#16848=CARTESIAN_POINT('',(9.68326705956954,3.99174106660808,149.899987292601));
#16849=CARTESIAN_POINT('',(8.43326705956954,3.99174106660808,149.899987292601));
#16850=CARTESIAN_POINT('',(9.68326705956954,2.74174106660808,149.899987292601));
#16851=CARTESIAN_POINT('',(8.43326705956954,3.99174106660808,162.199987292601));
#16852=CARTESIAN_POINT('',(8.43326705956954,3.99174106660808,104.499987292601));
#16853=CARTESIAN_POINT('',(9.68326705956954,3.99174106660808,104.499987292601));
#16854=CARTESIAN_POINT('',(9.68326705956954,2.74174106660808,104.499987292601));
#16855=CARTESIAN_POINT('',(9.68326705956954,2.74174106660808,162.199987292601));
#16856=CARTESIAN_POINT('',(9.68326705956954,3.99174106660808,162.199987292601));
#16857=CARTESIAN_POINT('',(3.68326705956954,8.99174106660808,149.899987292601));
#16858=CARTESIAN_POINT('',(4.38326705956954,8.99174106660808,149.899987292601));
#16859=CARTESIAN_POINT('',(2.98326705956954,8.99174106660808,149.899987292601));
#16860=CARTESIAN_POINT('',(4.38326705956954,8.99174106660808,149.899987292601));
#16861=CARTESIAN_POINT('',(4.38326705959848,8.99174106660808,144.899987292601));
#16862=CARTESIAN_POINT('',(3.68326705956954,8.99174106660808,144.899987292601));
#16863=CARTESIAN_POINT('',(2.98326705954061,8.99174106660808,144.899987292601));
#16864=CARTESIAN_POINT('',(2.98326705956954,8.99174106660808,149.899987292601));
#16865=CARTESIAN_POINT('',(3.68326705956954,8.99174106660808,149.899987292601));
#16866=CARTESIAN_POINT('',(2.98326705974526,8.99174106660808,109.499987292724));
#16867=CARTESIAN_POINT('',(3.68326705956954,8.99174106660808,109.920589725948));
#16868=CARTESIAN_POINT('',(4.38326705939383,8.99174106660808,109.499987292724));
#16869=CARTESIAN_POINT('',(3.68326705956954,8.99174106660808,109.499987292724));
#16870=CARTESIAN_POINT('',(4.38326705939383,8.99174106660808,144.899987292478));
#16871=CARTESIAN_POINT('',(3.6832670595127,8.99174106660808,144.479384859226));
#16872=CARTESIAN_POINT('',(2.98326705974526,8.99174106660808,144.899987292478));
#16873=CARTESIAN_POINT('',(3.68326705956954,8.99174106660808,144.899987292478));
#16874=CARTESIAN_POINT('',(17.1832670595695,4.49174106660808,143.399987292601));
#16875=CARTESIAN_POINT('',(16.8832670595695,4.49174106660808,143.399987292601));
#16876=CARTESIAN_POINT('',(17.1832670595695,4.79174106660808,143.399987292601));
#16877=CARTESIAN_POINT('',(16.8832670595695,4.49174106660808,149.899987292601));
#16878=CARTESIAN_POINT('',(16.8832670595695,4.49174106660808,110.999987292601));
#16879=CARTESIAN_POINT('',(17.1832670595695,4.49174106660808,110.999987292601));
#16880=CARTESIAN_POINT('',(17.1832670595695,4.79174106660808,110.999987292601));
#16881=CARTESIAN_POINT('',(17.1832670595695,4.79174106660808,149.899987292601));
#16882=CARTESIAN_POINT('',(17.1832670595695,4.49174106660808,149.899987292601));
#16883=CARTESIAN_POINT('',(13.6832670595695,11.4917410666081,137.199987292601));
#16884=CARTESIAN_POINT('',(13.6832670595695,11.4917410666081,138.699987292601));
#16885=CARTESIAN_POINT('',(13.6832670595695,11.4917410666081,135.699987292601));
#16886=CARTESIAN_POINT('',(13.6832670595695,11.4917410666081,138.699987292601));
#16887=CARTESIAN_POINT('',(13.6832670595695,7.99174106660808,138.699987292609));
#16888=CARTESIAN_POINT('',(13.6832670595695,7.99174106660808,137.199987292601));
#16889=CARTESIAN_POINT('',(13.6832670595695,7.99174106660808,135.699987292593));
#16890=CARTESIAN_POINT('',(13.6832670595695,11.4917410666081,135.699987292601));
#16891=CARTESIAN_POINT('',(13.6832670595695,11.4917410666081,137.199987292601));
#16892=CARTESIAN_POINT('',(13.6832670595695,11.4917410666081,117.199987292601));
#16893=CARTESIAN_POINT('',(13.6832670595695,11.4917410666081,118.699987292601));
#16894=CARTESIAN_POINT('',(13.6832670595695,11.4917410666081,115.699987292601));
#16895=CARTESIAN_POINT('',(13.6832670595695,11.4917410666081,118.699987292601));
#16896=CARTESIAN_POINT('',(13.6832670595695,7.99174106660808,118.699987292627));
#16897=CARTESIAN_POINT('',(13.6832670595695,7.99174106660808,117.199987292601));
#16898=CARTESIAN_POINT('',(13.6832670595695,7.99174106660808,115.699987292575));
#16899=CARTESIAN_POINT('',(13.6832670595695,11.4917410666081,115.699987292601));
#16900=CARTESIAN_POINT('',(13.6832670595695,11.4917410666081,117.199987292601));
#16901=CARTESIAN_POINT('',(-6.31673294043046,11.4917410666081,137.199987292601));
#16902=CARTESIAN_POINT('',(-6.31673294043046,11.4917410666081,138.699987292601));
#16903=CARTESIAN_POINT('',(-6.31673294043046,11.4917410666081,135.699987292601));
#16904=CARTESIAN_POINT('',(-6.31673294043046,11.4917410666081,138.699987292601));
#16905=CARTESIAN_POINT('',(-6.31673294043046,7.99174106660808,138.699987292609));
#16906=CARTESIAN_POINT('',(-6.31673294043046,7.99174106660808,137.199987292601));
#16907=CARTESIAN_POINT('',(-6.31673294043046,7.99174106660808,135.699987292593));
#16908=CARTESIAN_POINT('',(-6.31673294043046,11.4917410666081,135.699987292601));
#16909=CARTESIAN_POINT('',(-6.31673294043046,11.4917410666081,137.199987292601));
#16910=CARTESIAN_POINT('',(-6.31673294043046,11.4917410666081,117.199987292601));
#16911=CARTESIAN_POINT('',(-6.31673294043046,11.4917410666081,118.699987292601));
#16912=CARTESIAN_POINT('',(-6.31673294043046,11.4917410666081,115.699987292601));
#16913=CARTESIAN_POINT('',(-6.31673294043046,11.4917410666081,118.699987292601));
#16914=CARTESIAN_POINT('',(-6.31673294043046,7.99174106660808,118.699987292627));
#16915=CARTESIAN_POINT('',(-6.31673294043046,7.99174106660808,117.199987292601));
#16916=CARTESIAN_POINT('',(-6.31673294043046,7.99174106660808,115.699987292575));
#16917=CARTESIAN_POINT('',(-6.31673294043046,11.4917410666081,115.699987292601));
#16918=CARTESIAN_POINT('',(-6.31673294043046,11.4917410666081,117.199987292601));
#16919=CARTESIAN_POINT('',(13.6832670595695,7.99174106661081,138.699987292613));
#16920=CARTESIAN_POINT('',(13.6832670595695,7.09045013804353,137.199987292621));
#16921=CARTESIAN_POINT('',(13.6832670595695,7.99174106661081,135.699987292589));
#16922=CARTESIAN_POINT('',(13.6832670595695,7.99174106661081,137.199987292601));
#16923=CARTESIAN_POINT('',(13.6832670595695,7.99174106661081,118.699987292632));
#16924=CARTESIAN_POINT('',(13.6832670595695,7.09045013804353,117.199987292667));
#16925=CARTESIAN_POINT('',(13.6832670595695,7.99174106661081,115.699987292571));
#16926=CARTESIAN_POINT('',(13.6832670595695,7.99174106661081,117.199987292601));
#16927=CARTESIAN_POINT('',(-6.31673294043046,7.99174106661081,138.699987292613));
#16928=CARTESIAN_POINT('',(-6.31673294043046,7.09045013804353,137.199987292621));
#16929=CARTESIAN_POINT('',(-6.31673294043046,7.99174106661081,135.699987292589));
#16930=CARTESIAN_POINT('',(-6.31673294043046,7.99174106661081,137.199987292601));
#16931=CARTESIAN_POINT('',(-6.31673294043046,7.99174106661081,118.699987292632));
#16932=CARTESIAN_POINT('',(-6.31673294043046,7.09045013804353,117.199987292667));
#16933=CARTESIAN_POINT('',(-6.31673294043046,7.99174106661081,115.699987292571));
#16934=CARTESIAN_POINT('',(-6.31673294043046,7.99174106661081,117.199987292601));
#16935=CARTESIAN_POINT('',(-2.31673294043046,6.49174106660808,162.199987292601));
#16936=CARTESIAN_POINT('',(-2.31673294043046,6.49174106660808,149.899987292601));
#16937=CARTESIAN_POINT('',(-2.31673294043046,6.49174106660808,104.499987292601));
#16938=CARTESIAN_POINT('',(9.68326705956954,6.49174106660808,104.499987292601));
#16939=CARTESIAN_POINT('',(9.68326705956954,6.49174106660808,104.499987292601));
#16940=CARTESIAN_POINT('',(9.68326705956954,6.49174106660808,162.199987292601));
#16941=CARTESIAN_POINT('',(9.68326705956954,6.49174106660808,149.899987292601));
#16942=CARTESIAN_POINT('',(9.68326705956954,6.49174106660808,149.899987292601));
#16943=CARTESIAN_POINT('',(9.68326705956954,6.49174106660808,162.199987292601));
#16944=CARTESIAN_POINT('',(3.68326705956954,8.99174106660808,104.499987292601));
#16945=CARTESIAN_POINT('',(17.1832670595695,1.49174106660808,104.499987292601));
#16946=CARTESIAN_POINT('',(-9.01673294043045,1.49174106660808,104.499987292601));
#16947=CARTESIAN_POINT('',(-2.31673294043046,1.49174106660808,104.499987292601));
#16948=CARTESIAN_POINT('',(-9.41673294043046,1.89174106660808,104.499987292601));
#16949=CARTESIAN_POINT('',(-9.41673294043046,1.89174106660808,104.499987292601));
#16950=CARTESIAN_POINT('',(-9.41673294043046,4.49174106660808,104.499987292601));
#16951=CARTESIAN_POINT('',(-9.41673294043046,10.6917410666081,104.499987292601));
#16952=CARTESIAN_POINT('',(-9.01673294043045,11.0917410666081,104.499987292601));
#16953=CARTESIAN_POINT('',(-9.01673294043045,11.0917410666081,104.499987292601));
#16954=CARTESIAN_POINT('',(17.1832670595695,11.0917410666081,104.499987292601));
#16955=CARTESIAN_POINT('',(16.3832670595695,11.0917410666081,104.499987292601));
#16956=CARTESIAN_POINT('',(16.7832670595695,10.6917410666081,104.499987292601));
#16957=CARTESIAN_POINT('',(16.7832670595695,10.6917410666081,104.499987292601));
#16958=CARTESIAN_POINT('',(16.7832670595695,4.49174106660808,104.499987292601));
#16959=CARTESIAN_POINT('',(16.7832670595695,1.89174106660808,104.499987292601));
#16960=CARTESIAN_POINT('',(16.3832670595695,1.49174106660808,104.499987292601));
#16961=CARTESIAN_POINT('',(16.3832670595695,1.49174106660808,104.499987292601));
#16962=CARTESIAN_POINT('',(17.1832670595695,1.49174106660808,104.499987292601));
#16963=CARTESIAN_POINT('',(9.68326705956954,1.49174106660808,104.499987292601));
#16964=CARTESIAN_POINT('',(9.68326705956954,-1.50825893339192,104.499987292601));
#16965=CARTESIAN_POINT('',(9.68326705956954,3.99174106660808,104.499987292601));
#16966=CARTESIAN_POINT('',(9.68326705956954,5.24174106660808,104.499987292601));
#16967=CARTESIAN_POINT('',(9.68326705956954,4.49174106660808,104.499987292601));
#16968=CARTESIAN_POINT('',(-2.31673294043046,4.49174106660808,104.499987292601));
#16969=CARTESIAN_POINT('',(-2.31673294043046,5.24174106660808,104.499987292601));
#16970=CARTESIAN_POINT('',(-2.31673294043046,3.99174106660808,104.499987292601));
#16971=CARTESIAN_POINT('',(-2.31673294043046,2.74174106660808,104.499987292601));
#16972=CARTESIAN_POINT('',(-2.31673294043046,2.74174106660808,104.499987292601));
#16973=CARTESIAN_POINT('',(17.1832670595695,4.49174106660808,104.499987292601));
#16974=CARTESIAN_POINT('',(-2.31673294043046,5.24174106660808,162.199987292601));
#16975=CARTESIAN_POINT('',(-2.31673294043046,5.24174106660808,149.899987292601));
#16976=CARTESIAN_POINT('',(-2.31673294043046,6.49174106660808,149.899987292601));
#16977=CARTESIAN_POINT('',(-2.31673294043046,6.49174106660808,162.199987292601));
#16978=CARTESIAN_POINT('',(3.68326705956954,8.99174106660808,149.899987292601));
#16979=CARTESIAN_POINT('',(-2.31673294043046,2.74174106660808,149.899987292601));
#16980=CARTESIAN_POINT('',(-2.31673294043046,2.74174106660808,149.899987292601));
#16981=CARTESIAN_POINT('',(-2.31673294043046,1.49174106660808,149.899987292601));
#16982=CARTESIAN_POINT('',(-2.31673294043046,3.99174106660808,149.899987292601));
#16983=CARTESIAN_POINT('',(9.68326705956954,4.49174106660808,149.899987292601));
#16984=CARTESIAN_POINT('',(9.68326705956954,5.24174106660808,149.899987292601));
#16985=CARTESIAN_POINT('',(9.68326705956954,3.99174106660808,149.899987292601));
#16986=CARTESIAN_POINT('',(9.68326705956954,-1.50825893339192,149.899987292601));
#16987=CARTESIAN_POINT('',(9.68326705956954,1.49174106660808,149.899987292601));
#16988=CARTESIAN_POINT('',(17.1832670595695,1.49174106660808,149.899987292601));
#16989=CARTESIAN_POINT('',(16.3832670595695,1.49174106660808,149.899987292601));
#16990=CARTESIAN_POINT('',(16.7832670595695,1.89174106660808,149.899987292601));
#16991=CARTESIAN_POINT('',(16.7832670595695,1.89174106660808,149.899987292601));
#16992=CARTESIAN_POINT('',(16.7832670595695,4.49174106660808,149.899987292601));
#16993=CARTESIAN_POINT('',(16.7832670595695,10.6917410666081,149.899987292601));
#16994=CARTESIAN_POINT('',(16.3832670595695,11.0917410666081,149.899987292601));
#16995=CARTESIAN_POINT('',(16.3832670595695,11.0917410666081,149.899987292601));
#16996=CARTESIAN_POINT('',(17.1832670595695,11.0917410666081,149.899987292601));
#16997=CARTESIAN_POINT('',(-9.01673294043045,11.0917410666081,149.899987292601));
#16998=CARTESIAN_POINT('',(-9.41673294043046,10.6917410666081,149.899987292601));
#16999=CARTESIAN_POINT('',(-9.41673294043046,10.6917410666081,149.899987292601));
#17000=CARTESIAN_POINT('',(-9.41673294043046,4.49174106660808,149.899987292601));
#17001=CARTESIAN_POINT('',(-9.41673294043046,1.89174106660808,149.899987292601));
#17002=CARTESIAN_POINT('',(-9.01673294043045,1.49174106660808,149.899987292601));
#17003=CARTESIAN_POINT('',(-9.01673294043045,1.49174106660808,149.899987292601));
#17004=CARTESIAN_POINT('',(17.1832670595695,1.49174106660808,149.899987292601));
#17005=CARTESIAN_POINT('',(17.1832670595695,4.49174106660808,149.899987292601));
#17006=CARTESIAN_POINT('',(9.68326705956954,5.24174106660808,162.199987292601));
#17007=CARTESIAN_POINT('',(9.68326705956954,5.24174106660808,162.199987292601));
#17008=CARTESIAN_POINT('',(3.68326705956954,8.99174106660808,109.499987292601));
#17009=CARTESIAN_POINT('',(3.68326705956954,8.99174106660808,104.499987292601));
#17010=CARTESIAN_POINT('',(-9.41673294043046,1.49174106660808,149.899987292601));
#17011=CARTESIAN_POINT('',(-9.41673294043046,1.49174106660808,143.399987292601));
#17012=CARTESIAN_POINT('',(-9.41673294043046,1.49174106660808,110.999987292601));
#17013=CARTESIAN_POINT('',(17.1832670595695,1.49174106660808,110.999987292601));
#17014=CARTESIAN_POINT('',(-9.01673294043045,1.49174106660808,110.999987292601));
#17015=CARTESIAN_POINT('',(-9.01673294043045,1.49174106660808,149.899987292601));
#17016=CARTESIAN_POINT('',(-2.31673294043046,1.49174106660808,149.899987292601));
#17017=CARTESIAN_POINT('',(-9.01673294043045,1.49174106660808,149.899987292601));
#17018=CARTESIAN_POINT('',(-9.01673294043045,1.49174106660808,143.399987292601));
#17019=CARTESIAN_POINT('',(-9.81673294043046,1.49174106660808,143.399987292601));
#17020=CARTESIAN_POINT('',(17.1832670595695,1.49174106660808,149.899987292601));
#17021=CARTESIAN_POINT('',(-9.41673294043046,10.6917410666081,104.499987292601));
#17022=CARTESIAN_POINT('',(-9.41673294043046,10.6917410666081,110.999987292601));
#17023=CARTESIAN_POINT('',(-9.41673294043046,1.89174106660808,104.499987292601));
#17024=CARTESIAN_POINT('',(-9.41673294043046,1.89174106660808,110.999987292601));
#17025=CARTESIAN_POINT('',(-9.41673294043046,11.0917410666081,110.999987292601));
#17026=CARTESIAN_POINT('',(-9.41673294043046,11.0917410666081,104.499987292601));
#17027=CARTESIAN_POINT('',(16.3832670595695,11.0917410666081,104.499987292601));
#17028=CARTESIAN_POINT('',(16.3832670595695,11.0917410666081,110.999987292601));
#17029=CARTESIAN_POINT('',(-9.01673294043045,11.0917410666081,104.499987292601));
#17030=CARTESIAN_POINT('',(-9.01673294043045,11.0917410666081,110.999987292601));
#17031=CARTESIAN_POINT('',(17.1832670595695,11.0917410666081,110.999987292601));
#17032=CARTESIAN_POINT('',(17.1832670595695,11.0917410666081,104.499987292601));
#17033=CARTESIAN_POINT('',(16.7832670595695,10.6917410666081,104.499987292601));
#17034=CARTESIAN_POINT('',(16.7832670595695,10.6917410666081,110.999987292601));
#17035=CARTESIAN_POINT('',(16.7832670595695,1.49174106660808,110.999987292601));
#17036=CARTESIAN_POINT('',(16.7832670595695,1.89174106660808,110.999987292601));
#17037=CARTESIAN_POINT('',(16.7832670595695,1.89174106660808,104.499987292601));
#17038=CARTESIAN_POINT('',(16.7832670595695,1.49174106660808,104.499987292601));
#17039=CARTESIAN_POINT('',(16.7832670595695,1.49174106660808,149.899987292601));
#17040=CARTESIAN_POINT('',(16.7832670595695,1.49174106660808,110.999987292601));
#17041=CARTESIAN_POINT('',(16.7832670595695,1.49174106660808,143.399987292601));
#17042=CARTESIAN_POINT('',(-9.81673294043046,1.49174106660808,143.399987292601));
#17043=CARTESIAN_POINT('',(16.3832670595695,1.49174106660808,143.399987292601));
#17044=CARTESIAN_POINT('',(16.3832670595695,1.49174106660808,149.899987292601));
#17045=CARTESIAN_POINT('',(9.68326705956954,1.49174106660808,149.899987292601));
#17046=CARTESIAN_POINT('',(16.3832670595695,1.49174106660808,149.899987292601));
#17047=CARTESIAN_POINT('',(16.3832670595695,1.49174106660808,110.999987292601));
#17048=CARTESIAN_POINT('',(17.1832670595695,1.49174106660808,110.999987292601));
#17049=CARTESIAN_POINT('',(17.1832670595695,1.49174106660808,149.899987292601));
#17050=CARTESIAN_POINT('',(9.68326705956954,3.99174106660808,162.199987292601));
#17051=CARTESIAN_POINT('',(-2.31673294043046,2.74174106660808,162.199987292601));
#17052=CARTESIAN_POINT('',(-2.31673294043046,3.99174106660808,162.199987292601));
#17053=CARTESIAN_POINT('',(3.68326705956954,8.99174106660808,144.899987292601));
#17054=CARTESIAN_POINT('',(3.68326705956954,8.99174106660808,149.899987292601));
#17055=CARTESIAN_POINT('',(-9.41673294043046,10.6917410666081,149.899987292601));
#17056=CARTESIAN_POINT('',(-9.41673294043046,10.6917410666081,143.399987292601));
#17057=CARTESIAN_POINT('',(-9.41673294043046,1.49174106660808,143.399987292601));
#17058=CARTESIAN_POINT('',(-9.41673294043046,1.89174106660808,143.399987292601));
#17059=CARTESIAN_POINT('',(-9.41673294043046,1.89174106660808,149.899987292601));
#17060=CARTESIAN_POINT('',(-9.41673294043046,1.49174106660808,149.899987292601));
#17061=CARTESIAN_POINT('',(16.3832670595695,11.0917410666081,149.899987292601));
#17062=CARTESIAN_POINT('',(16.3832670595695,11.0917410666081,143.399987292601));
#17063=CARTESIAN_POINT('',(-9.81673294043046,11.0917410666081,143.399987292601));
#17064=CARTESIAN_POINT('',(-9.01673294043045,11.0917410666081,143.399987292601));
#17065=CARTESIAN_POINT('',(-9.01673294043045,11.0917410666081,149.899987292601));
#17066=CARTESIAN_POINT('',(-9.81673294043046,11.0917410666081,149.899987292601));
#17067=CARTESIAN_POINT('',(16.7832670595695,1.89174106660808,149.899987292601));
#17068=CARTESIAN_POINT('',(16.7832670595695,1.89174106660808,143.399987292601));
#17069=CARTESIAN_POINT('',(16.7832670595695,1.49174106660808,143.399987292601));
#17070=CARTESIAN_POINT('',(16.7832670595695,10.6917410666081,143.399987292601));
#17071=CARTESIAN_POINT('',(16.7832670595695,10.6917410666081,149.899987292601));
#17072=CARTESIAN_POINT('',(16.7832670595695,1.49174106660808,149.899987292601));
#17073=CARTESIAN_POINT('',(3.68326705956954,8.99174106660808,109.499987292724));
#17074=CARTESIAN_POINT('',(-9.41673294043046,1.49174106660808,110.999987292601));
#17075=CARTESIAN_POINT('',(-9.81673294043046,1.89174106660808,110.999987292601));
#17076=CARTESIAN_POINT('',(-9.41673294043046,1.49174106660808,143.399987292601));
#17077=CARTESIAN_POINT('',(-9.81673294043046,1.89174106660808,143.399987292601));
#17078=CARTESIAN_POINT('',(-9.81673294043046,1.89174106660808,149.899987292601));
#17079=CARTESIAN_POINT('',(-9.41673294043046,1.49174106660808,149.899987292601));
#17080=CARTESIAN_POINT('',(-9.01673294043045,1.49174106660808,143.399987292601));
#17081=CARTESIAN_POINT('',(-9.01673294043045,1.49174106660808,149.899987292601));
#17082=CARTESIAN_POINT('',(-2.31673294043046,2.74174106660808,162.199987292601));
#17083=CARTESIAN_POINT('',(-9.41673294043046,1.89174106660808,110.999987292601));
#17084=CARTESIAN_POINT('',(-9.41673294043046,1.89174106660808,104.499987292601));
#17085=CARTESIAN_POINT('',(-9.01673294043045,11.0917410666081,110.999987292601));
#17086=CARTESIAN_POINT('',(-9.01673294043045,11.0917410666081,104.499987292601));
#17087=CARTESIAN_POINT('',(17.1832670595695,11.4917410666081,110.999987292601));
#17088=CARTESIAN_POINT('',(17.1832670595695,11.0917410666081,110.999987292601));
#17089=CARTESIAN_POINT('',(17.1832670595695,4.49174106660808,110.999987292601));
#17090=CARTESIAN_POINT('',(17.1832670595695,4.19174106660808,110.999987292601));
#17091=CARTESIAN_POINT('',(17.1832670595695,11.4917410666081,110.999987292601));
#17092=CARTESIAN_POINT('',(17.1832670595695,1.89174106660808,110.999987292601));
#17093=CARTESIAN_POINT('',(17.1832670595695,1.89174106660808,110.999987292601));
#17094=CARTESIAN_POINT('',(16.3832670595695,1.49174106660808,110.999987292601));
#17095=CARTESIAN_POINT('',(16.7832670595695,10.6917410666081,110.999987292601));
#17096=CARTESIAN_POINT('',(-9.81673294043046,11.4917410666081,110.999987292601));
#17097=CARTESIAN_POINT('',(-9.81673294043046,11.0917410666081,110.999987292601));
#17098=CARTESIAN_POINT('',(-9.81673294043046,11.0917410666081,110.999987292601));
#17099=CARTESIAN_POINT('',(-9.41673294043046,11.4917410666081,110.999987292601));
#17100=CARTESIAN_POINT('',(17.1832670595695,11.4917410666081,110.999987292601));
#17101=CARTESIAN_POINT('',(-2.81673294043045,11.4917410666081,110.999987292601));
#17102=CARTESIAN_POINT('',(-2.81673294043045,11.4917410666081,110.999987292601));
#17103=CARTESIAN_POINT('',(-2.81673294043045,11.2417410666081,110.999987292601));
#17104=CARTESIAN_POINT('',(17.1832670595695,11.2417410666081,110.999987292601));
#17105=CARTESIAN_POINT('',(10.1832670595695,11.2417410666081,110.999987292601));
#17106=CARTESIAN_POINT('',(10.1832670595695,11.4917410666081,110.999987292601));
#17107=CARTESIAN_POINT('',(10.1832670595695,11.4917410666081,110.999987292601));
#17108=CARTESIAN_POINT('',(17.1832670595695,11.4917410666081,110.999987292601));
#17109=CARTESIAN_POINT('',(16.7832670595695,11.4917410666081,110.999987292601));
#17110=CARTESIAN_POINT('',(16.7832670595695,11.4917410666081,110.999987292601));
#17111=CARTESIAN_POINT('',(17.1832670595695,11.4917410666081,110.999987292601));
#17112=CARTESIAN_POINT('',(16.7832670595695,10.6917410666081,104.499987292601));
#17113=CARTESIAN_POINT('',(16.3832670595695,1.49174106660808,149.899987292601));
#17114=CARTESIAN_POINT('',(17.1832670595695,1.89174106660808,149.899987292601));
#17115=CARTESIAN_POINT('',(17.1832670595695,1.89174106660808,143.399987292601));
#17116=CARTESIAN_POINT('',(17.1832670595695,1.89174106660808,143.399987292601));
#17117=CARTESIAN_POINT('',(17.1832670595695,1.89174106660808,149.899987292601));
#17118=CARTESIAN_POINT('',(9.68326705956954,-1.50825893339192,162.199987292601));
#17119=CARTESIAN_POINT('',(16.7832670595695,1.89174106660808,143.399987292601));
#17120=CARTESIAN_POINT('',(16.7832670595695,1.89174106660808,149.899987292601));
#17121=CARTESIAN_POINT('',(3.68326705956954,8.99174106660808,144.899987292478));
#17122=CARTESIAN_POINT('',(-9.81673294043046,11.0917410666081,143.399987292601));
#17123=CARTESIAN_POINT('',(-9.41673294043046,11.4917410666081,143.399987292601));
#17124=CARTESIAN_POINT('',(-9.81673294043046,11.0917410666081,143.399987292601));
#17125=CARTESIAN_POINT('',(-9.81673294043046,11.4917410666081,143.399987292601));
#17126=CARTESIAN_POINT('',(-9.41673294043046,10.6917410666081,143.399987292601));
#17127=CARTESIAN_POINT('',(16.3832670595695,11.0917410666081,143.399987292601));
#17128=CARTESIAN_POINT('',(17.1832670595695,11.4917410666081,143.399987292601));
#17129=CARTESIAN_POINT('',(17.1832670595695,4.19174106660808,143.399987292601));
#17130=CARTESIAN_POINT('',(17.1832670595695,4.49174106660808,143.399987292601));
#17131=CARTESIAN_POINT('',(17.1832670595695,11.4917410666081,143.399987292601));
#17132=CARTESIAN_POINT('',(17.1832670595695,11.0917410666081,143.399987292601));
#17133=CARTESIAN_POINT('',(16.7832670595695,11.4917410666081,143.399987292601));
#17134=CARTESIAN_POINT('',(16.7832670595695,11.4917410666081,143.399987292601));
#17135=CARTESIAN_POINT('',(-9.81673294043046,11.4917410666081,143.399987292601));
#17136=CARTESIAN_POINT('',(10.1832670595695,11.4917410666081,143.399987292601));
#17137=CARTESIAN_POINT('',(10.1832670595695,11.4917410666081,143.399987292601));
#17138=CARTESIAN_POINT('',(10.1832670595695,11.2417410666081,143.399987292601));
#17139=CARTESIAN_POINT('',(-9.81673294043046,11.2417410666081,143.399987292601));
#17140=CARTESIAN_POINT('',(-2.81673294043045,11.2417410666081,143.399987292601));
#17141=CARTESIAN_POINT('',(-2.81673294043045,11.4917410666081,143.399987292601));
#17142=CARTESIAN_POINT('',(-2.81673294043045,11.4917410666081,143.399987292601));
#17143=CARTESIAN_POINT('',(-9.81673294043046,11.4917410666081,143.399987292601));
#17144=CARTESIAN_POINT('',(-9.81673294043046,11.4917410666081,143.399987292601));
#17145=CARTESIAN_POINT('',(-9.41673294043046,10.6917410666081,149.899987292601));
#17146=CARTESIAN_POINT('',(16.3832670595695,11.0917410666081,149.899987292601));
#17147=CARTESIAN_POINT('',(-9.81673294043046,11.0917410666081,149.899987292601));
#17148=CARTESIAN_POINT('',(-9.81673294043046,1.49174106660808,149.899987292601));
#17149=CARTESIAN_POINT('',(17.1832670595695,11.0917410666081,149.899987292601));
#17150=CARTESIAN_POINT('',(17.1832670595695,11.4917410666081,149.899987292601));
#17151=CARTESIAN_POINT('',(13.6832670595695,11.4917410666081,137.199987292601));
#17152=CARTESIAN_POINT('',(13.6832670595695,11.4917410666081,117.199987292601));
#17153=CARTESIAN_POINT('',(10.1832670595695,11.4917410666081,149.899987292601));
#17154=CARTESIAN_POINT('',(16.7832670595695,11.4917410666081,149.899987292601));
#17155=CARTESIAN_POINT('',(-9.81673294043046,11.4917410666081,149.899987292601));
#17156=CARTESIAN_POINT('',(10.1832670595695,11.2417410666081,143.399987292601));
#17157=CARTESIAN_POINT('',(-2.81673294043045,11.2417410666081,143.399987292601));
#17158=CARTESIAN_POINT('',(-9.81673294043046,11.2417410666081,143.399987292601));
#17159=CARTESIAN_POINT('',(-6.31673294043046,11.4917410666081,137.199987292601));
#17160=CARTESIAN_POINT('',(-6.31673294043046,11.4917410666081,117.199987292601));
#17161=CARTESIAN_POINT('',(-2.81673294043045,11.4917410666081,149.899987292601));
#17162=CARTESIAN_POINT('',(-9.41673294043046,11.4917410666081,149.899987292601));
#17163=CARTESIAN_POINT('',(-9.81673294043046,11.4917410666081,149.899987292601));
#17164=CARTESIAN_POINT('',(17.1832670595695,4.19174106660808,149.899987292601));
#17165=CARTESIAN_POINT('',(17.1832670595695,4.19174106660808,149.899987292601));
#17166=CARTESIAN_POINT('',(-9.81673294043046,11.0917410666081,149.899987292601));
#17167=CARTESIAN_POINT('',(17.1832670595695,4.49174106660808,149.899987292601));
#17168=CARTESIAN_POINT('',(16.7832670595695,11.4917410666081,149.899987292601));
#17169=CARTESIAN_POINT('',(13.6832670595695,7.99174106660808,137.199987292601));
#17170=CARTESIAN_POINT('',(13.6832670595695,11.4917410666081,137.199987292601));
#17171=CARTESIAN_POINT('',(13.6832670595695,7.99174106660808,117.199987292601));
#17172=CARTESIAN_POINT('',(13.6832670595695,11.4917410666081,117.199987292601));
#17173=CARTESIAN_POINT('',(10.1832670595695,11.4917410666081,143.399987292601));
#17174=CARTESIAN_POINT('',(-2.81673294043045,11.4917410666081,143.399987292601));
#17175=CARTESIAN_POINT('',(-6.31673294043046,7.99174106660808,137.199987292601));
#17176=CARTESIAN_POINT('',(-6.31673294043046,11.4917410666081,137.199987292601));
#17177=CARTESIAN_POINT('',(-6.31673294043046,7.99174106660808,117.199987292601));
#17178=CARTESIAN_POINT('',(-6.31673294043046,11.4917410666081,117.199987292601));
#17179=CARTESIAN_POINT('',(13.6832670595695,7.99174106661081,137.199987292601));
#17180=CARTESIAN_POINT('',(13.6832670595695,7.99174106661081,117.199987292601));
#17181=CARTESIAN_POINT('',(-6.31673294043046,7.99174106661081,137.199987292601));
#17182=CARTESIAN_POINT('',(-6.31673294043046,7.99174106661081,117.199987292601));
#17183=CARTESIAN_POINT('',(4.88326705956954,-1.50825893339192,210.));
#17184=CARTESIAN_POINT('',(4.88326705956954,-1.50825893339192,3.79584054212079));
#17185=CARTESIAN_POINT('',(4.88326705956954,-1.50825893339192,-17.8));
#17186=CARTESIAN_POINT('',(5.18326705956954,-1.50825893339192,-17.8));
#17187=CARTESIAN_POINT('',(5.48326705956954,-1.50825893339192,-17.8));
#17188=CARTESIAN_POINT('',(5.48326705956954,-1.50825893339192,210.));
#17189=CARTESIAN_POINT('',(5.48326705956954,-1.50825893339192,146.075527410276));
#17190=CARTESIAN_POINT('',(5.48326705956954,-1.50825893339192,146.075527410276));
#17191=CARTESIAN_POINT('',(5.48326705956954,-1.47682144869163,146.075527410276));
#17192=CARTESIAN_POINT('',(5.47815899663512,-1.44495102190884,146.073174289231));
#17193=CARTESIAN_POINT('',(5.4685178472642,-1.41535044013337,146.068796019979));
#17194=CARTESIAN_POINT('',(5.4588916609647,-1.38579579848411,146.064424545804));
#17195=CARTESIAN_POINT('',(5.44452965684478,-1.35770761726396,146.057942701876));
#17196=CARTESIAN_POINT('',(5.42677679265606,-1.33303618974221,146.050106467494));
#17197=CARTESIAN_POINT('',(5.4082828782851,-1.3073349134216,146.041943128548));
#17198=CARTESIAN_POINT('',(5.38567229799056,-1.28467324528843,146.0321245699));
#17199=CARTESIAN_POINT('',(5.36070958603312,-1.26636195159549,146.021599356788));
#17200=CARTESIAN_POINT('',(5.33362748639914,-1.24649598987367,146.010180530555));
#17201=CARTESIAN_POINT('',(5.30309344664157,-1.23123419368166,145.997649303573));
#17202=CARTESIAN_POINT('',(5.271374410531,-1.22148882562865,145.985102722445));
#17203=CARTESIAN_POINT('',(5.23762950402499,-1.21112102842734,145.971754800848));
#17204=CARTESIAN_POINT('',(5.20162245345885,-1.20672966754716,145.958032369259));
#17205=CARTESIAN_POINT('',(5.16622804267156,-1.20874320441738,145.945087938057));
#17206=CARTESIAN_POINT('',(5.13030791939079,-1.21078664831147,145.93195124347));
#17207=CARTESIAN_POINT('',(5.09398072379829,-1.21952291261184,145.919238449592));
#17208=CARTESIAN_POINT('',(5.06056961754268,-1.23449747204269,145.907992818763));
#17209=CARTESIAN_POINT('',(5.02822634025799,-1.2489934400655,145.897106601666));
#17210=CARTESIAN_POINT('',(4.99766794387273,-1.26979903087904,145.88726851854));
#17211=CARTESIAN_POINT('',(4.97197276516895,-1.29529245444803,145.879232752041));
#17212=CARTESIAN_POINT('',(4.94763236146747,-1.31944174052833,145.8716206703));
#17213=CARTESIAN_POINT('',(4.92695089629488,-1.34852146153279,145.865392762895));
#17214=CARTESIAN_POINT('',(4.91205687845901,-1.3800207266749,145.860971045222));
#17215=CARTESIAN_POINT('',(4.8978630564589,-1.41003915202451,145.856757200826));
#17216=CARTESIAN_POINT('',(4.88851990006139,-1.44311771855579,145.854054463142));
#17217=CARTESIAN_POINT('',(4.88496524245806,-1.47638377209051,145.853024405095));
#17218=CARTESIAN_POINT('',(4.88383512519148,-1.48695990787791,145.852696923094));
#17219=CARTESIAN_POINT('',(4.88326705956954,-1.49761754919198,145.852532687591));
#17220=CARTESIAN_POINT('',(4.88326705956954,-1.50825893339192,145.852532687591));
#17221=CARTESIAN_POINT('',(4.88326705956954,-1.50825893339192,145.852532687591));
#17222=CARTESIAN_POINT('',(4.88326705956954,-1.50825893339192,210.));
#17223=CARTESIAN_POINT('',(4.88326705956954,-1.50825893339192,131.204159457879));
#17224=CARTESIAN_POINT('',(4.88326705956954,-1.50825893339192,131.204159457879));
#17225=CARTESIAN_POINT('',(4.88326705956954,-1.48216932686412,131.204159457879));
#17226=CARTESIAN_POINT('',(4.88682956562644,-1.45570051431001,131.200634144396));
#17227=CARTESIAN_POINT('',(4.8933074000354,-1.43129533262606,131.194069669008));
#17228=CARTESIAN_POINT('',(4.89976188558351,-1.4069781175611,131.187528854772));
#17229=CARTESIAN_POINT('',(4.90921602275667,-1.3840339435744,131.177842697219));
#17230=CARTESIAN_POINT('',(4.92036631520587,-1.36374873093885,131.166012620731));
#17231=CARTESIAN_POINT('',(4.93531635574838,-1.33655081189802,131.150151142306));
#17232=CARTESIAN_POINT('',(4.9536592266865,-1.31332317937266,131.130028427491));
#17233=CARTESIAN_POINT('',(4.97277449062096,-1.29450000745564,131.107777317543));
#17234=CARTESIAN_POINT('',(5.00025876788585,-1.26743570545356,131.075784263335));
#17235=CARTESIAN_POINT('',(5.03007399160408,-1.24843118652891,131.038486066603));
#17236=CARTESIAN_POINT('',(5.05852358494229,-1.23542369824455,130.99933452328));
#17237=CARTESIAN_POINT('',(5.10509966887323,-1.21412856552117,130.935237805054));
#17238=CARTESIAN_POINT('',(5.14951449490955,-1.20772520339385,130.864204455397));
#17239=CARTESIAN_POINT('',(5.187717077253,-1.20829193963658,130.791599737426));
#17240=CARTESIAN_POINT('',(5.25843117475556,-1.20934098500126,130.657206280469));
#17241=CARTESIAN_POINT('',(5.31102076023365,-1.23413036768881,130.512896572559));
#17242=CARTESIAN_POINT('',(5.34341362027403,-1.25457984656265,130.365941794526));
#17243=CARTESIAN_POINT('',(5.37968091782844,-1.27747524185117,130.201410084288));
#17244=CARTESIAN_POINT('',(5.39149944760429,-1.29149570395204,130.026592360868));
#17245=CARTESIAN_POINT('',(5.37729133090695,-1.27944769649131,129.857585927241));
#17246=CARTESIAN_POINT('',(5.36417081819627,-1.26832194081276,129.70151661082));
#17247=CARTESIAN_POINT('',(5.32935189292056,-1.23996024513935,129.5475054119));
#17248=CARTESIAN_POINT('',(5.27441525960837,-1.22244079955559,129.401462277285));
#17249=CARTESIAN_POINT('',(5.24136758769989,-1.21190180481267,129.313608593754));
#17250=CARTESIAN_POINT('',(5.20043817936775,-1.2049847447873,129.227283862493));
#17251=CARTESIAN_POINT('',(5.15303535240791,-1.20978608055251,129.14572769835));
#17252=CARTESIAN_POINT('',(5.11753720910624,-1.21338161516435,129.084653442075));
#17253=CARTESIAN_POINT('',(5.07761430006584,-1.22366773471983,129.025173216939));
#17254=CARTESIAN_POINT('',(5.0370800037395,-1.24628690299982,128.97180229907));
#17255=CARTESIAN_POINT('',(5.01276007993828,-1.25985803902221,128.939780609454));
#17256=CARTESIAN_POINT('',(4.98783842886755,-1.27821631207089,128.909447031458));
#17257=CARTESIAN_POINT('',(4.96496553927413,-1.3024812712497,128.883196970311));
#17258=CARTESIAN_POINT('',(4.94706688541258,-1.32146925715907,128.862655588497));
#17259=CARTESIAN_POINT('',(4.93009045341183,-1.3445614270494,128.844220635292));
#17260=CARTESIAN_POINT('',(4.9164182546294,-1.37117605589797,128.829812779884));
#17261=CARTESIAN_POINT('',(4.90543904462301,-1.39254844844583,128.818242814235));
#17262=CARTESIAN_POINT('',(4.89639213966902,-1.41671425842389,128.809036511751));
#17263=CARTESIAN_POINT('',(4.89065182860698,-1.442105123156,128.803245213297));
#17264=CARTESIAN_POINT('',(4.88584634465375,-1.46336100837027,128.798397045404));
#17265=CARTESIAN_POINT('',(4.88326705956954,-1.48593383397023,128.795840542121));
#17266=CARTESIAN_POINT('',(4.88326705956954,-1.50825893339192,128.795840542121));
#17267=CARTESIAN_POINT('',(4.88326705956954,-1.50825893339192,128.795840542121));
#17268=CARTESIAN_POINT('',(4.88326705956954,-1.50825893339192,210.));
#17269=CARTESIAN_POINT('',(4.88326705956954,-1.50825893339192,106.204159457879));
#17270=CARTESIAN_POINT('',(4.88326705956954,-1.50825893339192,106.204159457879));
#17271=CARTESIAN_POINT('',(4.88326705956954,-1.48216932686411,106.204159457879));
#17272=CARTESIAN_POINT('',(4.88682956562644,-1.45570051431001,106.200634144396));
#17273=CARTESIAN_POINT('',(4.8933074000354,-1.43129533262606,106.194069669008));
#17274=CARTESIAN_POINT('',(4.89976188558351,-1.4069781175611,106.187528854772));
#17275=CARTESIAN_POINT('',(4.90921602275668,-1.38403394357439,106.177842697219));
#17276=CARTESIAN_POINT('',(4.92036631520587,-1.36374873093885,106.166012620731));
#17277=CARTESIAN_POINT('',(4.93531635574838,-1.33655081189802,106.150151142306));
#17278=CARTESIAN_POINT('',(4.95365922668651,-1.31332317937265,106.130028427491));
#17279=CARTESIAN_POINT('',(4.97277449062097,-1.29450000745564,106.107777317543));
#17280=CARTESIAN_POINT('',(5.00025876788586,-1.26743570545355,106.075784263336));
#17281=CARTESIAN_POINT('',(5.03007399160409,-1.24843118652891,106.038486066603));
#17282=CARTESIAN_POINT('',(5.0585235849423,-1.23542369824454,105.99933452328));
#17283=CARTESIAN_POINT('',(5.10509966887325,-1.21412856552117,105.935237805054));
#17284=CARTESIAN_POINT('',(5.14951449490955,-1.20772520339385,105.864204455397));
#17285=CARTESIAN_POINT('',(5.18771707725301,-1.20829193963658,105.791599737425));
#17286=CARTESIAN_POINT('',(5.25843117475557,-1.20934098500126,105.657206280469));
#17287=CARTESIAN_POINT('',(5.31102076023365,-1.23413036768882,105.512896572559));
#17288=CARTESIAN_POINT('',(5.34341362027404,-1.25457984656265,105.365941794526));
#17289=CARTESIAN_POINT('',(5.37968091782844,-1.27747524185116,105.201410084288));
#17290=CARTESIAN_POINT('',(5.39149944760427,-1.29149570395202,105.026592360868));
#17291=CARTESIAN_POINT('',(5.37729133090695,-1.2794476964913,104.857585927241));
#17292=CARTESIAN_POINT('',(5.36417081819626,-1.26832194081275,104.70151661082));
#17293=CARTESIAN_POINT('',(5.32935189292054,-1.23996024513934,104.5475054119));
#17294=CARTESIAN_POINT('',(5.27441525960833,-1.22244079955558,104.401462277285));
#17295=CARTESIAN_POINT('',(5.24136758769986,-1.21190180481267,104.313608593754));
#17296=CARTESIAN_POINT('',(5.20043817936772,-1.2049847447873,104.227283862493));
#17297=CARTESIAN_POINT('',(5.1530353524079,-1.20978608055251,104.14572769835));
#17298=CARTESIAN_POINT('',(5.11753720910622,-1.21338161516435,104.084653442075));
#17299=CARTESIAN_POINT('',(5.07761430006582,-1.22366773471984,104.025173216939));
#17300=CARTESIAN_POINT('',(5.03708000373949,-1.24628690299983,103.97180229907));
#17301=CARTESIAN_POINT('',(5.01276007993826,-1.25985803902222,103.939780609454));
#17302=CARTESIAN_POINT('',(4.98783842886754,-1.2782163120709,103.909447031458));
#17303=CARTESIAN_POINT('',(4.96496553927412,-1.30248127124971,103.883196970311));
#17304=CARTESIAN_POINT('',(4.94706688541257,-1.32146925715908,103.862655588497));
#17305=CARTESIAN_POINT('',(4.93009045341183,-1.3445614270494,103.844220635292));
#17306=CARTESIAN_POINT('',(4.9164182546294,-1.37117605589798,103.829812779884));
#17307=CARTESIAN_POINT('',(4.90543904462301,-1.39254844844584,103.818242814235));
#17308=CARTESIAN_POINT('',(4.89639213966901,-1.41671425842391,103.809036511751));
#17309=CARTESIAN_POINT('',(4.89065182860698,-1.44210512315601,103.803245213297));
#17310=CARTESIAN_POINT('',(4.88584634465375,-1.46336100837028,103.798397045404));
#17311=CARTESIAN_POINT('',(4.88326705956954,-1.48593383397023,103.795840542121));
#17312=CARTESIAN_POINT('',(4.88326705956954,-1.50825893339192,103.795840542121));
#17313=CARTESIAN_POINT('',(4.88326705956954,-1.50825893339192,103.795840542121));
#17314=CARTESIAN_POINT('',(4.88326705956954,-1.50825893339192,210.));
#17315=CARTESIAN_POINT('',(4.88326705956954,-1.50825893339192,81.2041594578792));
#17316=CARTESIAN_POINT('',(4.88326705956954,-1.50825893339191,78.7958405421208));
#17317=CARTESIAN_POINT('',(4.88326705956954,-1.48593383397023,78.7958405421208));
#17318=CARTESIAN_POINT('',(4.88584634465375,-1.46336100837028,78.7983970454039));
#17319=CARTESIAN_POINT('',(4.89065182860698,-1.44210512315601,78.8032452132971));
#17320=CARTESIAN_POINT('',(4.89639213966901,-1.41671425842392,78.8090365117509));
#17321=CARTESIAN_POINT('',(4.90543904462301,-1.39254844844583,78.8182428142347));
#17322=CARTESIAN_POINT('',(4.9164182546294,-1.37117605589798,78.8298127798842));
#17323=CARTESIAN_POINT('',(4.93009045341183,-1.3445614270494,78.8442206352921));
#17324=CARTESIAN_POINT('',(4.94706688541257,-1.32146925715908,78.8626555884975));
#17325=CARTESIAN_POINT('',(4.96496553927412,-1.30248127124971,78.8831969703108));
#17326=CARTESIAN_POINT('',(4.98783842886754,-1.2782163120709,78.9094470314576));
#17327=CARTESIAN_POINT('',(5.01276007993826,-1.25985803902222,78.9397806094536));
#17328=CARTESIAN_POINT('',(5.03708000373949,-1.24628690299983,78.9718022990699));
#17329=CARTESIAN_POINT('',(5.07761430006582,-1.22366773471984,79.0251732169389));
#17330=CARTESIAN_POINT('',(5.11753720910622,-1.21338161516435,79.0846534420748));
#17331=CARTESIAN_POINT('',(5.1530353524079,-1.20978608055251,79.1457276983496));
#17332=CARTESIAN_POINT('',(5.20043817936772,-1.2049847447873,79.2272838624929));
#17333=CARTESIAN_POINT('',(5.24136758769986,-1.21190180481267,79.3136085937539));
#17334=CARTESIAN_POINT('',(5.27441525960833,-1.22244079955558,79.4014622772846));
#17335=CARTESIAN_POINT('',(5.32935189292054,-1.23996024513934,79.5475054119));
#17336=CARTESIAN_POINT('',(5.36417081819626,-1.26832194081275,79.7015166108195));
#17337=CARTESIAN_POINT('',(5.37729133090695,-1.2794476964913,79.8575859272412));
#17338=CARTESIAN_POINT('',(5.39149944760428,-1.29149570395202,80.0265923608683));
#17339=CARTESIAN_POINT('',(5.37968091782844,-1.27747524185116,80.201410084288));
#17340=CARTESIAN_POINT('',(5.34341362027404,-1.25457984656265,80.3659417945261));
#17341=CARTESIAN_POINT('',(5.31102076023366,-1.23413036768882,80.5128965725586));
#17342=CARTESIAN_POINT('',(5.25843117475556,-1.20934098500126,80.6572062804693));
#17343=CARTESIAN_POINT('',(5.18771707725301,-1.20829193963658,80.7915997374255));
#17344=CARTESIAN_POINT('',(5.14951449490955,-1.20772520339385,80.8642044553971));
#17345=CARTESIAN_POINT('',(5.10509966887325,-1.21412856552117,80.9352378050541));
#17346=CARTESIAN_POINT('',(5.0585235849423,-1.23542369824454,80.9993345232802));
#17347=CARTESIAN_POINT('',(5.03007399160409,-1.2484311865289,81.0384860666034));
#17348=CARTESIAN_POINT('',(5.00025876788586,-1.26743570545355,81.0757842633355));
#17349=CARTESIAN_POINT('',(4.97277449062097,-1.29450000745564,81.1077773175432));
#17350=CARTESIAN_POINT('',(4.95365922668651,-1.31332317937265,81.1300284274907));
#17351=CARTESIAN_POINT('',(4.93531635574838,-1.33655081189802,81.1501511423061));
#17352=CARTESIAN_POINT('',(4.92036631520587,-1.36374873093885,81.166012620731));
#17353=CARTESIAN_POINT('',(4.90921602275668,-1.38403394357439,81.1778426972188));
#17354=CARTESIAN_POINT('',(4.89976188558351,-1.4069781175611,81.1875288547718));
#17355=CARTESIAN_POINT('',(4.8933074000354,-1.43129533262606,81.1940696690081));
#17356=CARTESIAN_POINT('',(4.88682956562644,-1.45570051431001,81.200634144396));
#17357=CARTESIAN_POINT('',(4.88326705956954,-1.48216932686411,81.2041594578792));
#17358=CARTESIAN_POINT('',(4.88326705956954,-1.50825893339192,81.2041594578792));
#17359=CARTESIAN_POINT('',(4.88326705956954,-1.50825893339192,78.7958405421208));
#17360=CARTESIAN_POINT('',(4.88326705956954,-1.50825893339192,210.));
#17361=CARTESIAN_POINT('',(4.88326705956954,-1.50825893339192,56.2041594578792));
#17362=CARTESIAN_POINT('',(4.88326705956954,-1.50825893339191,53.7958405421208));
#17363=CARTESIAN_POINT('',(4.88326705956954,-1.48593383397023,53.7958405421208));
#17364=CARTESIAN_POINT('',(4.88584634465375,-1.46336100837028,53.7983970454038));
#17365=CARTESIAN_POINT('',(4.89065182860698,-1.44210512315601,53.8032452132971));
#17366=CARTESIAN_POINT('',(4.89639213966901,-1.41671425842391,53.8090365117509));
#17367=CARTESIAN_POINT('',(4.90543904462301,-1.39254844844584,53.8182428142347));
#17368=CARTESIAN_POINT('',(4.9164182546294,-1.37117605589798,53.8298127798842));
#17369=CARTESIAN_POINT('',(4.93009045341183,-1.3445614270494,53.8442206352921));
#17370=CARTESIAN_POINT('',(4.94706688541257,-1.32146925715908,53.8626555884975));
#17371=CARTESIAN_POINT('',(4.96496553927412,-1.30248127124971,53.8831969703108));
#17372=CARTESIAN_POINT('',(4.98783842886754,-1.2782163120709,53.9094470314576));
#17373=CARTESIAN_POINT('',(5.01276007993826,-1.25985803902222,53.9397806094536));
#17374=CARTESIAN_POINT('',(5.03708000373949,-1.24628690299983,53.9718022990699));
#17375=CARTESIAN_POINT('',(5.07761430006582,-1.22366773471984,54.0251732169389));
#17376=CARTESIAN_POINT('',(5.11753720910622,-1.21338161516435,54.0846534420748));
#17377=CARTESIAN_POINT('',(5.1530353524079,-1.20978608055251,54.1457276983496));
#17378=CARTESIAN_POINT('',(5.20043817936772,-1.2049847447873,54.2272838624928));
#17379=CARTESIAN_POINT('',(5.24136758769986,-1.21190180481267,54.3136085937539));
#17380=CARTESIAN_POINT('',(5.27441525960833,-1.22244079955558,54.4014622772846));
#17381=CARTESIAN_POINT('',(5.32935189292054,-1.23996024513934,54.5475054119));
#17382=CARTESIAN_POINT('',(5.36417081819626,-1.26832194081275,54.7015166108195));
#17383=CARTESIAN_POINT('',(5.37729133090695,-1.2794476964913,54.8575859272412));
#17384=CARTESIAN_POINT('',(5.39149944760427,-1.29149570395202,55.0265923608683));
#17385=CARTESIAN_POINT('',(5.37968091782844,-1.27747524185116,55.201410084288));
#17386=CARTESIAN_POINT('',(5.34341362027404,-1.25457984656265,55.3659417945261));
#17387=CARTESIAN_POINT('',(5.31102076023365,-1.23413036768882,55.5128965725586));
#17388=CARTESIAN_POINT('',(5.25843117475557,-1.20934098500126,55.6572062804693));
#17389=CARTESIAN_POINT('',(5.18771707725301,-1.20829193963658,55.7915997374255));
#17390=CARTESIAN_POINT('',(5.14951449490955,-1.20772520339385,55.8642044553971));
#17391=CARTESIAN_POINT('',(5.10509966887325,-1.21412856552117,55.9352378050541));
#17392=CARTESIAN_POINT('',(5.0585235849423,-1.23542369824454,55.9993345232802));
#17393=CARTESIAN_POINT('',(5.03007399160409,-1.24843118652891,56.0384860666034));
#17394=CARTESIAN_POINT('',(5.00025876788586,-1.26743570545355,56.0757842633355));
#17395=CARTESIAN_POINT('',(4.97277449062097,-1.29450000745564,56.1077773175432));
#17396=CARTESIAN_POINT('',(4.95365922668651,-1.31332317937265,56.1300284274907));
#17397=CARTESIAN_POINT('',(4.93531635574838,-1.33655081189802,56.1501511423061));
#17398=CARTESIAN_POINT('',(4.92036631520587,-1.36374873093885,56.166012620731));
#17399=CARTESIAN_POINT('',(4.90921602275668,-1.38403394357439,56.1778426972188));
#17400=CARTESIAN_POINT('',(4.89976188558351,-1.4069781175611,56.1875288547718));
#17401=CARTESIAN_POINT('',(4.8933074000354,-1.43129533262606,56.1940696690081));
#17402=CARTESIAN_POINT('',(4.88682956562644,-1.45570051431001,56.200634144396));
#17403=CARTESIAN_POINT('',(4.88326705956954,-1.48216932686411,56.2041594578792));
#17404=CARTESIAN_POINT('',(4.88326705956954,-1.50825893339192,56.2041594578792));
#17405=CARTESIAN_POINT('',(4.88326705956954,-1.50825893339192,53.7958405421208));
#17406=CARTESIAN_POINT('',(4.88326705956954,-1.50825893339192,210.));
#17407=CARTESIAN_POINT('',(4.88326705956954,-1.50825893339192,31.2041594578792));
#17408=CARTESIAN_POINT('',(4.88326705956954,-1.50825893339191,28.7958405421208));
#17409=CARTESIAN_POINT('',(4.88326705956954,-1.48593383397023,28.7958405421208));
#17410=CARTESIAN_POINT('',(4.88584634465375,-1.46336100837028,28.7983970454038));
#17411=CARTESIAN_POINT('',(4.89065182860698,-1.44210512315601,28.8032452132971));
#17412=CARTESIAN_POINT('',(4.89639213966901,-1.41671425842391,28.8090365117509));
#17413=CARTESIAN_POINT('',(4.90543904462301,-1.39254844844584,28.8182428142347));
#17414=CARTESIAN_POINT('',(4.9164182546294,-1.37117605589798,28.8298127798842));
#17415=CARTESIAN_POINT('',(4.93009045341183,-1.3445614270494,28.8442206352921));
#17416=CARTESIAN_POINT('',(4.94706688541257,-1.32146925715908,28.8626555884975));
#17417=CARTESIAN_POINT('',(4.96496553927412,-1.30248127124971,28.8831969703108));
#17418=CARTESIAN_POINT('',(4.98783842886754,-1.2782163120709,28.9094470314576));
#17419=CARTESIAN_POINT('',(5.01276007993826,-1.25985803902222,28.9397806094536));
#17420=CARTESIAN_POINT('',(5.03708000373949,-1.24628690299983,28.9718022990699));
#17421=CARTESIAN_POINT('',(5.07761430006582,-1.22366773471984,29.0251732169389));
#17422=CARTESIAN_POINT('',(5.11753720910622,-1.21338161516435,29.0846534420748));
#17423=CARTESIAN_POINT('',(5.1530353524079,-1.20978608055251,29.1457276983496));
#17424=CARTESIAN_POINT('',(5.20043817936772,-1.2049847447873,29.2272838624929));
#17425=CARTESIAN_POINT('',(5.24136758769986,-1.21190180481267,29.3136085937539));
#17426=CARTESIAN_POINT('',(5.27441525960833,-1.22244079955558,29.4014622772846));
#17427=CARTESIAN_POINT('',(5.32935189292054,-1.23996024513934,29.5475054119));
#17428=CARTESIAN_POINT('',(5.36417081819626,-1.26832194081275,29.7015166108195));
#17429=CARTESIAN_POINT('',(5.37729133090695,-1.2794476964913,29.8575859272412));
#17430=CARTESIAN_POINT('',(5.39149944760427,-1.29149570395202,30.0265923608683));
#17431=CARTESIAN_POINT('',(5.37968091782844,-1.27747524185116,30.201410084288));
#17432=CARTESIAN_POINT('',(5.34341362027404,-1.25457984656265,30.3659417945261));
#17433=CARTESIAN_POINT('',(5.31102076023365,-1.23413036768882,30.5128965725586));
#17434=CARTESIAN_POINT('',(5.25843117475557,-1.20934098500126,30.6572062804693));
#17435=CARTESIAN_POINT('',(5.18771707725301,-1.20829193963658,30.7915997374255));
#17436=CARTESIAN_POINT('',(5.14951449490955,-1.20772520339385,30.8642044553971));
#17437=CARTESIAN_POINT('',(5.10509966887325,-1.21412856552117,30.9352378050541));
#17438=CARTESIAN_POINT('',(5.0585235849423,-1.23542369824454,30.9993345232802));
#17439=CARTESIAN_POINT('',(5.03007399160409,-1.24843118652891,31.0384860666034));
#17440=CARTESIAN_POINT('',(5.00025876788586,-1.26743570545355,31.0757842633355));
#17441=CARTESIAN_POINT('',(4.97277449062097,-1.29450000745564,31.1077773175432));
#17442=CARTESIAN_POINT('',(4.95365922668651,-1.31332317937265,31.1300284274907));
#17443=CARTESIAN_POINT('',(4.93531635574838,-1.33655081189802,31.1501511423061));
#17444=CARTESIAN_POINT('',(4.92036631520587,-1.36374873093885,31.166012620731));
#17445=CARTESIAN_POINT('',(4.90921602275668,-1.38403394357439,31.1778426972188));
#17446=CARTESIAN_POINT('',(4.89976188558351,-1.4069781175611,31.1875288547718));
#17447=CARTESIAN_POINT('',(4.8933074000354,-1.43129533262606,31.1940696690081));
#17448=CARTESIAN_POINT('',(4.88682956562644,-1.45570051431001,31.200634144396));
#17449=CARTESIAN_POINT('',(4.88326705956954,-1.48216932686411,31.2041594578792));
#17450=CARTESIAN_POINT('',(4.88326705956954,-1.50825893339192,31.2041594578792));
#17451=CARTESIAN_POINT('',(4.88326705956954,-1.50825893339192,28.7958405421208));
#17452=CARTESIAN_POINT('',(4.88326705956954,-1.50825893339192,210.));
#17453=CARTESIAN_POINT('',(4.88326705956954,-1.50825893339192,6.20415945787918));
#17454=CARTESIAN_POINT('',(4.88326705956954,-1.50825893339191,3.79584054212079));
#17455=CARTESIAN_POINT('',(4.88326705956954,-1.48593383397023,3.79584054212079));
#17456=CARTESIAN_POINT('',(4.88584634465375,-1.46336100837028,3.79839704540384));
#17457=CARTESIAN_POINT('',(4.89065182860698,-1.44210512315601,3.80324521329709));
#17458=CARTESIAN_POINT('',(4.89639213966901,-1.41671425842391,3.8090365117509));
#17459=CARTESIAN_POINT('',(4.90543904462301,-1.39254844844584,3.81824281423472));
#17460=CARTESIAN_POINT('',(4.9164182546294,-1.37117605589798,3.82981277988419));
#17461=CARTESIAN_POINT('',(4.93009045341183,-1.3445614270494,3.84422063529213));
#17462=CARTESIAN_POINT('',(4.94706688541257,-1.32146925715908,3.86265558849747));
#17463=CARTESIAN_POINT('',(4.96496553927412,-1.30248127124971,3.88319697031078));
#17464=CARTESIAN_POINT('',(4.98783842886754,-1.2782163120709,3.90944703145763));
#17465=CARTESIAN_POINT('',(5.01276007993826,-1.25985803902222,3.93978060945363));
#17466=CARTESIAN_POINT('',(5.03708000373949,-1.24628690299983,3.97180229906988));
#17467=CARTESIAN_POINT('',(5.07761430006582,-1.22366773471984,4.02517321693886));
#17468=CARTESIAN_POINT('',(5.11753720910622,-1.21338161516435,4.08465344207481));
#17469=CARTESIAN_POINT('',(5.1530353524079,-1.20978608055251,4.14572769834957));
#17470=CARTESIAN_POINT('',(5.20043817936772,-1.2049847447873,4.22728386249285));
#17471=CARTESIAN_POINT('',(5.24136758769986,-1.21190180481267,4.31360859375386));
#17472=CARTESIAN_POINT('',(5.27441525960833,-1.22244079955558,4.40146227728458));
#17473=CARTESIAN_POINT('',(5.32935189292054,-1.23996024513934,4.54750541189998));
#17474=CARTESIAN_POINT('',(5.36417081819626,-1.26832194081275,4.70151661081952));
#17475=CARTESIAN_POINT('',(5.37729133090695,-1.2794476964913,4.85758592724118));
#17476=CARTESIAN_POINT('',(5.39149944760427,-1.29149570395202,5.02659236086825));
#17477=CARTESIAN_POINT('',(5.37968091782844,-1.27747524185116,5.20141008428796));
#17478=CARTESIAN_POINT('',(5.34341362027404,-1.25457984656265,5.36594179452608));
#17479=CARTESIAN_POINT('',(5.31102076023365,-1.23413036768882,5.51289657255864));
#17480=CARTESIAN_POINT('',(5.25843117475557,-1.20934098500126,5.65720628046932));
#17481=CARTESIAN_POINT('',(5.18771707725301,-1.20829193963658,5.79159973742548));
#17482=CARTESIAN_POINT('',(5.14951449490955,-1.20772520339385,5.86420445539707));
#17483=CARTESIAN_POINT('',(5.10509966887325,-1.21412856552117,5.93523780505405));
#17484=CARTESIAN_POINT('',(5.0585235849423,-1.23542369824454,5.99933452328019));
#17485=CARTESIAN_POINT('',(5.03007399160409,-1.24843118652891,6.0384860666034));
#17486=CARTESIAN_POINT('',(5.00025876788586,-1.26743570545355,6.07578426333554));
#17487=CARTESIAN_POINT('',(4.97277449062097,-1.29450000745564,6.10777731754318));
#17488=CARTESIAN_POINT('',(4.95365922668651,-1.31332317937265,6.13002842749067));
#17489=CARTESIAN_POINT('',(4.93531635574838,-1.33655081189802,6.15015114230611));
#17490=CARTESIAN_POINT('',(4.92036631520587,-1.36374873093885,6.16601262073099));
#17491=CARTESIAN_POINT('',(4.90921602275668,-1.38403394357439,6.17784269721883));
#17492=CARTESIAN_POINT('',(4.89976188558351,-1.4069781175611,6.1875288547718));
#17493=CARTESIAN_POINT('',(4.8933074000354,-1.43129533262606,6.19406966900808));
#17494=CARTESIAN_POINT('',(4.88682956562644,-1.45570051431001,6.20063414439603));
#17495=CARTESIAN_POINT('',(4.88326705956954,-1.48216932686411,6.20415945787918));
#17496=CARTESIAN_POINT('',(4.88326705956954,-1.50825893339192,6.20415945787918));
#17497=CARTESIAN_POINT('',(5.18326705956954,-1.50825893339192,210.));
#17498=CARTESIAN_POINT('',(3.68326705956954,3.09174106660808,205.));
#17499=CARTESIAN_POINT('',(3.68326705956954,3.09174106660808,201.75));
#17500=CARTESIAN_POINT('',(3.68326705956954,3.09174106660808,208.25));
#17501=CARTESIAN_POINT('',(3.68326705956954,6.49174106660808,201.75));
#17502=CARTESIAN_POINT('',(3.68326705956954,6.49174106660808,201.75));
#17503=CARTESIAN_POINT('',(3.68326705956954,6.49174106660808,205.));
#17504=CARTESIAN_POINT('',(3.68326705956954,6.49174106660808,208.25));
#17505=CARTESIAN_POINT('',(3.68326705956954,6.49174106660808,208.25));
#17506=CARTESIAN_POINT('',(3.68326705956954,6.49174106660808,205.));
#17507=CARTESIAN_POINT('',(3.68326705956954,-1.50825893339192,205.));
#17508=CARTESIAN_POINT('',(3.68326705956954,-1.50825893339192,203.3));
#17509=CARTESIAN_POINT('',(3.68326705956954,-1.50825893339192,206.7));
#17510=CARTESIAN_POINT('',(3.68326705956954,6.49174106660808,203.3));
#17511=CARTESIAN_POINT('',(3.68326705956954,3.09174106660808,203.3));
#17512=CARTESIAN_POINT('',(3.68326705956954,3.09174106660808,205.));
#17513=CARTESIAN_POINT('',(3.68326705956954,3.09174106660808,206.7));
#17514=CARTESIAN_POINT('',(3.68326705956954,6.49174106660808,206.7));
#17515=CARTESIAN_POINT('',(3.68326705956954,6.49174106660808,205.));
#17516=CARTESIAN_POINT('',(3.68326705956954,3.09174106660808,180.));
#17517=CARTESIAN_POINT('',(3.68326705956954,3.09174106660808,176.75));
#17518=CARTESIAN_POINT('',(3.68326705956954,3.09174106660808,183.25));
#17519=CARTESIAN_POINT('',(3.68326705956954,6.49174106660808,176.75));
#17520=CARTESIAN_POINT('',(3.68326705956954,6.49174106660808,176.75));
#17521=CARTESIAN_POINT('',(3.68326705956954,6.49174106660808,180.));
#17522=CARTESIAN_POINT('',(3.68326705956954,6.49174106660808,183.25));
#17523=CARTESIAN_POINT('',(3.68326705956954,6.49174106660808,183.25));
#17524=CARTESIAN_POINT('',(3.68326705956954,6.49174106660808,180.));
#17525=CARTESIAN_POINT('',(3.68326705956954,-1.50825893339192,180.));
#17526=CARTESIAN_POINT('',(3.68326705956954,-1.50825893339192,178.3));
#17527=CARTESIAN_POINT('',(3.68326705956954,-1.50825893339192,181.7));
#17528=CARTESIAN_POINT('',(3.68326705956954,6.49174106660808,178.3));
#17529=CARTESIAN_POINT('',(3.68326705956954,3.09174106660808,178.3));
#17530=CARTESIAN_POINT('',(3.68326705956954,3.09174106660808,180.));
#17531=CARTESIAN_POINT('',(3.68326705956954,3.09174106660808,181.7));
#17532=CARTESIAN_POINT('',(3.68326705956954,6.49174106660808,181.7));
#17533=CARTESIAN_POINT('',(3.68326705956954,6.49174106660808,180.));
#17534=CARTESIAN_POINT('',(3.68326705956954,3.09174106660808,155.));
#17535=CARTESIAN_POINT('',(3.68326705956954,3.09174106660808,151.75));
#17536=CARTESIAN_POINT('',(3.68326705956954,3.09174106660808,158.25));
#17537=CARTESIAN_POINT('',(3.68326705956954,6.49174106660808,151.75));
#17538=CARTESIAN_POINT('',(3.68326705956954,6.49174106660808,151.75));
#17539=CARTESIAN_POINT('',(3.68326705956954,6.49174106660808,155.));
#17540=CARTESIAN_POINT('',(3.68326705956954,6.49174106660808,158.25));
#17541=CARTESIAN_POINT('',(3.68326705956954,6.49174106660808,158.25));
#17542=CARTESIAN_POINT('',(3.68326705956954,6.49174106660808,155.));
#17543=CARTESIAN_POINT('',(3.68326705956954,-1.50825893339192,155.));
#17544=CARTESIAN_POINT('',(3.68326705956954,-1.50825893339192,153.3));
#17545=CARTESIAN_POINT('',(3.68326705956954,-1.50825893339192,156.7));
#17546=CARTESIAN_POINT('',(3.68326705956954,6.49174106660808,153.3));
#17547=CARTESIAN_POINT('',(3.68326705956954,3.09174106660808,153.3));
#17548=CARTESIAN_POINT('',(3.68326705956954,3.09174106660808,155.));
#17549=CARTESIAN_POINT('',(3.68326705956954,3.09174106660808,156.7));
#17550=CARTESIAN_POINT('',(3.68326705956954,6.49174106660808,156.7));
#17551=CARTESIAN_POINT('',(3.68326705956954,6.49174106660808,155.));
#17552=CARTESIAN_POINT('',(3.68326705956954,3.09174106660808,130.));
#17553=CARTESIAN_POINT('',(3.68326705956954,3.09174106660808,126.75));
#17554=CARTESIAN_POINT('',(3.68326705956954,3.09174106660808,133.25));
#17555=CARTESIAN_POINT('',(3.68326705956954,6.49174106660808,126.75));
#17556=CARTESIAN_POINT('',(3.68326705956954,6.49174106660808,126.75));
#17557=CARTESIAN_POINT('',(3.68326705956954,6.49174106660808,130.));
#17558=CARTESIAN_POINT('',(3.68326705956954,6.49174106660808,133.25));
#17559=CARTESIAN_POINT('',(3.68326705956954,6.49174106660808,133.25));
#17560=CARTESIAN_POINT('',(3.68326705956954,6.49174106660808,130.));
#17561=CARTESIAN_POINT('',(3.68326705956954,-1.50825893339192,130.));
#17562=CARTESIAN_POINT('',(3.68326705956954,-1.50825893339192,128.3));
#17563=CARTESIAN_POINT('',(3.68326705956954,-1.50825893339192,131.7));
#17564=CARTESIAN_POINT('',(3.68326705956954,6.49174106660808,128.3));
#17565=CARTESIAN_POINT('',(3.68326705956954,3.09174106660808,128.3));
#17566=CARTESIAN_POINT('',(3.68326705956954,3.09174106660808,130.));
#17567=CARTESIAN_POINT('',(3.68326705956954,3.09174106660808,131.7));
#17568=CARTESIAN_POINT('',(3.68326705956954,6.49174106660808,131.7));
#17569=CARTESIAN_POINT('',(3.68326705956954,6.49174106660808,130.));
#17570=CARTESIAN_POINT('',(3.68326705956954,3.09174106660808,105.));
#17571=CARTESIAN_POINT('',(3.68326705956954,3.09174106660808,101.75));
#17572=CARTESIAN_POINT('',(3.68326705956954,3.09174106660808,108.25));
#17573=CARTESIAN_POINT('',(3.68326705956954,6.49174106660808,101.75));
#17574=CARTESIAN_POINT('',(3.68326705956954,6.49174106660808,101.75));
#17575=CARTESIAN_POINT('',(3.68326705956954,6.49174106660808,105.));
#17576=CARTESIAN_POINT('',(3.68326705956954,6.49174106660808,108.25));
#17577=CARTESIAN_POINT('',(3.68326705956954,6.49174106660808,108.25));
#17578=CARTESIAN_POINT('',(3.68326705956954,6.49174106660808,105.));
#17579=CARTESIAN_POINT('',(3.68326705956954,-1.50825893339192,105.));
#17580=CARTESIAN_POINT('',(3.68326705956954,-1.50825893339192,103.3));
#17581=CARTESIAN_POINT('',(3.68326705956954,-1.50825893339192,106.7));
#17582=CARTESIAN_POINT('',(3.68326705956954,6.49174106660808,103.3));
#17583=CARTESIAN_POINT('',(3.68326705956954,3.09174106660808,103.3));
#17584=CARTESIAN_POINT('',(3.68326705956954,3.09174106660808,105.));
#17585=CARTESIAN_POINT('',(3.68326705956954,3.09174106660808,106.7));
#17586=CARTESIAN_POINT('',(3.68326705956954,6.49174106660808,106.7));
#17587=CARTESIAN_POINT('',(3.68326705956954,6.49174106660808,105.));
#17588=CARTESIAN_POINT('',(9.68326705956954,3.99174106660808,210.));
#17589=CARTESIAN_POINT('',(9.68326705956954,5.24174106660808,210.));
#17590=CARTESIAN_POINT('',(8.43326705956954,3.99174106660808,210.));
#17591=CARTESIAN_POINT('',(8.43326705956954,3.99174106660808,210.));
#17592=CARTESIAN_POINT('',(8.43326705956954,3.99174106660808,175.326913616025));
#17593=CARTESIAN_POINT('',(8.43326705956954,3.99174106660808,175.326913616025));
#17594=CARTESIAN_POINT('',(8.43326705956954,4.00262899896672,175.326913616025));
#17595=CARTESIAN_POINT('',(8.43341788420162,4.01366404982064,175.324737882904));
#17596=CARTESIAN_POINT('',(8.43367921378761,4.02383803958167,175.320868941158));
#17597=CARTESIAN_POINT('',(8.43393887759178,4.03394717772213,175.317024661039));
#17598=CARTESIAN_POINT('',(8.43430847305419,4.04348248751619,175.311481121655));
#17599=CARTESIAN_POINT('',(8.43472600204783,4.05211678757742,175.304976114287));
#17600=CARTESIAN_POINT('',(8.43544172241687,4.06691754278349,175.293825352675));
#17601=CARTESIAN_POINT('',(8.43630840183882,4.07953955311547,175.279643821784));
#17602=CARTESIAN_POINT('',(8.43715117583945,4.09020529521716,175.264496354265));
#17603=CARTESIAN_POINT('',(8.43865259865077,4.10920657964108,175.237510764711));
#17604=CARTESIAN_POINT('',(8.4401218501354,4.12286968141532,175.206623211905));
#17605=CARTESIAN_POINT('',(8.44127862148919,4.13303763300499,175.175209842708));
#17606=CARTESIAN_POINT('',(8.44336324578337,4.15136135690809,175.118599629831));
#17607=CARTESIAN_POINT('',(8.44452183244638,4.15910379101012,175.058054301503));
#17608=CARTESIAN_POINT('',(8.44450327617156,4.15896633067283,174.99851606607));
#17609=CARTESIAN_POINT('',(8.44448361424589,4.15882067994492,174.935430324389));
#17610=CARTESIAN_POINT('',(8.44312812583972,4.1499032023432,174.871078901133));
#17611=CARTESIAN_POINT('',(8.44078050706565,4.1285883056997,174.811749344659));
#17612=CARTESIAN_POINT('',(8.44000600355619,4.12155630270305,174.792175915527));
#17613=CARTESIAN_POINT('',(8.43912390811837,4.11305494143398,174.773013350914));
#17614=CARTESIAN_POINT('',(8.43819660686936,4.1026444832054,174.755015280971));
#17615=CARTESIAN_POINT('',(8.43726443156005,4.0921793057567,174.736922609971));
#17616=CARTESIAN_POINT('',(8.43626502624151,4.07959907251398,174.719664020991));
#17617=CARTESIAN_POINT('',(8.43537808520924,4.0643572333345,174.705359011106));
#17618=CARTESIAN_POINT('',(8.43486128308686,4.05547613013781,174.697023778887));
#17619=CARTESIAN_POINT('',(8.4343777667456,4.04552614720132,174.689595400153));
#17620=CARTESIAN_POINT('',(8.43400553457719,4.03470200437457,174.683999280974));
#17621=CARTESIAN_POINT('',(8.43362988783883,4.02377856923505,174.678351827328));
#17622=CARTESIAN_POINT('',(8.43336479852881,4.0116035241053,174.67450781093));
#17623=CARTESIAN_POINT('',(8.43329021193281,3.99934898170712,174.673422958009));
#17624=CARTESIAN_POINT('',(8.43327482218311,3.99682045311908,174.673199115981));
#17625=CARTESIAN_POINT('',(8.43326705956954,3.99427953049763,174.673086383975));
#17626=CARTESIAN_POINT('',(8.43326705956954,3.99174106660808,174.673086383975));
#17627=CARTESIAN_POINT('',(8.43326705956954,3.99174106660808,174.673086383975));
#17628=CARTESIAN_POINT('',(8.43326705956954,3.99174106660808,210.));
#17629=CARTESIAN_POINT('',(8.43326705956954,3.99174106660808,-17.8));
#17630=CARTESIAN_POINT('',(9.68326705956954,3.99174106660808,-17.8));
#17631=CARTESIAN_POINT('',(9.68326705956954,5.24174106660808,-17.8));
#17632=CARTESIAN_POINT('',(9.68326705956954,5.24174106660808,210.));
#17633=CARTESIAN_POINT('',(9.68326705956954,3.99174106660808,210.));
#17634=CARTESIAN_POINT('',(9.28326705956954,6.49174106660808,210.));
#17635=CARTESIAN_POINT('',(9.28326705956954,6.49174106660808,-17.8));
#17636=CARTESIAN_POINT('',(9.28326705956954,6.49174106660808,210.));
#17637=CARTESIAN_POINT('',(9.68326705956954,6.49174106660808,-17.8));
#17638=CARTESIAN_POINT('',(-1.91673294043046,6.49174106660808,-17.8));
#17639=CARTESIAN_POINT('',(-1.91673294043046,6.49174106660808,210.));
#17640=CARTESIAN_POINT('',(-1.91673294043046,6.49174106660808,210.));
#17641=CARTESIAN_POINT('',(9.68326705956954,6.49174106660808,210.));
#17642=CARTESIAN_POINT('',(3.68326705956954,6.49174106660808,4.99999999999998));
#17643=CARTESIAN_POINT('',(3.68326705956954,6.49174106660808,8.24999999999998));
#17644=CARTESIAN_POINT('',(3.68326705956954,6.49174106660808,30.));
#17645=CARTESIAN_POINT('',(3.68326705956954,6.49174106660808,33.25));
#17646=CARTESIAN_POINT('',(3.68326705956954,6.49174106660808,55.));
#17647=CARTESIAN_POINT('',(3.68326705956954,6.49174106660808,58.25));
#17648=CARTESIAN_POINT('',(3.68326705956954,6.49174106660808,80.));
#17649=CARTESIAN_POINT('',(3.68326705956954,6.49174106660808,83.25));
#17650=CARTESIAN_POINT('',(3.68326705956954,6.49174106660808,205.));
#17651=CARTESIAN_POINT('',(3.68326705956954,6.49174106660808,155.));
#17652=CARTESIAN_POINT('',(3.68326705956954,6.49174106660808,130.));
#17653=CARTESIAN_POINT('',(3.68326705956954,6.49174106660808,105.));
#17654=CARTESIAN_POINT('',(3.68326705956954,6.49174106660808,180.));
#17655=CARTESIAN_POINT('',(9.68326705956954,6.49174106660808,210.));
#17656=CARTESIAN_POINT('',(4.88326705956954,-1.50825893339192,210.));
#17657=CARTESIAN_POINT('',(4.88326705956954,-1.50825893339192,197.250454583026));
#17658=CARTESIAN_POINT('',(4.88326705956954,-1.50825893339192,181.204159457879));
#17659=CARTESIAN_POINT('',(4.88326705956954,-1.50825893339192,181.204159457879));
#17660=CARTESIAN_POINT('',(4.88326705956954,-1.48216932686412,181.204159457879));
#17661=CARTESIAN_POINT('',(4.88682956562644,-1.45570051431001,181.200634144396));
#17662=CARTESIAN_POINT('',(4.8933074000354,-1.43129533262606,181.194069669008));
#17663=CARTESIAN_POINT('',(4.89976188558351,-1.40697811756109,181.187528854772));
#17664=CARTESIAN_POINT('',(4.90921602275667,-1.38403394357439,181.177842697219));
#17665=CARTESIAN_POINT('',(4.92036631520587,-1.36374873093885,181.166012620731));
#17666=CARTESIAN_POINT('',(4.93531635574838,-1.33655081189802,181.150151142306));
#17667=CARTESIAN_POINT('',(4.95365922668651,-1.31332317937265,181.130028427491));
#17668=CARTESIAN_POINT('',(4.97277449062097,-1.29450000745564,181.107777317543));
#17669=CARTESIAN_POINT('',(5.00025876788585,-1.26743570545355,181.075784263336));
#17670=CARTESIAN_POINT('',(5.03007399160408,-1.24843118652891,181.038486066603));
#17671=CARTESIAN_POINT('',(5.0585235849423,-1.23542369824454,180.99933452328));
#17672=CARTESIAN_POINT('',(5.10509966887323,-1.21412856552117,180.935237805054));
#17673=CARTESIAN_POINT('',(5.14951449490956,-1.20772520339385,180.864204455397));
#17674=CARTESIAN_POINT('',(5.18771707725301,-1.20829193963658,180.791599737426));
#17675=CARTESIAN_POINT('',(5.25843117475557,-1.20934098500126,180.657206280469));
#17676=CARTESIAN_POINT('',(5.31102076023365,-1.23413036768881,180.512896572559));
#17677=CARTESIAN_POINT('',(5.34341362027404,-1.25457984656265,180.365941794526));
#17678=CARTESIAN_POINT('',(5.37968091782845,-1.27747524185117,180.201410084288));
#17679=CARTESIAN_POINT('',(5.39149944760428,-1.29149570395203,180.026592360868));
#17680=CARTESIAN_POINT('',(5.37729133090695,-1.27944769649131,179.857585927241));
#17681=CARTESIAN_POINT('',(5.36642640788526,-1.2702346053819,179.728346990748));
#17682=CARTESIAN_POINT('',(5.34071059722364,-1.24928997942699,179.600624836748));
#17683=CARTESIAN_POINT('',(5.30112072611394,-1.23237759425851,179.477937251234));
#17684=CARTESIAN_POINT('',(5.30112072611394,-1.23237759425851,179.477937251234));
#17685=CARTESIAN_POINT('',(5.30112072611394,-1.23237759425851,179.477937251234));
#17686=CARTESIAN_POINT('',(5.33249911002082,-1.24578211667123,179.466600416749));
#17687=CARTESIAN_POINT('',(5.36210259132909,-1.26491523211509,179.455515841904));
#17688=CARTESIAN_POINT('',(5.38746287857246,-1.28847706994153,179.44579454348));
#17689=CARTESIAN_POINT('',(5.41286958564873,-1.3120820356933,179.436055451052));
#17690=CARTESIAN_POINT('',(5.43473262552005,-1.34086278344614,179.427419048579));
#17691=CARTESIAN_POINT('',(5.45077646758735,-1.37246969736063,179.421004750609));
#17692=CARTESIAN_POINT('',(5.46602201353822,-1.402503940806,179.41490960993));
#17693=CARTESIAN_POINT('',(5.47643789513746,-1.43601406061491,179.4106613026));
#17694=CARTESIAN_POINT('',(5.48080673076407,-1.46991647565315,179.408880089413));
#17695=CARTESIAN_POINT('',(5.48244192375129,-1.48260566702089,179.408213406672));
#17696=CARTESIAN_POINT('',(5.48326705956954,-1.49544745808459,179.407876190678));
#17697=CARTESIAN_POINT('',(5.48326705956954,-1.50825893339192,179.407876190678));
#17698=CARTESIAN_POINT('',(5.48326705956954,-1.50825893339192,179.407876190678));
#17699=CARTESIAN_POINT('',(5.48326705956954,-1.50825893339192,210.));
#17700=CARTESIAN_POINT('',(5.48326705956954,-1.50825893339192,197.6));
#17701=CARTESIAN_POINT('',(5.48326705956954,-1.50825893339192,197.6));
#17702=CARTESIAN_POINT('',(5.48326705956954,-1.47928227675293,197.6));
#17703=CARTESIAN_POINT('',(5.47889861874182,-1.44990083923726,197.596708800222));
#17704=CARTESIAN_POINT('',(5.47081613599816,-1.42272806969322,197.590712076285));
#17705=CARTESIAN_POINT('',(5.46276167745091,-1.395649515634,197.584736144643));
#17706=CARTESIAN_POINT('',(5.45088047764162,-1.37002517401636,197.575982676105));
#17707=CARTESIAN_POINT('',(5.43642842223657,-1.34729519693997,197.565574967995));
#17708=CARTESIAN_POINT('',(5.42078165673852,-1.32268619765769,197.554306884419));
#17709=CARTESIAN_POINT('',(5.40180625284637,-1.30086491136006,197.540881149949));
#17710=CARTESIAN_POINT('',(5.38090785451038,-1.28256419225878,197.526537703673));
#17711=CARTESIAN_POINT('',(5.35597804961521,-1.26073317203889,197.509427334187));
#17712=CARTESIAN_POINT('',(5.32775537505792,-1.24339145593065,197.490637944224));
#17713=CARTESIAN_POINT('',(5.29808135756082,-1.23109891286809,197.471685386863));
#17714=CARTESIAN_POINT('',(5.2637739508166,-1.21688697561323,197.449773520891));
#17715=CARTESIAN_POINT('',(5.22662481981224,-1.20907536529401,197.427082325232));
#17716=CARTESIAN_POINT('',(5.18934033454275,-1.20832041413989,197.405439673006));
#17717=CARTESIAN_POINT('',(5.15012093079631,-1.20752628398338,197.382673852058));
#17718=CARTESIAN_POINT('',(5.10954270088347,-1.21460847527473,197.360385577493));
#17719=CARTESIAN_POINT('',(5.07165731779921,-1.22979301888538,197.340606743851));
#17720=CARTESIAN_POINT('',(5.03613650408058,-1.24402983797196,197.322062381667));
#17721=CARTESIAN_POINT('',(5.0018388415177,-1.26596799630942,197.305119443754));
#17722=CARTESIAN_POINT('',(4.97310655153325,-1.29417352785961,197.291436896624));
#17723=CARTESIAN_POINT('',(4.9477960388367,-1.31902001467987,197.279383827306));
#17724=CARTESIAN_POINT('',(4.92602385920311,-1.34957153502241,197.269461726516));
#17725=CARTESIAN_POINT('',(4.91065395050573,-1.38303077055879,197.262570289495));
#17726=CARTESIAN_POINT('',(4.8969396010428,-1.41288596735551,197.256421158913));
#17727=CARTESIAN_POINT('',(4.88791299110807,-1.44595962979787,197.252484641732));
#17728=CARTESIAN_POINT('',(4.8846779777448,-1.47919761519991,197.251070789255));
#17729=CARTESIAN_POINT('',(4.88373910260059,-1.48884404160783,197.250660456808));
#17730=CARTESIAN_POINT('',(4.88326705956954,-1.49855824260741,197.250454583026));
#17731=CARTESIAN_POINT('',(4.88326705956954,-1.50825893339192,197.250454583026));
#17732=CARTESIAN_POINT('',(5.18326705956954,-1.50825893339192,210.));
#17733=CARTESIAN_POINT('',(4.88326705956954,-1.50825893339192,210.));
#17734=CARTESIAN_POINT('',(4.88326705956954,-1.50825893339192,210.));
#17735=CARTESIAN_POINT('',(4.88326705956954,-1.50825893339192,206.204159457879));
#17736=CARTESIAN_POINT('',(4.88326705956954,-1.50825893339192,206.204159457879));
#17737=CARTESIAN_POINT('',(4.88326705956954,-1.48216932686411,206.204159457879));
#17738=CARTESIAN_POINT('',(4.88682956562644,-1.45570051431001,206.200634144396));
#17739=CARTESIAN_POINT('',(4.8933074000354,-1.43129533262606,206.194069669008));
#17740=CARTESIAN_POINT('',(4.89976188558351,-1.4069781175611,206.187528854772));
#17741=CARTESIAN_POINT('',(4.90921602275668,-1.38403394357439,206.177842697219));
#17742=CARTESIAN_POINT('',(4.92036631520587,-1.36374873093885,206.166012620731));
#17743=CARTESIAN_POINT('',(4.93531635574838,-1.33655081189801,206.150151142306));
#17744=CARTESIAN_POINT('',(4.9536592266865,-1.31332317937266,206.130028427491));
#17745=CARTESIAN_POINT('',(4.97277449062097,-1.29450000745564,206.107777317543));
#17746=CARTESIAN_POINT('',(5.00025876788586,-1.26743570545355,206.075784263335));
#17747=CARTESIAN_POINT('',(5.03007399160409,-1.2484311865289,206.038486066603));
#17748=CARTESIAN_POINT('',(5.0585235849423,-1.23542369824454,205.99933452328));
#17749=CARTESIAN_POINT('',(5.10509966887324,-1.21412856552117,205.935237805054));
#17750=CARTESIAN_POINT('',(5.14951449490956,-1.20772520339385,205.864204455397));
#17751=CARTESIAN_POINT('',(5.18771707725301,-1.20829193963658,205.791599737426));
#17752=CARTESIAN_POINT('',(5.25843117475557,-1.20934098500126,205.657206280469));
#17753=CARTESIAN_POINT('',(5.31102076023366,-1.23413036768882,205.512896572559));
#17754=CARTESIAN_POINT('',(5.34341362027404,-1.25457984656266,205.365941794526));
#17755=CARTESIAN_POINT('',(5.37968091782845,-1.27747524185117,205.201410084288));
#17756=CARTESIAN_POINT('',(5.39149944760429,-1.29149570395203,205.026592360868));
#17757=CARTESIAN_POINT('',(5.37729133090695,-1.27944769649131,204.857585927241));
#17758=CARTESIAN_POINT('',(5.36417081819627,-1.26832194081275,204.70151661082));
#17759=CARTESIAN_POINT('',(5.32935189292055,-1.23996024513935,204.5475054119));
#17760=CARTESIAN_POINT('',(5.27441525960835,-1.22244079955558,204.401462277285));
#17761=CARTESIAN_POINT('',(5.24136758769988,-1.21190180481267,204.313608593754));
#17762=CARTESIAN_POINT('',(5.20043817936773,-1.2049847447873,204.227283862493));
#17763=CARTESIAN_POINT('',(5.15303535240791,-1.20978608055251,204.14572769835));
#17764=CARTESIAN_POINT('',(5.11753720910624,-1.21338161516435,204.084653442075));
#17765=CARTESIAN_POINT('',(5.07761430006583,-1.22366773471983,204.025173216939));
#17766=CARTESIAN_POINT('',(5.03708000373949,-1.24628690299983,203.97180229907));
#17767=CARTESIAN_POINT('',(5.01276007993826,-1.25985803902222,203.939780609454));
#17768=CARTESIAN_POINT('',(4.98783842886755,-1.27821631207089,203.909447031458));
#17769=CARTESIAN_POINT('',(4.96496553927413,-1.30248127124971,203.883196970311));
#17770=CARTESIAN_POINT('',(4.94706688541257,-1.32146925715908,203.862655588497));
#17771=CARTESIAN_POINT('',(4.93009045341183,-1.34456142704939,203.844220635292));
#17772=CARTESIAN_POINT('',(4.91641825462939,-1.37117605589798,203.829812779884));
#17773=CARTESIAN_POINT('',(4.90543904462301,-1.39254844844584,203.818242814235));
#17774=CARTESIAN_POINT('',(4.89639213966901,-1.41671425842392,203.809036511751));
#17775=CARTESIAN_POINT('',(4.89065182860698,-1.44210512315601,203.803245213297));
#17776=CARTESIAN_POINT('',(4.88584634465375,-1.46336100837029,203.798397045404));
#17777=CARTESIAN_POINT('',(4.88326705956954,-1.48593383397023,203.795840542121));
#17778=CARTESIAN_POINT('',(4.88326705956954,-1.50825893339192,203.795840542121));
#17779=CARTESIAN_POINT('',(4.88326705956954,-1.50825893339192,203.795840542121));
#17780=CARTESIAN_POINT('',(4.88326705956954,-1.50825893339192,210.));
#17781=CARTESIAN_POINT('',(4.88326705956954,-1.50825893339192,202.749545416973));
#17782=CARTESIAN_POINT('',(4.88326705956954,-1.50825893339192,202.749545416973));
#17783=CARTESIAN_POINT('',(4.88326705956954,-1.47689381999291,202.749545416973));
#17784=CARTESIAN_POINT('',(4.88835000656205,-1.4450955321294,202.747341518088));
#17785=CARTESIAN_POINT('',(4.89795413148541,-1.41554144276551,202.743088645545));
#17786=CARTESIAN_POINT('',(4.90754841092028,-1.38601765022185,202.738840132756));
#17787=CARTESIAN_POINT('',(4.92188643628621,-1.35794010967154,202.732434705594));
#17788=CARTESIAN_POINT('',(4.93952744876317,-1.3333560971543,202.724299879702));
#17789=CARTESIAN_POINT('',(4.95766782212165,-1.30807618953594,202.715934782795));
#17790=CARTESIAN_POINT('',(4.9797251089063,-1.28584027670289,202.705533702697));
#17791=CARTESIAN_POINT('',(5.00375327826257,-1.26789503776515,202.69375502714));
#17792=CARTESIAN_POINT('',(5.02966337998656,-1.24854429325174,202.681053823093));
#17793=CARTESIAN_POINT('',(5.05846432003544,-1.23368997953309,202.666447486773));
#17794=CARTESIAN_POINT('',(5.0878995686722,-1.22382081766207,202.650850337981));
#17795=CARTESIAN_POINT('',(5.12044173588489,-1.21290995634001,202.633606895253));
#17796=CARTESIAN_POINT('',(5.15452746320016,-1.20779526045944,202.614740513569));
#17797=CARTESIAN_POINT('',(5.18775600341585,-1.2082925196334,202.595479342596));
#17798=CARTESIAN_POINT('',(5.22461047938949,-1.20884404028886,202.574116370939));
#17799=CARTESIAN_POINT('',(5.26135490464883,-1.21628740908465,202.551718216389));
#17800=CARTESIAN_POINT('',(5.29537331231863,-1.22999253568181,202.53004217946));
#17801=CARTESIAN_POINT('',(5.33156407991369,-1.2445728492683,202.506981946233));
#17802=CARTESIAN_POINT('',(5.36577821596691,-1.26671741583975,202.484026977121));
#17803=CARTESIAN_POINT('',(5.39462799618909,-1.29535859409837,202.463989396205));
#17804=CARTESIAN_POINT('',(5.41672055101528,-1.31729140592891,202.448645038239));
#17805=CARTESIAN_POINT('',(5.43622370402142,-1.34363790914975,202.434641902077));
#17806=CARTESIAN_POINT('',(5.45108155502572,-1.37307241030788,202.423805254069));
#17807=CARTESIAN_POINT('',(5.46360674423197,-1.39788573600958,202.414669944622));
#17808=CARTESIAN_POINT('',(5.47308962587317,-1.42553283915965,202.407608344353));
#17809=CARTESIAN_POINT('',(5.47832888916409,-1.45405084620635,202.403695702025));
#17810=CARTESIAN_POINT('',(5.48158545953216,-1.47177679192583,202.401263719824));
#17811=CARTESIAN_POINT('',(5.48326705956954,-1.4900729789315,202.4));
#17812=CARTESIAN_POINT('',(5.48326705956954,-1.50825893339192,202.4));
#17813=CARTESIAN_POINT('',(5.48326705956954,-1.50825893339192,202.4));
#17814=CARTESIAN_POINT('',(5.48326705956954,-1.50825893339192,210.));
#17815=CARTESIAN_POINT('',(5.48326705956954,-1.50825893339192,210.));
#17816=CARTESIAN_POINT('',(5.18326705956954,-1.50825893339192,210.));
#17817=CARTESIAN_POINT('',(5.18326705956954,-1.50825893339192,210.));
#17818=CARTESIAN_POINT('',(-2.31673294043046,6.09174106660808,-17.8));
#17819=CARTESIAN_POINT('',(-2.31673294043046,6.09174106660808,-17.8));
#17820=CARTESIAN_POINT('',(-2.31673294043046,6.09174106660808,210.));
#17821=CARTESIAN_POINT('',(-2.31673294043046,6.09174106660808,210.));
#17822=CARTESIAN_POINT('',(-2.31673294043046,6.09174106660808,210.));
#17823=CARTESIAN_POINT('',(-2.31673294043046,6.09174106660808,210.));
#17824=CARTESIAN_POINT('',(-2.31673294043046,-1.50825893339192,210.));
#17825=CARTESIAN_POINT('',(-2.31673294043046,-1.10825893339192,210.));
#17826=CARTESIAN_POINT('',(-2.31673294043046,2.74174106660808,210.));
#17827=CARTESIAN_POINT('',(-1.91673294043046,-1.50825893339192,210.));
#17828=CARTESIAN_POINT('',(-1.91673294043046,-1.50825893339192,210.));
#17829=CARTESIAN_POINT('',(5.18326705956954,-1.50825893339192,210.));
#17830=CARTESIAN_POINT('',(5.18326705956954,-1.50825893339192,210.));
#17831=CARTESIAN_POINT('',(9.28326705956954,-1.50825893339192,210.));
#17832=CARTESIAN_POINT('',(9.68326705956954,-1.10825893339192,210.));
#17833=CARTESIAN_POINT('',(9.68326705956954,-1.10825893339192,210.));
#17834=CARTESIAN_POINT('',(9.68326705956954,-1.50825893339192,210.));
#17835=CARTESIAN_POINT('',(9.68326705956954,2.74174106660808,210.));
#17836=CARTESIAN_POINT('',(9.68326705956954,3.99174106660808,210.));
#17837=CARTESIAN_POINT('',(9.68326705956954,5.24174106660808,210.));
#17838=CARTESIAN_POINT('',(9.68326705956954,6.09174106660808,210.));
#17839=CARTESIAN_POINT('',(9.28326705956954,6.49174106660808,210.));
#17840=CARTESIAN_POINT('',(-2.31673294043046,-1.50825893339192,210.));
#17841=CARTESIAN_POINT('',(-2.31673294043046,5.24174106660808,210.));
#17842=CARTESIAN_POINT('',(-2.31673294043046,3.99174106660808,210.));
#17843=CARTESIAN_POINT('',(5.18326705956954,-1.50825893339192,210.));
#17844=CARTESIAN_POINT('',(9.28326705956954,6.49174106660808,-17.8));
#17845=CARTESIAN_POINT('',(9.68326705956954,6.09174106660808,-17.8));
#17846=CARTESIAN_POINT('',(9.68326705956954,6.09174106660808,210.));
#17847=CARTESIAN_POINT('',(9.28326705956954,6.49174106660808,210.));
#17848=CARTESIAN_POINT('',(9.68326705956954,5.24174106660808,-17.8));
#17849=CARTESIAN_POINT('',(9.68326705956954,3.99174106660808,-17.8));
#17850=CARTESIAN_POINT('',(9.68326705956954,2.74174106660808,-17.8));
#17851=CARTESIAN_POINT('',(9.68326705956954,-1.50825893339192,-17.8));
#17852=CARTESIAN_POINT('',(9.68326705956954,-1.10825893339192,-17.8));
#17853=CARTESIAN_POINT('',(9.68326705956954,-1.10825893339192,-17.8));
#17854=CARTESIAN_POINT('',(9.28326705956954,-1.50825893339192,-17.8));
#17855=CARTESIAN_POINT('',(-2.31673294043046,-1.50825893339192,-17.8));
#17856=CARTESIAN_POINT('',(-2.31673294043046,-1.50825893339192,-17.8));
#17857=CARTESIAN_POINT('',(-1.91673294043046,-1.50825893339192,-17.8));
#17858=CARTESIAN_POINT('',(-1.91673294043046,-1.50825893339192,-17.8));
#17859=CARTESIAN_POINT('',(-2.31673294043046,-1.10825893339192,-17.8));
#17860=CARTESIAN_POINT('',(-2.31673294043046,2.74174106660808,-17.8));
#17861=CARTESIAN_POINT('',(-2.31673294043046,2.74174106660808,-17.8));
#17862=CARTESIAN_POINT('',(-2.31673294043046,3.99174106660808,-17.8));
#17863=CARTESIAN_POINT('',(-2.31673294043046,5.24174106660808,-17.8));
#17864=CARTESIAN_POINT('',(-2.31673294043046,6.49174106660808,-17.8));
#17865=CARTESIAN_POINT('',(3.68326705956955,14.9917410666081,-17.8));
#17866=CARTESIAN_POINT('',(-2.31673294043046,5.24174106660808,210.));
#17867=CARTESIAN_POINT('',(-2.31673294043046,6.49174106660808,210.));
#17868=CARTESIAN_POINT('',(-1.06673294043046,3.99174106660808,175.326913616025));
#17869=CARTESIAN_POINT('',(-1.06673294043046,3.98085313424945,175.326913616025));
#17870=CARTESIAN_POINT('',(-1.06688376506254,3.96981808339552,175.324737882904));
#17871=CARTESIAN_POINT('',(-1.06714509464853,3.95964409363449,175.320868941158));
#17872=CARTESIAN_POINT('',(-1.0674047584527,3.94953495549404,175.317024661039));
#17873=CARTESIAN_POINT('',(-1.06777435391511,3.93999964569998,175.311481121655));
#17874=CARTESIAN_POINT('',(-1.06819188290875,3.93136534563874,175.304976114287));
#17875=CARTESIAN_POINT('',(-1.06890760327779,3.91656459043267,175.293825352675));
#17876=CARTESIAN_POINT('',(-1.06977428269974,3.90394258010069,175.279643821784));
#17877=CARTESIAN_POINT('',(-1.07061705670037,3.893276837999,175.264496354265));
#17878=CARTESIAN_POINT('',(-1.07211847951169,3.87427555357509,175.237510764711));
#17879=CARTESIAN_POINT('',(-1.07358773099632,3.86061245180084,175.206623211905));
#17880=CARTESIAN_POINT('',(-1.07474450235011,3.85044450021117,175.175209842708));
#17881=CARTESIAN_POINT('',(-1.07682912664429,3.83212077630807,175.118599629831));
#17882=CARTESIAN_POINT('',(-1.0779877133073,3.82437834220605,175.058054301503));
#17883=CARTESIAN_POINT('',(-1.07796915703248,3.82451580254333,174.99851606607));
#17884=CARTESIAN_POINT('',(-1.07794949510681,3.82466145327124,174.935430324389));
#17885=CARTESIAN_POINT('',(-1.07659400670064,3.83357893087297,174.871078901133));
#17886=CARTESIAN_POINT('',(-1.07424638792657,3.85489382751646,174.811749344659));
#17887=CARTESIAN_POINT('',(-1.07347235496945,3.86192155819482,174.792187807433));
#17888=CARTESIAN_POINT('',(-1.0725908700905,3.87041685798107,174.773036762774));
#17889=CARTESIAN_POINT('',(-1.07166418556221,3.88081859074852,174.75504823656));
#17890=CARTESIAN_POINT('',(-1.07073264352219,3.891274847507,174.736965417763));
#17891=CARTESIAN_POINT('',(-1.06973394713082,3.90384276192541,174.719715649725));
#17892=CARTESIAN_POINT('',(-1.0688472647201,3.91906823566738,174.705412218135));
#17893=CARTESIAN_POINT('',(-1.06833048695395,3.92794197243473,174.697075867559));
#17894=CARTESIAN_POINT('',(-1.06784686363714,3.93788311665988,174.689644504902));
#17895=CARTESIAN_POINT('',(-1.06747422492221,3.94869850945029,174.684041521449));
#17896=CARTESIAN_POINT('',(-1.06709817530336,3.95961289964535,174.678387251757));
#17897=CARTESIAN_POINT('',(-1.06683234226451,3.97177805629897,174.67453202958));
#17898=CARTESIAN_POINT('',(-1.06675674723106,3.98402637706569,174.673432476859));
#17899=CARTESIAN_POINT('',(-1.06674037726588,3.98667872835488,174.673194370744));
#17900=CARTESIAN_POINT('',(-1.06673240012453,3.98934500808856,174.67307853341));
#17901=CARTESIAN_POINT('',(-1.06673296894528,3.99200806295606,174.673086798291));
#17902=CARTESIAN_POINT('',(-1.06673294043046,3.99174106660808,175.326913616025));
#17903=CARTESIAN_POINT('',(-1.06673296894528,3.99200806295606,174.673086798291));
#17904=CARTESIAN_POINT('',(-1.06673296894528,3.99200806295606,174.673086798291));
#17905=CARTESIAN_POINT('',(-1.06673529907119,4.0029170410667,174.673120654672));
#17906=CARTESIAN_POINT('',(-1.06688904737776,4.01396627657962,174.675338897191));
#17907=CARTESIAN_POINT('',(-1.06715306899742,4.02414700602329,174.679249139598));
#17908=CARTESIAN_POINT('',(-1.06741538982946,4.03426215273679,174.683134192811));
#17909=CARTESIAN_POINT('',(-1.06778744299285,4.04379706887499,174.688717816502));
#17910=CARTESIAN_POINT('',(-1.06820701032211,4.05242880710886,174.695259658906));
#17911=CARTESIAN_POINT('',(-1.06892821667088,4.06726615020276,174.706504619954));
#17912=CARTESIAN_POINT('',(-1.06980001395733,4.07990521916893,174.720788433692));
#17913=CARTESIAN_POINT('',(-1.07064662193688,4.09057874597745,174.73603556844));
#17914=CARTESIAN_POINT('',(-1.07215644770058,4.1096137257489,174.76322704008));
#17915=CARTESIAN_POINT('',(-1.07363030253885,4.12327049303051,174.794327531182));
#17916=CARTESIAN_POINT('',(-1.07478698270653,4.1334105343633,174.825947585126));
#17917=CARTESIAN_POINT('',(-1.0768683639353,4.15165697125975,174.8828461026));
#17918=CARTESIAN_POINT('',(-1.07801154129779,4.15928031759788,174.943668838497));
#17919=CARTESIAN_POINT('',(-1.07796813340938,4.15895874774866,175.003456802224));
#17920=CARTESIAN_POINT('',(-1.07792218396173,4.15861834978198,175.066745388931));
#17921=CARTESIAN_POINT('',(-1.07652939863308,4.14945640898278,175.131310563088));
#17922=CARTESIAN_POINT('',(-1.07414900549303,4.12770122487293,175.190695821211));
#17923=CARTESIAN_POINT('',(-1.07337370489365,4.12061550151231,175.21003776328));
#17924=CARTESIAN_POINT('',(-1.0724941183053,4.11207197749718,175.22896315099));
#17925=CARTESIAN_POINT('',(-1.07157299990079,4.10163520885482,175.246715466071));
#17926=CARTESIAN_POINT('',(-1.07064697022249,4.0911427928298,175.264562434001));
#17927=CARTESIAN_POINT('',(-1.06965748324454,4.07854689939355,175.281564520246));
#17928=CARTESIAN_POINT('',(-1.0687843652646,4.06332565811743,175.295600690247));
#17929=CARTESIAN_POINT('',(-1.06827398660686,4.05442812437041,175.303805493915));
#17930=CARTESIAN_POINT('',(-1.06779853531781,4.04446626922778,175.311091637918));
#17931=CARTESIAN_POINT('',(-1.06743572494243,4.03365129655095,175.316536831305));
#17932=CARTESIAN_POINT('',(-1.06706960688475,4.02273772555358,175.322031667622));
#17933=CARTESIAN_POINT('',(-1.06681573182544,4.01059607390462,175.325709817315));
#17934=CARTESIAN_POINT('',(-1.06675072275607,3.99840856222511,175.32665513915));
#17935=CARTESIAN_POINT('',(-1.06673889453651,3.9961910783349,175.326827137832));
#17936=CARTESIAN_POINT('',(-1.06673294043046,3.99396524246816,175.326913616025));
#17937=CARTESIAN_POINT('',(-1.06673294043046,3.99174106660808,175.326913616025));
#17938=CARTESIAN_POINT('',(-2.31673294043046,2.74174106660808,210.));
#17939=CARTESIAN_POINT('',(-2.31673294043046,3.99174106660808,210.));
#17940=CARTESIAN_POINT('',(-2.31673294043046,-1.10825893339192,210.));
#17941=CARTESIAN_POINT('',(-2.31673294043046,2.74174106660808,210.));
#17942=CARTESIAN_POINT('',(3.68326705956954,-1.50825893339192,4.99999999999998));
#17943=CARTESIAN_POINT('',(3.68326705956954,-1.50825893339192,3.29999999999998));
#17944=CARTESIAN_POINT('',(3.68326705956954,-1.50825893339192,4.99999999999998));
#17945=CARTESIAN_POINT('',(3.68326705956954,-1.50825893339192,6.69999999999998));
#17946=CARTESIAN_POINT('',(3.68326705956954,-1.50825893339192,4.99999999999998));
#17947=CARTESIAN_POINT('',(3.68326705956954,-1.50825893339192,30.));
#17948=CARTESIAN_POINT('',(3.68326705956954,-1.50825893339192,28.3));
#17949=CARTESIAN_POINT('',(3.68326705956954,-1.50825893339192,30.));
#17950=CARTESIAN_POINT('',(3.68326705956954,-1.50825893339192,31.7));
#17951=CARTESIAN_POINT('',(3.68326705956954,-1.50825893339192,30.));
#17952=CARTESIAN_POINT('',(3.68326705956954,-1.50825893339192,55.));
#17953=CARTESIAN_POINT('',(3.68326705956954,-1.50825893339192,53.3));
#17954=CARTESIAN_POINT('',(3.68326705956954,-1.50825893339192,55.));
#17955=CARTESIAN_POINT('',(3.68326705956954,-1.50825893339192,56.7));
#17956=CARTESIAN_POINT('',(3.68326705956954,-1.50825893339192,55.));
#17957=CARTESIAN_POINT('',(3.68326705956954,-1.50825893339192,80.));
#17958=CARTESIAN_POINT('',(3.68326705956954,-1.50825893339192,78.3));
#17959=CARTESIAN_POINT('',(3.68326705956954,-1.50825893339192,80.));
#17960=CARTESIAN_POINT('',(3.68326705956954,-1.50825893339192,81.7));
#17961=CARTESIAN_POINT('',(3.68326705956954,-1.50825893339192,80.));
#17962=CARTESIAN_POINT('',(3.68326705956954,-1.50825893339192,105.));
#17963=CARTESIAN_POINT('',(3.68326705956954,-1.50825893339192,105.));
#17964=CARTESIAN_POINT('',(3.68326705956954,-1.50825893339192,130.));
#17965=CARTESIAN_POINT('',(3.68326705956954,-1.50825893339192,130.));
#17966=CARTESIAN_POINT('',(3.68326705956954,-1.50825893339192,150.));
#17967=CARTESIAN_POINT('',(9.28326705956954,-1.50825893339192,210.));
#17968=CARTESIAN_POINT('',(3.68326705956954,-1.50825893339192,200.));
#17969=CARTESIAN_POINT('',(3.68326705956954,-1.50825893339192,205.));
#17970=CARTESIAN_POINT('',(3.68326705956954,-1.50825893339192,205.));
#17971=CARTESIAN_POINT('',(-1.91673294043046,-1.50825893339192,210.));
#17972=CARTESIAN_POINT('',(3.68326705956954,-1.50825893339192,175.));
#17973=CARTESIAN_POINT('',(5.30112072611394,-1.50825893339192,179.477937251234));
#17974=CARTESIAN_POINT('',(3.68326705956954,-1.50825893339192,180.));
#17975=CARTESIAN_POINT('',(3.68326705956954,-1.50825893339192,180.));
#17976=CARTESIAN_POINT('',(3.68326705956954,-1.50825893339192,200.));
#17977=CARTESIAN_POINT('',(3.68326705956954,-1.50825893339192,150.));
#17978=CARTESIAN_POINT('',(5.48326705956954,-1.50825893339192,153.924472589724));
#17979=CARTESIAN_POINT('',(5.1096785439707,-1.50825893339192,154.07514851075));
#17980=CARTESIAN_POINT('',(3.68326705956954,-1.50825893339192,155.));
#17981=CARTESIAN_POINT('',(3.68326705956954,-1.50825893339192,155.));
#17982=CARTESIAN_POINT('',(4.88326705956954,-1.50825893339192,156.204159457879));
#17983=CARTESIAN_POINT('',(4.88326705956954,-1.50825893339192,210.));
#17984=CARTESIAN_POINT('',(4.88326705956954,-1.50825893339192,170.392465679743));
#17985=CARTESIAN_POINT('',(3.68326705956954,-1.50825893339192,175.));
#17986=CARTESIAN_POINT('',(5.48326705956954,-1.50825893339192,170.592123809322));
#17987=CARTESIAN_POINT('',(5.48326705956954,-1.50825893339192,210.));
#17988=CARTESIAN_POINT('',(-2.31673294043046,-1.50825893339192,210.));
#17989=CARTESIAN_POINT('',(9.68326705956954,2.74174106660808,210.));
#17990=CARTESIAN_POINT('',(9.68326705956954,-1.10825893339192,210.));
#17991=CARTESIAN_POINT('',(9.68326705956954,-1.50825893339192,210.));
#17992=CARTESIAN_POINT('',(8.43326705956954,3.99174106660808,174.673086383975));
#17993=CARTESIAN_POINT('',(8.43326705956954,3.98085313424945,174.673086383975));
#17994=CARTESIAN_POINT('',(8.43341788420162,3.96981808339552,174.675262117096));
#17995=CARTESIAN_POINT('',(8.43367921378761,3.95964409363449,174.679131058842));
#17996=CARTESIAN_POINT('',(8.43393887759178,3.94953495549404,174.682975338961));
#17997=CARTESIAN_POINT('',(8.43430847305419,3.93999964569998,174.688518878345));
#17998=CARTESIAN_POINT('',(8.43472600204783,3.93136534563874,174.695023885713));
#17999=CARTESIAN_POINT('',(8.43544172241687,3.91656459043267,174.706174647325));
#18000=CARTESIAN_POINT('',(8.43630840183882,3.90394258010069,174.720356178216));
#18001=CARTESIAN_POINT('',(8.43715117583945,3.893276837999,174.735503645735));
#18002=CARTESIAN_POINT('',(8.43865259865077,3.87427555357509,174.762489235289));
#18003=CARTESIAN_POINT('',(8.44012185013541,3.86061245180083,174.793376788095));
#18004=CARTESIAN_POINT('',(8.4412786214892,3.85044450021116,174.824790157291));
#18005=CARTESIAN_POINT('',(8.44336324578338,3.83212077630806,174.881400370169));
#18006=CARTESIAN_POINT('',(8.44452183244638,3.82437834220605,174.941945698497));
#18007=CARTESIAN_POINT('',(8.44450327617156,3.82451580254333,175.00148393393));
#18008=CARTESIAN_POINT('',(8.44448361424589,3.82466145327124,175.064569675611));
#18009=CARTESIAN_POINT('',(8.44312812583972,3.83357893087297,175.128921098868));
#18010=CARTESIAN_POINT('',(8.44078050706565,3.85489382751646,175.188250655341));
#18011=CARTESIAN_POINT('',(8.44000600355619,3.86192583051311,175.207824084473));
#18012=CARTESIAN_POINT('',(8.43912390811837,3.87042719178219,175.226986649086));
#18013=CARTESIAN_POINT('',(8.43819660686936,3.88083765001076,175.244984719029));
#18014=CARTESIAN_POINT('',(8.43726443156005,3.89130282745946,175.26307739003));
#18015=CARTESIAN_POINT('',(8.43626502624149,3.90388306070221,175.280335979009));
#18016=CARTESIAN_POINT('',(8.43537808520923,3.91912489988168,175.294640988894));
#18017=CARTESIAN_POINT('',(8.43486128308685,3.92800600307837,175.302976221113));
#18018=CARTESIAN_POINT('',(8.4343777667456,3.93795598601485,175.310404599847));
#18019=CARTESIAN_POINT('',(8.43400553457719,3.94878012884159,175.316000719026));
#18020=CARTESIAN_POINT('',(8.43362988783883,3.95970356398112,175.321648172672));
#18021=CARTESIAN_POINT('',(8.43336479852882,3.97187860911087,175.32549218907));
#18022=CARTESIAN_POINT('',(8.43329021193282,3.98413315150904,175.326577041991));
#18023=CARTESIAN_POINT('',(8.43327482218311,3.98666168009709,175.326800884019));
#18024=CARTESIAN_POINT('',(8.43326705956954,3.98920260271854,175.326913616025));
#18025=CARTESIAN_POINT('',(8.43326705956954,3.99174106660808,175.326913616025));
#18026=CARTESIAN_POINT('',(9.68326705956954,3.99174106660808,210.));
#18027=CARTESIAN_POINT('',(9.68326705956954,5.24174106660808,210.));
#18028=CARTESIAN_POINT('',(-1.91673294043046,-1.50825893339192,210.));
#18029=CARTESIAN_POINT('',(4.88326705956954,-1.50825893339192,156.204159457879));
#18030=CARTESIAN_POINT('',(4.88326705956954,-1.48216932686411,156.204159457879));
#18031=CARTESIAN_POINT('',(4.88682956562644,-1.45570051431001,156.200634144396));
#18032=CARTESIAN_POINT('',(4.8933074000354,-1.43129533262606,156.194069669008));
#18033=CARTESIAN_POINT('',(4.89976188558351,-1.40697811756109,156.187528854772));
#18034=CARTESIAN_POINT('',(4.90921602275667,-1.38403394357439,156.177842697219));
#18035=CARTESIAN_POINT('',(4.92036631520587,-1.36374873093885,156.166012620731));
#18036=CARTESIAN_POINT('',(4.93531635574838,-1.33655081189802,156.150151142306));
#18037=CARTESIAN_POINT('',(4.95365922668651,-1.31332317937265,156.130028427491));
#18038=CARTESIAN_POINT('',(4.97277449062097,-1.29450000745564,156.107777317543));
#18039=CARTESIAN_POINT('',(5.00025876788585,-1.26743570545356,156.075784263335));
#18040=CARTESIAN_POINT('',(5.03007399160409,-1.2484311865289,156.038486066603));
#18041=CARTESIAN_POINT('',(5.0585235849423,-1.23542369824454,155.99933452328));
#18042=CARTESIAN_POINT('',(5.10509966887324,-1.21412856552117,155.935237805054));
#18043=CARTESIAN_POINT('',(5.14951449490956,-1.20772520339385,155.864204455397));
#18044=CARTESIAN_POINT('',(5.18771707725301,-1.20829193963658,155.791599737426));
#18045=CARTESIAN_POINT('',(5.25843117475556,-1.20934098500126,155.657206280469));
#18046=CARTESIAN_POINT('',(5.31102076023365,-1.23413036768881,155.512896572559));
#18047=CARTESIAN_POINT('',(5.34341362027404,-1.25457984656265,155.365941794526));
#18048=CARTESIAN_POINT('',(5.37968091782845,-1.27747524185117,155.201410084288));
#18049=CARTESIAN_POINT('',(5.39149944760429,-1.29149570395204,155.026592360868));
#18050=CARTESIAN_POINT('',(5.37729133090695,-1.27944769649131,154.857585927241));
#18051=CARTESIAN_POINT('',(5.36417081819627,-1.26832194081275,154.70151661082));
#18052=CARTESIAN_POINT('',(5.32935189292056,-1.23996024513935,154.5475054119));
#18053=CARTESIAN_POINT('',(5.27441525960835,-1.22244079955558,154.401462277285));
#18054=CARTESIAN_POINT('',(5.23177933144574,-1.20884408315119,154.288119245128));
#18055=CARTESIAN_POINT('',(5.17535360486378,-1.20080693598761,154.176440082624));
#18056=CARTESIAN_POINT('',(5.10967854397074,-1.21742439216234,154.07514851075));
#18057=CARTESIAN_POINT('',(5.1096785439707,-1.21742439216278,154.07514851075));
#18058=CARTESIAN_POINT('',(5.1096785439707,-1.21742439216278,154.07514851075));
#18059=CARTESIAN_POINT('',(5.14450236686754,-1.20861308170556,154.062959236965));
#18060=CARTESIAN_POINT('',(5.18109014846025,-1.20617502710327,154.049621549147));
#18061=CARTESIAN_POINT('',(5.21636193019932,-1.21008997199922,154.036224129697));
#18062=CARTESIAN_POINT('',(5.25161139133551,-1.2140024394493,154.022835188368));
#18063=CARTESIAN_POINT('',(5.2865403846571,-1.22435318577795,154.009012328729));
#18064=CARTESIAN_POINT('',(5.31833436024026,-1.2403842905279,153.996003006727));
#18065=CARTESIAN_POINT('',(5.350467168706,-1.25658624102248,153.982855042546));
#18066=CARTESIAN_POINT('',(5.38034049669003,-1.27909946334774,153.970158124792));
#18067=CARTESIAN_POINT('',(5.40509513514009,-1.30628788376187,153.959393032483));
#18068=CARTESIAN_POINT('',(5.42884215773915,-1.33236962336428,153.949066123816));
#18069=CARTESIAN_POINT('',(5.44858569121321,-1.36362110689604,153.940222296289));
#18070=CARTESIAN_POINT('',(5.46199321848931,-1.3973007055139,153.934160438908));
#18071=CARTESIAN_POINT('',(5.47426372326653,-1.42812411293458,153.928612656054));
#18072=CARTESIAN_POINT('',(5.48157091214854,-1.46193605143609,153.925250415354));
#18073=CARTESIAN_POINT('',(5.48299715427445,-1.49553610634032,153.92459637335));
#18074=CARTESIAN_POINT('',(5.48317702515946,-1.49977358572908,153.924513888678));
#18075=CARTESIAN_POINT('',(5.48326705956954,-1.50401683617161,153.924472589724));
#18076=CARTESIAN_POINT('',(5.48326705956954,-1.50825893339192,153.924472589724));
#18077=CARTESIAN_POINT('',(5.48326705956954,-1.50825893339192,170.592123809322));
#18078=CARTESIAN_POINT('',(5.48326705956954,-1.47643105651252,170.592123809322));
#18079=CARTESIAN_POINT('',(5.47803640443771,-1.44416512272201,170.589978505506));
#18080=CARTESIAN_POINT('',(5.46813487273488,-1.41418274606271,170.585974694016));
#18081=CARTESIAN_POINT('',(5.45824588430501,-1.38423835111635,170.581975954559));
#18082=CARTESIAN_POINT('',(5.44346636884021,-1.35576324298243,170.576035921777));
#18083=CARTESIAN_POINT('',(5.42515165444659,-1.33079952180391,170.568836431537));
#18084=CARTESIAN_POINT('',(5.40620462914904,-1.304973934436,170.561388380709));
#18085=CARTESIAN_POINT('',(5.38301416451,-1.28222793542565,170.552418577795));
#18086=CARTESIAN_POINT('',(5.35740734246757,-1.26397393206725,170.542800562515));
#18087=CARTESIAN_POINT('',(5.33003693196713,-1.24446274226134,170.532520137009));
#18088=CARTESIAN_POINT('',(5.29920285879115,-1.22957044701394,170.521242061216));
#18089=CARTESIAN_POINT('',(5.26724135042459,-1.22025143613639,170.509966819916));
#18090=CARTESIAN_POINT('',(5.2336456662861,-1.21045594894178,170.498115081226));
#18091=CARTESIAN_POINT('',(5.19788439015118,-1.20656347816576,170.485947915748));
#18092=CARTESIAN_POINT('',(5.16284021975036,-1.20895516760371,170.474490550666));
#18093=CARTESIAN_POINT('',(5.1274106303826,-1.21137316105918,170.462907176442));
#18094=CARTESIAN_POINT('',(5.09169947553431,-1.22031313050125,170.451718673963));
#18095=CARTESIAN_POINT('',(5.05891976271165,-1.23524290865319,170.441825787371));
#18096=CARTESIAN_POINT('',(5.02700801217648,-1.24977736655122,170.432194850983));
#18097=CARTESIAN_POINT('',(4.99695071271564,-1.27043949509164,170.423505992031));
#18098=CARTESIAN_POINT('',(4.97166960731939,-1.29559366071853,170.41639973522));
#18099=CARTESIAN_POINT('',(4.94747005186563,-1.31967170700804,170.409597490892));
#18100=CARTESIAN_POINT('',(4.92695237758291,-1.34857555436719,170.404039363336));
#18101=CARTESIAN_POINT('',(4.91214737588485,-1.37982950873107,170.400084165931));
#18102=CARTESIAN_POINT('',(4.89790586024909,-1.40989392134177,170.396279505396));
#18103=CARTESIAN_POINT('',(4.88854634197287,-1.44299028000725,170.393842385696));
#18104=CARTESIAN_POINT('',(4.88497738725573,-1.47627031993464,170.392911461598));
#18105=CARTESIAN_POINT('',(4.88383912501546,-1.48688446771918,170.392614557929));
#18106=CARTESIAN_POINT('',(4.88326705956954,-1.49757979831887,170.392465679743));
#18107=CARTESIAN_POINT('',(4.88326705956954,-1.50825893339192,170.392465679743));
#18108=CARTESIAN_POINT('',(5.18326705956954,-1.50825893339192,210.));
#18109=CARTESIAN_POINT('',(9.68326705956954,-1.10825893339192,210.));
#18110=CARTESIAN_POINT('',(3.68326705956954,-14.9750692498232,150.));
#18111=CARTESIAN_POINT('',(5.1096785439707,0.779270819661318,154.07514851075));
#18112=CARTESIAN_POINT('',(3.68326705956954,-14.9750692498232,150.));
#18113=CARTESIAN_POINT('',(3.68326705956954,-14.9750692498232,175.));
#18114=CARTESIAN_POINT('',(3.68326705956954,-14.9750692498232,175.));
#18115=CARTESIAN_POINT('',(5.30112072611394,0.779270819661318,179.477937251234));
#18116=CARTESIAN_POINT('',(3.68326705956954,-14.9750692498232,175.));
#18117=CARTESIAN_POINT('',(3.68326705956954,-14.9750692498232,175.));
#18118=CARTESIAN_POINT('',(3.68326705956954,-14.9750692498232,200.));
#18119=CARTESIAN_POINT('',(3.68326705956954,-14.9750692498232,200.));
#18120=CARTESIAN_POINT('',(3.68326705956954,3.09174106660808,105.));
#18121=CARTESIAN_POINT('',(3.68326705956954,6.49174106660808,105.));
#18122=CARTESIAN_POINT('',(3.68326705956954,3.09174106660808,105.));
#18123=CARTESIAN_POINT('',(5.38326705956954,3.09174106660808,105.));
#18124=CARTESIAN_POINT('',(3.68326705956954,6.49174106660808,105.));
#18125=CARTESIAN_POINT('',(3.68326705956954,3.09174106660808,130.));
#18126=CARTESIAN_POINT('',(3.68326705956954,6.49174106660808,130.));
#18127=CARTESIAN_POINT('',(3.68326705956954,3.09174106660808,130.));
#18128=CARTESIAN_POINT('',(5.38326705956954,3.09174106660808,130.));
#18129=CARTESIAN_POINT('',(3.68326705956954,6.49174106660808,130.));
#18130=CARTESIAN_POINT('',(3.68326705956954,3.09174106660808,155.));
#18131=CARTESIAN_POINT('',(3.68326705956954,6.49174106660808,155.));
#18132=CARTESIAN_POINT('',(3.68326705956954,3.09174106660808,155.));
#18133=CARTESIAN_POINT('',(5.38326705956954,3.09174106660808,155.));
#18134=CARTESIAN_POINT('',(3.68326705956954,6.49174106660808,155.));
#18135=CARTESIAN_POINT('',(3.68326705956954,3.09174106660808,180.));
#18136=CARTESIAN_POINT('',(3.68326705956954,6.49174106660808,180.));
#18137=CARTESIAN_POINT('',(3.68326705956954,3.09174106660808,180.));
#18138=CARTESIAN_POINT('',(5.38326705956954,3.09174106660808,180.));
#18139=CARTESIAN_POINT('',(3.68326705956954,6.49174106660808,180.));
#18140=CARTESIAN_POINT('',(3.68326705956954,3.09174106660808,205.));
#18141=CARTESIAN_POINT('',(3.68326705956954,6.49174106660808,205.));
#18142=CARTESIAN_POINT('',(3.68326705956954,3.09174106660808,205.));
#18143=CARTESIAN_POINT('',(5.38326705956954,3.09174106660808,205.));
#18144=CARTESIAN_POINT('',(3.68326705956954,6.49174106660808,205.));
#18145=CARTESIAN_POINT('',(3.68326705956954,3.09174106660808,80.));
#18146=CARTESIAN_POINT('',(3.68326705956954,3.09174106660808,83.25));
#18147=CARTESIAN_POINT('',(3.68326705956954,6.49174106660808,80.));
#18148=CARTESIAN_POINT('',(3.68326705956954,6.49174106660808,78.3));
#18149=CARTESIAN_POINT('',(3.68326705956954,3.09174106660808,78.3));
#18150=CARTESIAN_POINT('',(3.68326705956954,3.09174106660808,80.));
#18151=CARTESIAN_POINT('',(3.68326705956954,3.09174106660808,81.7));
#18152=CARTESIAN_POINT('',(3.68326705956954,6.49174106660808,81.7));
#18153=CARTESIAN_POINT('',(3.68326705956954,6.49174106660808,80.));
#18154=CARTESIAN_POINT('',(3.68326705956954,3.09174106660808,80.));
#18155=CARTESIAN_POINT('',(3.68326705956954,6.49174106660808,80.));
#18156=CARTESIAN_POINT('',(5.38326705956954,3.09174106660808,80.));
#18157=CARTESIAN_POINT('',(3.68326705956954,3.09174106660808,55.));
#18158=CARTESIAN_POINT('',(3.68326705956954,3.09174106660808,58.25));
#18159=CARTESIAN_POINT('',(3.68326705956954,6.49174106660808,55.));
#18160=CARTESIAN_POINT('',(3.68326705956954,6.49174106660808,53.3));
#18161=CARTESIAN_POINT('',(3.68326705956954,3.09174106660808,53.3));
#18162=CARTESIAN_POINT('',(3.68326705956954,3.09174106660808,55.));
#18163=CARTESIAN_POINT('',(3.68326705956954,3.09174106660808,56.7));
#18164=CARTESIAN_POINT('',(3.68326705956954,6.49174106660808,56.7));
#18165=CARTESIAN_POINT('',(3.68326705956954,6.49174106660808,55.));
#18166=CARTESIAN_POINT('',(3.68326705956954,3.09174106660808,55.));
#18167=CARTESIAN_POINT('',(3.68326705956954,6.49174106660808,55.));
#18168=CARTESIAN_POINT('',(5.38326705956954,3.09174106660808,55.));
#18169=CARTESIAN_POINT('',(3.68326705956954,3.09174106660808,30.));
#18170=CARTESIAN_POINT('',(3.68326705956954,3.09174106660808,33.25));
#18171=CARTESIAN_POINT('',(3.68326705956954,6.49174106660808,30.));
#18172=CARTESIAN_POINT('',(3.68326705956954,6.49174106660808,28.3));
#18173=CARTESIAN_POINT('',(3.68326705956954,3.09174106660808,28.3));
#18174=CARTESIAN_POINT('',(3.68326705956954,3.09174106660808,30.));
#18175=CARTESIAN_POINT('',(3.68326705956954,3.09174106660808,31.7));
#18176=CARTESIAN_POINT('',(3.68326705956954,6.49174106660808,31.7));
#18177=CARTESIAN_POINT('',(3.68326705956954,6.49174106660808,30.));
#18178=CARTESIAN_POINT('',(3.68326705956954,3.09174106660808,30.));
#18179=CARTESIAN_POINT('',(3.68326705956954,6.49174106660808,30.));
#18180=CARTESIAN_POINT('',(5.38326705956954,3.09174106660808,30.));
#18181=CARTESIAN_POINT('',(3.68326705956954,3.09174106660808,4.99999999999998));
#18182=CARTESIAN_POINT('',(3.68326705956954,3.09174106660808,8.24999999999998));
#18183=CARTESIAN_POINT('',(3.68326705956954,6.49174106660808,4.99999999999998));
#18184=CARTESIAN_POINT('',(3.68326705956954,6.49174106660808,3.29999999999998));
#18185=CARTESIAN_POINT('',(3.68326705956954,3.09174106660808,3.29999999999998));
#18186=CARTESIAN_POINT('',(3.68326705956954,3.09174106660808,4.99999999999998));
#18187=CARTESIAN_POINT('',(3.68326705956954,3.09174106660808,6.69999999999998));
#18188=CARTESIAN_POINT('',(3.68326705956954,6.49174106660808,6.69999999999998));
#18189=CARTESIAN_POINT('',(3.68326705956954,6.49174106660808,4.99999999999998));
#18190=CARTESIAN_POINT('',(3.68326705956954,3.09174106660808,4.99999999999998));
#18191=CARTESIAN_POINT('',(3.68326705956954,6.49174106660808,4.99999999999998));
#18192=CARTESIAN_POINT('',(5.38326705956954,3.09174106660808,4.99999999999998));
#18193=CARTESIAN_POINT('',(3.68326705956953,28.4917410666081,42.3999872926008));
#18194=CARTESIAN_POINT('',(16.1832670595695,28.4917410666081,42.3999872926008));
#18195=CARTESIAN_POINT('',(-8.81673294043047,28.4917410666081,42.3999872926008));
#18196=CARTESIAN_POINT('',(-8.81673294043047,28.4917410666081,42.3999872926008));
#18197=CARTESIAN_POINT('',(-9.81673294043047,28.4917410666081,43.3999872926008));
#18198=CARTESIAN_POINT('',(3.68326705956953,28.4917410666081,43.3999872926008));
#18199=CARTESIAN_POINT('',(17.1832670595695,28.4917410666081,43.3999872926008));
#18200=CARTESIAN_POINT('',(16.1832670595695,28.4917410666081,42.3999872926008));
#18201=CARTESIAN_POINT('',(3.68326705956953,28.4917410666081,42.3999872926008));
#18202=CARTESIAN_POINT('',(3.68326705956953,28.4917410666081,77.3999872926008));
#18203=CARTESIAN_POINT('',(-8.81673294043047,28.4917410666081,77.3999872926008));
#18204=CARTESIAN_POINT('',(16.1832670595695,28.4917410666081,77.3999872926008));
#18205=CARTESIAN_POINT('',(17.1832670595695,28.4917410666081,76.3999872926008));
#18206=CARTESIAN_POINT('',(17.1832670595695,28.4917410666081,76.3999872926008));
#18207=CARTESIAN_POINT('',(3.68326705956953,28.4917410666081,76.3999872926008));
#18208=CARTESIAN_POINT('',(-9.81673294043047,28.4917410666081,76.3999872926008));
#18209=CARTESIAN_POINT('',(-9.81673294043047,28.4917410666081,76.3999872926008));
#18210=CARTESIAN_POINT('',(3.68326705956953,28.4917410666081,76.3999872926008));
#18211=CARTESIAN_POINT('',(3.68326705956953,28.4917410666081,77.3999872926008));
#18212=CARTESIAN_POINT('',(-3.31673294043047,28.4917410666081,77.3999872926008));
#18213=CARTESIAN_POINT('',(10.6832670595695,28.4917410666081,77.3999872926008));
#18214=CARTESIAN_POINT('',(10.6832670595695,28.4917410666081,42.3999872926008));
#18215=CARTESIAN_POINT('',(10.6832670595695,28.4917410666081,42.3999872926008));
#18216=CARTESIAN_POINT('',(3.68326705956953,28.4917410666081,42.3999872926008));
#18217=CARTESIAN_POINT('',(-3.31673294043047,28.4917410666081,42.3999872926008));
#18218=CARTESIAN_POINT('',(-3.31673294043047,28.4917410666081,42.3999872926008));
#18219=CARTESIAN_POINT('',(3.68326705956953,28.4917410666081,42.3999872926008));
#18220=CARTESIAN_POINT('',(-9.81673294043047,28.4917410666081,42.3999872926008));
#18221=CARTESIAN_POINT('',(17.1832670595695,28.4917410666081,42.3999872926008));
#18222=CARTESIAN_POINT('',(3.68326705956953,28.4917410666081,42.3999872926008));
#18223=CARTESIAN_POINT('',(3.68326705956953,28.4917410666081,76.3999872926008));
#18224=CARTESIAN_POINT('',(3.68326705956953,28.4917410666081,43.3999872926008));
#18225=CARTESIAN_POINT('',(3.68326705956953,28.4917410666081,42.3999872926008));
#18226=CARTESIAN_POINT('',(3.68326705956953,28.4917410666081,42.3999872926008));
#18227=CARTESIAN_POINT('',(3.68326705956953,28.4917410666081,42.3999872926008));
#18228=CARTESIAN_POINT('',(3.68326705956953,28.4917410666081,42.3999872926008));
#18229=CARTESIAN_POINT('',(3.68326705956953,28.4917410666081,77.3999872926008));
#18230=CARTESIAN_POINT('',(3.68326705956953,28.4917410666081,77.3999872926008));
#18231=CARTESIAN_POINT('',(3.68326705956953,28.4917410666081,77.3999872926008));
#18232=CARTESIAN_POINT('',(3.68326705956953,28.4917410666081,42.3999872926008));
#18233=CARTESIAN_POINT('',(3.68326705956953,28.4917410666081,76.3999872926008));
#18234=CARTESIAN_POINT('',(3.68326705956953,28.4917410666081,42.3999872926008));
#18235=CARTESIAN_POINT('',(-7.21673294043046,38.9917410666081,86.699987292601));
#18236=CARTESIAN_POINT('',(-7.21673294043046,37.3417410666081,86.699987292601));
#18237=CARTESIAN_POINT('',(-7.21673294043046,40.6417410666081,86.699987292601));
#18238=CARTESIAN_POINT('',(-17.3167329404305,40.6417410666081,86.699987292601));
#18239=CARTESIAN_POINT('',(-17.3167329404305,40.6417410666081,86.699987292601));
#18240=CARTESIAN_POINT('',(-17.3167329404305,38.9917410666081,86.699987292601));
#18241=CARTESIAN_POINT('',(-17.3167329404305,37.3417410666081,86.699987292601));
#18242=CARTESIAN_POINT('',(-17.3167329404305,37.3417410666081,86.699987292601));
#18243=CARTESIAN_POINT('',(-17.3167329404305,38.9917410666081,86.699987292601));
#18244=CARTESIAN_POINT('',(-7.21673294043046,40.6417410666081,86.699987292601));
#18245=CARTESIAN_POINT('',(-6.22531291903498,38.9917410666081,86.699987292601));
#18246=CARTESIAN_POINT('',(-7.21673294043046,37.3417410666081,86.699987292601));
#18247=CARTESIAN_POINT('',(-7.21673294043046,38.9917410666081,86.699987292601));
#18248=CARTESIAN_POINT('',(-7.21673294043046,38.9917410666081,47.699987292601));
#18249=CARTESIAN_POINT('',(-7.21673294043046,37.3417410666081,47.699987292601));
#18250=CARTESIAN_POINT('',(-7.21673294043046,40.6417410666081,47.699987292601));
#18251=CARTESIAN_POINT('',(-17.3167329404305,40.6417410666081,47.699987292601));
#18252=CARTESIAN_POINT('',(-17.3167329404305,40.6417410666081,47.699987292601));
#18253=CARTESIAN_POINT('',(-17.3167329404305,38.9917410666081,47.699987292601));
#18254=CARTESIAN_POINT('',(-17.3167329404305,37.3417410666081,47.699987292601));
#18255=CARTESIAN_POINT('',(-17.3167329404305,37.3417410666081,47.699987292601));
#18256=CARTESIAN_POINT('',(-17.3167329404305,38.9917410666081,47.699987292601));
#18257=CARTESIAN_POINT('',(-7.21673294043046,40.6417410666081,47.699987292601));
#18258=CARTESIAN_POINT('',(-6.22531291903498,38.9917410666081,47.699987292601));
#18259=CARTESIAN_POINT('',(-7.21673294043046,37.3417410666081,47.699987292601));
#18260=CARTESIAN_POINT('',(-7.21673294043046,38.9917410666081,47.699987292601));
#18261=CARTESIAN_POINT('',(14.5832670595695,38.9917410666081,86.699987292601));
#18262=CARTESIAN_POINT('',(14.5832670595695,40.6417410666081,86.699987292601));
#18263=CARTESIAN_POINT('',(14.5832670595695,37.3417410666081,86.699987292601));
#18264=CARTESIAN_POINT('',(24.6832670595695,37.3417410666081,86.699987292601));
#18265=CARTESIAN_POINT('',(24.6832670595695,37.3417410666081,86.699987292601));
#18266=CARTESIAN_POINT('',(24.6832670595695,38.9917410666081,86.699987292601));
#18267=CARTESIAN_POINT('',(24.6832670595695,40.6417410666081,86.699987292601));
#18268=CARTESIAN_POINT('',(24.6832670595695,40.6417410666081,86.699987292601));
#18269=CARTESIAN_POINT('',(24.6832670595695,38.9917410666081,86.699987292601));
#18270=CARTESIAN_POINT('',(14.5832670595695,37.3417410666081,86.699987292601));
#18271=CARTESIAN_POINT('',(13.5918470381741,38.9917410666081,86.699987292601));
#18272=CARTESIAN_POINT('',(14.5832670595695,40.6417410666081,86.699987292601));
#18273=CARTESIAN_POINT('',(14.5832670595695,38.9917410666081,86.699987292601));
#18274=CARTESIAN_POINT('',(14.5832670595695,38.9917410666081,47.699987292601));
#18275=CARTESIAN_POINT('',(14.5832670595695,40.6417410666081,47.699987292601));
#18276=CARTESIAN_POINT('',(14.5832670595695,37.3417410666081,47.699987292601));
#18277=CARTESIAN_POINT('',(24.6832670595695,37.3417410666081,47.699987292601));
#18278=CARTESIAN_POINT('',(24.6832670595695,37.3417410666081,47.699987292601));
#18279=CARTESIAN_POINT('',(24.6832670595695,38.9917410666081,47.699987292601));
#18280=CARTESIAN_POINT('',(24.6832670595695,40.6417410666081,47.699987292601));
#18281=CARTESIAN_POINT('',(24.6832670595695,40.6417410666081,47.699987292601));
#18282=CARTESIAN_POINT('',(24.6832670595695,38.9917410666081,47.699987292601));
#18283=CARTESIAN_POINT('',(14.5832670595695,37.3417410666081,47.699987292601));
#18284=CARTESIAN_POINT('',(13.5918470381741,38.9917410666081,47.699987292601));
#18285=CARTESIAN_POINT('',(14.5832670595695,40.6417410666081,47.699987292601));
#18286=CARTESIAN_POINT('',(14.5832670595695,38.9917410666081,47.699987292601));
#18287=CARTESIAN_POINT('',(18.6832670595695,33.3917410666081,82.199987292601));
#18288=CARTESIAN_POINT('',(17.0332670595695,33.3917410666081,82.199987292601));
#18289=CARTESIAN_POINT('',(20.3332670595695,33.3917410666081,82.199987292601));
#18290=CARTESIAN_POINT('',(20.3332670595695,43.4917410666081,82.199987292601));
#18291=CARTESIAN_POINT('',(20.3332670595695,43.4917410666081,82.199987292601));
#18292=CARTESIAN_POINT('',(18.6832670595695,43.4917410666081,82.199987292601));
#18293=CARTESIAN_POINT('',(17.0332670595695,43.4917410666081,82.199987292601));
#18294=CARTESIAN_POINT('',(17.0332670595695,43.4917410666081,82.199987292601));
#18295=CARTESIAN_POINT('',(18.6832670595695,43.4917410666081,82.199987292601));
#18296=CARTESIAN_POINT('',(20.3332670595695,33.3917410666081,82.199987292601));
#18297=CARTESIAN_POINT('',(18.6832670595695,32.4003210452127,82.199987292601));
#18298=CARTESIAN_POINT('',(17.0332670595695,33.3917410666081,82.199987292601));
#18299=CARTESIAN_POINT('',(18.6832670595695,33.3917410666081,82.199987292601));
#18300=CARTESIAN_POINT('',(-11.3167329404305,33.3917410666081,52.199987292601));
#18301=CARTESIAN_POINT('',(-12.9667329404305,33.3917410666081,52.199987292601));
#18302=CARTESIAN_POINT('',(-9.66673294043046,33.3917410666081,52.199987292601));
#18303=CARTESIAN_POINT('',(-9.66673294043046,43.4917410666081,52.199987292601));
#18304=CARTESIAN_POINT('',(-9.66673294043046,43.4917410666081,52.199987292601));
#18305=CARTESIAN_POINT('',(-11.3167329404305,43.4917410666081,52.199987292601));
#18306=CARTESIAN_POINT('',(-12.9667329404305,43.4917410666081,52.199987292601));
#18307=CARTESIAN_POINT('',(-12.9667329404305,43.4917410666081,52.199987292601));
#18308=CARTESIAN_POINT('',(-11.3167329404305,43.4917410666081,52.199987292601));
#18309=CARTESIAN_POINT('',(-9.66673294043046,33.3917410666081,52.199987292601));
#18310=CARTESIAN_POINT('',(-11.3167329404305,32.4003210452127,52.199987292601));
#18311=CARTESIAN_POINT('',(-12.9667329404305,33.3917410666081,52.199987292601));
#18312=CARTESIAN_POINT('',(-11.3167329404305,33.3917410666081,52.199987292601));
#18313=CARTESIAN_POINT('',(-11.3167329404305,33.3917410666081,82.199987292601));
#18314=CARTESIAN_POINT('',(-12.9667329404305,33.3917410666081,82.199987292601));
#18315=CARTESIAN_POINT('',(-9.66673294043046,33.3917410666081,82.199987292601));
#18316=CARTESIAN_POINT('',(-9.66673294043046,43.4917410666081,82.199987292601));
#18317=CARTESIAN_POINT('',(-9.66673294043046,43.4917410666081,82.199987292601));
#18318=CARTESIAN_POINT('',(-11.3167329404305,43.4917410666081,82.199987292601));
#18319=CARTESIAN_POINT('',(-12.9667329404305,43.4917410666081,82.199987292601));
#18320=CARTESIAN_POINT('',(-12.9667329404305,43.4917410666081,82.199987292601));
#18321=CARTESIAN_POINT('',(-11.3167329404305,43.4917410666081,82.199987292601));
#18322=CARTESIAN_POINT('',(-9.66673294043046,33.3917410666081,82.199987292601));
#18323=CARTESIAN_POINT('',(-11.3167329404305,32.4003210452127,82.199987292601));
#18324=CARTESIAN_POINT('',(-12.9667329404305,33.3917410666081,82.199987292601));
#18325=CARTESIAN_POINT('',(-11.3167329404305,33.3917410666081,82.199987292601));
#18326=CARTESIAN_POINT('',(18.6832670595695,33.3917410666081,52.199987292601));
#18327=CARTESIAN_POINT('',(17.0332670595695,33.3917410666081,52.199987292601));
#18328=CARTESIAN_POINT('',(20.3332670595695,33.3917410666081,52.199987292601));
#18329=CARTESIAN_POINT('',(20.3332670595695,43.4917410666081,52.199987292601));
#18330=CARTESIAN_POINT('',(20.3332670595695,43.4917410666081,52.199987292601));
#18331=CARTESIAN_POINT('',(18.6832670595695,43.4917410666081,52.199987292601));
#18332=CARTESIAN_POINT('',(17.0332670595695,43.4917410666081,52.199987292601));
#18333=CARTESIAN_POINT('',(17.0332670595695,43.4917410666081,52.199987292601));
#18334=CARTESIAN_POINT('',(18.6832670595695,43.4917410666081,52.199987292601));
#18335=CARTESIAN_POINT('',(20.3332670595695,33.3917410666081,52.199987292601));
#18336=CARTESIAN_POINT('',(18.6832670595695,32.4003210452127,52.199987292601));
#18337=CARTESIAN_POINT('',(17.0332670595695,33.3917410666081,52.199987292601));
#18338=CARTESIAN_POINT('',(18.6832670595695,33.3917410666081,52.199987292601));
#18339=CARTESIAN_POINT('',(13.6832670595695,13.4917410666081,77.199987292601));
#18340=CARTESIAN_POINT('',(10.4332670595695,13.4917410666081,77.199987292601));
#18341=CARTESIAN_POINT('',(16.9332670595695,13.4917410666081,77.199987292601));
#18342=CARTESIAN_POINT('',(16.9332670595695,43.4917410666081,77.199987292601));
#18343=CARTESIAN_POINT('',(16.9332670595695,25.9057209584109,77.199987292601));
#18344=CARTESIAN_POINT('',(16.9332670595695,25.905720958411,77.199987292601));
#18345=CARTESIAN_POINT('',(16.9332670595695,25.905720958411,76.894854145736));
#18346=CARTESIAN_POINT('',(16.8916887198286,25.6925821280978,76.6415472690956));
#18347=CARTESIAN_POINT('',(16.7942375677502,25.266815353997,76.2368220382949));
#18348=CARTESIAN_POINT('',(16.7334615905245,25.0268188283439,76.0646971321636));
#18349=CARTESIAN_POINT('',(16.5262756475752,24.301253736911,75.5875097365589));
#18350=CARTESIAN_POINT('',(16.3542453296826,23.8026008864391,75.3212573342175));
#18351=CARTESIAN_POINT('',(15.7315767322633,22.3066672728131,74.597693652651));
#18352=CARTESIAN_POINT('',(15.1736086420942,21.3086981951344,74.2218584079569));
#18353=CARTESIAN_POINT('',(13.7635763117261,19.4357253887611,73.8707351077746));
#18354=CARTESIAN_POINT('',(12.8738796623088,18.5441003773612,73.9000970905338));
#18355=CARTESIAN_POINT('',(11.1704837599743,17.206152850783,74.91300163593));
#18356=CARTESIAN_POINT('',(10.4332670595695,16.8003981155182,75.9912494582534));
#18357=CARTESIAN_POINT('',(10.4332670595695,16.8003981155182,77.199987292601));
#18358=CARTESIAN_POINT('',(10.4332670595695,16.8003983862549,77.199987292601));
#18359=CARTESIAN_POINT('',(10.4332670595695,43.4917410666081,77.199987292601));
#18360=CARTESIAN_POINT('',(13.6832670595695,43.4917410666081,77.199987292601));
#18361=CARTESIAN_POINT('',(10.4332670595695,40.183084017698,77.199987292601));
#18362=CARTESIAN_POINT('',(10.4332670595695,40.183084017698,75.9928149278631));
#18363=CARTESIAN_POINT('',(11.1755359242625,39.7737375219266,74.9088010457396));
#18364=CARTESIAN_POINT('',(12.8746552987453,38.4383947247691,73.9008363586405));
#18365=CARTESIAN_POINT('',(13.7645035272776,37.5463981368443,73.8710915934173));
#18366=CARTESIAN_POINT('',(15.1716215703874,35.6775502772117,74.2212380937161));
#18367=CARTESIAN_POINT('',(15.7315054586385,34.6766688742891,74.5978802397028));
#18368=CARTESIAN_POINT('',(16.3534020043907,33.1830655711355,75.3201429400053));
#18369=CARTESIAN_POINT('',(16.5278970313236,32.677364006514,75.5901341489522));
#18370=CARTESIAN_POINT('',(16.7351288567375,31.9504103561204,76.0691021189133));
#18371=CARTESIAN_POINT('',(16.7951352928889,31.7130560788624,76.2394235863906));
#18372=CARTESIAN_POINT('',(16.892720423952,31.286074760051,76.6469812916524));
#18373=CARTESIAN_POINT('',(16.9332670595695,31.0777611748052,76.8981340970953));
#18374=CARTESIAN_POINT('',(16.9332670595695,31.0777611748052,77.199987292601));
#18375=CARTESIAN_POINT('',(10.4332670595695,40.1830821489273,77.199987292601));
#18376=CARTESIAN_POINT('',(16.9332670595695,31.0777611748052,77.199987292601));
#18377=CARTESIAN_POINT('',(16.9332670595695,43.4917410666081,77.199987292601));
#18378=CARTESIAN_POINT('',(16.9332670595695,43.4917410666081,77.199987292601));
#18379=CARTESIAN_POINT('',(13.6832670595695,43.4917410666081,77.199987292601));
#18380=CARTESIAN_POINT('',(10.4332670595695,43.4917410666081,77.199987292601));
#18381=CARTESIAN_POINT('',(10.4332670595695,43.4917410666081,77.199987292601));
#18382=CARTESIAN_POINT('',(13.6832670595695,43.4917410666081,77.199987292601));
#18383=CARTESIAN_POINT('',(13.6832670595695,11.4917410666081,77.199987292601));
#18384=CARTESIAN_POINT('',(11.9832670595695,11.4917410666081,77.199987292601));
#18385=CARTESIAN_POINT('',(15.3832670595695,11.4917410666081,77.199987292601));
#18386=CARTESIAN_POINT('',(15.3832670595695,43.4917410666081,77.199987292601));
#18387=CARTESIAN_POINT('',(15.3832670595695,13.4917410666081,77.199987292601));
#18388=CARTESIAN_POINT('',(13.6832670595695,13.4917410666081,77.199987292601));
#18389=CARTESIAN_POINT('',(11.9832670595695,13.4917410666081,77.199987292601));
#18390=CARTESIAN_POINT('',(11.9832670595695,43.4917410666081,77.199987292601));
#18391=CARTESIAN_POINT('',(13.6832670595695,43.4917410666081,77.199987292601));
#18392=CARTESIAN_POINT('',(-6.31673294043046,11.4917410666081,57.199987292601));
#18393=CARTESIAN_POINT('',(-8.01673294043046,11.4917410666081,57.199987292601));
#18394=CARTESIAN_POINT('',(-4.61673294043046,11.4917410666081,57.199987292601));
#18395=CARTESIAN_POINT('',(-4.61673294043046,43.4917410666081,57.199987292601));
#18396=CARTESIAN_POINT('',(-4.61673294043046,13.4917410666081,57.199987292601));
#18397=CARTESIAN_POINT('',(-6.31673294043046,13.4917410666081,57.199987292601));
#18398=CARTESIAN_POINT('',(-8.01673294043046,13.4917410666081,57.199987292601));
#18399=CARTESIAN_POINT('',(-8.01673294043046,43.4917410666081,57.199987292601));
#18400=CARTESIAN_POINT('',(-6.31673294043046,43.4917410666081,57.199987292601));
#18401=CARTESIAN_POINT('',(-6.31673294043046,13.4917410666081,57.199987292601));
#18402=CARTESIAN_POINT('',(-9.56673294043046,13.4917410666081,57.199987292601));
#18403=CARTESIAN_POINT('',(-3.06673294043046,13.4917410666081,57.199987292601));
#18404=CARTESIAN_POINT('',(-3.06673294043046,43.4917410666081,57.199987292601));
#18405=CARTESIAN_POINT('',(-3.06673294043046,16.8003981155182,57.199987292601));
#18406=CARTESIAN_POINT('',(-3.06673294043046,16.8003981155182,57.199987292601));
#18407=CARTESIAN_POINT('',(-3.06673294043045,16.8003981155182,55.9928149141701));
#18408=CARTESIAN_POINT('',(-3.809001715612,17.2097445521723,54.9088011344796));
#18409=CARTESIAN_POINT('',(-5.50812109564796,18.5450873312341,53.9008363728075));
#18410=CARTESIAN_POINT('',(-6.39796934610946,19.4370839254566,53.8710915893263));
#18411=CARTESIAN_POINT('',(-7.80508741750259,21.3059317997176,54.2212380739746));
#18412=CARTESIAN_POINT('',(-8.36497131761097,22.3068132139881,54.5978802207618));
#18413=CARTESIAN_POINT('',(-8.98686787502946,23.8004165337151,55.3201429248935));
#18414=CARTESIAN_POINT('',(-9.16136290509553,24.3061181041704,55.5901341357606));
#18415=CARTESIAN_POINT('',(-9.3685947340885,25.0330717636154,56.0691021092046));
#18416=CARTESIAN_POINT('',(-9.42860117127024,25.2704260440474,56.2394235780105));
#18417=CARTESIAN_POINT('',(-9.52618630396937,25.6974073689314,56.646981286154));
#18418=CARTESIAN_POINT('',(-9.56673294042919,25.9057209584044,56.8981340936578));
#18419=CARTESIAN_POINT('',(-9.56673294043046,25.9057209584108,57.1999872925874));
#18420=CARTESIAN_POINT('',(-9.56673294043046,25.9057209584136,57.1999872925942));
#18421=CARTESIAN_POINT('',(-9.56673294043046,43.4917410666081,57.199987292601));
#18422=CARTESIAN_POINT('',(-6.31673294043046,43.4917410666081,57.199987292601));
#18423=CARTESIAN_POINT('',(-9.56673294043046,31.0777611748053,57.1999872926147));
#18424=CARTESIAN_POINT('',(-9.56673294043174,31.0777611747988,56.8948541452019));
#18425=CARTESIAN_POINT('',(-9.52515460055904,31.2909000057733,56.6415472682487));
#18426=CARTESIAN_POINT('',(-9.42770344821919,31.7166667808466,56.2368220369726));
#18427=CARTESIAN_POINT('',(-9.36692747082912,31.9566633070039,56.0646971306328));
#18428=CARTESIAN_POINT('',(-9.15974152732223,32.6822283998392,55.5875097344928));
#18429=CARTESIAN_POINT('',(-8.98771120894209,33.1808812512297,55.3212573318427));
#18430=CARTESIAN_POINT('',(-8.3650426096279,34.676814867593,54.5976936496159));
#18431=CARTESIAN_POINT('',(-7.80707451777303,35.6747839467878,54.2218584048639));
#18432=CARTESIAN_POINT('',(-6.3970421825841,37.5477567559197,53.8707351070863));
#18433=CARTESIAN_POINT('',(-5.50734553043086,38.4393817676455,53.9000970924312));
#18434=CARTESIAN_POINT('',(-3.80394962605976,39.7773292922543,54.9130016503936));
#18435=CARTESIAN_POINT('',(-3.06673294043046,40.183084017698,55.9912494560849));
#18436=CARTESIAN_POINT('',(-3.06673294043046,40.1830840176981,57.199987292601));
#18437=CARTESIAN_POINT('',(-9.56673294043046,31.0777611748026,57.1999872926078));
#18438=CARTESIAN_POINT('',(-3.06673294043046,40.1830840176981,57.199987292601));
#18439=CARTESIAN_POINT('',(-3.06673294043046,43.4917410666081,57.199987292601));
#18440=CARTESIAN_POINT('',(-3.06673294043046,43.4917410666081,57.199987292601));
#18441=CARTESIAN_POINT('',(-6.31673294043046,43.4917410666081,57.199987292601));
#18442=CARTESIAN_POINT('',(-9.56673294043046,43.4917410666081,57.199987292601));
#18443=CARTESIAN_POINT('',(-9.56673294043046,43.4917410666081,57.199987292601));
#18444=CARTESIAN_POINT('',(-6.31673294043046,43.4917410666081,57.199987292601));
#18445=CARTESIAN_POINT('',(-6.31673294043046,13.4917410666081,77.199987292601));
#18446=CARTESIAN_POINT('',(-9.56673294043046,13.4917410666081,77.199987292601));
#18447=CARTESIAN_POINT('',(-3.06673294043046,13.4917410666081,77.199987292601));
#18448=CARTESIAN_POINT('',(-3.06673294043046,43.4917410666081,77.199987292601));
#18449=CARTESIAN_POINT('',(-3.06673294043046,16.8003999842889,77.199987292601));
#18450=CARTESIAN_POINT('',(-3.06673294043046,16.8003981155182,77.199987292601));
#18451=CARTESIAN_POINT('',(-3.06673294043045,16.8003981155182,75.9928149278631));
#18452=CARTESIAN_POINT('',(-3.80900180512339,17.2097446112896,74.9088010457396));
#18453=CARTESIAN_POINT('',(-5.50812117960614,18.545087408447,73.9008363586406));
#18454=CARTESIAN_POINT('',(-6.39796940813844,19.4370839963718,73.8710915934173));
#18455=CARTESIAN_POINT('',(-7.80508745124832,21.3059318560045,74.2212380937161));
#18456=CARTESIAN_POINT('',(-8.36497133949941,22.306813258927,74.5978802397028));
#18457=CARTESIAN_POINT('',(-8.98686788525154,23.8004165620806,75.3201429400053));
#18458=CARTESIAN_POINT('',(-9.16136291218448,24.3061181267021,75.5901341489521));
#18459=CARTESIAN_POINT('',(-9.36859473759838,25.0330717770957,76.0691021189132));
#18460=CARTESIAN_POINT('',(-9.4286011737498,25.2704260543536,76.2394235863906));
#18461=CARTESIAN_POINT('',(-9.52618630481287,25.697407373165,76.6469812916524));
#18462=CARTESIAN_POINT('',(-9.56673294043046,25.9057209584108,76.8981340970953));
#18463=CARTESIAN_POINT('',(-9.56673294043046,25.9057209584108,77.199987292601));
#18464=CARTESIAN_POINT('',(-9.56673294043046,25.9057209584108,77.199987292601));
#18465=CARTESIAN_POINT('',(-9.56673294043046,43.4917410666081,77.199987292601));
#18466=CARTESIAN_POINT('',(-6.31673294043046,43.4917410666081,77.199987292601));
#18467=CARTESIAN_POINT('',(-9.56673294043046,31.0777611748053,77.199987292601));
#18468=CARTESIAN_POINT('',(-9.56673294043046,31.0777611748053,76.894854145736));
#18469=CARTESIAN_POINT('',(-9.52515460068949,31.2909000051185,76.6415472690956));
#18470=CARTESIAN_POINT('',(-9.42770344861107,31.7166667792193,76.2368220382949));
#18471=CARTESIAN_POINT('',(-9.3669274713854,31.9566633048725,76.0646971321637));
#18472=CARTESIAN_POINT('',(-9.15974152843608,32.6822283963053,75.5875097365589));
#18473=CARTESIAN_POINT('',(-8.98771121054354,33.1808812467772,75.3212573342175));
#18474=CARTESIAN_POINT('',(-8.36504261312423,34.6768148604032,74.5976936526509));
#18475=CARTESIAN_POINT('',(-7.80707452295507,35.6747839380819,74.2218584079569));
#18476=CARTESIAN_POINT('',(-6.39704219258699,37.5477567444552,73.8707351077746));
#18477=CARTESIAN_POINT('',(-5.50734554316971,38.4393817558551,73.9000970905338));
#18478=CARTESIAN_POINT('',(-3.80394964083522,39.7773292824333,74.91300163593));
#18479=CARTESIAN_POINT('',(-3.06673294043046,40.183084017698,75.9912494582534));
#18480=CARTESIAN_POINT('',(-3.06673294043046,40.1830840176981,77.199987292601));
#18481=CARTESIAN_POINT('',(-9.56673294043046,31.0777611748055,77.199987292601));
#18482=CARTESIAN_POINT('',(-3.06673294043046,40.1830837469613,77.199987292601));
#18483=CARTESIAN_POINT('',(-3.06673294043046,43.4917410666081,77.199987292601));
#18484=CARTESIAN_POINT('',(-3.06673294043046,43.4917410666081,77.199987292601));
#18485=CARTESIAN_POINT('',(-6.31673294043046,43.4917410666081,77.199987292601));
#18486=CARTESIAN_POINT('',(-9.56673294043046,43.4917410666081,77.199987292601));
#18487=CARTESIAN_POINT('',(-9.56673294043046,43.4917410666081,77.199987292601));
#18488=CARTESIAN_POINT('',(-6.31673294043046,43.4917410666081,77.199987292601));
#18489=CARTESIAN_POINT('',(-6.31673294043046,11.4917410666081,77.199987292601));
#18490=CARTESIAN_POINT('',(-8.01673294043046,11.4917410666081,77.199987292601));
#18491=CARTESIAN_POINT('',(-4.61673294043046,11.4917410666081,77.199987292601));
#18492=CARTESIAN_POINT('',(-4.61673294043046,43.4917410666081,77.199987292601));
#18493=CARTESIAN_POINT('',(-4.61673294043046,13.4917410666081,77.199987292601));
#18494=CARTESIAN_POINT('',(-6.31673294043046,13.4917410666081,77.199987292601));
#18495=CARTESIAN_POINT('',(-8.01673294043046,13.4917410666081,77.199987292601));
#18496=CARTESIAN_POINT('',(-8.01673294043046,43.4917410666081,77.199987292601));
#18497=CARTESIAN_POINT('',(-6.31673294043046,43.4917410666081,77.199987292601));
#18498=CARTESIAN_POINT('',(13.6832670595695,11.4917410666081,57.199987292601));
#18499=CARTESIAN_POINT('',(11.9832670595695,11.4917410666081,57.199987292601));
#18500=CARTESIAN_POINT('',(15.3832670595695,11.4917410666081,57.199987292601));
#18501=CARTESIAN_POINT('',(15.3832670595695,43.4917410666081,57.199987292601));
#18502=CARTESIAN_POINT('',(15.3832670595695,13.4917410666081,57.199987292601));
#18503=CARTESIAN_POINT('',(13.6832670595695,13.4917410666081,57.199987292601));
#18504=CARTESIAN_POINT('',(11.9832670595695,13.4917410666081,57.199987292601));
#18505=CARTESIAN_POINT('',(11.9832670595695,43.4917410666081,57.199987292601));
#18506=CARTESIAN_POINT('',(13.6832670595695,43.4917410666081,57.199987292601));
#18507=CARTESIAN_POINT('',(13.6832670595695,13.4917410666081,57.199987292601));
#18508=CARTESIAN_POINT('',(10.4332670595695,13.4917410666081,57.199987292601));
#18509=CARTESIAN_POINT('',(16.9332670595695,13.4917410666081,57.199987292601));
#18510=CARTESIAN_POINT('',(16.9332670595695,43.4917410666081,57.199987292601));
#18511=CARTESIAN_POINT('',(16.9332670595695,25.905720958411,57.199987292601));
#18512=CARTESIAN_POINT('',(16.9332670595695,25.905720958411,57.199987292601));
#18513=CARTESIAN_POINT('',(16.9332670595695,25.905720958411,56.8948541451886));
#18514=CARTESIAN_POINT('',(16.8916887196972,25.6925821274385,56.6415472682434));
#18515=CARTESIAN_POINT('',(16.7942375673571,25.2668153523647,56.2368220369688));
#18516=CARTESIAN_POINT('',(16.7334615899671,25.0268188262081,56.0646971306297));
#18517=CARTESIAN_POINT('',(16.5262756464597,24.3012537333721,55.58750973449));
#18518=CARTESIAN_POINT('',(16.3542453280795,23.8026008819824,55.3212573318406));
#18519=CARTESIAN_POINT('',(15.7315767287667,22.3066672656233,54.5976936496161));
#18520=CARTESIAN_POINT('',(15.173608636909,21.3086981864251,54.2218584048639));
#18521=CARTESIAN_POINT('',(13.7635763017328,19.4357253773085,53.8707351070879));
#18522=CARTESIAN_POINT('',(12.8738796495683,18.5441003655701,53.9000970924342));
#18523=CARTESIAN_POINT('',(11.1704837452101,17.2061528409702,54.913001650385));
#18524=CARTESIAN_POINT('',(10.4332670595695,16.8003981155182,55.9912494560848));
#18525=CARTESIAN_POINT('',(10.4332670595695,16.8003981155182,57.199987292601));
#18526=CARTESIAN_POINT('',(10.4332670595695,16.8003981155182,57.199987292601));
#18527=CARTESIAN_POINT('',(10.4332670595695,43.4917410666081,57.199987292601));
#18528=CARTESIAN_POINT('',(13.6832670595695,43.4917410666081,57.199987292601));
#18529=CARTESIAN_POINT('',(10.4332670595695,40.183084017698,57.199987292601));
#18530=CARTESIAN_POINT('',(10.4332670595695,40.183084017698,55.9928149141695));
#18531=CARTESIAN_POINT('',(11.1755358347518,39.7737375810435,54.9088011344787));
#18532=CARTESIAN_POINT('',(12.8746552147888,38.4383948019805,53.900836372807));
#18533=CARTESIAN_POINT('',(13.7645034652505,37.5463982077574,53.8710915893263));
#18534=CARTESIAN_POINT('',(15.1716215366438,35.6775503334953,54.2212380739756));
#18535=CARTESIAN_POINT('',(15.7315054367521,34.6766689192242,54.5978802207633));
#18536=CARTESIAN_POINT('',(16.3534019941702,33.1830655994965,55.3201429248959));
#18537=CARTESIAN_POINT('',(16.5278970242362,32.6773640290409,55.5901341357632));
#18538=CARTESIAN_POINT('',(16.7351288532289,31.9504103695958,56.0691021092081));
#18539=CARTESIAN_POINT('',(16.7951352904105,31.7130560891638,56.2394235780143));
#18540=CARTESIAN_POINT('',(16.8927204231094,31.2860747642802,56.6469812861592));
#18541=CARTESIAN_POINT('',(16.9332670595695,31.0777611748052,56.8981340936712));
#18542=CARTESIAN_POINT('',(16.9332670595695,31.0777611748052,57.199987292601));
#18543=CARTESIAN_POINT('',(10.4332670595695,40.1830840176981,57.199987292601));
#18544=CARTESIAN_POINT('',(16.9332670595695,31.0777611748052,57.199987292601));
#18545=CARTESIAN_POINT('',(16.9332670595695,43.4917410666081,57.199987292601));
#18546=CARTESIAN_POINT('',(16.9332670595695,43.4917410666081,57.199987292601));
#18547=CARTESIAN_POINT('',(13.6832670595695,43.4917410666081,57.199987292601));
#18548=CARTESIAN_POINT('',(10.4332670595695,43.4917410666081,57.199987292601));
#18549=CARTESIAN_POINT('',(10.4332670595695,43.4917410666081,57.199987292601));
#18550=CARTESIAN_POINT('',(13.6832670595695,43.4917410666081,57.199987292601));
#18551=CARTESIAN_POINT('',(3.68326705956953,28.4917410666081,97.199987292601));
#18552=CARTESIAN_POINT('',(3.68326705956953,37.4917410666081,97.199987292601));
#18553=CARTESIAN_POINT('',(3.68326705956953,19.4917410666081,97.199987292601));
#18554=CARTESIAN_POINT('',(3.68326705956953,19.4917410666081,97.199987292601));
#18555=CARTESIAN_POINT('',(3.68326705956953,19.4917410666081,77.399987292601));
#18556=CARTESIAN_POINT('',(3.68326705956953,28.4917410666081,77.399987292601));
#18557=CARTESIAN_POINT('',(-3.07289262376874,22.5457923337956,77.399987292601));
#18558=CARTESIAN_POINT('',(-3.07289262376874,34.4376897994206,77.399987292601));
#18559=CARTESIAN_POINT('',(-3.11321474804051,34.3918732741539,78.0539799544322));
#18560=CARTESIAN_POINT('',(-3.36102311831179,34.115352449903,78.6424853912141));
#18561=CARTESIAN_POINT('',(-3.93742062522119,33.305486833825,79.470646717474));
#18562=CARTESIAN_POINT('',(-4.25366063512818,32.7803245941577,79.730193703128));
#18563=CARTESIAN_POINT('',(-5.02531623298977,31.081655476598,80.2459009740523));
#18564=CARTESIAN_POINT('',(-5.31670515938338,29.7762969141021,80.292307527956));
#18565=CARTESIAN_POINT('',(-5.31676071726738,27.20757453402,80.2923254943109));
#18566=CARTESIAN_POINT('',(-5.03091235658696,25.9151811964448,80.2492884530204));
#18567=CARTESIAN_POINT('',(-4.25276484544462,24.2006696947975,79.7297706307691));
#18568=CARTESIAN_POINT('',(-3.93684395557358,23.6771880093697,79.4698095986279));
#18569=CARTESIAN_POINT('',(-3.361635879705,22.868987684121,78.6433743657287));
#18570=CARTESIAN_POINT('',(-3.11317654977945,22.5915654558036,78.0533604091358));
#18571=CARTESIAN_POINT('',(-3.07289262376874,22.5457923337956,77.399987292601));
#18572=CARTESIAN_POINT('',(-3.07289262376874,34.4376897994206,77.399987292601));
#18573=CARTESIAN_POINT('',(3.68326705956953,28.4917410666081,77.399987292601));
#18574=CARTESIAN_POINT('',(3.68326705956953,37.4917410666081,77.399987292601));
#18575=CARTESIAN_POINT('',(3.68326705956953,37.4917410666081,97.199987292601));
#18576=CARTESIAN_POINT('',(3.68326705956953,28.4917410666081,97.199987292601));
#18577=CARTESIAN_POINT('',(19.6832670595695,28.4917410666081,52.499987292601));
#18578=CARTESIAN_POINT('',(19.6832670595695,30.1417410666081,52.499987292601));
#18579=CARTESIAN_POINT('',(19.6832670595695,26.8417410666081,52.499987292601));
#18580=CARTESIAN_POINT('',(19.6832670595695,26.8417410666081,42.399987292601));
#18581=CARTESIAN_POINT('',(19.6832670595695,26.8417410666081,42.399987292601));
#18582=CARTESIAN_POINT('',(19.6832670595695,28.4917410666081,42.399987292601));
#18583=CARTESIAN_POINT('',(19.6832670595695,30.1417410666081,42.399987292601));
#18584=CARTESIAN_POINT('',(19.6832670595695,30.1417410666081,42.399987292601));
#18585=CARTESIAN_POINT('',(19.6832670595695,28.4917410666081,42.399987292601));
#18586=CARTESIAN_POINT('',(19.6832670595695,26.8417410666081,52.499987292601));
#18587=CARTESIAN_POINT('',(19.6832670595695,28.4917410666081,53.4914073139965));
#18588=CARTESIAN_POINT('',(19.6832670595695,30.1417410666081,52.499987292601));
#18589=CARTESIAN_POINT('',(19.6832670595695,28.4917410666081,52.499987292601));
#18590=CARTESIAN_POINT('',(-12.3167329404305,28.4917410666081,52.499987292601));
#18591=CARTESIAN_POINT('',(-12.3167329404305,30.1417410666081,52.499987292601));
#18592=CARTESIAN_POINT('',(-12.3167329404305,26.8417410666081,52.499987292601));
#18593=CARTESIAN_POINT('',(-12.3167329404305,26.8417410666081,42.399987292601));
#18594=CARTESIAN_POINT('',(-12.3167329404305,26.8417410666081,42.399987292601));
#18595=CARTESIAN_POINT('',(-12.3167329404305,28.4917410666081,42.399987292601));
#18596=CARTESIAN_POINT('',(-12.3167329404305,30.1417410666081,42.399987292601));
#18597=CARTESIAN_POINT('',(-12.3167329404305,30.1417410666081,42.399987292601));
#18598=CARTESIAN_POINT('',(-12.3167329404305,28.4917410666081,42.399987292601));
#18599=CARTESIAN_POINT('',(-12.3167329404305,26.8417410666081,52.499987292601));
#18600=CARTESIAN_POINT('',(-12.3167329404305,28.4917410666081,53.4914073139965));
#18601=CARTESIAN_POINT('',(-12.3167329404305,30.1417410666081,52.499987292601));
#18602=CARTESIAN_POINT('',(-12.3167329404305,28.4917410666081,52.499987292601));
#18603=CARTESIAN_POINT('',(19.6832670595695,28.4917410666081,42.399987292601));
#18604=CARTESIAN_POINT('',(19.6832670595695,32.4917410666081,42.399987292601));
#18605=CARTESIAN_POINT('',(16.8785795595695,31.343710215695,42.399987292601));
#18606=CARTESIAN_POINT('',(16.8785795595695,31.343710215695,39.799987292601));
#18607=CARTESIAN_POINT('',(16.8785795595695,31.343710215695,37.199987292601));
#18608=CARTESIAN_POINT('',(19.6832670595695,28.4917410666081,37.199987292601));
#18609=CARTESIAN_POINT('',(19.6832670595695,32.4917410666081,37.199987292601));
#18610=CARTESIAN_POINT('',(19.6832670595695,32.4917410666081,42.399987292601));
#18611=CARTESIAN_POINT('',(19.6832670595695,28.4917410666081,42.399987292601));
#18612=CARTESIAN_POINT('',(19.6832670595695,28.4917410666081,37.199987292601));
#18613=CARTESIAN_POINT('',(19.6832670595695,24.4917410666081,37.199987292601));
#18614=CARTESIAN_POINT('',(19.6832670595695,24.4917410666081,42.399987292601));
#18615=CARTESIAN_POINT('',(19.6832670595695,24.4917410666081,42.399987292601));
#18616=CARTESIAN_POINT('',(19.6832670595695,28.4917410666081,42.399987292601));
#18617=CARTESIAN_POINT('',(19.6832670595695,28.4917410666081,42.399987292601));
#18618=CARTESIAN_POINT('',(-12.3167329404305,28.4917410666081,42.399987292601));
#18619=CARTESIAN_POINT('',(-12.3167329404305,32.4917410666081,42.399987292601));
#18620=CARTESIAN_POINT('',(-12.3167329404305,24.4917410666081,42.399987292601));
#18621=CARTESIAN_POINT('',(-12.3167329404305,24.4917410666081,42.399987292601));
#18622=CARTESIAN_POINT('',(-12.3167329404305,24.4917410666081,37.199987292601));
#18623=CARTESIAN_POINT('',(-12.3167329404305,28.4917410666081,37.199987292601));
#18624=CARTESIAN_POINT('',(-12.3167329404305,32.4917410666081,37.199987292601));
#18625=CARTESIAN_POINT('',(-12.3167329404305,32.4917410666081,42.399987292601));
#18626=CARTESIAN_POINT('',(-12.3167329404305,28.4917410666081,42.399987292601));
#18627=CARTESIAN_POINT('',(-12.3167329404305,28.4917410666081,42.399987292601));
#18628=CARTESIAN_POINT('',(-9.51204544043046,25.6397719175211,42.399987292601));
#18629=CARTESIAN_POINT('',(-9.51204544043046,25.6397719175211,39.799987292601));
#18630=CARTESIAN_POINT('',(-9.51204544043046,25.6397719175211,37.199987292601));
#18631=CARTESIAN_POINT('',(-12.3167329404305,28.4917410666081,37.199987292601));
#18632=CARTESIAN_POINT('',(-12.3167329404305,28.4917410666081,42.399987292601));
#18633=CARTESIAN_POINT('',(-3.06673294043046,40.1830840176981,57.199987292601));
#18634=CARTESIAN_POINT('',(-3.06673294043045,40.1830840176981,58.407159671032));
#18635=CARTESIAN_POINT('',(-3.80900171561199,39.7737375810439,59.4911734507224));
#18636=CARTESIAN_POINT('',(-5.50812109564795,38.4383948019821,60.4991382123944));
#18637=CARTESIAN_POINT('',(-6.39796934610944,37.5463982077596,60.5288829958757));
#18638=CARTESIAN_POINT('',(-7.80508741750258,35.6775503334986,60.1787365112274));
#18639=CARTESIAN_POINT('',(-8.36497131761096,34.6766689192281,59.8020943644402));
#18640=CARTESIAN_POINT('',(-8.98686787502945,33.1830655995011,59.0798316603085));
#18641=CARTESIAN_POINT('',(-9.16136290509553,32.6773640290458,58.8098404494415));
#18642=CARTESIAN_POINT('',(-9.3685947340885,31.9504103696008,58.3308724759975));
#18643=CARTESIAN_POINT('',(-9.42860117127024,31.7130560891688,58.1605510071915));
#18644=CARTESIAN_POINT('',(-9.52618630396937,31.2860747642848,57.7529932990481));
#18645=CARTESIAN_POINT('',(-9.56673294042919,31.0777611748119,57.5018404915442));
#18646=CARTESIAN_POINT('',(-9.56673294043046,31.0777611748053,57.1999872926147));
#18647=CARTESIAN_POINT('',(-9.56673294043046,25.9057209584108,57.1999872925874));
#18648=CARTESIAN_POINT('',(-9.56673294043174,25.9057209584174,57.5051204400001));
#18649=CARTESIAN_POINT('',(-9.52515460055904,25.6925821274429,57.7584273169534));
#18650=CARTESIAN_POINT('',(-9.42770344821918,25.2668153523696,58.1631525482294));
#18651=CARTESIAN_POINT('',(-9.36692747082912,25.0268188262123,58.3352774545692));
#18652=CARTESIAN_POINT('',(-9.15974152732222,24.301253733377,58.8124648507092));
#18653=CARTESIAN_POINT('',(-8.98771120894209,23.8026008819865,59.0787172533593));
#18654=CARTESIAN_POINT('',(-8.3650426096279,22.3066672656232,59.8022809355862));
#18655=CARTESIAN_POINT('',(-7.80707451777303,21.3086981864285,60.1781161803381));
#18656=CARTESIAN_POINT('',(-6.3970421825841,19.4357253772965,60.5292394781158));
#18657=CARTESIAN_POINT('',(-5.50734553043085,18.5441003655707,60.4998774927708));
#18658=CARTESIAN_POINT('',(-3.80394962605975,17.2061528409619,59.4869729348083));
#18659=CARTESIAN_POINT('',(-3.06673294043046,16.8003981155182,58.4087251291171));
#18660=CARTESIAN_POINT('',(-3.06673294043046,16.8003981155182,57.199987292601));
#18661=CARTESIAN_POINT('',(3.68326705956953,28.4917410666081,77.399987292601));
#18662=CARTESIAN_POINT('',(3.68326705956953,41.9917410666081,77.399987292601));
#18663=CARTESIAN_POINT('',(-3.07289262376875,40.179525558685,77.399987292601));
#18664=CARTESIAN_POINT('',(-3.06673294043046,40.1830840176981,77.199987292601));
#18665=CARTESIAN_POINT('',(-3.06673294043046,40.1830840176981,77.2667063444338));
#18666=CARTESIAN_POINT('',(-3.06878550122092,40.1818996934743,77.3333730440706));
#18667=CARTESIAN_POINT('',(-3.07289262376875,40.179525558685,77.399987292601));
#18668=CARTESIAN_POINT('',(-9.56057325709217,31.1091240471377,77.399987292601));
#18669=CARTESIAN_POINT('',(-9.5645923664362,31.088787534383,77.3348005479648));
#18670=CARTESIAN_POINT('',(-9.56673294043046,31.0777611748056,77.2682188031318));
#18671=CARTESIAN_POINT('',(-9.56673294043046,31.0777611748056,77.199987292601));
#18672=CARTESIAN_POINT('',(-9.56057325709217,31.1091240471377,77.399987292601));
#18673=CARTESIAN_POINT('',(3.68326705956953,28.4917410666081,77.399987292601));
#18674=CARTESIAN_POINT('',(-9.56057325709217,25.8743580860785,77.399987292601));
#18675=CARTESIAN_POINT('',(-9.56673294043046,25.9057209584108,77.199987292601));
#18676=CARTESIAN_POINT('',(-9.56673294043046,25.9057209584108,77.2674999016782));
#18677=CARTESIAN_POINT('',(-9.56454002139792,25.8944297352907,77.3356495426927));
#18678=CARTESIAN_POINT('',(-9.56057325709217,25.8743580860785,77.399987292601));
#18679=CARTESIAN_POINT('',(-3.07289262376874,16.8039565745311,77.399987292601));
#18680=CARTESIAN_POINT('',(-3.06876742774616,16.8015719923143,77.33307990674));
#18681=CARTESIAN_POINT('',(-3.06673294043046,16.8003981155182,77.2664154900763));
#18682=CARTESIAN_POINT('',(-3.06673294043046,16.8003981155182,77.199987292601));
#18683=CARTESIAN_POINT('',(-3.07289262376874,16.8039565745311,77.399987292601));
#18684=CARTESIAN_POINT('',(3.68326705956953,28.4917410666081,77.399987292601));
#18685=CARTESIAN_POINT('',(3.68326705956953,14.9917410666081,77.399987292601));
#18686=CARTESIAN_POINT('',(3.68326705956953,14.9917410666081,77.399987292601));
#18687=CARTESIAN_POINT('',(3.68326705956953,14.9917410666081,37.199987292601));
#18688=CARTESIAN_POINT('',(3.68326705956953,28.4917410666081,37.199987292601));
#18689=CARTESIAN_POINT('',(3.68326705956953,28.4917410666081,42.399987292601));
#18690=CARTESIAN_POINT('',(-9.51204544043046,31.343710215695,42.399987292601));
#18691=CARTESIAN_POINT('',(-9.51204544043046,31.343710215695,39.799987292601));
#18692=CARTESIAN_POINT('',(-9.51204544043046,31.343710215695,37.199987292601));
#18693=CARTESIAN_POINT('',(3.68326705956953,28.4917410666081,37.199987292601));
#18694=CARTESIAN_POINT('',(3.68326705956953,41.9917410666081,37.199987292601));
#18695=CARTESIAN_POINT('',(3.68326705956953,41.9917410666081,77.399987292601));
#18696=CARTESIAN_POINT('',(3.68326705956953,28.4917410666081,77.399987292601));
#18697=CARTESIAN_POINT('',(16.9271073762313,43.4917410666081,77.399987292601));
#18698=CARTESIAN_POINT('',(16.9271073762313,25.8743580860786,77.399987292601));
#18699=CARTESIAN_POINT('',(16.9271073762313,31.1091240471376,77.399987292601));
#18700=CARTESIAN_POINT('',(3.68326705956953,28.4917410666081,77.399987292601));
#18701=CARTESIAN_POINT('',(3.68326705956953,28.4917410666081,77.399987292601));
#18702=CARTESIAN_POINT('',(10.4394267429078,43.4917410666081,77.399987292601));
#18703=CARTESIAN_POINT('',(10.4394267429078,40.179525558685,77.399987292601));
#18704=CARTESIAN_POINT('',(10.4394267429078,34.4376897994205,77.399987292601));
#18705=CARTESIAN_POINT('',(3.68326705956953,28.4917410666081,77.399987292601));
#18706=CARTESIAN_POINT('',(-3.07289262376874,43.4917410666081,77.399987292601));
#18707=CARTESIAN_POINT('',(3.68326705956953,28.4917410666081,77.399987292601));
#18708=CARTESIAN_POINT('',(3.68326705956953,28.4917410666081,77.399987292601));
#18709=CARTESIAN_POINT('',(3.68326705956954,11.4917410666081,97.199987292601));
#18710=CARTESIAN_POINT('',(24.6832670595695,11.4917410666081,97.199987292601));
#18711=CARTESIAN_POINT('',(-17.3167329404305,11.4917410666081,97.199987292601));
#18712=CARTESIAN_POINT('',(-17.3167329404305,11.4917410666081,67.199987292601));
#18713=CARTESIAN_POINT('',(-17.3167329404305,11.4917410666081,37.199987292601));
#18714=CARTESIAN_POINT('',(-17.3167329404305,11.4917410666081,37.199987292601));
#18715=CARTESIAN_POINT('',(24.6832670595695,11.4917410666081,37.199987292601));
#18716=CARTESIAN_POINT('',(24.6832670595695,11.4917410666081,37.199987292601));
#18717=CARTESIAN_POINT('',(13.6832670595695,11.4917410666081,57.199987292601));
#18718=CARTESIAN_POINT('',(-6.31673294043046,11.4917410666081,77.199987292601));
#18719=CARTESIAN_POINT('',(-6.31673294043046,11.4917410666081,57.199987292601));
#18720=CARTESIAN_POINT('',(13.6832670595695,11.4917410666081,77.199987292601));
#18721=CARTESIAN_POINT('',(3.68326705956954,11.4917410666081,67.199987292601));
#18722=CARTESIAN_POINT('',(10.4394267429078,43.4917410666081,77.399987292601));
#18723=CARTESIAN_POINT('',(10.4394267429078,22.5457923337956,77.399987292601));
#18724=CARTESIAN_POINT('',(10.4394267429078,16.8039565745312,77.399987292601));
#18725=CARTESIAN_POINT('',(3.68326705956953,28.4917410666081,77.399987292601));
#18726=CARTESIAN_POINT('',(-3.07289262376874,43.4917410666081,77.399987292601));
#18727=CARTESIAN_POINT('',(3.68326705956953,28.4917410666081,77.399987292601));
#18728=CARTESIAN_POINT('',(3.68326705956953,28.4917410666081,77.399987292601));
#18729=CARTESIAN_POINT('',(24.6832670595695,43.4917410666081,37.199987292601));
#18730=CARTESIAN_POINT('',(24.6832670595695,43.4917410666081,37.199987292601));
#18731=CARTESIAN_POINT('',(24.6832670595695,43.4917410666081,67.199987292601));
#18732=CARTESIAN_POINT('',(24.6832670595695,43.4917410666081,97.199987292601));
#18733=CARTESIAN_POINT('',(24.6832670595695,43.4917410666081,97.199987292601));
#18734=CARTESIAN_POINT('',(24.6832670595695,38.9917410666081,86.699987292601));
#18735=CARTESIAN_POINT('',(24.6832670595695,38.9917410666081,47.699987292601));
#18736=CARTESIAN_POINT('',(24.6832670595695,43.4917410666081,37.199987292601));
#18737=CARTESIAN_POINT('',(-17.3167329404305,43.4917410666081,97.199987292601));
#18738=CARTESIAN_POINT('',(-17.3167329404305,43.4917410666081,97.199987292601));
#18739=CARTESIAN_POINT('',(-17.3167329404305,43.4917410666081,97.199987292601));
#18740=CARTESIAN_POINT('',(3.68326705956953,28.4917410666081,97.199987292601));
#18741=CARTESIAN_POINT('',(-17.3167329404305,43.4917410666081,97.199987292601));
#18742=CARTESIAN_POINT('',(-17.3167329404305,43.4917410666081,37.199987292601));
#18743=CARTESIAN_POINT('',(-17.3167329404305,43.4917410666081,37.199987292601));
#18744=CARTESIAN_POINT('',(-17.3167329404305,43.4917410666081,37.199987292601));
#18745=CARTESIAN_POINT('',(-17.3167329404305,38.9917410666081,86.699987292601));
#18746=CARTESIAN_POINT('',(-17.3167329404305,38.9917410666081,47.699987292601));
#18747=CARTESIAN_POINT('',(-17.3167329404305,43.4917410666081,37.199987292601));
#18748=CARTESIAN_POINT('',(-17.3167329404305,43.4917410666081,37.199987292601));
#18749=CARTESIAN_POINT('',(3.68326705956953,28.4917410666081,37.199987292601));
#18750=CARTESIAN_POINT('',(-12.3167329404305,28.4917410666081,37.199987292601));
#18751=CARTESIAN_POINT('',(3.68326705956953,28.4917410666081,37.199987292601));
#18752=CARTESIAN_POINT('',(16.8785795595695,25.6397719175212,37.199987292601));
#18753=CARTESIAN_POINT('',(19.6832670595695,28.4917410666081,37.199987292601));
#18754=CARTESIAN_POINT('',(-17.3167329404305,43.4917410666081,37.199987292601));
#18755=CARTESIAN_POINT('',(18.6832670595695,43.4917410666081,82.199987292601));
#18756=CARTESIAN_POINT('',(-11.3167329404305,43.4917410666081,52.199987292601));
#18757=CARTESIAN_POINT('',(-11.3167329404305,43.4917410666081,82.199987292601));
#18758=CARTESIAN_POINT('',(18.6832670595695,43.4917410666081,52.199987292601));
#18759=CARTESIAN_POINT('',(13.6832670595695,43.4917410666081,77.199987292601));
#18760=CARTESIAN_POINT('',(-6.31673294043046,43.4917410666081,57.199987292601));
#18761=CARTESIAN_POINT('',(-6.31673294043046,43.4917410666081,77.199987292601));
#18762=CARTESIAN_POINT('',(13.6832670595695,43.4917410666081,57.199987292601));
#18763=CARTESIAN_POINT('',(3.68326705956954,43.4917410666081,67.199987292601));
#18764=CARTESIAN_POINT('',(3.68326705956953,28.4917410666081,42.399987292601));
#18765=CARTESIAN_POINT('',(16.8785795595695,25.6397719175212,42.399987292601));
#18766=CARTESIAN_POINT('',(16.8785795595695,25.6397719175212,39.799987292601));
#18767=CARTESIAN_POINT('',(10.4332670595695,16.8003981155182,77.199987292601));
#18768=CARTESIAN_POINT('',(10.4332670595695,16.8003981155182,77.2667063444338));
#18769=CARTESIAN_POINT('',(10.43531962036,16.8015824397419,77.3333730440706));
#18770=CARTESIAN_POINT('',(10.4394267429078,16.8039565745312,77.399987292601));
#18771=CARTESIAN_POINT('',(16.9271073762313,25.8743580860786,77.399987292601));
#18772=CARTESIAN_POINT('',(16.9311264855753,25.8946945988334,77.3348005479648));
#18773=CARTESIAN_POINT('',(16.9332670595695,25.9057209584108,77.2682188031318));
#18774=CARTESIAN_POINT('',(16.9332670595695,25.9057209584108,77.199987292601));
#18775=CARTESIAN_POINT('',(16.9332670595695,31.0777611748052,77.199987292601));
#18776=CARTESIAN_POINT('',(16.9332670595695,31.0777611748052,77.2674999016782));
#18777=CARTESIAN_POINT('',(16.931074140537,31.0890523979254,77.3356495426927));
#18778=CARTESIAN_POINT('',(16.9271073762313,31.1091240471376,77.399987292601));
#18779=CARTESIAN_POINT('',(10.4394267429078,40.179525558685,77.399987292601));
#18780=CARTESIAN_POINT('',(10.4353015468852,40.1819101409019,77.33307990674));
#18781=CARTESIAN_POINT('',(10.4332670595695,40.183084017698,77.2664154900763));
#18782=CARTESIAN_POINT('',(10.4332670595695,40.183084017698,77.199987292601));
#18783=CARTESIAN_POINT('',(10.4332670595695,16.8003981155182,57.199987292601));
#18784=CARTESIAN_POINT('',(10.4332670595695,16.8003981155182,58.4071596710325));
#18785=CARTESIAN_POINT('',(11.1755358347518,17.2097445521727,59.4911734507234));
#18786=CARTESIAN_POINT('',(12.8746552147888,18.5450873312357,60.499138212395));
#18787=CARTESIAN_POINT('',(13.7645034652505,19.4370839254588,60.5288829958757));
#18788=CARTESIAN_POINT('',(15.1716215366438,21.3059317997209,60.1787365112264));
#18789=CARTESIAN_POINT('',(15.7315054367521,22.306813213992,59.8020943644387));
#18790=CARTESIAN_POINT('',(16.3534019941702,23.8004165337197,59.0798316603061));
#18791=CARTESIAN_POINT('',(16.5278970242362,24.3061181041753,58.8098404494388));
#18792=CARTESIAN_POINT('',(16.7351288532289,25.0330717636204,58.3308724759939));
#18793=CARTESIAN_POINT('',(16.7951352904105,25.2704260440524,58.1605510071877));
#18794=CARTESIAN_POINT('',(16.8927204231094,25.6974073689361,57.7529932990428));
#18795=CARTESIAN_POINT('',(16.9332670595695,25.905720958411,57.5018404915308));
#18796=CARTESIAN_POINT('',(16.9332670595695,25.905720958411,57.199987292601));
#18797=CARTESIAN_POINT('',(16.9332670595695,31.0777611748052,57.199987292601));
#18798=CARTESIAN_POINT('',(16.9332670595696,31.0777611748052,57.5051204400134));
#18799=CARTESIAN_POINT('',(16.8916887196972,31.2909000057777,57.7584273169586));
#18800=CARTESIAN_POINT('',(16.7942375673571,31.7166667808515,58.1631525482332));
#18801=CARTESIAN_POINT('',(16.7334615899671,31.9566633070081,58.3352774545722));
#18802=CARTESIAN_POINT('',(16.5262756464597,32.6822283998441,58.812464850712));
#18803=CARTESIAN_POINT('',(16.3542453280796,33.1808812512338,59.0787172533615));
#18804=CARTESIAN_POINT('',(15.7315767287667,34.6768148675929,59.802280935586));
#18805=CARTESIAN_POINT('',(15.173608636909,35.6747839467911,60.1781161803381));
#18806=CARTESIAN_POINT('',(13.7635763017328,37.5477567559078,60.5292394781142));
#18807=CARTESIAN_POINT('',(12.8738796495683,38.4393817676461,60.4998774927678));
#18808=CARTESIAN_POINT('',(11.1704837452101,39.777329292246,59.486972934817));
#18809=CARTESIAN_POINT('',(10.4332670595695,40.183084017698,58.4087251291172));
#18810=CARTESIAN_POINT('',(10.4332670595695,40.183084017698,57.199987292601));
#18811=CARTESIAN_POINT('',(3.68326705956953,28.4917410666081,77.399987292601));
#18812=CARTESIAN_POINT('',(-9.56057325709217,43.4917410666081,77.399987292601));
#18813=CARTESIAN_POINT('',(3.68326705956953,28.4917410666081,77.399987292601));
#18814=CARTESIAN_POINT('',(-12.3167329404305,28.4917410666081,42.399987292601));
#18815=CARTESIAN_POINT('',(-12.3167329404305,28.4917410666081,42.399987292601));
#18816=CARTESIAN_POINT('',(-12.3167329404305,28.4917410666081,42.399987292601));
#18817=CARTESIAN_POINT('',(-12.3167329404305,28.4917410666081,42.399987292601));
#18818=CARTESIAN_POINT('',(19.6832670595695,28.4917410666081,42.399987292601));
#18819=CARTESIAN_POINT('',(19.6832670595695,28.4917410666081,42.399987292601));
#18820=CARTESIAN_POINT('',(19.6832670595695,28.4917410666081,42.399987292601));
#18821=CARTESIAN_POINT('',(19.6832670595695,28.4917410666081,42.399987292601));
#18822=CARTESIAN_POINT('',(-12.3167329404305,28.4917410666081,52.499987292601));
#18823=CARTESIAN_POINT('',(-12.3167329404305,28.4917410666081,52.499987292601));
#18824=CARTESIAN_POINT('',(-12.3167329404305,28.4917410666081,42.399987292601));
#18825=CARTESIAN_POINT('',(19.6832670595695,28.4917410666081,52.499987292601));
#18826=CARTESIAN_POINT('',(19.6832670595695,28.4917410666081,52.499987292601));
#18827=CARTESIAN_POINT('',(19.6832670595695,28.4917410666081,42.399987292601));
#18828=CARTESIAN_POINT('',(10.4394267429078,22.5457923337956,77.399987292601));
#18829=CARTESIAN_POINT('',(10.4797488671796,22.5916088590624,78.0539799544321));
#18830=CARTESIAN_POINT('',(10.7275572374509,22.8681296833132,78.642485391214));
#18831=CARTESIAN_POINT('',(11.3039547443603,23.6779952993913,79.470646717474));
#18832=CARTESIAN_POINT('',(11.6201947542673,24.2031575390585,79.730193703128));
#18833=CARTESIAN_POINT('',(12.3918503521288,25.9018266566182,80.2459009740523));
#18834=CARTESIAN_POINT('',(12.6832392785224,27.2071852191141,80.2923075279561));
#18835=CARTESIAN_POINT('',(12.6832948364064,29.7759075991962,80.2923254943109));
#18836=CARTESIAN_POINT('',(12.397446475726,31.0683009367714,80.2492884530204));
#18837=CARTESIAN_POINT('',(11.6192989645837,32.7828124384187,79.7297706307691));
#18838=CARTESIAN_POINT('',(11.3033780747127,33.3062941238465,79.4698095986279));
#18839=CARTESIAN_POINT('',(10.7281699988441,34.1144944490952,78.6433743657287));
#18840=CARTESIAN_POINT('',(10.4797106689185,34.3919166774126,78.0533604091358));
#18841=CARTESIAN_POINT('',(10.4394267429078,34.4376897994205,77.399987292601));
#18842=CARTESIAN_POINT('',(3.68326705956953,28.4917410666081,97.199987292601));
#18843=CARTESIAN_POINT('',(13.6832670595695,43.4917410666081,57.199987292601));
#18844=CARTESIAN_POINT('',(13.6832670595695,13.4917410666081,57.199987292601));
#18845=CARTESIAN_POINT('',(13.6832670595695,43.4917410666081,57.199987292601));
#18846=CARTESIAN_POINT('',(13.6832670595695,13.4917410666081,57.199987292601));
#18847=CARTESIAN_POINT('',(13.6832670595695,43.4917410666081,57.199987292601));
#18848=CARTESIAN_POINT('',(15.3832670595695,13.4917410666081,57.199987292601));
#18849=CARTESIAN_POINT('',(-6.31673294043046,13.4917410666081,77.199987292601));
#18850=CARTESIAN_POINT('',(-6.31673294043046,43.4917410666081,77.199987292601));
#18851=CARTESIAN_POINT('',(-6.31673294043046,13.4917410666081,77.199987292601));
#18852=CARTESIAN_POINT('',(-4.61673294043046,13.4917410666081,77.199987292601));
#18853=CARTESIAN_POINT('',(-6.31673294043046,43.4917410666081,77.199987292601));
#18854=CARTESIAN_POINT('',(-6.31673294043046,43.4917410666081,57.199987292601));
#18855=CARTESIAN_POINT('',(-6.31673294043046,13.4917410666081,57.199987292601));
#18856=CARTESIAN_POINT('',(-6.31673294043046,43.4917410666081,57.199987292601));
#18857=CARTESIAN_POINT('',(-6.31673294043046,13.4917410666081,57.199987292601));
#18858=CARTESIAN_POINT('',(-6.31673294043046,43.4917410666081,57.199987292601));
#18859=CARTESIAN_POINT('',(-4.61673294043046,13.4917410666081,57.199987292601));
#18860=CARTESIAN_POINT('',(13.6832670595695,13.4917410666081,77.199987292601));
#18861=CARTESIAN_POINT('',(13.6832670595695,43.4917410666081,77.199987292601));
#18862=CARTESIAN_POINT('',(13.6832670595695,13.4917410666081,77.199987292601));
#18863=CARTESIAN_POINT('',(15.3832670595695,13.4917410666081,77.199987292601));
#18864=CARTESIAN_POINT('',(13.6832670595695,43.4917410666081,77.199987292601));
#18865=CARTESIAN_POINT('',(18.6832670595695,33.3917410666081,52.199987292601));
#18866=CARTESIAN_POINT('',(18.6832670595695,33.3917410666081,52.199987292601));
#18867=CARTESIAN_POINT('',(18.6832670595695,43.4917410666081,52.199987292601));
#18868=CARTESIAN_POINT('',(-11.3167329404305,33.3917410666081,82.199987292601));
#18869=CARTESIAN_POINT('',(-11.3167329404305,33.3917410666081,82.199987292601));
#18870=CARTESIAN_POINT('',(-11.3167329404305,43.4917410666081,82.199987292601));
#18871=CARTESIAN_POINT('',(-11.3167329404305,33.3917410666081,52.199987292601));
#18872=CARTESIAN_POINT('',(-11.3167329404305,33.3917410666081,52.199987292601));
#18873=CARTESIAN_POINT('',(-11.3167329404305,43.4917410666081,52.199987292601));
#18874=CARTESIAN_POINT('',(18.6832670595695,33.3917410666081,82.199987292601));
#18875=CARTESIAN_POINT('',(18.6832670595695,33.3917410666081,82.199987292601));
#18876=CARTESIAN_POINT('',(18.6832670595695,43.4917410666081,82.199987292601));
#18877=CARTESIAN_POINT('',(14.5832670595695,38.9917410666081,47.699987292601));
#18878=CARTESIAN_POINT('',(14.5832670595695,38.9917410666081,47.699987292601));
#18879=CARTESIAN_POINT('',(24.6832670595695,38.9917410666081,47.699987292601));
#18880=CARTESIAN_POINT('',(14.5832670595695,38.9917410666081,86.699987292601));
#18881=CARTESIAN_POINT('',(14.5832670595695,38.9917410666081,86.699987292601));
#18882=CARTESIAN_POINT('',(24.6832670595695,38.9917410666081,86.699987292601));
#18883=CARTESIAN_POINT('',(-7.21673294043046,38.9917410666081,47.699987292601));
#18884=CARTESIAN_POINT('',(-7.21673294043046,38.9917410666081,47.699987292601));
#18885=CARTESIAN_POINT('',(-17.3167329404305,38.9917410666081,47.699987292601));
#18886=CARTESIAN_POINT('',(-7.21673294043046,38.9917410666081,86.699987292601));
#18887=CARTESIAN_POINT('',(-7.21673294043046,38.9917410666081,86.699987292601));
#18888=CARTESIAN_POINT('',(-17.3167329404305,38.9917410666081,86.699987292601));
#18889=CARTESIAN_POINT('',(3.68326705956954,8.99174106660808,89.8999872926008));
#18890=CARTESIAN_POINT('',(4.38326705956954,8.99174106660808,89.8999872926008));
#18891=CARTESIAN_POINT('',(2.98326705956954,8.99174106660808,89.8999872926008));
#18892=CARTESIAN_POINT('',(4.38326705956954,8.99174106660808,89.8999872926008));
#18893=CARTESIAN_POINT('',(4.38326705959848,8.99174106660808,84.8999872926008));
#18894=CARTESIAN_POINT('',(3.68326705956954,8.99174106660808,84.8999872926008));
#18895=CARTESIAN_POINT('',(2.98326705954061,8.99174106660808,84.8999872926008));
#18896=CARTESIAN_POINT('',(2.98326705956954,8.99174106660808,89.8999872926008));
#18897=CARTESIAN_POINT('',(3.68326705956954,8.99174106660808,89.8999872926008));
#18898=CARTESIAN_POINT('',(9.68326705956954,3.99174106660808,44.4999872926008));
#18899=CARTESIAN_POINT('',(8.43326705956954,3.99174106660808,44.4999872926008));
#18900=CARTESIAN_POINT('',(9.68326705956954,2.74174106660808,44.4999872926008));
#18901=CARTESIAN_POINT('',(9.68326705956954,2.74174106660808,32.1999872926008));
#18902=CARTESIAN_POINT('',(9.68326705956954,2.74174106660808,89.8999872926008));
#18903=CARTESIAN_POINT('',(9.68326705956954,3.99174106660808,89.8999872926008));
#18904=CARTESIAN_POINT('',(8.43326705956954,3.99174106660808,89.8999872926008));
#18905=CARTESIAN_POINT('',(8.43326705956954,3.99174106660808,32.1999872926008));
#18906=CARTESIAN_POINT('',(9.68326705956954,3.99174106660808,32.1999872926008));
#18907=CARTESIAN_POINT('',(3.68326705956954,8.99174106660808,44.4999872926008));
#18908=CARTESIAN_POINT('',(4.38326705956954,8.99174106660808,44.4999872926008));
#18909=CARTESIAN_POINT('',(2.98326705956954,8.99174106660808,44.4999872926008));
#18910=CARTESIAN_POINT('',(2.98326705956954,8.99174106660808,44.4999872926008));
#18911=CARTESIAN_POINT('',(2.98326705954061,8.99174106660808,49.4999872926008));
#18912=CARTESIAN_POINT('',(3.68326705956954,8.99174106660808,49.4999872926008));
#18913=CARTESIAN_POINT('',(4.38326705959848,8.99174106660808,49.4999872926008));
#18914=CARTESIAN_POINT('',(4.38326705956954,8.99174106660808,44.4999872926008));
#18915=CARTESIAN_POINT('',(3.68326705956954,8.99174106660808,44.4999872926008));
#18916=CARTESIAN_POINT('',(2.98326705974526,8.99174106660808,84.8999872924779));
#18917=CARTESIAN_POINT('',(3.68326705956954,8.99174106660808,84.4793848592545));
#18918=CARTESIAN_POINT('',(4.38326705939383,8.99174106660808,84.8999872924779));
#18919=CARTESIAN_POINT('',(3.68326705956954,8.99174106660808,84.8999872924779));
#18920=CARTESIAN_POINT('',(4.38326705939383,8.99174106660808,49.4999872927238));
#18921=CARTESIAN_POINT('',(3.6832670595127,8.99174106660808,49.9205897259756));
#18922=CARTESIAN_POINT('',(2.98326705974526,8.99174106660808,49.4999872927238));
#18923=CARTESIAN_POINT('',(3.68326705956954,8.99174106660808,49.4999872927238));
#18924=CARTESIAN_POINT('',(17.1832670595695,4.49174106660808,50.9999872926008));
#18925=CARTESIAN_POINT('',(16.8832670595695,4.49174106660808,50.9999872926008));
#18926=CARTESIAN_POINT('',(17.1832670595695,4.79174106660808,50.9999872926008));
#18927=CARTESIAN_POINT('',(17.1832670595695,4.79174106660808,44.4999872926008));
#18928=CARTESIAN_POINT('',(17.1832670595695,4.79174106660808,83.3999872926008));
#18929=CARTESIAN_POINT('',(17.1832670595695,4.49174106660808,83.3999872926008));
#18930=CARTESIAN_POINT('',(16.8832670595695,4.49174106660808,83.3999872926008));
#18931=CARTESIAN_POINT('',(16.8832670595695,4.49174106660808,44.4999872926008));
#18932=CARTESIAN_POINT('',(17.1832670595695,4.49174106660808,44.4999872926008));
#18933=CARTESIAN_POINT('',(13.6832670595695,11.4917410666081,57.1999872926008));
#18934=CARTESIAN_POINT('',(13.6832670595695,11.4917410666081,55.6999872926008));
#18935=CARTESIAN_POINT('',(13.6832670595695,11.4917410666081,58.6999872926008));
#18936=CARTESIAN_POINT('',(13.6832670595695,11.4917410666081,58.6999872926008));
#18937=CARTESIAN_POINT('',(13.6832670595695,7.99174106660808,58.6999872926086));
#18938=CARTESIAN_POINT('',(13.6832670595695,7.99174106660808,57.1999872926008));
#18939=CARTESIAN_POINT('',(13.6832670595695,7.99174106660808,55.6999872925931));
#18940=CARTESIAN_POINT('',(13.6832670595695,11.4917410666081,55.6999872926008));
#18941=CARTESIAN_POINT('',(13.6832670595695,11.4917410666081,57.1999872926008));
#18942=CARTESIAN_POINT('',(13.6832670595695,11.4917410666081,77.1999872926008));
#18943=CARTESIAN_POINT('',(13.6832670595695,11.4917410666081,75.6999872926008));
#18944=CARTESIAN_POINT('',(13.6832670595695,11.4917410666081,78.6999872926008));
#18945=CARTESIAN_POINT('',(13.6832670595695,11.4917410666081,78.6999872926008));
#18946=CARTESIAN_POINT('',(13.6832670595695,7.99174106660808,78.6999872926267));
#18947=CARTESIAN_POINT('',(13.6832670595695,7.99174106660808,77.1999872926008));
#18948=CARTESIAN_POINT('',(13.6832670595695,7.99174106660808,75.6999872925749));
#18949=CARTESIAN_POINT('',(13.6832670595695,11.4917410666081,75.6999872926008));
#18950=CARTESIAN_POINT('',(13.6832670595695,11.4917410666081,77.1999872926008));
#18951=CARTESIAN_POINT('',(-6.31673294043046,11.4917410666081,57.1999872926008));
#18952=CARTESIAN_POINT('',(-6.31673294043046,11.4917410666081,55.6999872926008));
#18953=CARTESIAN_POINT('',(-6.31673294043046,11.4917410666081,58.6999872926008));
#18954=CARTESIAN_POINT('',(-6.31673294043046,11.4917410666081,58.6999872926008));
#18955=CARTESIAN_POINT('',(-6.31673294043046,7.99174106660808,58.6999872926086));
#18956=CARTESIAN_POINT('',(-6.31673294043046,7.99174106660808,57.1999872926008));
#18957=CARTESIAN_POINT('',(-6.31673294043046,7.99174106660808,55.6999872925931));
#18958=CARTESIAN_POINT('',(-6.31673294043046,11.4917410666081,55.6999872926008));
#18959=CARTESIAN_POINT('',(-6.31673294043046,11.4917410666081,57.1999872926008));
#18960=CARTESIAN_POINT('',(-6.31673294043046,11.4917410666081,77.1999872926008));
#18961=CARTESIAN_POINT('',(-6.31673294043046,11.4917410666081,75.6999872926008));
#18962=CARTESIAN_POINT('',(-6.31673294043046,11.4917410666081,78.6999872926008));
#18963=CARTESIAN_POINT('',(-6.31673294043046,11.4917410666081,78.6999872926008));
#18964=CARTESIAN_POINT('',(-6.31673294043046,7.99174106660808,78.6999872926267));
#18965=CARTESIAN_POINT('',(-6.31673294043046,7.99174106660808,77.1999872926008));
#18966=CARTESIAN_POINT('',(-6.31673294043046,7.99174106660808,75.6999872925749));
#18967=CARTESIAN_POINT('',(-6.31673294043046,11.4917410666081,75.6999872926008));
#18968=CARTESIAN_POINT('',(-6.31673294043046,11.4917410666081,77.1999872926008));
#18969=CARTESIAN_POINT('',(13.6832670595695,7.99174106661081,55.6999872925885));
#18970=CARTESIAN_POINT('',(13.6832670595695,7.09045013804353,57.1999872925815));
#18971=CARTESIAN_POINT('',(13.6832670595695,7.99174106661081,58.6999872926131));
#18972=CARTESIAN_POINT('',(13.6832670595695,7.99174106661081,57.1999872926008));
#18973=CARTESIAN_POINT('',(13.6832670595695,7.99174106661081,75.6999872925703));
#18974=CARTESIAN_POINT('',(13.6832670595695,7.09045013804353,77.1999872925349));
#18975=CARTESIAN_POINT('',(13.6832670595695,7.99174106661081,78.6999872926313));
#18976=CARTESIAN_POINT('',(13.6832670595695,7.99174106661081,77.1999872926008));
#18977=CARTESIAN_POINT('',(-6.31673294043046,7.99174106661081,55.6999872925885));
#18978=CARTESIAN_POINT('',(-6.31673294043046,7.09045013804353,57.1999872925815));
#18979=CARTESIAN_POINT('',(-6.31673294043046,7.99174106661081,58.6999872926131));
#18980=CARTESIAN_POINT('',(-6.31673294043046,7.99174106661081,57.1999872926008));
#18981=CARTESIAN_POINT('',(-6.31673294043046,7.99174106661081,75.6999872925703));
#18982=CARTESIAN_POINT('',(-6.31673294043046,7.09045013804353,77.1999872925349));
#18983=CARTESIAN_POINT('',(-6.31673294043046,7.99174106661081,78.6999872926313));
#18984=CARTESIAN_POINT('',(-6.31673294043046,7.99174106661081,77.1999872926008));
#18985=CARTESIAN_POINT('',(-2.31673294043046,6.49174106660808,32.1999872926008));
#18986=CARTESIAN_POINT('',(-2.31673294043046,6.49174106660808,44.4999872926008));
#18987=CARTESIAN_POINT('',(-2.31673294043046,6.49174106660808,89.8999872926008));
#18988=CARTESIAN_POINT('',(9.68326705956954,6.49174106660808,44.4999872926008));
#18989=CARTESIAN_POINT('',(9.68326705956954,6.49174106660808,44.4999872926008));
#18990=CARTESIAN_POINT('',(9.68326705956954,6.49174106660808,32.1999872926008));
#18991=CARTESIAN_POINT('',(9.68326705956954,6.49174106660808,89.8999872926008));
#18992=CARTESIAN_POINT('',(9.68326705956954,6.49174106660808,89.8999872926008));
#18993=CARTESIAN_POINT('',(9.68326705956954,6.49174106660808,32.1999872926008));
#18994=CARTESIAN_POINT('',(3.68326705956954,8.99174106660808,89.8999872926008));
#18995=CARTESIAN_POINT('',(17.1832670595695,1.49174106660808,89.8999872926008));
#18996=CARTESIAN_POINT('',(-9.01673294043045,1.49174106660808,89.8999872926008));
#18997=CARTESIAN_POINT('',(-2.31673294043046,1.49174106660808,89.8999872926008));
#18998=CARTESIAN_POINT('',(-2.31673294043046,2.74174106660808,89.8999872926008));
#18999=CARTESIAN_POINT('',(-2.31673294043046,2.74174106660808,89.8999872926008));
#19000=CARTESIAN_POINT('',(-2.31673294043046,3.99174106660808,89.8999872926008));
#19001=CARTESIAN_POINT('',(-2.31673294043046,5.24174106660808,89.8999872926008));
#19002=CARTESIAN_POINT('',(-2.31673294043046,4.49174106660808,89.8999872926008));
#19003=CARTESIAN_POINT('',(9.68326705956954,4.49174106660808,89.8999872926008));
#19004=CARTESIAN_POINT('',(9.68326705956954,5.24174106660808,89.8999872926008));
#19005=CARTESIAN_POINT('',(9.68326705956954,3.99174106660808,89.8999872926008));
#19006=CARTESIAN_POINT('',(9.68326705956954,-1.50825893339192,89.8999872926008));
#19007=CARTESIAN_POINT('',(9.68326705956954,1.49174106660808,89.8999872926008));
#19008=CARTESIAN_POINT('',(17.1832670595695,1.49174106660808,89.8999872926008));
#19009=CARTESIAN_POINT('',(16.3832670595695,1.49174106660808,89.8999872926008));
#19010=CARTESIAN_POINT('',(16.3832670595695,1.49174106660808,89.8999872926008));
#19011=CARTESIAN_POINT('',(16.7832670595695,1.89174106660808,89.8999872926008));
#19012=CARTESIAN_POINT('',(16.7832670595695,4.49174106660808,89.8999872926008));
#19013=CARTESIAN_POINT('',(16.7832670595695,10.6917410666081,89.8999872926008));
#19014=CARTESIAN_POINT('',(16.7832670595695,10.6917410666081,89.8999872926008));
#19015=CARTESIAN_POINT('',(16.3832670595695,11.0917410666081,89.8999872926008));
#19016=CARTESIAN_POINT('',(17.1832670595695,11.0917410666081,89.8999872926008));
#19017=CARTESIAN_POINT('',(-9.01673294043045,11.0917410666081,89.8999872926008));
#19018=CARTESIAN_POINT('',(-9.01673294043045,11.0917410666081,89.8999872926008));
#19019=CARTESIAN_POINT('',(-9.41673294043046,10.6917410666081,89.8999872926008));
#19020=CARTESIAN_POINT('',(-9.41673294043046,4.49174106660808,89.8999872926008));
#19021=CARTESIAN_POINT('',(-9.41673294043046,1.89174106660808,89.8999872926008));
#19022=CARTESIAN_POINT('',(-9.41673294043046,1.89174106660808,89.8999872926008));
#19023=CARTESIAN_POINT('',(17.1832670595695,4.49174106660808,89.8999872926008));
#19024=CARTESIAN_POINT('',(-2.31673294043046,5.24174106660808,32.1999872926008));
#19025=CARTESIAN_POINT('',(-2.31673294043046,5.24174106660808,44.4999872926008));
#19026=CARTESIAN_POINT('',(-2.31673294043046,6.49174106660808,44.4999872926008));
#19027=CARTESIAN_POINT('',(-2.31673294043046,6.49174106660808,32.1999872926008));
#19028=CARTESIAN_POINT('',(3.68326705956954,8.99174106660808,44.4999872926008));
#19029=CARTESIAN_POINT('',(-2.31673294043046,2.74174106660808,44.4999872926008));
#19030=CARTESIAN_POINT('',(-2.31673294043046,2.74174106660808,44.4999872926008));
#19031=CARTESIAN_POINT('',(-2.31673294043046,1.49174106660808,44.4999872926008));
#19032=CARTESIAN_POINT('',(17.1832670595695,1.49174106660808,44.4999872926008));
#19033=CARTESIAN_POINT('',(-9.01673294043045,1.49174106660808,44.4999872926008));
#19034=CARTESIAN_POINT('',(-9.01673294043045,1.49174106660808,44.4999872926008));
#19035=CARTESIAN_POINT('',(-9.41673294043046,1.89174106660808,44.4999872926008));
#19036=CARTESIAN_POINT('',(-9.41673294043046,4.49174106660808,44.4999872926008));
#19037=CARTESIAN_POINT('',(-9.41673294043046,10.6917410666081,44.4999872926008));
#19038=CARTESIAN_POINT('',(-9.41673294043046,10.6917410666081,44.4999872926008));
#19039=CARTESIAN_POINT('',(-9.01673294043045,11.0917410666081,44.4999872926008));
#19040=CARTESIAN_POINT('',(17.1832670595695,11.0917410666081,44.4999872926008));
#19041=CARTESIAN_POINT('',(16.3832670595695,11.0917410666081,44.4999872926008));
#19042=CARTESIAN_POINT('',(16.3832670595695,11.0917410666081,44.4999872926008));
#19043=CARTESIAN_POINT('',(16.7832670595695,10.6917410666081,44.4999872926008));
#19044=CARTESIAN_POINT('',(16.7832670595695,4.49174106660808,44.4999872926008));
#19045=CARTESIAN_POINT('',(16.7832670595695,1.89174106660808,44.4999872926008));
#19046=CARTESIAN_POINT('',(16.7832670595695,1.89174106660808,44.4999872926008));
#19047=CARTESIAN_POINT('',(16.3832670595695,1.49174106660808,44.4999872926008));
#19048=CARTESIAN_POINT('',(17.1832670595695,1.49174106660808,44.4999872926008));
#19049=CARTESIAN_POINT('',(9.68326705956954,1.49174106660808,44.4999872926008));
#19050=CARTESIAN_POINT('',(9.68326705956954,-1.50825893339192,44.4999872926008));
#19051=CARTESIAN_POINT('',(9.68326705956954,3.99174106660808,44.4999872926008));
#19052=CARTESIAN_POINT('',(9.68326705956954,5.24174106660808,44.4999872926008));
#19053=CARTESIAN_POINT('',(9.68326705956954,4.49174106660808,44.4999872926008));
#19054=CARTESIAN_POINT('',(-2.31673294043046,3.99174106660808,44.4999872926008));
#19055=CARTESIAN_POINT('',(17.1832670595695,4.49174106660808,44.4999872926008));
#19056=CARTESIAN_POINT('',(9.68326705956954,5.24174106660808,32.1999872926008));
#19057=CARTESIAN_POINT('',(9.68326705956954,5.24174106660808,32.1999872926008));
#19058=CARTESIAN_POINT('',(3.68326705956954,8.99174106660808,84.8999872926008));
#19059=CARTESIAN_POINT('',(3.68326705956954,8.99174106660808,89.8999872926008));
#19060=CARTESIAN_POINT('',(-9.41673294043046,1.49174106660808,44.4999872926008));
#19061=CARTESIAN_POINT('',(-9.41673294043046,1.49174106660808,50.9999872926008));
#19062=CARTESIAN_POINT('',(-9.41673294043046,1.49174106660808,83.3999872926008));
#19063=CARTESIAN_POINT('',(-9.81673294043046,1.49174106660808,50.9999872926008));
#19064=CARTESIAN_POINT('',(-9.01673294043045,1.49174106660808,50.9999872926008));
#19065=CARTESIAN_POINT('',(-9.01673294043045,1.49174106660808,44.4999872926008));
#19066=CARTESIAN_POINT('',(-2.31673294043046,1.49174106660808,44.4999872926008));
#19067=CARTESIAN_POINT('',(-9.01673294043045,1.49174106660808,44.4999872926008));
#19068=CARTESIAN_POINT('',(-9.01673294043045,1.49174106660808,83.3999872926008));
#19069=CARTESIAN_POINT('',(17.1832670595695,1.49174106660808,83.3999872926008));
#19070=CARTESIAN_POINT('',(17.1832670595695,1.49174106660808,44.4999872926008));
#19071=CARTESIAN_POINT('',(-9.41673294043046,10.6917410666081,89.8999872926008));
#19072=CARTESIAN_POINT('',(-9.41673294043046,10.6917410666081,83.3999872926008));
#19073=CARTESIAN_POINT('',(-9.41673294043046,11.0917410666081,83.3999872926008));
#19074=CARTESIAN_POINT('',(-9.41673294043046,1.89174106660808,83.3999872926008));
#19075=CARTESIAN_POINT('',(-9.41673294043046,1.89174106660808,89.8999872926008));
#19076=CARTESIAN_POINT('',(-9.41673294043046,11.0917410666081,89.8999872926008));
#19077=CARTESIAN_POINT('',(16.3832670595695,11.0917410666081,89.8999872926008));
#19078=CARTESIAN_POINT('',(16.3832670595695,11.0917410666081,83.3999872926008));
#19079=CARTESIAN_POINT('',(17.1832670595695,11.0917410666081,83.3999872926008));
#19080=CARTESIAN_POINT('',(-9.01673294043045,11.0917410666081,83.3999872926008));
#19081=CARTESIAN_POINT('',(-9.01673294043045,11.0917410666081,89.8999872926008));
#19082=CARTESIAN_POINT('',(17.1832670595695,11.0917410666081,89.8999872926008));
#19083=CARTESIAN_POINT('',(16.7832670595695,10.6917410666081,89.8999872926008));
#19084=CARTESIAN_POINT('',(16.7832670595695,10.6917410666081,83.3999872926008));
#19085=CARTESIAN_POINT('',(16.7832670595695,1.89174106660808,89.8999872926008));
#19086=CARTESIAN_POINT('',(16.7832670595695,1.89174106660808,83.3999872926008));
#19087=CARTESIAN_POINT('',(16.7832670595695,1.49174106660808,83.3999872926008));
#19088=CARTESIAN_POINT('',(16.7832670595695,1.49174106660808,89.8999872926008));
#19089=CARTESIAN_POINT('',(16.7832670595695,1.49174106660808,44.4999872926008));
#19090=CARTESIAN_POINT('',(16.7832670595695,1.49174106660808,83.3999872926008));
#19091=CARTESIAN_POINT('',(16.7832670595695,1.49174106660808,50.9999872926008));
#19092=CARTESIAN_POINT('',(17.1832670595695,1.49174106660808,83.3999872926008));
#19093=CARTESIAN_POINT('',(16.3832670595695,1.49174106660808,83.3999872926008));
#19094=CARTESIAN_POINT('',(16.3832670595695,1.49174106660808,44.4999872926008));
#19095=CARTESIAN_POINT('',(9.68326705956954,1.49174106660808,44.4999872926008));
#19096=CARTESIAN_POINT('',(16.3832670595695,1.49174106660808,44.4999872926008));
#19097=CARTESIAN_POINT('',(16.3832670595695,1.49174106660808,50.9999872926008));
#19098=CARTESIAN_POINT('',(-9.81673294043046,1.49174106660808,50.9999872926008));
#19099=CARTESIAN_POINT('',(17.1832670595695,1.49174106660808,44.4999872926008));
#19100=CARTESIAN_POINT('',(9.68326705956954,3.99174106660808,32.1999872926008));
#19101=CARTESIAN_POINT('',(-2.31673294043046,2.74174106660808,32.1999872926008));
#19102=CARTESIAN_POINT('',(-2.31673294043046,3.99174106660808,32.1999872926008));
#19103=CARTESIAN_POINT('',(3.68326705956954,8.99174106660808,49.4999872926008));
#19104=CARTESIAN_POINT('',(3.68326705956954,8.99174106660808,44.4999872926008));
#19105=CARTESIAN_POINT('',(-9.41673294043046,10.6917410666081,44.4999872926008));
#19106=CARTESIAN_POINT('',(-9.41673294043046,10.6917410666081,50.9999872926008));
#19107=CARTESIAN_POINT('',(-9.41673294043046,1.89174106660808,44.4999872926008));
#19108=CARTESIAN_POINT('',(-9.41673294043046,1.89174106660808,50.9999872926008));
#19109=CARTESIAN_POINT('',(-9.41673294043046,1.49174106660808,50.9999872926008));
#19110=CARTESIAN_POINT('',(-9.41673294043046,1.49174106660808,44.4999872926008));
#19111=CARTESIAN_POINT('',(16.3832670595695,11.0917410666081,44.4999872926008));
#19112=CARTESIAN_POINT('',(16.3832670595695,11.0917410666081,50.9999872926008));
#19113=CARTESIAN_POINT('',(-9.01673294043045,11.0917410666081,44.4999872926008));
#19114=CARTESIAN_POINT('',(-9.01673294043045,11.0917410666081,50.9999872926008));
#19115=CARTESIAN_POINT('',(-9.81673294043046,11.0917410666081,50.9999872926008));
#19116=CARTESIAN_POINT('',(-9.81673294043046,11.0917410666081,44.4999872926008));
#19117=CARTESIAN_POINT('',(16.7832670595695,10.6917410666081,44.4999872926008));
#19118=CARTESIAN_POINT('',(16.7832670595695,10.6917410666081,50.9999872926008));
#19119=CARTESIAN_POINT('',(16.7832670595695,1.49174106660808,50.9999872926008));
#19120=CARTESIAN_POINT('',(16.7832670595695,1.89174106660808,50.9999872926008));
#19121=CARTESIAN_POINT('',(16.7832670595695,1.89174106660808,44.4999872926008));
#19122=CARTESIAN_POINT('',(16.7832670595695,1.49174106660808,44.4999872926008));
#19123=CARTESIAN_POINT('',(3.68326705956954,8.99174106660808,84.8999872924779));
#19124=CARTESIAN_POINT('',(-9.41673294043046,1.49174106660808,83.3999872926008));
#19125=CARTESIAN_POINT('',(-9.81673294043046,1.89174106660808,83.3999872926008));
#19126=CARTESIAN_POINT('',(-9.81673294043046,1.89174106660808,44.4999872926008));
#19127=CARTESIAN_POINT('',(-9.81673294043046,1.89174106660808,50.9999872926008));
#19128=CARTESIAN_POINT('',(-9.41673294043046,1.49174106660808,50.9999872926008));
#19129=CARTESIAN_POINT('',(-9.41673294043046,1.49174106660808,44.4999872926008));
#19130=CARTESIAN_POINT('',(-9.01673294043045,1.49174106660808,50.9999872926008));
#19131=CARTESIAN_POINT('',(-9.01673294043045,1.49174106660808,44.4999872926008));
#19132=CARTESIAN_POINT('',(-2.31673294043046,2.74174106660808,32.1999872926008));
#19133=CARTESIAN_POINT('',(-9.41673294043046,1.89174106660808,83.3999872926008));
#19134=CARTESIAN_POINT('',(-9.41673294043046,1.89174106660808,89.8999872926008));
#19135=CARTESIAN_POINT('',(-9.01673294043045,11.0917410666081,83.3999872926008));
#19136=CARTESIAN_POINT('',(-9.01673294043045,11.0917410666081,89.8999872926008));
#19137=CARTESIAN_POINT('',(17.1832670595695,11.4917410666081,83.3999872926008));
#19138=CARTESIAN_POINT('',(17.1832670595695,11.0917410666081,83.3999872926008));
#19139=CARTESIAN_POINT('',(16.7832670595695,11.4917410666081,83.3999872926008));
#19140=CARTESIAN_POINT('',(16.7832670595695,11.4917410666081,83.3999872926008));
#19141=CARTESIAN_POINT('',(17.1832670595695,11.4917410666081,83.3999872926008));
#19142=CARTESIAN_POINT('',(10.1832670595695,11.4917410666081,83.3999872926008));
#19143=CARTESIAN_POINT('',(10.1832670595695,11.4917410666081,83.3999872926008));
#19144=CARTESIAN_POINT('',(10.1832670595695,11.2417410666081,83.3999872926008));
#19145=CARTESIAN_POINT('',(17.1832670595695,11.2417410666081,83.3999872926008));
#19146=CARTESIAN_POINT('',(-2.81673294043045,11.2417410666081,83.3999872926008));
#19147=CARTESIAN_POINT('',(-2.81673294043045,11.4917410666081,83.3999872926008));
#19148=CARTESIAN_POINT('',(-2.81673294043045,11.4917410666081,83.3999872926008));
#19149=CARTESIAN_POINT('',(17.1832670595695,11.4917410666081,83.3999872926008));
#19150=CARTESIAN_POINT('',(-9.41673294043046,11.4917410666081,83.3999872926008));
#19151=CARTESIAN_POINT('',(-9.81673294043046,11.0917410666081,83.3999872926008));
#19152=CARTESIAN_POINT('',(-9.81673294043046,11.0917410666081,83.3999872926008));
#19153=CARTESIAN_POINT('',(-9.81673294043046,11.4917410666081,83.3999872926008));
#19154=CARTESIAN_POINT('',(16.7832670595695,10.6917410666081,83.3999872926008));
#19155=CARTESIAN_POINT('',(16.3832670595695,1.49174106660808,83.3999872926008));
#19156=CARTESIAN_POINT('',(17.1832670595695,1.89174106660808,83.3999872926008));
#19157=CARTESIAN_POINT('',(17.1832670595695,1.89174106660808,83.3999872926008));
#19158=CARTESIAN_POINT('',(17.1832670595695,11.4917410666081,83.3999872926008));
#19159=CARTESIAN_POINT('',(17.1832670595695,4.19174106660808,83.3999872926008));
#19160=CARTESIAN_POINT('',(17.1832670595695,4.49174106660808,83.3999872926008));
#19161=CARTESIAN_POINT('',(17.1832670595695,11.4917410666081,83.3999872926008));
#19162=CARTESIAN_POINT('',(16.7832670595695,10.6917410666081,89.8999872926008));
#19163=CARTESIAN_POINT('',(16.3832670595695,1.49174106660808,44.4999872926008));
#19164=CARTESIAN_POINT('',(17.1832670595695,1.89174106660808,50.9999872926008));
#19165=CARTESIAN_POINT('',(17.1832670595695,1.89174106660808,50.9999872926008));
#19166=CARTESIAN_POINT('',(17.1832670595695,1.89174106660808,44.4999872926008));
#19167=CARTESIAN_POINT('',(17.1832670595695,1.89174106660808,44.4999872926008));
#19168=CARTESIAN_POINT('',(9.68326705956954,-1.50825893339192,32.1999872926008));
#19169=CARTESIAN_POINT('',(16.7832670595695,1.89174106660808,50.9999872926008));
#19170=CARTESIAN_POINT('',(16.7832670595695,1.89174106660808,44.4999872926008));
#19171=CARTESIAN_POINT('',(3.68326705956954,8.99174106660808,49.4999872927238));
#19172=CARTESIAN_POINT('',(-9.81673294043046,11.0917410666081,50.9999872926008));
#19173=CARTESIAN_POINT('',(-9.41673294043046,11.4917410666081,50.9999872926008));
#19174=CARTESIAN_POINT('',(-9.81673294043046,11.0917410666081,50.9999872926008));
#19175=CARTESIAN_POINT('',(-9.81673294043046,11.4917410666081,50.9999872926008));
#19176=CARTESIAN_POINT('',(-2.81673294043045,11.4917410666081,50.9999872926008));
#19177=CARTESIAN_POINT('',(-2.81673294043045,11.4917410666081,50.9999872926008));
#19178=CARTESIAN_POINT('',(-2.81673294043045,11.2417410666081,50.9999872926008));
#19179=CARTESIAN_POINT('',(-9.81673294043046,11.2417410666081,50.9999872926008));
#19180=CARTESIAN_POINT('',(10.1832670595695,11.2417410666081,50.9999872926008));
#19181=CARTESIAN_POINT('',(10.1832670595695,11.4917410666081,50.9999872926008));
#19182=CARTESIAN_POINT('',(10.1832670595695,11.4917410666081,50.9999872926008));
#19183=CARTESIAN_POINT('',(-9.81673294043046,11.4917410666081,50.9999872926008));
#19184=CARTESIAN_POINT('',(16.7832670595695,11.4917410666081,50.9999872926008));
#19185=CARTESIAN_POINT('',(16.7832670595695,11.4917410666081,50.9999872926008));
#19186=CARTESIAN_POINT('',(17.1832670595695,11.0917410666081,50.9999872926008));
#19187=CARTESIAN_POINT('',(17.1832670595695,11.4917410666081,50.9999872926008));
#19188=CARTESIAN_POINT('',(17.1832670595695,4.49174106660808,50.9999872926008));
#19189=CARTESIAN_POINT('',(17.1832670595695,4.19174106660808,50.9999872926008));
#19190=CARTESIAN_POINT('',(17.1832670595695,11.4917410666081,50.9999872926008));
#19191=CARTESIAN_POINT('',(16.3832670595695,11.0917410666081,50.9999872926008));
#19192=CARTESIAN_POINT('',(-9.41673294043046,10.6917410666081,50.9999872926008));
#19193=CARTESIAN_POINT('',(-9.81673294043046,11.4917410666081,50.9999872926008));
#19194=CARTESIAN_POINT('',(-9.81673294043046,11.4917410666081,50.9999872926008));
#19195=CARTESIAN_POINT('',(-9.41673294043046,10.6917410666081,44.4999872926008));
#19196=CARTESIAN_POINT('',(16.3832670595695,11.0917410666081,44.4999872926008));
#19197=CARTESIAN_POINT('',(-9.81673294043046,11.0917410666081,44.4999872926008));
#19198=CARTESIAN_POINT('',(-9.81673294043046,1.49174106660808,44.4999872926008));
#19199=CARTESIAN_POINT('',(17.1832670595695,11.0917410666081,44.4999872926008));
#19200=CARTESIAN_POINT('',(17.1832670595695,11.4917410666081,44.4999872926008));
#19201=CARTESIAN_POINT('',(13.6832670595695,11.4917410666081,57.1999872926008));
#19202=CARTESIAN_POINT('',(13.6832670595695,11.4917410666081,77.1999872926008));
#19203=CARTESIAN_POINT('',(10.1832670595695,11.4917410666081,44.4999872926008));
#19204=CARTESIAN_POINT('',(16.7832670595695,11.4917410666081,44.4999872926008));
#19205=CARTESIAN_POINT('',(-9.81673294043046,11.4917410666081,44.4999872926008));
#19206=CARTESIAN_POINT('',(10.1832670595695,11.2417410666081,50.9999872926008));
#19207=CARTESIAN_POINT('',(-2.81673294043045,11.2417410666081,50.9999872926008));
#19208=CARTESIAN_POINT('',(-9.81673294043046,11.2417410666081,50.9999872926008));
#19209=CARTESIAN_POINT('',(-6.31673294043046,11.4917410666081,57.1999872926008));
#19210=CARTESIAN_POINT('',(-6.31673294043046,11.4917410666081,77.1999872926008));
#19211=CARTESIAN_POINT('',(-2.81673294043045,11.4917410666081,44.4999872926008));
#19212=CARTESIAN_POINT('',(-9.41673294043046,11.4917410666081,44.4999872926008));
#19213=CARTESIAN_POINT('',(-9.81673294043046,11.4917410666081,44.4999872926008));
#19214=CARTESIAN_POINT('',(17.1832670595695,4.19174106660808,44.4999872926008));
#19215=CARTESIAN_POINT('',(17.1832670595695,4.19174106660808,44.4999872926008));
#19216=CARTESIAN_POINT('',(-9.81673294043046,11.0917410666081,44.4999872926008));
#19217=CARTESIAN_POINT('',(17.1832670595695,4.49174106660808,44.4999872926008));
#19218=CARTESIAN_POINT('',(16.7832670595695,11.4917410666081,44.4999872926008));
#19219=CARTESIAN_POINT('',(13.6832670595695,7.99174106660808,57.1999872926008));
#19220=CARTESIAN_POINT('',(13.6832670595695,11.4917410666081,57.1999872926008));
#19221=CARTESIAN_POINT('',(13.6832670595695,7.99174106660808,77.1999872926008));
#19222=CARTESIAN_POINT('',(13.6832670595695,11.4917410666081,77.1999872926008));
#19223=CARTESIAN_POINT('',(10.1832670595695,11.4917410666081,50.9999872926008));
#19224=CARTESIAN_POINT('',(-2.81673294043045,11.4917410666081,50.9999872926008));
#19225=CARTESIAN_POINT('',(-6.31673294043046,7.99174106660808,57.1999872926008));
#19226=CARTESIAN_POINT('',(-6.31673294043046,11.4917410666081,57.1999872926008));
#19227=CARTESIAN_POINT('',(-6.31673294043046,7.99174106660808,77.1999872926008));
#19228=CARTESIAN_POINT('',(-6.31673294043046,11.4917410666081,77.1999872926008));
#19229=CARTESIAN_POINT('',(13.6832670595695,7.99174106661081,57.1999872926008));
#19230=CARTESIAN_POINT('',(13.6832670595695,7.99174106661081,77.1999872926008));
#19231=CARTESIAN_POINT('',(-6.31673294043046,7.99174106661081,57.1999872926008));
#19232=CARTESIAN_POINT('',(-6.31673294043046,7.99174106661081,77.1999872926008));
#19233=CARTESIAN_POINT('',(3.68326705956955,28.4917410666081,-17.8));
#19234=CARTESIAN_POINT('',(-0.316732940430445,28.4917410666081,-17.8));
#19235=CARTESIAN_POINT('',(3.68326705956955,28.4917410666081,-24.8));
#19236=CARTESIAN_POINT('',(7.68326705956955,28.4917410666081,-24.8));
#19237=CARTESIAN_POINT('',(3.68326705956955,28.4917410666081,-14.8));
#19238=CARTESIAN_POINT('',(3.68326705956955,28.4917410666081,-17.8));
#19239=CARTESIAN_POINT('',(-7.31673294043044,28.4917410666081,-17.8));
#19240=CARTESIAN_POINT('',(3.68326705956955,28.4917410666081,-24.8));
#19241=CARTESIAN_POINT('',(14.6832670595696,28.4917410666081,-24.8));
#19242=CARTESIAN_POINT('',(3.68326705956955,28.4917410666081,-14.8));
#19243=CARTESIAN_POINT('',(3.68326705956955,14.9917410666081,-17.8));
#19244=CARTESIAN_POINT('',(3.68326705956955,28.4917410666081,-24.8));
#19245=CARTESIAN_POINT('',(3.68326705956955,28.4917410666081,219.2));
#19246=CARTESIAN_POINT('',(-0.316732940430449,28.4917410666081,219.2));
#19247=CARTESIAN_POINT('',(3.68326705956955,28.4917410666081,212.2));
#19248=CARTESIAN_POINT('',(7.68326705956955,28.4917410666081,212.2));
#19249=CARTESIAN_POINT('',(3.68326705956955,28.4917410666081,209.2));
#19250=CARTESIAN_POINT('',(3.68326705956955,28.4917410666081,219.2));
#19251=CARTESIAN_POINT('',(-7.31673294043045,28.4917410666081,219.2));
#19252=CARTESIAN_POINT('',(3.68326705956955,28.4917410666081,212.2));
#19253=CARTESIAN_POINT('',(14.6832670595696,28.4917410666081,212.2));
#19254=CARTESIAN_POINT('',(3.68326705956955,28.4917410666081,209.2));
#19255=CARTESIAN_POINT('',(-17.8167329404304,44.2917410666081,212.2));
#19256=CARTESIAN_POINT('',(3.68326705956955,28.4917410666081,219.2));
#19257=(
GEOMETRIC_REPRESENTATION_CONTEXT(3)
GLOBAL_UNCERTAINTY_ASSIGNED_CONTEXT((#19258))
GLOBAL_UNIT_ASSIGNED_CONTEXT((#19264,#19260,#19259))
REPRESENTATION_CONTEXT('SGX-\X2\6B6353CD7259\X0\',
'TOP_LEVEL_ASSEMBLY_PART')
);
#19258=UNCERTAINTY_MEASURE_WITH_UNIT(LENGTH_MEASURE(0.0508),#19264,
'DISTANCE_ACCURACY_VALUE','Maximum Tolerance applied to model');
#19259=(
NAMED_UNIT(*)
SI_UNIT($,.STERADIAN.)
SOLID_ANGLE_UNIT()
);
#19260=(
CONVERSION_BASED_UNIT('DEGREE',#19262)
NAMED_UNIT(#19261)
PLANE_ANGLE_UNIT()
);
#19261=DIMENSIONAL_EXPONENTS(0.,0.,0.,0.,0.,0.,0.);
#19262=PLANE_ANGLE_MEASURE_WITH_UNIT(PLANE_ANGLE_MEASURE(0.0174532925),
#19263);
#19263=(
NAMED_UNIT(*)
PLANE_ANGLE_UNIT()
SI_UNIT($,.RADIAN.)
);
#19264=(
LENGTH_UNIT()
NAMED_UNIT(*)
SI_UNIT(.MILLI.,.METRE.)
);
ENDSEC;
END-ISO-10303-21;
