ISO-10303-21;
HEADER;
/* Generated by software containing ST-Developer
 * from STEP Tools, Inc. (www.steptools.com) 
 */
/* OPTION: using custom schema-name function */

FILE_DESCRIPTION(
/* description */ (''),
/* implementation_level */ '2;1');

FILE_NAME(
/* name */ 'SGX\X2\652F6491\X0\-300\X2\884C7A0B66F465B0\X0\.stp',
/* time_stamp */ '2022-05-11T12:19:54+08:00',
/* author */ (''),
/* organization */ (''),
/* preprocessor_version */ 'ST-DEVELOPER v16',
/* originating_system */ 'SIEMENS PLM Software NX 10.0',
/* authorisation */ '');

FILE_SCHEMA (('AP203_CONFIGURATION_CONTROLLED_3D_DESIGN_OF_MECHANICAL_PARTS_AND_ASSEMBLIES_MIM_LF { 1 0 10303 403 2 1 2}'));
ENDSEC;

DATA;
#10=PROPERTY_DEFINITION_REPRESENTATION(#14,#12);
#11=PROPERTY_DEFINITION_REPRESENTATION(#15,#13);
#12=REPRESENTATION('',(#16),#15487);
#13=REPRESENTATION('',(#17),#15487);
#14=PROPERTY_DEFINITION('pmi validation property','',#89);
#15=PROPERTY_DEFINITION('pmi validation property','',#89);
#16=VALUE_REPRESENTATION_ITEM('number of annotations',COUNT_MEASURE(0.));
#17=VALUE_REPRESENTATION_ITEM('number of views',COUNT_MEASURE(0.));
#18=SHAPE_REPRESENTATION_RELATIONSHIP('None',
'relationship between AdmiAD2C0169p9cl-None and AdmiAD2C0169p9cl-None',
#100,#19);
#19=ADVANCED_BREP_SHAPE_REPRESENTATION('AdmiAD2C0169p9cl-None',(#156,#157,
#158,#159,#160,#161,#162,#163,#164,#165,#166,#167),#15487);
#20=CC_DESIGN_APPROVAL(#32,(#90));
#21=CC_DESIGN_APPROVAL(#33,(#92));
#22=CC_DESIGN_APPROVAL(#34,(#39));
#23=APPROVAL_PERSON_ORGANIZATION(#77,#32,#26);
#24=APPROVAL_PERSON_ORGANIZATION(#78,#33,#27);
#25=APPROVAL_PERSON_ORGANIZATION(#79,#34,#28);
#26=APPROVAL_ROLE('approver');
#27=APPROVAL_ROLE('approver');
#28=APPROVAL_ROLE('approver');
#29=APPROVAL_DATE_TIME(#47,#32);
#30=APPROVAL_DATE_TIME(#48,#33);
#31=APPROVAL_DATE_TIME(#49,#34);
#32=APPROVAL(#35,' ');
#33=APPROVAL(#36,' ');
#34=APPROVAL(#37,' ');
#35=APPROVAL_STATUS('not_yet_approved');
#36=APPROVAL_STATUS('not_yet_approved');
#37=APPROVAL_STATUS('not_yet_approved');
#38=CC_DESIGN_SECURITY_CLASSIFICATION(#39,(#92));
#39=SECURITY_CLASSIFICATION(' ',' ',#40);
#40=SECURITY_CLASSIFICATION_LEVEL('confidential');
#41=CC_DESIGN_DATE_AND_TIME_ASSIGNMENT(#45,#43,(#90));
#42=CC_DESIGN_DATE_AND_TIME_ASSIGNMENT(#46,#44,(#39));
#43=DATE_TIME_ROLE('creation_date');
#44=DATE_TIME_ROLE('classification_date');
#45=DATE_AND_TIME(#60,#50);
#46=DATE_AND_TIME(#61,#51);
#47=DATE_AND_TIME(#62,#52);
#48=DATE_AND_TIME(#63,#53);
#49=DATE_AND_TIME(#64,#54);
#50=LOCAL_TIME(0,0,0.,#55);
#51=LOCAL_TIME(0,0,0.,#56);
#52=LOCAL_TIME(0,0,0.,#57);
#53=LOCAL_TIME(0,0,0.,#58);
#54=LOCAL_TIME(0,0,0.,#59);
#55=COORDINATED_UNIVERSAL_TIME_OFFSET(0,0,.BEHIND.);
#56=COORDINATED_UNIVERSAL_TIME_OFFSET(0,0,.BEHIND.);
#57=COORDINATED_UNIVERSAL_TIME_OFFSET(0,0,.BEHIND.);
#58=COORDINATED_UNIVERSAL_TIME_OFFSET(0,0,.BEHIND.);
#59=COORDINATED_UNIVERSAL_TIME_OFFSET(0,0,.BEHIND.);
#60=CALENDAR_DATE(0,1,1);
#61=CALENDAR_DATE(0,1,1);
#62=CALENDAR_DATE(0,1,1);
#63=CALENDAR_DATE(0,1,1);
#64=CALENDAR_DATE(0,1,1);
#65=CC_DESIGN_PERSON_AND_ORGANIZATION_ASSIGNMENT(#73,#69,(#90,#92));
#66=CC_DESIGN_PERSON_AND_ORGANIZATION_ASSIGNMENT(#74,#70,(#94));
#67=CC_DESIGN_PERSON_AND_ORGANIZATION_ASSIGNMENT(#75,#71,(#92));
#68=CC_DESIGN_PERSON_AND_ORGANIZATION_ASSIGNMENT(#76,#72,(#39));
#69=PERSON_AND_ORGANIZATION_ROLE('creator');
#70=PERSON_AND_ORGANIZATION_ROLE('design_owner');
#71=PERSON_AND_ORGANIZATION_ROLE('design_supplier');
#72=PERSON_AND_ORGANIZATION_ROLE('classification_officer');
#73=PERSON_AND_ORGANIZATION(#87,#80);
#74=PERSON_AND_ORGANIZATION(#87,#81);
#75=PERSON_AND_ORGANIZATION(#87,#82);
#76=PERSON_AND_ORGANIZATION(#87,#83);
#77=PERSON_AND_ORGANIZATION(#87,#84);
#78=PERSON_AND_ORGANIZATION(#87,#85);
#79=PERSON_AND_ORGANIZATION(#87,#86);
#80=ORGANIZATION(' ',' ',' ');
#81=ORGANIZATION(' ',' ',' ');
#82=ORGANIZATION(' ',' ',' ');
#83=ORGANIZATION(' ',' ',' ');
#84=ORGANIZATION(' ',' ',' ');
#85=ORGANIZATION(' ',' ',' ');
#86=ORGANIZATION(' ',' ',' ');
#87=PERSON(' ',' ',' ',(' '),$,$);
#88=SHAPE_DEFINITION_REPRESENTATION(#89,#100);
#89=PRODUCT_DEFINITION_SHAPE('','',#90);
#90=PRODUCT_DEFINITION(' ','',#92,#91);
#91=DESIGN_CONTEXT('',#99,'design');
#92=PRODUCT_DEFINITION_FORMATION_WITH_SPECIFIED_SOURCE(' ',' ',#94,
 .NOT_KNOWN.);
#93=PRODUCT_RELATED_PRODUCT_CATEGORY('detail','',(#94));
#94=PRODUCT('AdmiAD2C0169p9cl','AdmiAD2C0169p9cl',' ',(#97));
#95=PRODUCT_CATEGORY('part',' ');
#96=PRODUCT_CATEGORY(' ','');
#97=MECHANICAL_CONTEXT(' ',#99,'mechanical');
#98=APPLICATION_PROTOCOL_DEFINITION('international standard',
'config_control_design',2010,#99);
#99=APPLICATION_CONTEXT(
'configuration controlled 3D designs of mechanical parts and assemblie
s');
#100=SHAPE_REPRESENTATION('AdmiAD2C0169p9cl-None',(#8550),#15487);
#101=B_SPLINE_CURVE_WITH_KNOTS('',3,(#12947,#12948,#12949,#12950,#12951,
#12952,#12953,#12954,#12955,#12956,#12957,#12958,#12959,#12960),
 .UNSPECIFIED.,.F.,.F.,(4,2,2,2,2,2,4),(0.,0.0624999999999999,0.125,0.25,
0.5,0.75,1.),.UNSPECIFIED.);
#102=B_SPLINE_CURVE_WITH_KNOTS('',3,(#12964,#12965,#12966,#12967,#12968,
#12969,#12970,#12971,#12972,#12973,#12974,#12975,#12976,#12977),
 .UNSPECIFIED.,.F.,.F.,(4,2,2,2,2,2,4),(0.,0.25,0.5,0.75,0.875,0.9375,1.),
 .UNSPECIFIED.);
#103=B_SPLINE_CURVE_WITH_KNOTS('',3,(#13009,#13010,#13011,#13012,#13013,
#13014,#13015,#13016,#13017,#13018,#13019,#13020,#13021,#13022),
 .UNSPECIFIED.,.F.,.F.,(4,2,2,2,2,2,4),(0.,0.25,0.5,0.750000000000001,0.875,
0.9375,1.),.UNSPECIFIED.);
#104=B_SPLINE_CURVE_WITH_KNOTS('',3,(#13026,#13027,#13028,#13029,#13030,
#13031,#13032,#13033,#13034,#13035,#13036,#13037,#13038,#13039),
 .UNSPECIFIED.,.F.,.F.,(4,2,2,2,2,2,4),(0.,0.0624999999999994,0.124999999999999,
0.25,0.5,0.75,1.),.UNSPECIFIED.);
#105=B_SPLINE_CURVE_WITH_KNOTS('',3,(#13053,#13054,#13055,#13056,#13057,
#13058,#13059,#13060,#13061,#13062,#13063,#13064,#13065,#13066),
 .UNSPECIFIED.,.F.,.F.,(4,2,2,2,2,2,4),(0.,0.250000000000001,0.500000000000001,
0.750000000000002,0.875000000000001,0.937500000000001,1.),.UNSPECIFIED.);
#106=B_SPLINE_CURVE_WITH_KNOTS('',3,(#13070,#13071,#13072,#13073,#13074,
#13075,#13076,#13077,#13078,#13079,#13080,#13081,#13082,#13083),
 .UNSPECIFIED.,.F.,.F.,(4,2,2,2,2,2,4),(0.,0.0624999999999998,0.125,0.249999999999999,
0.499999999999999,0.75,1.),.UNSPECIFIED.);
#107=B_SPLINE_CURVE_WITH_KNOTS('',3,(#13115,#13116,#13117,#13118,#13119,
#13120,#13121,#13122,#13123,#13124,#13125,#13126,#13127,#13128),
 .UNSPECIFIED.,.F.,.F.,(4,2,2,2,2,2,4),(0.,0.0624999999999994,0.124999999999999,
0.249999999999998,0.499999999999999,0.749999999999999,1.),.UNSPECIFIED.);
#108=B_SPLINE_CURVE_WITH_KNOTS('',3,(#13132,#13133,#13134,#13135,#13136,
#13137,#13138,#13139,#13140,#13141,#13142,#13143,#13144,#13145),
 .UNSPECIFIED.,.F.,.F.,(4,2,2,2,2,2,4),(0.,0.250000000000001,0.500000000000001,
0.750000000000002,0.875000000000001,0.937500000000001,1.),.UNSPECIFIED.);
#109=B_SPLINE_CURVE_WITH_KNOTS('',3,(#13161,#13162,#13163,#13164,#13165,
#13166,#13167,#13168,#13169,#13170,#13171,#13172,#13173,#13174),
 .UNSPECIFIED.,.F.,.F.,(4,2,2,2,2,2,4),(0.,0.125,0.249999999999999,0.499999999999999,
0.749999999999999,0.875,1.),.UNSPECIFIED.);
#110=B_SPLINE_CURVE_WITH_KNOTS('',3,(#13236,#13237,#13238,#13239,#13240,
#13241,#13242,#13243,#13244,#13245,#13246,#13247,#13248,#13249),
 .UNSPECIFIED.,.F.,.F.,(4,2,2,2,2,2,4),(0.,0.25,0.500000000000001,0.750000000000001,
0.875000000000001,0.9375,1.),.UNSPECIFIED.);
#111=B_SPLINE_CURVE_WITH_KNOTS('',3,(#13250,#13251,#13252,#13253,#13254,
#13255,#13256,#13257,#13258,#13259,#13260,#13261,#13262,#13263),
 .UNSPECIFIED.,.F.,.F.,(4,2,2,2,2,2,4),(0.,0.0625000000000008,0.125000000000002,
0.250000000000003,0.500000000000002,0.750000000000001,1.),.UNSPECIFIED.);
#112=B_SPLINE_CURVE_WITH_KNOTS('',3,(#13280,#13281,#13282,#13283),
 .UNSPECIFIED.,.F.,.F.,(4,4),(0.,1.),.UNSPECIFIED.);
#113=B_SPLINE_CURVE_WITH_KNOTS('',3,(#13284,#13285,#13286,#13287),
 .UNSPECIFIED.,.F.,.F.,(4,4),(0.,1.),.UNSPECIFIED.);
#114=B_SPLINE_CURVE_WITH_KNOTS('',3,(#13291,#13292,#13293,#13294),
 .UNSPECIFIED.,.F.,.F.,(4,4),(0.,1.),.UNSPECIFIED.);
#115=B_SPLINE_CURVE_WITH_KNOTS('',3,(#13295,#13296,#13297,#13298),
 .UNSPECIFIED.,.F.,.F.,(4,4),(0.,1.),.UNSPECIFIED.);
#116=B_SPLINE_CURVE_WITH_KNOTS('',3,(#13367,#13368,#13369,#13370),
 .UNSPECIFIED.,.F.,.F.,(4,4),(0.,1.),.UNSPECIFIED.);
#117=B_SPLINE_CURVE_WITH_KNOTS('',3,(#13371,#13372,#13373,#13374),
 .UNSPECIFIED.,.F.,.F.,(4,4),(0.,1.),.UNSPECIFIED.);
#118=B_SPLINE_CURVE_WITH_KNOTS('',3,(#13375,#13376,#13377,#13378),
 .UNSPECIFIED.,.F.,.F.,(4,4),(0.,1.),.UNSPECIFIED.);
#119=B_SPLINE_CURVE_WITH_KNOTS('',3,(#13379,#13380,#13381,#13382),
 .UNSPECIFIED.,.F.,.F.,(4,4),(0.,1.),.UNSPECIFIED.);
#120=B_SPLINE_CURVE_WITH_KNOTS('',3,(#13386,#13387,#13388,#13389,#13390,
#13391,#13392,#13393,#13394,#13395,#13396,#13397,#13398,#13399),
 .UNSPECIFIED.,.F.,.F.,(4,2,2,2,2,2,4),(0.,0.250000000000001,0.500000000000001,
0.750000000000002,0.875000000000001,0.9375,1.),.UNSPECIFIED.);
#121=B_SPLINE_CURVE_WITH_KNOTS('',3,(#13400,#13401,#13402,#13403,#13404,
#13405,#13406,#13407,#13408,#13409,#13410,#13411,#13412,#13413),
 .UNSPECIFIED.,.F.,.F.,(4,2,2,2,2,2,4),(0.,0.0624999999999996,0.124999999999999,
0.249999999999998,0.499999999999999,0.749999999999999,1.),.UNSPECIFIED.);
#122=B_SPLINE_CURVE_WITH_KNOTS('',3,(#13431,#13432,#13433,#13434,#13435,
#13436,#13437,#13438,#13439,#13440,#13441,#13442,#13443,#13444),
 .UNSPECIFIED.,.F.,.F.,(4,2,2,2,2,2,4),(0.,0.125,0.249999999999999,0.5,
0.750000000000001,0.875,1.),.UNSPECIFIED.);
#123=B_SPLINE_CURVE_WITH_KNOTS('',3,(#14044,#14045,#14046,#14047,#14048,
#14049,#14050,#14051,#14052,#14053,#14054,#14055,#14056,#14057,#14058,#14059,
#14060,#14061,#14062,#14063,#14064,#14065,#14066,#14067,#14068,#14069,#14070,
#14071,#14072,#14073,#14074,#14075,#14076,#14077,#14078,#14079,#14080,#14081,
#14082,#14083,#14084,#14085,#14086),.UNSPECIFIED.,.F.,.F.,(4,3,3,3,3,3,
3,3,3,3,3,3,3,3,4),(0.,0.0262223566920687,0.0522772119843496,0.087323965353244,
0.137847555616183,0.220841937584727,0.375077304170411,0.548732206505607,
0.707841927205313,0.803198010423196,0.874698223209979,0.917412783602781,
0.95083179753014,0.977627602573319,1.),.UNSPECIFIED.);
#124=B_SPLINE_CURVE_WITH_KNOTS('',3,(#14170,#14171,#14172,#14173,#14174,
#14175,#14176,#14177,#14178,#14179,#14180,#14181,#14182,#14183,#14184,#14185,
#14186,#14187,#14188,#14189,#14190,#14191,#14192,#14193,#14194,#14195,#14196,
#14197,#14198,#14199,#14200,#14201,#14202,#14203),.UNSPECIFIED.,.F.,.F.,
(4,3,3,3,3,3,3,3,3,3,3,4),(0.,0.0409155390852936,0.0813780332524578,0.151125318184846,
0.275858927176258,0.501803556388408,0.741619967440587,0.819671632836329,
0.898464848482748,0.944171347965661,0.990606130485488,1.),.UNSPECIFIED.);
#125=B_SPLINE_CURVE_WITH_KNOTS('',3,(#14247,#14248,#14249,#14250,#14251,
#14252,#14253,#14254,#14255,#14256,#14257,#14258,#14259,#14260,#14261,#14262,
#14263,#14264,#14265,#14266,#14267,#14268,#14269,#14270,#14271),
 .UNSPECIFIED.,.F.,.F.,(4,3,3,3,3,3,3,3,4),(0.,0.0385570301186213,0.0768677682432633,
0.128400082484609,0.20268934696015,0.324723263393197,0.551509045641348,
0.806849073931389,1.),.UNSPECIFIED.);
#126=B_SPLINE_CURVE_WITH_KNOTS('',3,(#14273,#14274,#14275,#14276,#14277,
#14278,#14279,#14280,#14281,#14282,#14283,#14284,#14285),.UNSPECIFIED.,
 .F.,.F.,(4,3,3,3,4),(0.,0.30229573161318,0.605562477879633,0.893695079392514,
1.),.UNSPECIFIED.);
#127=B_SPLINE_CURVE_WITH_KNOTS('',3,(#14289,#14290,#14291,#14292,#14293,
#14294,#14295,#14296,#14297,#14298,#14299,#14300,#14301,#14302,#14303,#14304,
#14305,#14306,#14307,#14308,#14309,#14310,#14311,#14312,#14313,#14314,#14315,
#14316,#14317,#14318,#14319),.UNSPECIFIED.,.F.,.F.,(4,3,3,3,3,3,3,3,3,3,
4),(0.,0.0857166717946928,0.170910152540165,0.263064493136883,0.373175050372087,
0.500815035563336,0.635457755370925,0.761795509267906,0.872874334937136,
0.971738629869413,1.),.UNSPECIFIED.);
#128=B_SPLINE_CURVE_WITH_KNOTS('',3,(#14328,#14329,#14330,#14331,#14332,
#14333,#14334,#14335,#14336,#14337,#14338,#14339,#14340,#14341,#14342,#14343,
#14344,#14345,#14346,#14347,#14348,#14349,#14350,#14351,#14352,#14353,#14354,
#14355,#14356,#14357,#14358,#14359,#14360,#14361,#14362,#14363,#14364,#14365,
#14366,#14367,#14368,#14369,#14370),.UNSPECIFIED.,.F.,.F.,(4,3,3,3,3,3,
3,3,3,3,3,3,3,3,4),(0.,0.0262223566920709,0.052277211984353,0.0873239653532471,
0.137847555616183,0.220841937584766,0.375077304170488,0.54873220650572,
0.707841927205375,0.803198010423206,0.874698223210015,0.917412783602802,
0.950831797530136,0.977627602573319,1.),.UNSPECIFIED.);
#129=B_SPLINE_CURVE_WITH_KNOTS('',3,(#14374,#14375,#14376,#14377,#14378,
#14379,#14380,#14381,#14382,#14383,#14384,#14385,#14386,#14387,#14388,#14389,
#14390,#14391,#14392,#14393,#14394,#14395,#14396,#14397,#14398,#14399,#14400,
#14401,#14402,#14403,#14404,#14405,#14406,#14407,#14408,#14409,#14410,#14411,
#14412,#14413,#14414,#14415,#14416),.UNSPECIFIED.,.F.,.F.,(4,3,3,3,3,3,
3,3,3,3,3,3,3,3,4),(0.,0.0262223566920709,0.052277211984353,0.0873239653532471,
0.137847555616183,0.220841937584766,0.375077304170488,0.54873220650572,
0.707841927205375,0.803198010423206,0.874698223210015,0.917412783602802,
0.950831797530136,0.977627602573319,1.),.UNSPECIFIED.);
#130=B_SPLINE_CURVE_WITH_KNOTS('',3,(#14420,#14421,#14422,#14423,#14424,
#14425,#14426,#14427,#14428,#14429,#14430,#14431,#14432,#14433,#14434,#14435,
#14436,#14437,#14438,#14439,#14440,#14441,#14442,#14443,#14444,#14445,#14446,
#14447,#14448,#14449,#14450,#14451,#14452,#14453,#14454,#14455,#14456,#14457,
#14458,#14459,#14460,#14461,#14462),.UNSPECIFIED.,.F.,.F.,(4,3,3,3,3,3,
3,3,3,3,3,3,3,3,4),(0.,0.0262223566920709,0.052277211984353,0.0873239653532471,
0.137847555616183,0.220841937584766,0.375077304170488,0.54873220650572,
0.707841927205375,0.803198010423206,0.874698223210015,0.917412783602802,
0.950831797530136,0.977627602573319,1.),.UNSPECIFIED.);
#131=B_SPLINE_CURVE_WITH_KNOTS('',3,(#14466,#14467,#14468,#14469,#14470,
#14471,#14472,#14473,#14474,#14475,#14476,#14477,#14478,#14479,#14480,#14481,
#14482,#14483,#14484,#14485,#14486,#14487,#14488,#14489,#14490,#14491,#14492,
#14493,#14494,#14495,#14496,#14497,#14498,#14499,#14500,#14501,#14502,#14503,
#14504,#14505,#14506,#14507,#14508),.UNSPECIFIED.,.F.,.F.,(4,3,3,3,3,3,
3,3,3,3,3,3,3,3,4),(0.,0.0262223566920709,0.052277211984353,0.0873239653532471,
0.137847555616183,0.220841937584766,0.375077304170488,0.54873220650572,
0.707841927205375,0.803198010423206,0.874698223210015,0.917412783602802,
0.950831797530136,0.977627602573319,1.),.UNSPECIFIED.);
#132=B_SPLINE_CURVE_WITH_KNOTS('',3,(#14512,#14513,#14514,#14515,#14516,
#14517,#14518,#14519,#14520,#14521,#14522,#14523,#14524,#14525,#14526,#14527,
#14528,#14529,#14530,#14531,#14532,#14533,#14534,#14535,#14536,#14537,#14538,
#14539,#14540,#14541,#14542,#14543,#14544,#14545,#14546,#14547,#14548,#14549,
#14550,#14551,#14552,#14553,#14554),.UNSPECIFIED.,.F.,.F.,(4,3,3,3,3,3,
3,3,3,3,3,3,3,3,4),(0.,0.0262223566920709,0.052277211984353,0.0873239653532471,
0.137847555616183,0.220841937584766,0.375077304170488,0.54873220650572,
0.707841927205375,0.803198010423206,0.874698223210015,0.917412783602802,
0.950831797530136,0.977627602573319,1.),.UNSPECIFIED.);
#133=B_SPLINE_CURVE_WITH_KNOTS('',3,(#14558,#14559,#14560,#14561,#14562,
#14563,#14564,#14565,#14566,#14567,#14568,#14569,#14570,#14571,#14572,#14573,
#14574,#14575,#14576,#14577,#14578,#14579,#14580,#14581,#14582,#14583,#14584,
#14585,#14586,#14587,#14588,#14589,#14590,#14591,#14592,#14593,#14594,#14595,
#14596,#14597,#14598,#14599,#14600),.UNSPECIFIED.,.F.,.F.,(4,3,3,3,3,3,
3,3,3,3,3,3,3,3,4),(0.,0.0262223566920709,0.052277211984353,0.0873239653532471,
0.137847555616183,0.220841937584766,0.375077304170488,0.54873220650572,
0.707841927205375,0.803198010423206,0.874698223210015,0.917412783602802,
0.950831797530136,0.977627602573319,1.),.UNSPECIFIED.);
#134=B_SPLINE_CURVE_WITH_KNOTS('',3,(#14604,#14605,#14606,#14607,#14608,
#14609,#14610,#14611,#14612,#14613,#14614,#14615,#14616,#14617,#14618,#14619,
#14620,#14621,#14622,#14623,#14624,#14625,#14626,#14627,#14628,#14629,#14630,
#14631,#14632,#14633,#14634,#14635,#14636,#14637,#14638,#14639,#14640,#14641,
#14642,#14643,#14644,#14645,#14646),.UNSPECIFIED.,.F.,.F.,(4,3,3,3,3,3,
3,3,3,3,3,3,3,3,4),(0.,0.0262223566920709,0.052277211984353,0.0873239653532471,
0.137847555616183,0.220841937584766,0.375077304170488,0.54873220650572,
0.707841927205375,0.803198010423206,0.874698223210015,0.917412783602802,
0.950831797530136,0.977627602573319,1.),.UNSPECIFIED.);
#135=B_SPLINE_CURVE_WITH_KNOTS('',3,(#14650,#14651,#14652,#14653,#14654,
#14655,#14656,#14657,#14658,#14659,#14660,#14661,#14662,#14663,#14664,#14665,
#14666,#14667,#14668,#14669,#14670,#14671,#14672,#14673,#14674,#14675,#14676,
#14677,#14678,#14679,#14680,#14681,#14682,#14683,#14684,#14685,#14686,#14687,
#14688,#14689,#14690,#14691,#14692),.UNSPECIFIED.,.F.,.F.,(4,3,3,3,3,3,
3,3,3,3,3,3,3,3,4),(0.,0.0262223566920709,0.052277211984353,0.0873239653532471,
0.137847555616183,0.220841937584766,0.375077304170488,0.54873220650572,
0.707841927205375,0.803198010423206,0.874698223210015,0.917412783602802,
0.950831797530136,0.977627602573319,1.),.UNSPECIFIED.);
#136=B_SPLINE_CURVE_WITH_KNOTS('',3,(#14696,#14697,#14698,#14699,#14700,
#14701,#14702,#14703,#14704,#14705,#14706,#14707,#14708,#14709,#14710,#14711,
#14712,#14713,#14714,#14715,#14716,#14717,#14718,#14719,#14720,#14721,#14722,
#14723,#14724,#14725,#14726,#14727,#14728,#14729,#14730,#14731,#14732,#14733,
#14734,#14735,#14736,#14737,#14738),.UNSPECIFIED.,.F.,.F.,(4,3,3,3,3,3,
3,3,3,3,3,3,3,3,4),(0.,0.0262223566920709,0.052277211984353,0.0873239653532471,
0.137847555616183,0.220841937584766,0.375077304170488,0.54873220650572,
0.707841927205375,0.803198010423206,0.874698223210015,0.917412783602802,
0.950831797530136,0.977627602573319,1.),.UNSPECIFIED.);
#137=B_SPLINE_CURVE_WITH_KNOTS('',3,(#14742,#14743,#14744,#14745,#14746,
#14747,#14748,#14749,#14750,#14751,#14752,#14753,#14754,#14755,#14756,#14757,
#14758,#14759,#14760,#14761,#14762,#14763,#14764,#14765,#14766,#14767,#14768,
#14769,#14770,#14771,#14772,#14773,#14774,#14775,#14776,#14777,#14778,#14779,
#14780,#14781,#14782,#14783,#14784),.UNSPECIFIED.,.F.,.F.,(4,3,3,3,3,3,
3,3,3,3,3,3,3,3,4),(0.,0.0262223566920687,0.0522772119843496,0.087323965353244,
0.137847555616183,0.220841937584727,0.375077304170411,0.548732206505607,
0.707841927205313,0.803198010423196,0.874698223209979,0.917412783602781,
0.95083179753014,0.977627602573319,1.),.UNSPECIFIED.);
#138=B_SPLINE_CURVE_WITH_KNOTS('',3,(#14789,#14790,#14791,#14792,#14793,
#14794,#14795,#14796,#14797,#14798,#14799,#14800,#14801,#14802,#14803,#14804,
#14805,#14806,#14807,#14808,#14809,#14810,#14811,#14812,#14813,#14814,#14815,
#14816,#14817,#14818,#14819),.UNSPECIFIED.,.F.,.F.,(4,3,3,3,3,3,3,3,3,3,
4),(0.,0.0928016941330126,0.185432411466889,0.280627310461732,0.383296936245453,
0.496884777245186,0.623057924583645,0.757665818664407,0.860310082171238,
0.946730181904746,1.),.UNSPECIFIED.);
#139=B_SPLINE_CURVE_WITH_KNOTS('',3,(#14824,#14825,#14826,#14827,#14828,
#14829,#14830,#14831,#14832,#14833,#14834,#14835,#14836,#14837,#14838,#14839,
#14840,#14841,#14842,#14843,#14844,#14845,#14846,#14847,#14848,#14849,#14850,
#14851,#14852,#14853,#14854,#14855,#14856,#14857,#14858,#14859,#14860,#14861,
#14862,#14863,#14864,#14865,#14866),.UNSPECIFIED.,.F.,.F.,(4,3,3,3,3,3,
3,3,3,3,3,3,3,3,4),(0.,0.0262223566920687,0.0522772119843496,0.087323965353244,
0.137847555616183,0.220841937584727,0.375077304170411,0.548732206505607,
0.707841927205313,0.803198010423196,0.874698223209979,0.917412783602781,
0.95083179753014,0.977627602573319,1.),.UNSPECIFIED.);
#140=B_SPLINE_CURVE_WITH_KNOTS('',3,(#14870,#14871,#14872,#14873,#14874,
#14875,#14876,#14877,#14878,#14879,#14880,#14881,#14882,#14883,#14884,#14885,
#14886,#14887,#14888,#14889,#14890,#14891,#14892,#14893,#14894,#14895,#14896,
#14897,#14898,#14899,#14900,#14901,#14902,#14903,#14904,#14905,#14906,#14907,
#14908,#14909,#14910,#14911,#14912),.UNSPECIFIED.,.F.,.F.,(4,3,3,3,3,3,
3,3,3,3,3,3,3,3,4),(0.,0.0262223566920696,0.0522772119843472,0.0873239653532485,
0.137847555616192,0.220841937584742,0.375077304170449,0.548732206505663,
0.707841927205339,0.803198010423211,0.874698223209986,0.917412783602782,
0.950831797530135,0.977627602573315,1.),.UNSPECIFIED.);
#141=B_SPLINE_CURVE_WITH_KNOTS('',3,(#14920,#14921,#14922,#14923,#14924,
#14925,#14926,#14927,#14928,#14929,#14930,#14931,#14932,#14933,#14934,#14935,
#14936,#14937,#14938,#14939,#14940,#14941,#14942,#14943,#14944,#14945,#14946,
#14947,#14948,#14949,#14950),.UNSPECIFIED.,.F.,.F.,(4,3,3,3,3,3,3,3,3,3,
4),(0.,0.0972238795420182,0.194179636313747,0.295145603208879,0.404793345012577,
0.521608984781471,0.640291159794981,0.755196003763177,0.863964755895129,
0.967524321251852,1.),.UNSPECIFIED.);
#142=B_SPLINE_CURVE_WITH_KNOTS('',3,(#15002,#15003,#15004,#15005,#15006,
#15007,#15008,#15009,#15010,#15011,#15012,#15013,#15014,#15015,#15016,#15017,
#15018,#15019,#15020,#15021,#15022,#15023,#15024,#15025,#15026,#15027,#15028,
#15029,#15030,#15031,#15032,#15033,#15034,#15035),.UNSPECIFIED.,.F.,.F.,
(4,3,3,3,3,3,3,3,3,3,3,4),(0.,0.0409021480103939,0.0813513993778109,0.151075857014351,
0.275768642466929,0.501639323210542,0.741377245757029,0.819355578969044,
0.898072698068896,0.943746754919551,0.990147068263252,1.),.UNSPECIFIED.);
#143=B_SPLINE_CURVE_WITH_KNOTS('',3,(#15038,#15039,#15040,#15041,#15042,
#15043,#15044,#15045,#15046,#15047,#15048,#15049,#15050,#15051,#15052,#15053,
#15054,#15055,#15056,#15057,#15058,#15059,#15060,#15061,#15062,#15063,#15064,
#15065,#15066,#15067,#15068,#15069,#15070,#15071),.UNSPECIFIED.,.F.,.F.,
(4,3,3,3,3,3,3,3,3,3,3,4),(0.,0.0410089470889666,0.0815596103636308,0.151654528974085,
0.277141845869608,0.50411814633037,0.744825945950607,0.822140911568709,
0.900200948063848,0.945626385889288,0.991769860501028,1.),.UNSPECIFIED.);
#144=B_SPLINE_CURVE_WITH_KNOTS('',3,(#15114,#15115,#15116,#15117,#15118,
#15119,#15120,#15121,#15122,#15123,#15124,#15125,#15126,#15127,#15128,#15129,
#15130,#15131,#15132,#15133,#15134,#15135,#15136,#15137,#15138,#15139,#15140,
#15141,#15142,#15143,#15144,#15145,#15146,#15147),.UNSPECIFIED.,.F.,.F.,
(4,3,3,3,3,3,3,3,3,3,3,4),(0.,0.0409155390852937,0.0813780332524578,0.151125318184846,
0.275858927176258,0.501803556388373,0.741619967440589,0.819671632836331,
0.898464848482751,0.944171347965661,0.990606130485487,1.),.UNSPECIFIED.);
#145=B_SPLINE_CURVE_WITH_KNOTS('',3,(#15151,#15152,#15153,#15154,#15155,
#15156,#15157,#15158,#15159,#15160,#15161,#15162,#15163,#15164,#15165,#15166,
#15167,#15168,#15169,#15170,#15171,#15172,#15173,#15174,#15175,#15176,#15177,
#15178),.UNSPECIFIED.,.F.,.F.,(4,3,3,3,3,3,3,3,3,4),(0.,0.0315373778188041,
0.0628733033046879,0.105023698682826,0.165787937900376,0.265604488018915,
0.451101889574197,0.659954981206844,0.851314721876865,1.),.UNSPECIFIED.);
#146=B_SPLINE_CURVE_WITH_KNOTS('',3,(#15180,#15181,#15182,#15183,#15184,
#15185,#15186,#15187,#15188,#15189,#15190,#15191,#15192,#15193,#15194,#15195,
#15196,#15197,#15198),.UNSPECIFIED.,.F.,.F.,(4,3,3,3,3,3,4),(0.,0.200909882132277,
0.401635201847089,0.604739131302097,0.799699735572087,0.977899941137655,
1.),.UNSPECIFIED.);
#147=B_SPLINE_CURVE_WITH_KNOTS('',3,(#15199,#15200,#15201,#15202,#15203,
#15204,#15205,#15206,#15207,#15208,#15209,#15210,#15211,#15212,#15213,#15214,
#15215,#15216,#15217,#15218,#15219,#15220,#15221,#15222,#15223,#15224,#15225,
#15226,#15227,#15228,#15229),.UNSPECIFIED.,.F.,.F.,(4,3,3,3,3,3,3,3,3,3,
4),(0.,0.099070908459055,0.197918497734338,0.300148834544122,0.40951336200297,
0.524604795734441,0.641064121575512,0.754449894701652,0.862923517103967,
0.967192407259687,1.),.UNSPECIFIED.);
#148=TOROIDAL_SURFACE('',#8577,7.,1.);
#149=TOROIDAL_SURFACE('',#8582,7.,1.);
#150=TOROIDAL_SURFACE('',#8587,3.,1.);
#151=TOROIDAL_SURFACE('',#8592,3.,1.);
#152=TOROIDAL_SURFACE('',#8615,3.,1.);
#153=TOROIDAL_SURFACE('',#8616,3.,1.);
#154=TOROIDAL_SURFACE('',#8617,7.,1.);
#155=TOROIDAL_SURFACE('',#8618,7.,1.);
#156=MANIFOLD_SOLID_BREP('',#168);
#157=MANIFOLD_SOLID_BREP('',#169);
#158=MANIFOLD_SOLID_BREP('',#170);
#159=MANIFOLD_SOLID_BREP('',#171);
#160=MANIFOLD_SOLID_BREP('',#172);
#161=MANIFOLD_SOLID_BREP('',#173);
#162=MANIFOLD_SOLID_BREP('',#174);
#163=MANIFOLD_SOLID_BREP('',#175);
#164=MANIFOLD_SOLID_BREP('',#176);
#165=MANIFOLD_SOLID_BREP('',#177);
#166=MANIFOLD_SOLID_BREP('',#178);
#167=MANIFOLD_SOLID_BREP('',#179);
#168=CLOSED_SHELL('',(#941,#942,#943,#944,#945,#946,#947,#948,#949,#950));
#169=CLOSED_SHELL('',(#951,#952,#953,#954,#955,#956,#957,#958,#959,#960,
#961,#962,#963,#964,#965,#966,#967,#968));
#170=CLOSED_SHELL('',(#969,#970,#971,#972,#973,#974,#975,#976,#977,#978,
#979,#980,#981,#982,#983));
#171=CLOSED_SHELL('',(#984,#985,#986,#987,#988,#989,#990,#991,#992,#993,
#994,#995,#996,#997,#998,#999,#1000,#1001,#1002,#1003,#1004,#1005,#1006,
#1007,#1008,#1009,#1010,#1011,#1012,#1013,#1014,#1015,#1016,#1017,#1018,
#1019,#1020,#1021,#1022,#1023,#1024,#1025));
#172=CLOSED_SHELL('',(#1026,#1027,#1028,#1029,#1030,#1031,#1032,#1033,#1034,
#1035,#1036,#1037,#1038,#1039,#1040,#1041,#1042,#1043,#1044,#1045,#1046,
#1047,#1048,#1049,#1050,#1051,#1052,#1053,#1054,#1055,#1056,#1057,#1058,
#1059,#1060,#1061,#1062,#1063,#1064,#1065,#1066,#1067,#1068,#1069,#1070,
#1071,#1072,#1073,#1074,#1075,#1076,#1077,#1078,#1079,#1080,#1081,#1082,
#1083,#1084,#1085,#1086,#1087,#1088,#1089,#1090,#1091,#1092,#1093,#1094,
#1095,#1096,#1097,#1098,#1099,#1100,#1101,#1102,#1103,#1104,#1105,#1106,
#1107,#1108,#1109,#1110,#1111));
#173=CLOSED_SHELL('',(#1112,#1113,#1114,#1115,#1116,#1117,#1118,#1119,#1120,
#1121,#1122,#1123,#1124,#1125,#1126,#1127,#1128,#1129,#1130,#1131,#1132,
#1133,#1134,#1135,#1136,#1137,#1138,#1139,#1140,#1141,#1142,#1143,#1144,
#1145,#1146,#1147,#1148,#1149,#1150,#1151,#1152,#1153,#1154,#1155,#1156,
#1157,#1158,#1159,#1160,#1161,#1162,#1163,#1164,#1165,#1166,#1167,#1168,
#1169,#1170,#1171,#1172,#1173,#1174,#1175,#1176,#1177,#1178,#1179,#1180,
#1181,#1182,#1183,#1184,#1185,#1186,#1187,#1188,#1189,#1190,#1191,#1192,
#1193,#1194,#1195,#1196,#1197,#1198,#1199));
#174=CLOSED_SHELL('',(#1200,#1201,#1202,#1203,#1204,#1205,#1206,#1207,#1208,
#1209,#1210,#1211,#1212,#1213,#1214,#1215,#1216,#1217,#1218,#1219,#1220,
#1221,#1222,#1223,#1224,#1225,#1226,#1227,#1228,#1229,#1230,#1231,#1232,
#1233,#1234,#1235,#1236,#1237,#1238,#1239,#1240,#1241,#1242,#1243,#1244));
#175=CLOSED_SHELL('',(#1245,#1246,#1247,#1248,#1249,#1250,#1251,#1252,#1253,
#1254,#1255,#1256,#1257,#1258,#1259,#1260,#1261,#1262,#1263,#1264,#1265,
#1266,#1267,#1268,#1269,#1270,#1271,#1272,#1273,#1274,#1275,#1276,#1277,
#1278,#1279,#1280,#1281,#1282,#1283,#1284,#1285,#1286,#1287,#1288,#1289,
#1290,#1291,#1292,#1293,#1294,#1295,#1296,#1297,#1298,#1299,#1300,#1301,
#1302,#1303,#1304,#1305,#1306,#1307,#1308,#1309,#1310));
#176=CLOSED_SHELL('',(#1311,#1312,#1313,#1314,#1315,#1316,#1317,#1318,#1319,
#1320,#1321,#1322,#1323,#1324,#1325,#1326,#1327,#1328,#1329,#1330,#1331,
#1332,#1333,#1334,#1335,#1336,#1337,#1338,#1339,#1340,#1341,#1342,#1343,
#1344,#1345,#1346,#1347,#1348,#1349,#1350,#1351,#1352,#1353,#1354,#1355,
#1356,#1357,#1358,#1359,#1360,#1361,#1362,#1363,#1364,#1365,#1366,#1367,
#1368,#1369,#1370,#1371,#1372,#1373,#1374,#1375,#1376,#1377,#1378,#1379,
#1380,#1381,#1382,#1383,#1384,#1385,#1386,#1387,#1388,#1389,#1390));
#177=CLOSED_SHELL('',(#1391,#1392,#1393,#1394));
#178=CLOSED_SHELL('',(#1395,#1396,#1397,#1398));
#179=CLOSED_SHELL('',(#1399,#1400,#1401,#1402,#1403,#1404,#1405,#1406,#1407,
#1408,#1409,#1410,#1411,#1412,#1413,#1414,#1415,#1416,#1417,#1418,#1419,
#1420,#1421,#1422,#1423,#1424));
#180=PLANE('',#8566);
#181=PLANE('',#8569);
#182=PLANE('',#8603);
#183=PLANE('',#8606);
#184=PLANE('',#8610);
#185=PLANE('',#8614);
#186=PLANE('',#8622);
#187=PLANE('',#8636);
#188=PLANE('',#8637);
#189=PLANE('',#8638);
#190=PLANE('',#8639);
#191=PLANE('',#8640);
#192=PLANE('',#8643);
#193=PLANE('',#8644);
#194=PLANE('',#8645);
#195=PLANE('',#8680);
#196=PLANE('',#8681);
#197=PLANE('',#8686);
#198=PLANE('',#8690);
#199=PLANE('',#8691);
#200=PLANE('',#8695);
#201=PLANE('',#8697);
#202=PLANE('',#8699);
#203=PLANE('',#8703);
#204=PLANE('',#8704);
#205=PLANE('',#8705);
#206=PLANE('',#8706);
#207=PLANE('',#8710);
#208=PLANE('',#8715);
#209=PLANE('',#8720);
#210=PLANE('',#8725);
#211=PLANE('',#8730);
#212=PLANE('',#8734);
#213=PLANE('',#8735);
#214=PLANE('',#8752);
#215=PLANE('',#8753);
#216=PLANE('',#8754);
#217=PLANE('',#8755);
#218=PLANE('',#8756);
#219=PLANE('',#8757);
#220=PLANE('',#8758);
#221=PLANE('',#8759);
#222=PLANE('',#8760);
#223=PLANE('',#8761);
#224=PLANE('',#8762);
#225=PLANE('',#8763);
#226=PLANE('',#8766);
#227=PLANE('',#8769);
#228=PLANE('',#8770);
#229=PLANE('',#8771);
#230=PLANE('',#8772);
#231=PLANE('',#8773);
#232=PLANE('',#8774);
#233=PLANE('',#8775);
#234=PLANE('',#8776);
#235=PLANE('',#8777);
#236=PLANE('',#8778);
#237=PLANE('',#8779);
#238=PLANE('',#8780);
#239=PLANE('',#8781);
#240=PLANE('',#8782);
#241=PLANE('',#8783);
#242=PLANE('',#8784);
#243=PLANE('',#8785);
#244=PLANE('',#8786);
#245=PLANE('',#8787);
#246=PLANE('',#8788);
#247=PLANE('',#8789);
#248=PLANE('',#8790);
#249=PLANE('',#8791);
#250=PLANE('',#8792);
#251=PLANE('',#8793);
#252=PLANE('',#8794);
#253=PLANE('',#8795);
#254=PLANE('',#8796);
#255=PLANE('',#8797);
#256=PLANE('',#8798);
#257=PLANE('',#8799);
#258=PLANE('',#8800);
#259=PLANE('',#8801);
#260=PLANE('',#8802);
#261=PLANE('',#8803);
#262=PLANE('',#8804);
#263=PLANE('',#8805);
#264=PLANE('',#8806);
#265=PLANE('',#8807);
#266=PLANE('',#8808);
#267=PLANE('',#8809);
#268=PLANE('',#8810);
#269=PLANE('',#8811);
#270=PLANE('',#8812);
#271=PLANE('',#8813);
#272=PLANE('',#8814);
#273=PLANE('',#8815);
#274=PLANE('',#8816);
#275=PLANE('',#8817);
#276=PLANE('',#8818);
#277=PLANE('',#8819);
#278=PLANE('',#8820);
#279=PLANE('',#8821);
#280=PLANE('',#8822);
#281=PLANE('',#8823);
#282=PLANE('',#8824);
#283=PLANE('',#8825);
#284=PLANE('',#8930);
#285=PLANE('',#8933);
#286=PLANE('',#8938);
#287=PLANE('',#8941);
#288=PLANE('',#8944);
#289=PLANE('',#8946);
#290=PLANE('',#8949);
#291=PLANE('',#8954);
#292=PLANE('',#8963);
#293=PLANE('',#8966);
#294=PLANE('',#8970);
#295=PLANE('',#8974);
#296=PLANE('',#8987);
#297=PLANE('',#8991);
#298=PLANE('',#8998);
#299=PLANE('',#9002);
#300=PLANE('',#9043);
#301=PLANE('',#9058);
#302=PLANE('',#9060);
#303=PLANE('',#9062);
#304=PLANE('',#9064);
#305=PLANE('',#9066);
#306=PLANE('',#9087);
#307=PLANE('',#9088);
#308=PLANE('',#9089);
#309=PLANE('',#9090);
#310=PLANE('',#9099);
#311=PLANE('',#9102);
#312=PLANE('',#9105);
#313=PLANE('',#9106);
#314=PLANE('',#9109);
#315=PLANE('',#9111);
#316=PLANE('',#9115);
#317=PLANE('',#9118);
#318=PLANE('',#9157);
#319=PLANE('',#9161);
#320=PLANE('',#9162);
#321=PLANE('',#9166);
#322=PLANE('',#9167);
#323=PLANE('',#9170);
#324=PLANE('',#9171);
#325=PLANE('',#9172);
#326=PLANE('',#9173);
#327=PLANE('',#9174);
#328=PLANE('',#9179);
#329=PLANE('',#9180);
#330=PLANE('',#9181);
#331=PLANE('',#9183);
#332=PLANE('',#9184);
#333=PLANE('',#9185);
#334=PLANE('',#9186);
#335=PLANE('',#9187);
#336=PLANE('',#9189);
#337=PLANE('',#9190);
#338=PLANE('',#9191);
#339=PLANE('',#9192);
#340=PLANE('',#9193);
#341=PLANE('',#9194);
#342=PLANE('',#9197);
#343=PLANE('',#9198);
#344=PLANE('',#9199);
#345=PLANE('',#9200);
#346=PLANE('',#9201);
#347=PLANE('',#9204);
#348=PLANE('',#9205);
#349=PLANE('',#9208);
#350=PLANE('',#9209);
#351=PLANE('',#9210);
#352=PLANE('',#9212);
#353=PLANE('',#9217);
#354=PLANE('',#9218);
#355=PLANE('',#9274);
#356=PLANE('',#9280);
#357=PLANE('',#9283);
#358=PLANE('',#9284);
#359=PLANE('',#9287);
#360=PLANE('',#9288);
#361=PLANE('',#9290);
#362=PLANE('',#9315);
#363=PLANE('',#9316);
#364=PLANE('',#9318);
#365=PLANE('',#9319);
#366=PLANE('',#9321);
#367=PLANE('',#9333);
#368=PLANE('',#9338);
#369=PLANE('',#9343);
#370=PLANE('',#9348);
#371=PLANE('',#9350);
#372=PLANE('',#9355);
#373=PLANE('',#9360);
#374=PLANE('',#9365);
#375=PLANE('',#9370);
#376=PLANE('',#9375);
#377=PLANE('',#9380);
#378=PLANE('',#9385);
#379=PLANE('',#9390);
#380=PLANE('',#9395);
#381=PLANE('',#9400);
#382=PLANE('',#9407);
#383=PLANE('',#9408);
#384=PLANE('',#9415);
#385=PLANE('',#9416);
#386=PLANE('',#9419);
#387=PLANE('',#9422);
#388=PLANE('',#9423);
#389=PLANE('',#9424);
#390=PLANE('',#9425);
#391=PLANE('',#9426);
#392=PLANE('',#9427);
#393=PLANE('',#9428);
#394=PLANE('',#9429);
#395=PLANE('',#9430);
#396=PLANE('',#9433);
#397=PLANE('',#9436);
#398=PLANE('',#9439);
#399=PLANE('',#9442);
#400=PLANE('',#9459);
#401=PLANE('',#9461);
#402=FACE_BOUND('',#1827,.T.);
#403=FACE_BOUND('',#1828,.T.);
#404=FACE_BOUND('',#1829,.T.);
#405=FACE_BOUND('',#1830,.T.);
#406=FACE_BOUND('',#1842,.T.);
#407=FACE_BOUND('',#1843,.T.);
#408=FACE_BOUND('',#1844,.T.);
#409=FACE_BOUND('',#1845,.T.);
#410=FACE_BOUND('',#1854,.T.);
#411=FACE_BOUND('',#1855,.T.);
#412=FACE_BOUND('',#1856,.T.);
#413=FACE_BOUND('',#1857,.T.);
#414=FACE_BOUND('',#1858,.T.);
#415=FACE_BOUND('',#1859,.T.);
#416=FACE_BOUND('',#1860,.T.);
#417=FACE_BOUND('',#1861,.T.);
#418=FACE_BOUND('',#1862,.T.);
#419=FACE_BOUND('',#1863,.T.);
#420=FACE_BOUND('',#1864,.T.);
#421=FACE_BOUND('',#1865,.T.);
#422=FACE_BOUND('',#1866,.T.);
#423=FACE_BOUND('',#1867,.T.);
#424=FACE_BOUND('',#1872,.T.);
#425=FACE_BOUND('',#1873,.T.);
#426=FACE_BOUND('',#1874,.T.);
#427=FACE_BOUND('',#1875,.T.);
#428=FACE_BOUND('',#1876,.T.);
#429=FACE_BOUND('',#1877,.T.);
#430=FACE_BOUND('',#1878,.T.);
#431=FACE_BOUND('',#1879,.T.);
#432=FACE_BOUND('',#1880,.T.);
#433=FACE_BOUND('',#1881,.T.);
#434=FACE_BOUND('',#1882,.T.);
#435=FACE_BOUND('',#1883,.T.);
#436=FACE_BOUND('',#1894,.T.);
#437=FACE_BOUND('',#1895,.T.);
#438=FACE_BOUND('',#1896,.T.);
#439=FACE_BOUND('',#1897,.T.);
#440=FACE_BOUND('',#1898,.T.);
#441=FACE_BOUND('',#1900,.T.);
#442=FACE_BOUND('',#1901,.T.);
#443=FACE_BOUND('',#1902,.T.);
#444=FACE_BOUND('',#1903,.T.);
#445=FACE_BOUND('',#1904,.T.);
#446=FACE_BOUND('',#1905,.T.);
#447=FACE_BOUND('',#1906,.T.);
#448=FACE_BOUND('',#1908,.T.);
#449=FACE_BOUND('',#1909,.T.);
#450=FACE_BOUND('',#1918,.T.);
#451=FACE_BOUND('',#1919,.T.);
#452=FACE_BOUND('',#1922,.T.);
#453=FACE_BOUND('',#1923,.T.);
#454=FACE_BOUND('',#1926,.T.);
#455=FACE_BOUND('',#1927,.T.);
#456=FACE_BOUND('',#1930,.T.);
#457=FACE_BOUND('',#1931,.T.);
#458=FACE_BOUND('',#1934,.T.);
#459=FACE_BOUND('',#1935,.T.);
#460=FACE_BOUND('',#1961,.T.);
#461=FACE_BOUND('',#1962,.T.);
#462=FACE_BOUND('',#1963,.T.);
#463=FACE_BOUND('',#1964,.T.);
#464=FACE_BOUND('',#1965,.T.);
#465=FACE_BOUND('',#1966,.T.);
#466=FACE_BOUND('',#2068,.T.);
#467=FACE_BOUND('',#2069,.T.);
#468=FACE_BOUND('',#2070,.T.);
#469=FACE_BOUND('',#2073,.T.);
#470=FACE_BOUND('',#2074,.T.);
#471=FACE_BOUND('',#2075,.T.);
#472=FACE_BOUND('',#2076,.T.);
#473=FACE_BOUND('',#2077,.T.);
#474=FACE_BOUND('',#2079,.T.);
#475=FACE_BOUND('',#2080,.T.);
#476=FACE_BOUND('',#2081,.T.);
#477=FACE_BOUND('',#2082,.T.);
#478=FACE_BOUND('',#2083,.T.);
#479=FACE_BOUND('',#2084,.T.);
#480=FACE_BOUND('',#2085,.T.);
#481=FACE_BOUND('',#2086,.T.);
#482=FACE_BOUND('',#2087,.T.);
#483=FACE_BOUND('',#2088,.T.);
#484=FACE_BOUND('',#2089,.T.);
#485=FACE_BOUND('',#2090,.T.);
#486=FACE_BOUND('',#2091,.T.);
#487=FACE_BOUND('',#2092,.T.);
#488=FACE_BOUND('',#2093,.T.);
#489=FACE_BOUND('',#2094,.T.);
#490=FACE_BOUND('',#2095,.T.);
#491=FACE_BOUND('',#2096,.T.);
#492=FACE_BOUND('',#2097,.T.);
#493=FACE_BOUND('',#2098,.T.);
#494=FACE_BOUND('',#2099,.T.);
#495=FACE_BOUND('',#2100,.T.);
#496=FACE_BOUND('',#2103,.T.);
#497=FACE_BOUND('',#2104,.T.);
#498=FACE_BOUND('',#2106,.T.);
#499=FACE_BOUND('',#2107,.T.);
#500=FACE_BOUND('',#2116,.T.);
#501=FACE_BOUND('',#2117,.T.);
#502=FACE_BOUND('',#2119,.T.);
#503=FACE_BOUND('',#2120,.T.);
#504=FACE_BOUND('',#2125,.T.);
#505=FACE_BOUND('',#2126,.T.);
#506=FACE_BOUND('',#2128,.T.);
#507=FACE_BOUND('',#2129,.T.);
#508=FACE_BOUND('',#2147,.T.);
#509=FACE_BOUND('',#2148,.T.);
#510=FACE_BOUND('',#2149,.T.);
#511=FACE_BOUND('',#2150,.T.);
#512=FACE_BOUND('',#2151,.T.);
#513=FACE_BOUND('',#2152,.T.);
#514=FACE_BOUND('',#2153,.T.);
#515=FACE_BOUND('',#2154,.T.);
#516=FACE_BOUND('',#2155,.T.);
#517=FACE_BOUND('',#2156,.T.);
#518=FACE_BOUND('',#2157,.T.);
#519=FACE_BOUND('',#2158,.T.);
#520=FACE_BOUND('',#2159,.T.);
#521=FACE_BOUND('',#2160,.T.);
#522=FACE_BOUND('',#2161,.T.);
#523=FACE_BOUND('',#2162,.T.);
#524=FACE_BOUND('',#2163,.T.);
#525=FACE_BOUND('',#2164,.T.);
#526=FACE_BOUND('',#2165,.T.);
#527=FACE_BOUND('',#2166,.T.);
#528=FACE_BOUND('',#2175,.T.);
#529=FACE_BOUND('',#2176,.T.);
#530=FACE_BOUND('',#2177,.T.);
#531=FACE_BOUND('',#2178,.T.);
#532=FACE_BOUND('',#2180,.T.);
#533=FACE_BOUND('',#2181,.T.);
#534=FACE_BOUND('',#2182,.T.);
#535=FACE_BOUND('',#2183,.T.);
#536=FACE_BOUND('',#2184,.T.);
#537=FACE_BOUND('',#2185,.T.);
#538=FACE_BOUND('',#2186,.T.);
#539=FACE_BOUND('',#2187,.T.);
#540=FACE_BOUND('',#2188,.T.);
#541=FACE_BOUND('',#2189,.T.);
#542=FACE_BOUND('',#2190,.T.);
#543=FACE_BOUND('',#2191,.T.);
#544=FACE_BOUND('',#2196,.T.);
#545=FACE_BOUND('',#2197,.T.);
#546=FACE_BOUND('',#2198,.T.);
#547=FACE_BOUND('',#2199,.T.);
#548=FACE_BOUND('',#2200,.T.);
#549=FACE_BOUND('',#2201,.T.);
#550=FACE_BOUND('',#2202,.T.);
#551=FACE_BOUND('',#2203,.T.);
#552=FACE_BOUND('',#2204,.T.);
#553=FACE_BOUND('',#2205,.T.);
#554=FACE_BOUND('',#2206,.T.);
#555=FACE_BOUND('',#2207,.T.);
#556=FACE_BOUND('',#2208,.T.);
#557=FACE_BOUND('',#2209,.T.);
#558=FACE_BOUND('',#2210,.T.);
#559=FACE_BOUND('',#2211,.T.);
#560=FACE_BOUND('',#2212,.T.);
#561=FACE_BOUND('',#2213,.T.);
#562=FACE_BOUND('',#2214,.T.);
#563=FACE_BOUND('',#2215,.T.);
#564=FACE_BOUND('',#2216,.T.);
#565=FACE_BOUND('',#2217,.T.);
#566=FACE_BOUND('',#2219,.T.);
#567=FACE_BOUND('',#2220,.T.);
#568=FACE_BOUND('',#2221,.T.);
#569=FACE_BOUND('',#2222,.T.);
#570=FACE_BOUND('',#2223,.T.);
#571=FACE_BOUND('',#2224,.T.);
#572=FACE_BOUND('',#2225,.T.);
#573=FACE_BOUND('',#2226,.T.);
#574=FACE_BOUND('',#2231,.T.);
#575=FACE_BOUND('',#2232,.T.);
#576=FACE_BOUND('',#2233,.T.);
#577=FACE_BOUND('',#2234,.T.);
#578=FACE_BOUND('',#2235,.T.);
#579=FACE_BOUND('',#2236,.T.);
#580=FACE_BOUND('',#2237,.T.);
#581=FACE_BOUND('',#2238,.T.);
#582=FACE_BOUND('',#2254,.T.);
#583=FACE_BOUND('',#2255,.T.);
#584=FACE_BOUND('',#2257,.T.);
#585=FACE_BOUND('',#2258,.T.);
#586=FACE_BOUND('',#2290,.T.);
#587=FACE_BOUND('',#2291,.T.);
#588=FACE_BOUND('',#2292,.T.);
#589=FACE_BOUND('',#2294,.T.);
#590=FACE_BOUND('',#2295,.T.);
#591=FACE_BOUND('',#2296,.T.);
#592=FACE_BOUND('',#2311,.T.);
#593=FACE_BOUND('',#2312,.T.);
#594=FACE_BOUND('',#2313,.T.);
#595=FACE_BOUND('',#2314,.T.);
#596=FACE_BOUND('',#2324,.T.);
#597=FACE_BOUND('',#2325,.T.);
#598=FACE_BOUND('',#2326,.T.);
#599=FACE_BOUND('',#2327,.T.);
#600=FACE_BOUND('',#2328,.T.);
#601=FACE_BOUND('',#2329,.T.);
#602=FACE_BOUND('',#2330,.T.);
#603=FACE_BOUND('',#2331,.T.);
#604=FACE_BOUND('',#2332,.T.);
#605=FACE_BOUND('',#2333,.T.);
#606=FACE_BOUND('',#2334,.T.);
#607=FACE_BOUND('',#2335,.T.);
#608=FACE_BOUND('',#2336,.T.);
#609=FACE_BOUND('',#2337,.T.);
#610=FACE_BOUND('',#2338,.T.);
#611=FACE_BOUND('',#2339,.T.);
#612=FACE_BOUND('',#2348,.T.);
#613=FACE_BOUND('',#2349,.T.);
#614=FACE_BOUND('',#2351,.T.);
#615=FACE_BOUND('',#2352,.T.);
#616=FACE_BOUND('',#2353,.T.);
#617=FACE_BOUND('',#2369,.T.);
#618=FACE_BOUND('',#2370,.T.);
#619=FACE_BOUND('',#2373,.T.);
#620=FACE_BOUND('',#2374,.T.);
#621=FACE_BOUND('',#2377,.T.);
#622=FACE_BOUND('',#2378,.T.);
#623=FACE_BOUND('',#2381,.T.);
#624=FACE_BOUND('',#2382,.T.);
#625=FACE_BOUND('',#2384,.T.);
#626=FACE_BOUND('',#2385,.T.);
#627=FACE_BOUND('',#2386,.T.);
#628=FACE_BOUND('',#2387,.T.);
#629=FACE_BOUND('',#2388,.T.);
#630=FACE_BOUND('',#2389,.T.);
#631=FACE_BOUND('',#2390,.T.);
#632=FACE_BOUND('',#2391,.T.);
#633=FACE_BOUND('',#2392,.T.);
#634=FACE_BOUND('',#2393,.T.);
#635=FACE_BOUND('',#2394,.T.);
#636=FACE_BOUND('',#2395,.T.);
#637=FACE_BOUND('',#2396,.T.);
#638=FACE_BOUND('',#2397,.T.);
#639=FACE_BOUND('',#2398,.T.);
#640=FACE_BOUND('',#2399,.T.);
#641=FACE_BOUND('',#2400,.T.);
#642=FACE_BOUND('',#2401,.T.);
#643=FACE_BOUND('',#2402,.T.);
#644=FACE_BOUND('',#2403,.T.);
#645=FACE_BOUND('',#2404,.T.);
#646=FACE_BOUND('',#2405,.T.);
#647=FACE_BOUND('',#2406,.T.);
#648=FACE_BOUND('',#2407,.T.);
#649=FACE_BOUND('',#2408,.T.);
#650=FACE_BOUND('',#2409,.T.);
#651=FACE_BOUND('',#2410,.T.);
#652=FACE_BOUND('',#2411,.T.);
#653=FACE_BOUND('',#2412,.T.);
#654=FACE_BOUND('',#2413,.T.);
#655=FACE_BOUND('',#2414,.T.);
#656=FACE_BOUND('',#2415,.T.);
#657=FACE_BOUND('',#2416,.T.);
#658=FACE_BOUND('',#2417,.T.);
#659=FACE_BOUND('',#2418,.T.);
#660=FACE_BOUND('',#2419,.T.);
#661=FACE_BOUND('',#2420,.T.);
#662=FACE_BOUND('',#2421,.T.);
#663=FACE_BOUND('',#2422,.T.);
#664=FACE_BOUND('',#2423,.T.);
#665=FACE_BOUND('',#2424,.T.);
#666=FACE_BOUND('',#2425,.T.);
#667=FACE_BOUND('',#2426,.T.);
#668=FACE_BOUND('',#2427,.T.);
#669=FACE_BOUND('',#2428,.T.);
#670=FACE_BOUND('',#2429,.T.);
#671=FACE_BOUND('',#2430,.T.);
#672=FACE_BOUND('',#2431,.T.);
#673=FACE_BOUND('',#2432,.T.);
#674=FACE_BOUND('',#2433,.T.);
#675=FACE_BOUND('',#2434,.T.);
#676=FACE_BOUND('',#2435,.T.);
#677=FACE_BOUND('',#2436,.T.);
#678=FACE_BOUND('',#2437,.T.);
#679=FACE_BOUND('',#2438,.T.);
#680=FACE_BOUND('',#2439,.T.);
#681=FACE_BOUND('',#2440,.T.);
#682=FACE_BOUND('',#2441,.T.);
#683=FACE_BOUND('',#2442,.T.);
#684=FACE_BOUND('',#2443,.T.);
#685=FACE_BOUND('',#2444,.T.);
#686=FACE_BOUND('',#2445,.T.);
#687=FACE_BOUND('',#2446,.T.);
#688=FACE_BOUND('',#2447,.T.);
#689=FACE_BOUND('',#2448,.T.);
#690=FACE_BOUND('',#2449,.T.);
#691=FACE_BOUND('',#2450,.T.);
#692=FACE_BOUND('',#2451,.T.);
#693=FACE_BOUND('',#2452,.T.);
#694=FACE_BOUND('',#2453,.T.);
#695=FACE_BOUND('',#2454,.T.);
#696=FACE_BOUND('',#2455,.T.);
#697=FACE_BOUND('',#2456,.T.);
#698=FACE_BOUND('',#2457,.T.);
#699=FACE_BOUND('',#2458,.T.);
#700=FACE_BOUND('',#2459,.T.);
#701=FACE_BOUND('',#2460,.T.);
#702=FACE_BOUND('',#2461,.T.);
#703=FACE_BOUND('',#2462,.T.);
#704=FACE_BOUND('',#2463,.T.);
#705=FACE_BOUND('',#2464,.T.);
#706=FACE_BOUND('',#2465,.T.);
#707=FACE_BOUND('',#2475,.T.);
#708=FACE_BOUND('',#2476,.T.);
#709=FACE_BOUND('',#2477,.T.);
#710=FACE_BOUND('',#2478,.T.);
#711=FACE_BOUND('',#2479,.T.);
#712=FACE_BOUND('',#2480,.T.);
#713=FACE_BOUND('',#2481,.T.);
#714=FACE_BOUND('',#2482,.T.);
#715=FACE_BOUND('',#2487,.T.);
#716=FACE_BOUND('',#2488,.T.);
#717=FACE_BOUND('',#2489,.T.);
#718=FACE_BOUND('',#2490,.T.);
#719=FACE_BOUND('',#2491,.T.);
#720=FACE_BOUND('',#2492,.T.);
#721=FACE_BOUND('',#2493,.T.);
#722=FACE_BOUND('',#2494,.T.);
#723=FACE_BOUND('',#2495,.T.);
#724=FACE_BOUND('',#2496,.T.);
#725=FACE_BOUND('',#2497,.T.);
#726=FACE_BOUND('',#2498,.T.);
#727=FACE_BOUND('',#2499,.T.);
#728=FACE_BOUND('',#2500,.T.);
#729=FACE_BOUND('',#2502,.T.);
#730=FACE_BOUND('',#2503,.T.);
#731=CYLINDRICAL_SURFACE('',#8559,7.);
#732=CYLINDRICAL_SURFACE('',#8560,13.5);
#733=CYLINDRICAL_SURFACE('',#8563,13.5);
#734=CYLINDRICAL_SURFACE('',#8570,7.);
#735=CYLINDRICAL_SURFACE('',#8594,4.);
#736=CYLINDRICAL_SURFACE('',#8596,4.);
#737=CYLINDRICAL_SURFACE('',#8597,8.);
#738=CYLINDRICAL_SURFACE('',#8600,8.);
#739=CYLINDRICAL_SURFACE('',#8608,4.);
#740=CYLINDRICAL_SURFACE('',#8612,4.);
#741=CYLINDRICAL_SURFACE('',#8625,4.);
#742=CYLINDRICAL_SURFACE('',#8627,2.25);
#743=CYLINDRICAL_SURFACE('',#8630,4.);
#744=CYLINDRICAL_SURFACE('',#8632,2.25);
#745=CYLINDRICAL_SURFACE('',#8635,6.);
#746=CYLINDRICAL_SURFACE('',#8642,11.);
#747=CYLINDRICAL_SURFACE('',#8648,2.85);
#748=CYLINDRICAL_SURFACE('',#8651,1.7);
#749=CYLINDRICAL_SURFACE('',#8654,2.85);
#750=CYLINDRICAL_SURFACE('',#8657,1.7);
#751=CYLINDRICAL_SURFACE('',#8660,2.85);
#752=CYLINDRICAL_SURFACE('',#8663,1.7);
#753=CYLINDRICAL_SURFACE('',#8666,2.85);
#754=CYLINDRICAL_SURFACE('',#8669,1.7);
#755=CYLINDRICAL_SURFACE('',#8672,7.);
#756=CYLINDRICAL_SURFACE('',#8675,11.);
#757=CYLINDRICAL_SURFACE('',#8702,0.5);
#758=CYLINDRICAL_SURFACE('',#8708,11.);
#759=CYLINDRICAL_SURFACE('',#8711,7.);
#760=CYLINDRICAL_SURFACE('',#8713,1.7);
#761=CYLINDRICAL_SURFACE('',#8716,2.85);
#762=CYLINDRICAL_SURFACE('',#8718,1.7);
#763=CYLINDRICAL_SURFACE('',#8721,2.85);
#764=CYLINDRICAL_SURFACE('',#8723,1.7);
#765=CYLINDRICAL_SURFACE('',#8726,2.85);
#766=CYLINDRICAL_SURFACE('',#8728,1.7);
#767=CYLINDRICAL_SURFACE('',#8731,2.85);
#768=CYLINDRICAL_SURFACE('',#8732,3.);
#769=CYLINDRICAL_SURFACE('',#8733,3.);
#770=CYLINDRICAL_SURFACE('',#8738,1.65);
#771=CYLINDRICAL_SURFACE('',#8742,1.65);
#772=CYLINDRICAL_SURFACE('',#8746,1.65);
#773=CYLINDRICAL_SURFACE('',#8750,1.65);
#774=CYLINDRICAL_SURFACE('',#8828,1.65);
#775=CYLINDRICAL_SURFACE('',#8831,1.65);
#776=CYLINDRICAL_SURFACE('',#8834,1.65);
#777=CYLINDRICAL_SURFACE('',#8837,1.65);
#778=CYLINDRICAL_SURFACE('',#8840,1.65);
#779=CYLINDRICAL_SURFACE('',#8844,1.65);
#780=CYLINDRICAL_SURFACE('',#8848,1.65);
#781=CYLINDRICAL_SURFACE('',#8852,1.65);
#782=CYLINDRICAL_SURFACE('',#8856,1.65);
#783=CYLINDRICAL_SURFACE('',#8860,1.65);
#784=CYLINDRICAL_SURFACE('',#8864,1.65);
#785=CYLINDRICAL_SURFACE('',#8868,1.65);
#786=CYLINDRICAL_SURFACE('',#8871,3.25);
#787=CYLINDRICAL_SURFACE('',#8873,3.25);
#788=CYLINDRICAL_SURFACE('',#8876,1.7);
#789=CYLINDRICAL_SURFACE('',#8879,1.7);
#790=CYLINDRICAL_SURFACE('',#8881,3.25);
#791=CYLINDRICAL_SURFACE('',#8883,3.25);
#792=CYLINDRICAL_SURFACE('',#8885,3.25);
#793=CYLINDRICAL_SURFACE('',#8887,3.25);
#794=CYLINDRICAL_SURFACE('',#8890,1.7);
#795=CYLINDRICAL_SURFACE('',#8893,1.7);
#796=CYLINDRICAL_SURFACE('',#8895,3.25);
#797=CYLINDRICAL_SURFACE('',#8897,3.25);
#798=CYLINDRICAL_SURFACE('',#8901,9.);
#799=CYLINDRICAL_SURFACE('',#8904,1.65);
#800=CYLINDRICAL_SURFACE('',#8908,1.65);
#801=CYLINDRICAL_SURFACE('',#8912,4.);
#802=CYLINDRICAL_SURFACE('',#8915,4.);
#803=CYLINDRICAL_SURFACE('',#8918,4.);
#804=CYLINDRICAL_SURFACE('',#8921,4.);
#805=CYLINDRICAL_SURFACE('',#8928,13.5);
#806=CYLINDRICAL_SURFACE('',#8965,13.5);
#807=CYLINDRICAL_SURFACE('',#8968,4.);
#808=CYLINDRICAL_SURFACE('',#8972,4.);
#809=CYLINDRICAL_SURFACE('',#8977,1.65);
#810=CYLINDRICAL_SURFACE('',#8980,1.65);
#811=CYLINDRICAL_SURFACE('',#8981,9.);
#812=CYLINDRICAL_SURFACE('',#8982,3.25);
#813=CYLINDRICAL_SURFACE('',#8984,3.25);
#814=CYLINDRICAL_SURFACE('',#8986,1.7);
#815=CYLINDRICAL_SURFACE('',#8989,1.7);
#816=CYLINDRICAL_SURFACE('',#8992,3.25);
#817=CYLINDRICAL_SURFACE('',#8993,3.25);
#818=CYLINDRICAL_SURFACE('',#8995,3.25);
#819=CYLINDRICAL_SURFACE('',#8997,1.7);
#820=CYLINDRICAL_SURFACE('',#9000,1.7);
#821=CYLINDRICAL_SURFACE('',#9003,3.25);
#822=CYLINDRICAL_SURFACE('',#9006,1.65);
#823=CYLINDRICAL_SURFACE('',#9009,1.65);
#824=CYLINDRICAL_SURFACE('',#9012,1.65);
#825=CYLINDRICAL_SURFACE('',#9015,1.65);
#826=CYLINDRICAL_SURFACE('',#9018,1.65);
#827=CYLINDRICAL_SURFACE('',#9021,1.65);
#828=CYLINDRICAL_SURFACE('',#9024,1.65);
#829=CYLINDRICAL_SURFACE('',#9027,1.65);
#830=CYLINDRICAL_SURFACE('',#9059,3.);
#831=CYLINDRICAL_SURFACE('',#9061,3.);
#832=CYLINDRICAL_SURFACE('',#9063,3.);
#833=CYLINDRICAL_SURFACE('',#9065,3.);
#834=CYLINDRICAL_SURFACE('',#9068,4.);
#835=CYLINDRICAL_SURFACE('',#9070,4.);
#836=CYLINDRICAL_SURFACE('',#9073,19.);
#837=CYLINDRICAL_SURFACE('',#9075,3.25);
#838=CYLINDRICAL_SURFACE('',#9077,3.25);
#839=CYLINDRICAL_SURFACE('',#9080,1.65);
#840=CYLINDRICAL_SURFACE('',#9082,3.25);
#841=CYLINDRICAL_SURFACE('',#9084,3.25);
#842=CYLINDRICAL_SURFACE('',#9086,11.1);
#843=CYLINDRICAL_SURFACE('',#9101,1.65);
#844=CYLINDRICAL_SURFACE('',#9104,1.65);
#845=CYLINDRICAL_SURFACE('',#9108,1.65);
#846=CYLINDRICAL_SURFACE('',#9112,19.);
#847=CYLINDRICAL_SURFACE('',#9114,2.25);
#848=CYLINDRICAL_SURFACE('',#9117,2.25);
#849=CYLINDRICAL_SURFACE('',#9119,3.);
#850=CYLINDRICAL_SURFACE('',#9120,3.);
#851=CYLINDRICAL_SURFACE('',#9121,3.);
#852=CYLINDRICAL_SURFACE('',#9122,3.);
#853=CYLINDRICAL_SURFACE('',#9123,1.65);
#854=CYLINDRICAL_SURFACE('',#9124,1.65);
#855=CYLINDRICAL_SURFACE('',#9125,1.65);
#856=CYLINDRICAL_SURFACE('',#9126,1.65);
#857=CYLINDRICAL_SURFACE('',#9129,0.7);
#858=CYLINDRICAL_SURFACE('',#9132,1.25);
#859=CYLINDRICAL_SURFACE('',#9135,0.7);
#860=CYLINDRICAL_SURFACE('',#9140,0.3);
#861=CYLINDRICAL_SURFACE('',#9143,1.5);
#862=CYLINDRICAL_SURFACE('',#9146,1.5);
#863=CYLINDRICAL_SURFACE('',#9149,1.5);
#864=CYLINDRICAL_SURFACE('',#9152,1.5);
#865=CYLINDRICAL_SURFACE('',#9169,0.7);
#866=CYLINDRICAL_SURFACE('',#9175,1.25);
#867=CYLINDRICAL_SURFACE('',#9176,1.25);
#868=CYLINDRICAL_SURFACE('',#9178,0.7);
#869=CYLINDRICAL_SURFACE('',#9211,0.3);
#870=CYLINDRICAL_SURFACE('',#9214,1.5);
#871=CYLINDRICAL_SURFACE('',#9216,1.5);
#872=CYLINDRICAL_SURFACE('',#9220,1.5);
#873=CYLINDRICAL_SURFACE('',#9222,1.5);
#874=CYLINDRICAL_SURFACE('',#9229,1.7);
#875=CYLINDRICAL_SURFACE('',#9232,3.25);
#876=CYLINDRICAL_SURFACE('',#9235,3.25);
#877=CYLINDRICAL_SURFACE('',#9238,1.7);
#878=CYLINDRICAL_SURFACE('',#9241,3.25);
#879=CYLINDRICAL_SURFACE('',#9244,1.7);
#880=CYLINDRICAL_SURFACE('',#9247,3.25);
#881=CYLINDRICAL_SURFACE('',#9250,1.7);
#882=CYLINDRICAL_SURFACE('',#9253,3.25);
#883=CYLINDRICAL_SURFACE('',#9256,1.7);
#884=CYLINDRICAL_SURFACE('',#9259,1.25);
#885=CYLINDRICAL_SURFACE('',#9275,0.3);
#886=CYLINDRICAL_SURFACE('',#9277,0.3);
#887=CYLINDRICAL_SURFACE('',#9279,0.3);
#888=CYLINDRICAL_SURFACE('',#9289,1.25);
#889=CYLINDRICAL_SURFACE('',#9317,1.25);
#890=CYLINDRICAL_SURFACE('',#9320,0.3);
#891=CYLINDRICAL_SURFACE('',#9322,4.31757861624976);
#892=CYLINDRICAL_SURFACE('',#9323,4.31757861624976);
#893=CYLINDRICAL_SURFACE('',#9324,4.76123644785077);
#894=CYLINDRICAL_SURFACE('',#9325,4.76123644785077);
#895=CYLINDRICAL_SURFACE('',#9326,4.76123644785077);
#896=CYLINDRICAL_SURFACE('',#9327,4.76123644785077);
#897=CYLINDRICAL_SURFACE('',#9328,3.);
#898=CYLINDRICAL_SURFACE('',#9329,3.);
#899=CYLINDRICAL_SURFACE('',#9331,1.7);
#900=CYLINDRICAL_SURFACE('',#9334,3.25);
#901=CYLINDRICAL_SURFACE('',#9336,1.7);
#902=CYLINDRICAL_SURFACE('',#9339,3.25);
#903=CYLINDRICAL_SURFACE('',#9341,1.7);
#904=CYLINDRICAL_SURFACE('',#9344,3.25);
#905=CYLINDRICAL_SURFACE('',#9346,1.7);
#906=CYLINDRICAL_SURFACE('',#9349,3.25);
#907=CYLINDRICAL_SURFACE('',#9352,3.25);
#908=CYLINDRICAL_SURFACE('',#9354,1.7);
#909=CYLINDRICAL_SURFACE('',#9357,3.25);
#910=CYLINDRICAL_SURFACE('',#9359,1.7);
#911=CYLINDRICAL_SURFACE('',#9362,3.25);
#912=CYLINDRICAL_SURFACE('',#9364,1.7);
#913=CYLINDRICAL_SURFACE('',#9367,3.25);
#914=CYLINDRICAL_SURFACE('',#9369,1.7);
#915=CYLINDRICAL_SURFACE('',#9372,3.25);
#916=CYLINDRICAL_SURFACE('',#9374,1.7);
#917=CYLINDRICAL_SURFACE('',#9377,3.25);
#918=CYLINDRICAL_SURFACE('',#9379,1.7);
#919=CYLINDRICAL_SURFACE('',#9382,3.25);
#920=CYLINDRICAL_SURFACE('',#9384,1.7);
#921=CYLINDRICAL_SURFACE('',#9387,3.25);
#922=CYLINDRICAL_SURFACE('',#9389,1.7);
#923=CYLINDRICAL_SURFACE('',#9392,3.25);
#924=CYLINDRICAL_SURFACE('',#9394,1.7);
#925=CYLINDRICAL_SURFACE('',#9397,3.25);
#926=CYLINDRICAL_SURFACE('',#9399,1.7);
#927=CYLINDRICAL_SURFACE('',#9403,4.);
#928=CYLINDRICAL_SURFACE('',#9406,11.);
#929=CYLINDRICAL_SURFACE('',#9411,4.);
#930=CYLINDRICAL_SURFACE('',#9414,11.);
#931=CYLINDRICAL_SURFACE('',#9421,19.05);
#932=CYLINDRICAL_SURFACE('',#9444,3.);
#933=CYLINDRICAL_SURFACE('',#9446,3.);
#934=CYLINDRICAL_SURFACE('',#9448,3.);
#935=CYLINDRICAL_SURFACE('',#9450,3.);
#936=CYLINDRICAL_SURFACE('',#9452,2.5);
#937=CYLINDRICAL_SURFACE('',#9454,2.5);
#938=CYLINDRICAL_SURFACE('',#9456,2.5);
#939=CYLINDRICAL_SURFACE('',#9458,2.5);
#940=CYLINDRICAL_SURFACE('',#9462,4.);
#941=ADVANCED_FACE('',(#1469),#1425,.T.);
#942=ADVANCED_FACE('',(#1470),#1426,.T.);
#943=ADVANCED_FACE('',(#1471),#731,.F.);
#944=ADVANCED_FACE('',(#1472),#732,.T.);
#945=ADVANCED_FACE('',(#1473),#733,.T.);
#946=ADVANCED_FACE('',(#402,#403),#180,.T.);
#947=ADVANCED_FACE('',(#404,#405),#181,.F.);
#948=ADVANCED_FACE('',(#1474),#734,.F.);
#949=ADVANCED_FACE('',(#1475),#1427,.T.);
#950=ADVANCED_FACE('',(#1476),#1428,.T.);
#951=ADVANCED_FACE('',(#1477),#148,.T.);
#952=ADVANCED_FACE('',(#1478),#149,.T.);
#953=ADVANCED_FACE('',(#1479),#150,.T.);
#954=ADVANCED_FACE('',(#1480),#151,.T.);
#955=ADVANCED_FACE('',(#1481),#735,.T.);
#956=ADVANCED_FACE('',(#1482),#736,.T.);
#957=ADVANCED_FACE('',(#1483),#737,.T.);
#958=ADVANCED_FACE('',(#1484),#738,.T.);
#959=ADVANCED_FACE('',(#406,#407),#182,.T.);
#960=ADVANCED_FACE('',(#408,#409),#183,.T.);
#961=ADVANCED_FACE('',(#1485),#739,.T.);
#962=ADVANCED_FACE('',(#1486),#184,.T.);
#963=ADVANCED_FACE('',(#1487),#740,.T.);
#964=ADVANCED_FACE('',(#1488),#185,.T.);
#965=ADVANCED_FACE('',(#1489),#152,.T.);
#966=ADVANCED_FACE('',(#1490),#153,.T.);
#967=ADVANCED_FACE('',(#1491),#154,.T.);
#968=ADVANCED_FACE('',(#1492),#155,.T.);
#969=ADVANCED_FACE('',(#410,#411,#412,#413),#186,.F.);
#970=ADVANCED_FACE('',(#414,#415),#741,.F.);
#971=ADVANCED_FACE('',(#416,#417),#742,.F.);
#972=ADVANCED_FACE('',(#418,#419),#743,.F.);
#973=ADVANCED_FACE('',(#420,#421),#744,.F.);
#974=ADVANCED_FACE('',(#422,#423),#745,.F.);
#975=ADVANCED_FACE('',(#1493),#187,.F.);
#976=ADVANCED_FACE('',(#1494),#188,.F.);
#977=ADVANCED_FACE('',(#1495),#189,.F.);
#978=ADVANCED_FACE('',(#1496),#190,.F.);
#979=ADVANCED_FACE('',(#424,#425,#426,#427),#191,.T.);
#980=ADVANCED_FACE('',(#428,#429),#746,.F.);
#981=ADVANCED_FACE('',(#430,#431),#192,.T.);
#982=ADVANCED_FACE('',(#432,#433),#193,.F.);
#983=ADVANCED_FACE('',(#434,#435),#194,.F.);
#984=ADVANCED_FACE('',(#1497),#747,.F.);
#985=ADVANCED_FACE('',(#1498),#748,.F.);
#986=ADVANCED_FACE('',(#1499),#749,.F.);
#987=ADVANCED_FACE('',(#1500),#750,.F.);
#988=ADVANCED_FACE('',(#1501),#751,.F.);
#989=ADVANCED_FACE('',(#1502),#752,.F.);
#990=ADVANCED_FACE('',(#1503),#753,.F.);
#991=ADVANCED_FACE('',(#1504),#754,.F.);
#992=ADVANCED_FACE('',(#1505),#755,.F.);
#993=ADVANCED_FACE('',(#1506),#756,.F.);
#994=ADVANCED_FACE('',(#436,#437,#438,#439,#440),#195,.F.);
#995=ADVANCED_FACE('',(#1507),#196,.T.);
#996=ADVANCED_FACE('',(#441,#442,#443,#444,#445),#197,.T.);
#997=ADVANCED_FACE('',(#446,#447),#198,.T.);
#998=ADVANCED_FACE('',(#1508),#199,.T.);
#999=ADVANCED_FACE('',(#448,#449),#200,.F.);
#1000=ADVANCED_FACE('',(#1509),#201,.F.);
#1001=ADVANCED_FACE('',(#1510),#202,.T.);
#1002=ADVANCED_FACE('',(#1511),#757,.F.);
#1003=ADVANCED_FACE('',(#1512),#203,.F.);
#1004=ADVANCED_FACE('',(#1513),#204,.F.);
#1005=ADVANCED_FACE('',(#1514),#205,.F.);
#1006=ADVANCED_FACE('',(#1515),#206,.F.);
#1007=ADVANCED_FACE('',(#1516),#758,.F.);
#1008=ADVANCED_FACE('',(#450,#451),#207,.T.);
#1009=ADVANCED_FACE('',(#1517),#759,.F.);
#1010=ADVANCED_FACE('',(#1518),#760,.F.);
#1011=ADVANCED_FACE('',(#452,#453),#208,.F.);
#1012=ADVANCED_FACE('',(#1519),#761,.F.);
#1013=ADVANCED_FACE('',(#1520),#762,.F.);
#1014=ADVANCED_FACE('',(#454,#455),#209,.F.);
#1015=ADVANCED_FACE('',(#1521),#763,.F.);
#1016=ADVANCED_FACE('',(#1522),#764,.F.);
#1017=ADVANCED_FACE('',(#456,#457),#210,.F.);
#1018=ADVANCED_FACE('',(#1523),#765,.F.);
#1019=ADVANCED_FACE('',(#1524),#766,.F.);
#1020=ADVANCED_FACE('',(#458,#459),#211,.F.);
#1021=ADVANCED_FACE('',(#1525),#767,.F.);
#1022=ADVANCED_FACE('',(#1526),#768,.T.);
#1023=ADVANCED_FACE('',(#1527),#769,.T.);
#1024=ADVANCED_FACE('',(#1528),#212,.T.);
#1025=ADVANCED_FACE('',(#1529),#213,.T.);
#1026=ADVANCED_FACE('',(#1530),#770,.F.);
#1027=ADVANCED_FACE('',(#1531),#1429,.F.);
#1028=ADVANCED_FACE('',(#1532),#771,.F.);
#1029=ADVANCED_FACE('',(#1533),#1430,.F.);
#1030=ADVANCED_FACE('',(#1534),#772,.F.);
#1031=ADVANCED_FACE('',(#1535),#1431,.F.);
#1032=ADVANCED_FACE('',(#1536),#773,.F.);
#1033=ADVANCED_FACE('',(#1537),#1432,.F.);
#1034=ADVANCED_FACE('',(#1538),#214,.F.);
#1035=ADVANCED_FACE('',(#1539),#215,.F.);
#1036=ADVANCED_FACE('',(#1540),#216,.F.);
#1037=ADVANCED_FACE('',(#1541),#217,.F.);
#1038=ADVANCED_FACE('',(#1542),#218,.T.);
#1039=ADVANCED_FACE('',(#1543),#219,.T.);
#1040=ADVANCED_FACE('',(#1544),#220,.T.);
#1041=ADVANCED_FACE('',(#1545),#221,.F.);
#1042=ADVANCED_FACE('',(#1546),#222,.F.);
#1043=ADVANCED_FACE('',(#1547),#223,.F.);
#1044=ADVANCED_FACE('',(#1548),#224,.F.);
#1045=ADVANCED_FACE('',(#1549),#225,.F.);
#1046=ADVANCED_FACE('',(#460,#461,#462),#226,.F.);
#1047=ADVANCED_FACE('',(#463,#464,#465),#227,.T.);
#1048=ADVANCED_FACE('',(#1550),#228,.F.);
#1049=ADVANCED_FACE('',(#1551),#229,.F.);
#1050=ADVANCED_FACE('',(#1552),#230,.T.);
#1051=ADVANCED_FACE('',(#1553),#231,.F.);
#1052=ADVANCED_FACE('',(#1554),#232,.F.);
#1053=ADVANCED_FACE('',(#1555),#233,.F.);
#1054=ADVANCED_FACE('',(#1556),#234,.F.);
#1055=ADVANCED_FACE('',(#1557),#235,.F.);
#1056=ADVANCED_FACE('',(#1558),#236,.F.);
#1057=ADVANCED_FACE('',(#1559),#237,.F.);
#1058=ADVANCED_FACE('',(#1560),#238,.F.);
#1059=ADVANCED_FACE('',(#1561),#239,.F.);
#1060=ADVANCED_FACE('',(#1562),#240,.F.);
#1061=ADVANCED_FACE('',(#1563),#241,.F.);
#1062=ADVANCED_FACE('',(#1564),#242,.F.);
#1063=ADVANCED_FACE('',(#1565),#243,.F.);
#1064=ADVANCED_FACE('',(#1566),#244,.F.);
#1065=ADVANCED_FACE('',(#1567),#245,.F.);
#1066=ADVANCED_FACE('',(#1568),#246,.F.);
#1067=ADVANCED_FACE('',(#1569),#247,.F.);
#1068=ADVANCED_FACE('',(#1570),#248,.F.);
#1069=ADVANCED_FACE('',(#1571),#249,.F.);
#1070=ADVANCED_FACE('',(#1572),#250,.F.);
#1071=ADVANCED_FACE('',(#1573),#251,.F.);
#1072=ADVANCED_FACE('',(#1574),#252,.F.);
#1073=ADVANCED_FACE('',(#1575),#253,.F.);
#1074=ADVANCED_FACE('',(#1576),#254,.F.);
#1075=ADVANCED_FACE('',(#1577),#255,.F.);
#1076=ADVANCED_FACE('',(#1578),#256,.F.);
#1077=ADVANCED_FACE('',(#1579),#257,.F.);
#1078=ADVANCED_FACE('',(#1580),#258,.F.);
#1079=ADVANCED_FACE('',(#1581),#259,.F.);
#1080=ADVANCED_FACE('',(#1582),#260,.F.);
#1081=ADVANCED_FACE('',(#1583),#261,.F.);
#1082=ADVANCED_FACE('',(#1584),#262,.F.);
#1083=ADVANCED_FACE('',(#1585),#263,.F.);
#1084=ADVANCED_FACE('',(#1586),#264,.F.);
#1085=ADVANCED_FACE('',(#1587),#265,.F.);
#1086=ADVANCED_FACE('',(#1588),#266,.F.);
#1087=ADVANCED_FACE('',(#1589),#267,.F.);
#1088=ADVANCED_FACE('',(#1590),#268,.F.);
#1089=ADVANCED_FACE('',(#1591),#269,.F.);
#1090=ADVANCED_FACE('',(#1592),#270,.F.);
#1091=ADVANCED_FACE('',(#1593),#271,.F.);
#1092=ADVANCED_FACE('',(#1594),#272,.F.);
#1093=ADVANCED_FACE('',(#1595),#273,.F.);
#1094=ADVANCED_FACE('',(#1596),#274,.F.);
#1095=ADVANCED_FACE('',(#1597),#275,.F.);
#1096=ADVANCED_FACE('',(#1598),#276,.F.);
#1097=ADVANCED_FACE('',(#1599),#277,.F.);
#1098=ADVANCED_FACE('',(#1600),#278,.F.);
#1099=ADVANCED_FACE('',(#1601),#279,.F.);
#1100=ADVANCED_FACE('',(#1602),#280,.F.);
#1101=ADVANCED_FACE('',(#1603),#281,.F.);
#1102=ADVANCED_FACE('',(#1604),#282,.F.);
#1103=ADVANCED_FACE('',(#1605),#283,.F.);
#1104=ADVANCED_FACE('',(#1606),#1433,.F.);
#1105=ADVANCED_FACE('',(#1607),#774,.F.);
#1106=ADVANCED_FACE('',(#1608),#1434,.F.);
#1107=ADVANCED_FACE('',(#1609),#775,.F.);
#1108=ADVANCED_FACE('',(#1610),#1435,.F.);
#1109=ADVANCED_FACE('',(#1611),#776,.F.);
#1110=ADVANCED_FACE('',(#1612),#1436,.F.);
#1111=ADVANCED_FACE('',(#1613),#777,.F.);
#1112=ADVANCED_FACE('',(#1614),#778,.F.);
#1113=ADVANCED_FACE('',(#1615),#1437,.F.);
#1114=ADVANCED_FACE('',(#1616),#779,.F.);
#1115=ADVANCED_FACE('',(#1617),#1438,.F.);
#1116=ADVANCED_FACE('',(#1618),#780,.F.);
#1117=ADVANCED_FACE('',(#1619),#1439,.F.);
#1118=ADVANCED_FACE('',(#1620),#781,.F.);
#1119=ADVANCED_FACE('',(#1621),#1440,.F.);
#1120=ADVANCED_FACE('',(#1622),#782,.F.);
#1121=ADVANCED_FACE('',(#1623),#1441,.F.);
#1122=ADVANCED_FACE('',(#1624),#783,.F.);
#1123=ADVANCED_FACE('',(#1625),#1442,.F.);
#1124=ADVANCED_FACE('',(#1626),#784,.F.);
#1125=ADVANCED_FACE('',(#1627),#1443,.F.);
#1126=ADVANCED_FACE('',(#1628),#785,.F.);
#1127=ADVANCED_FACE('',(#1629),#1444,.F.);
#1128=ADVANCED_FACE('',(#1630),#786,.F.);
#1129=ADVANCED_FACE('',(#1631),#787,.F.);
#1130=ADVANCED_FACE('',(#1632),#788,.F.);
#1131=ADVANCED_FACE('',(#1633),#789,.F.);
#1132=ADVANCED_FACE('',(#1634),#790,.F.);
#1133=ADVANCED_FACE('',(#1635),#791,.F.);
#1134=ADVANCED_FACE('',(#1636),#792,.F.);
#1135=ADVANCED_FACE('',(#1637),#793,.F.);
#1136=ADVANCED_FACE('',(#1638),#794,.F.);
#1137=ADVANCED_FACE('',(#1639),#795,.F.);
#1138=ADVANCED_FACE('',(#1640),#796,.F.);
#1139=ADVANCED_FACE('',(#1641),#797,.F.);
#1140=ADVANCED_FACE('',(#1642),#798,.F.);
#1141=ADVANCED_FACE('',(#1643),#799,.F.);
#1142=ADVANCED_FACE('',(#1644),#1445,.F.);
#1143=ADVANCED_FACE('',(#1645),#800,.F.);
#1144=ADVANCED_FACE('',(#1646),#1446,.F.);
#1145=ADVANCED_FACE('',(#1647),#801,.F.);
#1146=ADVANCED_FACE('',(#1648),#802,.F.);
#1147=ADVANCED_FACE('',(#1649),#803,.F.);
#1148=ADVANCED_FACE('',(#1650),#804,.F.);
#1149=ADVANCED_FACE('',(#466,#467,#468),#805,.F.);
#1150=ADVANCED_FACE('',(#1651),#284,.T.);
#1151=ADVANCED_FACE('',(#1652),#285,.T.);
#1152=ADVANCED_FACE('',(#469,#470,#471,#472,#473),#286,.T.);
#1153=ADVANCED_FACE('',(#1653),#287,.T.);
#1154=ADVANCED_FACE('',(#474,#475,#476),#288,.F.);
#1155=ADVANCED_FACE('',(#477,#478),#289,.F.);
#1156=ADVANCED_FACE('',(#479,#480,#481),#290,.F.);
#1157=ADVANCED_FACE('',(#482,#483),#291,.F.);
#1158=ADVANCED_FACE('',(#484,#485,#486,#487,#488,#489,#490,#491,#492),#292,
 .F.);
#1159=ADVANCED_FACE('',(#493,#494,#495),#806,.F.);
#1160=ADVANCED_FACE('',(#1654),#293,.T.);
#1161=ADVANCED_FACE('',(#1655),#807,.F.);
#1162=ADVANCED_FACE('',(#496,#497),#294,.T.);
#1163=ADVANCED_FACE('',(#1656),#808,.F.);
#1164=ADVANCED_FACE('',(#498,#499),#295,.T.);
#1165=ADVANCED_FACE('',(#1657),#1447,.F.);
#1166=ADVANCED_FACE('',(#1658),#809,.F.);
#1167=ADVANCED_FACE('',(#1659),#1448,.F.);
#1168=ADVANCED_FACE('',(#1660),#810,.F.);
#1169=ADVANCED_FACE('',(#1661),#811,.F.);
#1170=ADVANCED_FACE('',(#1662),#812,.F.);
#1171=ADVANCED_FACE('',(#1663),#813,.F.);
#1172=ADVANCED_FACE('',(#1664),#814,.F.);
#1173=ADVANCED_FACE('',(#500,#501),#296,.F.);
#1174=ADVANCED_FACE('',(#1665),#815,.F.);
#1175=ADVANCED_FACE('',(#502,#503),#297,.F.);
#1176=ADVANCED_FACE('',(#1666),#816,.F.);
#1177=ADVANCED_FACE('',(#1667),#817,.F.);
#1178=ADVANCED_FACE('',(#1668),#818,.F.);
#1179=ADVANCED_FACE('',(#1669),#819,.F.);
#1180=ADVANCED_FACE('',(#504,#505),#298,.F.);
#1181=ADVANCED_FACE('',(#1670),#820,.F.);
#1182=ADVANCED_FACE('',(#506,#507),#299,.F.);
#1183=ADVANCED_FACE('',(#1671),#821,.F.);
#1184=ADVANCED_FACE('',(#1672),#1449,.F.);
#1185=ADVANCED_FACE('',(#1673),#822,.F.);
#1186=ADVANCED_FACE('',(#1674),#1450,.F.);
#1187=ADVANCED_FACE('',(#1675),#823,.F.);
#1188=ADVANCED_FACE('',(#1676),#1451,.F.);
#1189=ADVANCED_FACE('',(#1677),#824,.F.);
#1190=ADVANCED_FACE('',(#1678),#1452,.F.);
#1191=ADVANCED_FACE('',(#1679),#825,.F.);
#1192=ADVANCED_FACE('',(#1680),#1453,.F.);
#1193=ADVANCED_FACE('',(#1681),#826,.F.);
#1194=ADVANCED_FACE('',(#1682),#1454,.F.);
#1195=ADVANCED_FACE('',(#1683),#827,.F.);
#1196=ADVANCED_FACE('',(#1684),#1455,.F.);
#1197=ADVANCED_FACE('',(#1685),#828,.F.);
#1198=ADVANCED_FACE('',(#1686),#1456,.F.);
#1199=ADVANCED_FACE('',(#1687),#829,.F.);
#1200=ADVANCED_FACE('',(#508,#509,#510,#511,#512,#513,#514,#515,#516,#517,
#518,#519),#300,.T.);
#1201=ADVANCED_FACE('',(#520,#521,#522,#523,#524,#525,#526,#527),#301,.F.);
#1202=ADVANCED_FACE('',(#1688),#830,.T.);
#1203=ADVANCED_FACE('',(#1689),#302,.F.);
#1204=ADVANCED_FACE('',(#1690),#831,.T.);
#1205=ADVANCED_FACE('',(#1691),#303,.F.);
#1206=ADVANCED_FACE('',(#1692),#832,.T.);
#1207=ADVANCED_FACE('',(#1693),#304,.F.);
#1208=ADVANCED_FACE('',(#1694),#833,.T.);
#1209=ADVANCED_FACE('',(#1695),#305,.F.);
#1210=ADVANCED_FACE('',(#528,#529),#834,.F.);
#1211=ADVANCED_FACE('',(#530,#531),#835,.F.);
#1212=ADVANCED_FACE('',(#1696),#836,.F.);
#1213=ADVANCED_FACE('',(#532,#533),#837,.F.);
#1214=ADVANCED_FACE('',(#534,#535),#838,.F.);
#1215=ADVANCED_FACE('',(#536,#537),#839,.F.);
#1216=ADVANCED_FACE('',(#538,#539),#840,.F.);
#1217=ADVANCED_FACE('',(#540,#541),#841,.F.);
#1218=ADVANCED_FACE('',(#542,#543),#842,.F.);
#1219=ADVANCED_FACE('',(#1697),#306,.F.);
#1220=ADVANCED_FACE('',(#1698),#307,.F.);
#1221=ADVANCED_FACE('',(#1699),#308,.F.);
#1222=ADVANCED_FACE('',(#1700),#309,.F.);
#1223=ADVANCED_FACE('',(#544,#545,#546,#547,#548,#549),#310,.T.);
#1224=ADVANCED_FACE('',(#550,#551),#843,.F.);
#1225=ADVANCED_FACE('',(#552,#553),#311,.F.);
#1226=ADVANCED_FACE('',(#554,#555),#844,.F.);
#1227=ADVANCED_FACE('',(#556,#557),#312,.F.);
#1228=ADVANCED_FACE('',(#558,#559),#313,.F.);
#1229=ADVANCED_FACE('',(#560,#561),#845,.F.);
#1230=ADVANCED_FACE('',(#562,#563),#314,.F.);
#1231=ADVANCED_FACE('',(#564,#565),#315,.T.);
#1232=ADVANCED_FACE('',(#1701),#846,.F.);
#1233=ADVANCED_FACE('',(#566,#567),#847,.F.);
#1234=ADVANCED_FACE('',(#568,#569),#316,.F.);
#1235=ADVANCED_FACE('',(#570,#571),#848,.F.);
#1236=ADVANCED_FACE('',(#572,#573),#317,.F.);
#1237=ADVANCED_FACE('',(#1702),#849,.F.);
#1238=ADVANCED_FACE('',(#1703),#850,.F.);
#1239=ADVANCED_FACE('',(#1704),#851,.F.);
#1240=ADVANCED_FACE('',(#1705),#852,.F.);
#1241=ADVANCED_FACE('',(#574,#575),#853,.F.);
#1242=ADVANCED_FACE('',(#576,#577),#854,.F.);
#1243=ADVANCED_FACE('',(#578,#579),#855,.F.);
#1244=ADVANCED_FACE('',(#580,#581),#856,.F.);
#1245=ADVANCED_FACE('',(#1706),#857,.F.);
#1246=ADVANCED_FACE('',(#1707),#858,.T.);
#1247=ADVANCED_FACE('',(#1708),#859,.F.);
#1248=ADVANCED_FACE('',(#1709),#1457,.F.);
#1249=ADVANCED_FACE('',(#1710),#1458,.F.);
#1250=ADVANCED_FACE('',(#1711),#860,.F.);
#1251=ADVANCED_FACE('',(#1712),#861,.F.);
#1252=ADVANCED_FACE('',(#1713),#862,.F.);
#1253=ADVANCED_FACE('',(#1714),#863,.F.);
#1254=ADVANCED_FACE('',(#1715),#864,.F.);
#1255=ADVANCED_FACE('',(#1716),#1459,.F.);
#1256=ADVANCED_FACE('',(#1717),#1460,.F.);
#1257=ADVANCED_FACE('',(#1718),#1461,.F.);
#1258=ADVANCED_FACE('',(#1719),#1462,.F.);
#1259=ADVANCED_FACE('',(#1720),#318,.T.);
#1260=ADVANCED_FACE('',(#582,#583),#319,.F.);
#1261=ADVANCED_FACE('',(#1721),#320,.T.);
#1262=ADVANCED_FACE('',(#584,#585),#321,.T.);
#1263=ADVANCED_FACE('',(#1722),#322,.T.);
#1264=ADVANCED_FACE('',(#1723),#865,.F.);
#1265=ADVANCED_FACE('',(#1724),#323,.T.);
#1266=ADVANCED_FACE('',(#1725),#324,.T.);
#1267=ADVANCED_FACE('',(#1726),#325,.T.);
#1268=ADVANCED_FACE('',(#1727),#326,.T.);
#1269=ADVANCED_FACE('',(#1728),#327,.T.);
#1270=ADVANCED_FACE('',(#1729),#866,.T.);
#1271=ADVANCED_FACE('',(#1730),#867,.T.);
#1272=ADVANCED_FACE('',(#1731),#868,.F.);
#1273=ADVANCED_FACE('',(#1732),#328,.T.);
#1274=ADVANCED_FACE('',(#1733),#329,.T.);
#1275=ADVANCED_FACE('',(#1734),#330,.F.);
#1276=ADVANCED_FACE('',(#1735),#1463,.F.);
#1277=ADVANCED_FACE('',(#1736),#331,.F.);
#1278=ADVANCED_FACE('',(#1737),#332,.F.);
#1279=ADVANCED_FACE('',(#1738),#333,.T.);
#1280=ADVANCED_FACE('',(#1739),#334,.F.);
#1281=ADVANCED_FACE('',(#1740),#335,.F.);
#1282=ADVANCED_FACE('',(#1741),#336,.T.);
#1283=ADVANCED_FACE('',(#1742),#337,.F.);
#1284=ADVANCED_FACE('',(#1743),#338,.F.);
#1285=ADVANCED_FACE('',(#1744),#339,.F.);
#1286=ADVANCED_FACE('',(#1745),#340,.T.);
#1287=ADVANCED_FACE('',(#1746),#341,.T.);
#1288=ADVANCED_FACE('',(#1747),#1464,.F.);
#1289=ADVANCED_FACE('',(#1748),#342,.T.);
#1290=ADVANCED_FACE('',(#1749),#343,.F.);
#1291=ADVANCED_FACE('',(#1750),#344,.T.);
#1292=ADVANCED_FACE('',(#1751),#345,.T.);
#1293=ADVANCED_FACE('',(#1752),#346,.T.);
#1294=ADVANCED_FACE('',(#586,#587,#588),#347,.T.);
#1295=ADVANCED_FACE('',(#1753),#348,.T.);
#1296=ADVANCED_FACE('',(#589,#590,#591),#349,.T.);
#1297=ADVANCED_FACE('',(#1754),#350,.T.);
#1298=ADVANCED_FACE('',(#1755),#351,.F.);
#1299=ADVANCED_FACE('',(#1756),#869,.F.);
#1300=ADVANCED_FACE('',(#1757),#352,.F.);
#1301=ADVANCED_FACE('',(#1758),#870,.F.);
#1302=ADVANCED_FACE('',(#1759),#871,.F.);
#1303=ADVANCED_FACE('',(#1760),#353,.T.);
#1304=ADVANCED_FACE('',(#1761),#354,.F.);
#1305=ADVANCED_FACE('',(#1762),#872,.F.);
#1306=ADVANCED_FACE('',(#1763),#873,.F.);
#1307=ADVANCED_FACE('',(#1764),#1465,.F.);
#1308=ADVANCED_FACE('',(#1765),#1466,.F.);
#1309=ADVANCED_FACE('',(#1766),#1467,.F.);
#1310=ADVANCED_FACE('',(#1767),#1468,.F.);
#1311=ADVANCED_FACE('',(#592,#593),#874,.F.);
#1312=ADVANCED_FACE('',(#594,#595),#875,.F.);
#1313=ADVANCED_FACE('',(#1768),#876,.F.);
#1314=ADVANCED_FACE('',(#1769),#877,.F.);
#1315=ADVANCED_FACE('',(#1770),#878,.F.);
#1316=ADVANCED_FACE('',(#1771),#879,.F.);
#1317=ADVANCED_FACE('',(#1772),#880,.F.);
#1318=ADVANCED_FACE('',(#1773),#881,.F.);
#1319=ADVANCED_FACE('',(#1774),#882,.F.);
#1320=ADVANCED_FACE('',(#1775),#883,.F.);
#1321=ADVANCED_FACE('',(#1776),#884,.F.);
#1322=ADVANCED_FACE('',(#596,#597,#598,#599,#600,#601,#602,#603,#604,#605,
#606,#607,#608,#609,#610,#611),#355,.F.);
#1323=ADVANCED_FACE('',(#1777),#885,.F.);
#1324=ADVANCED_FACE('',(#1778),#886,.F.);
#1325=ADVANCED_FACE('',(#1779),#887,.F.);
#1326=ADVANCED_FACE('',(#1780),#356,.F.);
#1327=ADVANCED_FACE('',(#1781),#357,.T.);
#1328=ADVANCED_FACE('',(#1782),#358,.F.);
#1329=ADVANCED_FACE('',(#1783),#359,.T.);
#1330=ADVANCED_FACE('',(#1784),#360,.F.);
#1331=ADVANCED_FACE('',(#612,#613),#888,.F.);
#1332=ADVANCED_FACE('',(#1785),#361,.F.);
#1333=ADVANCED_FACE('',(#614,#615,#616),#362,.F.);
#1334=ADVANCED_FACE('',(#1786),#363,.F.);
#1335=ADVANCED_FACE('',(#1787),#889,.F.);
#1336=ADVANCED_FACE('',(#1788),#364,.F.);
#1337=ADVANCED_FACE('',(#1789),#365,.F.);
#1338=ADVANCED_FACE('',(#1790),#890,.F.);
#1339=ADVANCED_FACE('',(#1791),#366,.F.);
#1340=ADVANCED_FACE('',(#1792),#891,.T.);
#1341=ADVANCED_FACE('',(#1793),#892,.T.);
#1342=ADVANCED_FACE('',(#1794),#893,.T.);
#1343=ADVANCED_FACE('',(#1795),#894,.T.);
#1344=ADVANCED_FACE('',(#1796),#895,.T.);
#1345=ADVANCED_FACE('',(#1797),#896,.T.);
#1346=ADVANCED_FACE('',(#1798),#897,.T.);
#1347=ADVANCED_FACE('',(#1799),#898,.T.);
#1348=ADVANCED_FACE('',(#1800),#899,.F.);
#1349=ADVANCED_FACE('',(#617,#618),#367,.F.);
#1350=ADVANCED_FACE('',(#1801),#900,.F.);
#1351=ADVANCED_FACE('',(#1802),#901,.F.);
#1352=ADVANCED_FACE('',(#619,#620),#368,.F.);
#1353=ADVANCED_FACE('',(#1803),#902,.F.);
#1354=ADVANCED_FACE('',(#1804),#903,.F.);
#1355=ADVANCED_FACE('',(#621,#622),#369,.F.);
#1356=ADVANCED_FACE('',(#1805),#904,.F.);
#1357=ADVANCED_FACE('',(#1806),#905,.F.);
#1358=ADVANCED_FACE('',(#623,#624),#370,.F.);
#1359=ADVANCED_FACE('',(#1807),#906,.F.);
#1360=ADVANCED_FACE('',(#625,#626),#371,.F.);
#1361=ADVANCED_FACE('',(#627,#628),#907,.F.);
#1362=ADVANCED_FACE('',(#629,#630),#908,.F.);
#1363=ADVANCED_FACE('',(#631,#632),#372,.F.);
#1364=ADVANCED_FACE('',(#633,#634),#909,.F.);
#1365=ADVANCED_FACE('',(#635,#636),#910,.F.);
#1366=ADVANCED_FACE('',(#637,#638),#373,.F.);
#1367=ADVANCED_FACE('',(#639,#640),#911,.F.);
#1368=ADVANCED_FACE('',(#641,#642),#912,.F.);
#1369=ADVANCED_FACE('',(#643,#644),#374,.F.);
#1370=ADVANCED_FACE('',(#645,#646),#913,.F.);
#1371=ADVANCED_FACE('',(#647,#648),#914,.F.);
#1372=ADVANCED_FACE('',(#649,#650),#375,.F.);
#1373=ADVANCED_FACE('',(#651,#652),#915,.F.);
#1374=ADVANCED_FACE('',(#653,#654),#916,.F.);
#1375=ADVANCED_FACE('',(#655,#656),#376,.F.);
#1376=ADVANCED_FACE('',(#657,#658),#917,.F.);
#1377=ADVANCED_FACE('',(#659,#660),#918,.F.);
#1378=ADVANCED_FACE('',(#661,#662),#377,.F.);
#1379=ADVANCED_FACE('',(#663,#664),#919,.F.);
#1380=ADVANCED_FACE('',(#665,#666),#920,.F.);
#1381=ADVANCED_FACE('',(#667,#668),#378,.F.);
#1382=ADVANCED_FACE('',(#669,#670),#921,.F.);
#1383=ADVANCED_FACE('',(#671,#672),#922,.F.);
#1384=ADVANCED_FACE('',(#673,#674),#379,.F.);
#1385=ADVANCED_FACE('',(#675,#676),#923,.F.);
#1386=ADVANCED_FACE('',(#677,#678),#924,.F.);
#1387=ADVANCED_FACE('',(#679,#680),#380,.F.);
#1388=ADVANCED_FACE('',(#681,#682),#925,.F.);
#1389=ADVANCED_FACE('',(#683,#684),#926,.F.);
#1390=ADVANCED_FACE('',(#685,#686),#381,.F.);
#1391=ADVANCED_FACE('',(#687,#688),#927,.F.);
#1392=ADVANCED_FACE('',(#689,#690),#928,.T.);
#1393=ADVANCED_FACE('',(#691,#692),#382,.F.);
#1394=ADVANCED_FACE('',(#693,#694),#383,.F.);
#1395=ADVANCED_FACE('',(#695,#696),#929,.F.);
#1396=ADVANCED_FACE('',(#697,#698),#930,.T.);
#1397=ADVANCED_FACE('',(#699,#700),#384,.F.);
#1398=ADVANCED_FACE('',(#701,#702),#385,.F.);
#1399=ADVANCED_FACE('',(#703,#704),#386,.T.);
#1400=ADVANCED_FACE('',(#705,#706),#931,.T.);
#1401=ADVANCED_FACE('',(#1808),#387,.T.);
#1402=ADVANCED_FACE('',(#1809),#388,.T.);
#1403=ADVANCED_FACE('',(#1810),#389,.T.);
#1404=ADVANCED_FACE('',(#1811),#390,.T.);
#1405=ADVANCED_FACE('',(#1812),#391,.F.);
#1406=ADVANCED_FACE('',(#1813),#392,.F.);
#1407=ADVANCED_FACE('',(#1814),#393,.F.);
#1408=ADVANCED_FACE('',(#1815),#394,.F.);
#1409=ADVANCED_FACE('',(#1816),#395,.F.);
#1410=ADVANCED_FACE('',(#707,#708),#396,.F.);
#1411=ADVANCED_FACE('',(#709,#710),#397,.F.);
#1412=ADVANCED_FACE('',(#711,#712),#398,.F.);
#1413=ADVANCED_FACE('',(#713,#714),#399,.F.);
#1414=ADVANCED_FACE('',(#1817),#932,.T.);
#1415=ADVANCED_FACE('',(#1818),#933,.T.);
#1416=ADVANCED_FACE('',(#1819),#934,.T.);
#1417=ADVANCED_FACE('',(#1820),#935,.T.);
#1418=ADVANCED_FACE('',(#715,#716),#936,.F.);
#1419=ADVANCED_FACE('',(#717,#718),#937,.F.);
#1420=ADVANCED_FACE('',(#719,#720),#938,.F.);
#1421=ADVANCED_FACE('',(#721,#722),#939,.F.);
#1422=ADVANCED_FACE('',(#723,#724,#725,#726,#727,#728),#400,.T.);
#1423=ADVANCED_FACE('',(#1821),#401,.T.);
#1424=ADVANCED_FACE('',(#729,#730),#940,.T.);
#1425=CONICAL_SURFACE('',#8553,12.5,44.9999999999999);
#1426=CONICAL_SURFACE('',#8556,13.5,45.0000000000002);
#1427=CONICAL_SURFACE('',#8571,13.5,45.0000000000002);
#1428=CONICAL_SURFACE('',#8572,12.5,44.9999999999999);
#1429=CONICAL_SURFACE('',#8739,1.65,58.9999999999997);
#1430=CONICAL_SURFACE('',#8743,1.65,58.9999999999997);
#1431=CONICAL_SURFACE('',#8747,1.65,58.9999999999994);
#1432=CONICAL_SURFACE('',#8751,1.65,58.9999999999994);
#1433=CONICAL_SURFACE('',#8827,1.65,58.9999999999994);
#1434=CONICAL_SURFACE('',#8830,1.65,58.9999999999994);
#1435=CONICAL_SURFACE('',#8833,1.65,58.9999999999997);
#1436=CONICAL_SURFACE('',#8836,1.65,58.9999999999997);
#1437=CONICAL_SURFACE('',#8841,1.65,58.9999999999997);
#1438=CONICAL_SURFACE('',#8845,1.65,58.9999999999997);
#1439=CONICAL_SURFACE('',#8849,1.65,58.9999999999997);
#1440=CONICAL_SURFACE('',#8853,1.65,58.9999999999997);
#1441=CONICAL_SURFACE('',#8857,1.65,58.9999999999998);
#1442=CONICAL_SURFACE('',#8861,1.65,58.9999999999998);
#1443=CONICAL_SURFACE('',#8865,1.65,58.9999999999998);
#1444=CONICAL_SURFACE('',#8869,1.65,58.9999999999998);
#1445=CONICAL_SURFACE('',#8905,1.65,58.9999999999997);
#1446=CONICAL_SURFACE('',#8909,1.65,58.9999999999997);
#1447=CONICAL_SURFACE('',#8976,1.65,58.9999999999997);
#1448=CONICAL_SURFACE('',#8979,1.65,58.9999999999997);
#1449=CONICAL_SURFACE('',#9005,1.65,58.9999999999998);
#1450=CONICAL_SURFACE('',#9008,1.65,58.9999999999998);
#1451=CONICAL_SURFACE('',#9011,1.65,58.9999999999998);
#1452=CONICAL_SURFACE('',#9014,1.65,58.9999999999998);
#1453=CONICAL_SURFACE('',#9017,1.65,58.9999999999997);
#1454=CONICAL_SURFACE('',#9020,1.65,58.9999999999997);
#1455=CONICAL_SURFACE('',#9023,1.65,58.9999999999997);
#1456=CONICAL_SURFACE('',#9026,1.65,58.9999999999997);
#1457=CONICAL_SURFACE('',#9136,0.699999999824286,58.9999999898371);
#1458=CONICAL_SURFACE('',#9137,0.699999999824286,58.9999999898371);
#1459=CONICAL_SURFACE('',#9153,1.50000000001228,59.0000000001234);
#1460=CONICAL_SURFACE('',#9154,1.50000000003047,59.0000000004302);
#1461=CONICAL_SURFACE('',#9155,1.50000000001228,59.0000000001234);
#1462=CONICAL_SURFACE('',#9156,1.50000000003047,59.0000000004302);
#1463=CONICAL_SURFACE('',#9182,0.699999999824286,58.9999999898371);
#1464=CONICAL_SURFACE('',#9195,0.699999999824286,58.9999999898371);
#1465=CONICAL_SURFACE('',#9223,1.50000000001228,59.0000000001234);
#1466=CONICAL_SURFACE('',#9224,1.50000000003047,59.0000000004302);
#1467=CONICAL_SURFACE('',#9225,1.50000000001228,59.0000000001234);
#1468=CONICAL_SURFACE('',#9226,1.50000000003047,59.0000000004302);
#1469=FACE_OUTER_BOUND('',#1822,.T.);
#1470=FACE_OUTER_BOUND('',#1823,.T.);
#1471=FACE_OUTER_BOUND('',#1824,.T.);
#1472=FACE_OUTER_BOUND('',#1825,.T.);
#1473=FACE_OUTER_BOUND('',#1826,.T.);
#1474=FACE_OUTER_BOUND('',#1831,.T.);
#1475=FACE_OUTER_BOUND('',#1832,.T.);
#1476=FACE_OUTER_BOUND('',#1833,.T.);
#1477=FACE_OUTER_BOUND('',#1834,.T.);
#1478=FACE_OUTER_BOUND('',#1835,.T.);
#1479=FACE_OUTER_BOUND('',#1836,.T.);
#1480=FACE_OUTER_BOUND('',#1837,.T.);
#1481=FACE_OUTER_BOUND('',#1838,.T.);
#1482=FACE_OUTER_BOUND('',#1839,.T.);
#1483=FACE_OUTER_BOUND('',#1840,.T.);
#1484=FACE_OUTER_BOUND('',#1841,.T.);
#1485=FACE_OUTER_BOUND('',#1846,.T.);
#1486=FACE_OUTER_BOUND('',#1847,.T.);
#1487=FACE_OUTER_BOUND('',#1848,.T.);
#1488=FACE_OUTER_BOUND('',#1849,.T.);
#1489=FACE_OUTER_BOUND('',#1850,.T.);
#1490=FACE_OUTER_BOUND('',#1851,.T.);
#1491=FACE_OUTER_BOUND('',#1852,.T.);
#1492=FACE_OUTER_BOUND('',#1853,.T.);
#1493=FACE_OUTER_BOUND('',#1868,.T.);
#1494=FACE_OUTER_BOUND('',#1869,.T.);
#1495=FACE_OUTER_BOUND('',#1870,.T.);
#1496=FACE_OUTER_BOUND('',#1871,.T.);
#1497=FACE_OUTER_BOUND('',#1884,.T.);
#1498=FACE_OUTER_BOUND('',#1885,.T.);
#1499=FACE_OUTER_BOUND('',#1886,.T.);
#1500=FACE_OUTER_BOUND('',#1887,.T.);
#1501=FACE_OUTER_BOUND('',#1888,.T.);
#1502=FACE_OUTER_BOUND('',#1889,.T.);
#1503=FACE_OUTER_BOUND('',#1890,.T.);
#1504=FACE_OUTER_BOUND('',#1891,.T.);
#1505=FACE_OUTER_BOUND('',#1892,.T.);
#1506=FACE_OUTER_BOUND('',#1893,.T.);
#1507=FACE_OUTER_BOUND('',#1899,.T.);
#1508=FACE_OUTER_BOUND('',#1907,.T.);
#1509=FACE_OUTER_BOUND('',#1910,.T.);
#1510=FACE_OUTER_BOUND('',#1911,.T.);
#1511=FACE_OUTER_BOUND('',#1912,.T.);
#1512=FACE_OUTER_BOUND('',#1913,.T.);
#1513=FACE_OUTER_BOUND('',#1914,.T.);
#1514=FACE_OUTER_BOUND('',#1915,.T.);
#1515=FACE_OUTER_BOUND('',#1916,.T.);
#1516=FACE_OUTER_BOUND('',#1917,.T.);
#1517=FACE_OUTER_BOUND('',#1920,.T.);
#1518=FACE_OUTER_BOUND('',#1921,.T.);
#1519=FACE_OUTER_BOUND('',#1924,.T.);
#1520=FACE_OUTER_BOUND('',#1925,.T.);
#1521=FACE_OUTER_BOUND('',#1928,.T.);
#1522=FACE_OUTER_BOUND('',#1929,.T.);
#1523=FACE_OUTER_BOUND('',#1932,.T.);
#1524=FACE_OUTER_BOUND('',#1933,.T.);
#1525=FACE_OUTER_BOUND('',#1936,.T.);
#1526=FACE_OUTER_BOUND('',#1937,.T.);
#1527=FACE_OUTER_BOUND('',#1938,.T.);
#1528=FACE_OUTER_BOUND('',#1939,.T.);
#1529=FACE_OUTER_BOUND('',#1940,.T.);
#1530=FACE_OUTER_BOUND('',#1941,.T.);
#1531=FACE_OUTER_BOUND('',#1942,.T.);
#1532=FACE_OUTER_BOUND('',#1943,.T.);
#1533=FACE_OUTER_BOUND('',#1944,.T.);
#1534=FACE_OUTER_BOUND('',#1945,.T.);
#1535=FACE_OUTER_BOUND('',#1946,.T.);
#1536=FACE_OUTER_BOUND('',#1947,.T.);
#1537=FACE_OUTER_BOUND('',#1948,.T.);
#1538=FACE_OUTER_BOUND('',#1949,.T.);
#1539=FACE_OUTER_BOUND('',#1950,.T.);
#1540=FACE_OUTER_BOUND('',#1951,.T.);
#1541=FACE_OUTER_BOUND('',#1952,.T.);
#1542=FACE_OUTER_BOUND('',#1953,.T.);
#1543=FACE_OUTER_BOUND('',#1954,.T.);
#1544=FACE_OUTER_BOUND('',#1955,.T.);
#1545=FACE_OUTER_BOUND('',#1956,.T.);
#1546=FACE_OUTER_BOUND('',#1957,.T.);
#1547=FACE_OUTER_BOUND('',#1958,.T.);
#1548=FACE_OUTER_BOUND('',#1959,.T.);
#1549=FACE_OUTER_BOUND('',#1960,.T.);
#1550=FACE_OUTER_BOUND('',#1967,.T.);
#1551=FACE_OUTER_BOUND('',#1968,.T.);
#1552=FACE_OUTER_BOUND('',#1969,.T.);
#1553=FACE_OUTER_BOUND('',#1970,.T.);
#1554=FACE_OUTER_BOUND('',#1971,.T.);
#1555=FACE_OUTER_BOUND('',#1972,.T.);
#1556=FACE_OUTER_BOUND('',#1973,.T.);
#1557=FACE_OUTER_BOUND('',#1974,.T.);
#1558=FACE_OUTER_BOUND('',#1975,.T.);
#1559=FACE_OUTER_BOUND('',#1976,.T.);
#1560=FACE_OUTER_BOUND('',#1977,.T.);
#1561=FACE_OUTER_BOUND('',#1978,.T.);
#1562=FACE_OUTER_BOUND('',#1979,.T.);
#1563=FACE_OUTER_BOUND('',#1980,.T.);
#1564=FACE_OUTER_BOUND('',#1981,.T.);
#1565=FACE_OUTER_BOUND('',#1982,.T.);
#1566=FACE_OUTER_BOUND('',#1983,.T.);
#1567=FACE_OUTER_BOUND('',#1984,.T.);
#1568=FACE_OUTER_BOUND('',#1985,.T.);
#1569=FACE_OUTER_BOUND('',#1986,.T.);
#1570=FACE_OUTER_BOUND('',#1987,.T.);
#1571=FACE_OUTER_BOUND('',#1988,.T.);
#1572=FACE_OUTER_BOUND('',#1989,.T.);
#1573=FACE_OUTER_BOUND('',#1990,.T.);
#1574=FACE_OUTER_BOUND('',#1991,.T.);
#1575=FACE_OUTER_BOUND('',#1992,.T.);
#1576=FACE_OUTER_BOUND('',#1993,.T.);
#1577=FACE_OUTER_BOUND('',#1994,.T.);
#1578=FACE_OUTER_BOUND('',#1995,.T.);
#1579=FACE_OUTER_BOUND('',#1996,.T.);
#1580=FACE_OUTER_BOUND('',#1997,.T.);
#1581=FACE_OUTER_BOUND('',#1998,.T.);
#1582=FACE_OUTER_BOUND('',#1999,.T.);
#1583=FACE_OUTER_BOUND('',#2000,.T.);
#1584=FACE_OUTER_BOUND('',#2001,.T.);
#1585=FACE_OUTER_BOUND('',#2002,.T.);
#1586=FACE_OUTER_BOUND('',#2003,.T.);
#1587=FACE_OUTER_BOUND('',#2004,.T.);
#1588=FACE_OUTER_BOUND('',#2005,.T.);
#1589=FACE_OUTER_BOUND('',#2006,.T.);
#1590=FACE_OUTER_BOUND('',#2007,.T.);
#1591=FACE_OUTER_BOUND('',#2008,.T.);
#1592=FACE_OUTER_BOUND('',#2009,.T.);
#1593=FACE_OUTER_BOUND('',#2010,.T.);
#1594=FACE_OUTER_BOUND('',#2011,.T.);
#1595=FACE_OUTER_BOUND('',#2012,.T.);
#1596=FACE_OUTER_BOUND('',#2013,.T.);
#1597=FACE_OUTER_BOUND('',#2014,.T.);
#1598=FACE_OUTER_BOUND('',#2015,.T.);
#1599=FACE_OUTER_BOUND('',#2016,.T.);
#1600=FACE_OUTER_BOUND('',#2017,.T.);
#1601=FACE_OUTER_BOUND('',#2018,.T.);
#1602=FACE_OUTER_BOUND('',#2019,.T.);
#1603=FACE_OUTER_BOUND('',#2020,.T.);
#1604=FACE_OUTER_BOUND('',#2021,.T.);
#1605=FACE_OUTER_BOUND('',#2022,.T.);
#1606=FACE_OUTER_BOUND('',#2023,.T.);
#1607=FACE_OUTER_BOUND('',#2024,.T.);
#1608=FACE_OUTER_BOUND('',#2025,.T.);
#1609=FACE_OUTER_BOUND('',#2026,.T.);
#1610=FACE_OUTER_BOUND('',#2027,.T.);
#1611=FACE_OUTER_BOUND('',#2028,.T.);
#1612=FACE_OUTER_BOUND('',#2029,.T.);
#1613=FACE_OUTER_BOUND('',#2030,.T.);
#1614=FACE_OUTER_BOUND('',#2031,.T.);
#1615=FACE_OUTER_BOUND('',#2032,.T.);
#1616=FACE_OUTER_BOUND('',#2033,.T.);
#1617=FACE_OUTER_BOUND('',#2034,.T.);
#1618=FACE_OUTER_BOUND('',#2035,.T.);
#1619=FACE_OUTER_BOUND('',#2036,.T.);
#1620=FACE_OUTER_BOUND('',#2037,.T.);
#1621=FACE_OUTER_BOUND('',#2038,.T.);
#1622=FACE_OUTER_BOUND('',#2039,.T.);
#1623=FACE_OUTER_BOUND('',#2040,.T.);
#1624=FACE_OUTER_BOUND('',#2041,.T.);
#1625=FACE_OUTER_BOUND('',#2042,.T.);
#1626=FACE_OUTER_BOUND('',#2043,.T.);
#1627=FACE_OUTER_BOUND('',#2044,.T.);
#1628=FACE_OUTER_BOUND('',#2045,.T.);
#1629=FACE_OUTER_BOUND('',#2046,.T.);
#1630=FACE_OUTER_BOUND('',#2047,.T.);
#1631=FACE_OUTER_BOUND('',#2048,.T.);
#1632=FACE_OUTER_BOUND('',#2049,.T.);
#1633=FACE_OUTER_BOUND('',#2050,.T.);
#1634=FACE_OUTER_BOUND('',#2051,.T.);
#1635=FACE_OUTER_BOUND('',#2052,.T.);
#1636=FACE_OUTER_BOUND('',#2053,.T.);
#1637=FACE_OUTER_BOUND('',#2054,.T.);
#1638=FACE_OUTER_BOUND('',#2055,.T.);
#1639=FACE_OUTER_BOUND('',#2056,.T.);
#1640=FACE_OUTER_BOUND('',#2057,.T.);
#1641=FACE_OUTER_BOUND('',#2058,.T.);
#1642=FACE_OUTER_BOUND('',#2059,.T.);
#1643=FACE_OUTER_BOUND('',#2060,.T.);
#1644=FACE_OUTER_BOUND('',#2061,.T.);
#1645=FACE_OUTER_BOUND('',#2062,.T.);
#1646=FACE_OUTER_BOUND('',#2063,.T.);
#1647=FACE_OUTER_BOUND('',#2064,.T.);
#1648=FACE_OUTER_BOUND('',#2065,.T.);
#1649=FACE_OUTER_BOUND('',#2066,.T.);
#1650=FACE_OUTER_BOUND('',#2067,.T.);
#1651=FACE_OUTER_BOUND('',#2071,.T.);
#1652=FACE_OUTER_BOUND('',#2072,.T.);
#1653=FACE_OUTER_BOUND('',#2078,.T.);
#1654=FACE_OUTER_BOUND('',#2101,.T.);
#1655=FACE_OUTER_BOUND('',#2102,.T.);
#1656=FACE_OUTER_BOUND('',#2105,.T.);
#1657=FACE_OUTER_BOUND('',#2108,.T.);
#1658=FACE_OUTER_BOUND('',#2109,.T.);
#1659=FACE_OUTER_BOUND('',#2110,.T.);
#1660=FACE_OUTER_BOUND('',#2111,.T.);
#1661=FACE_OUTER_BOUND('',#2112,.T.);
#1662=FACE_OUTER_BOUND('',#2113,.T.);
#1663=FACE_OUTER_BOUND('',#2114,.T.);
#1664=FACE_OUTER_BOUND('',#2115,.T.);
#1665=FACE_OUTER_BOUND('',#2118,.T.);
#1666=FACE_OUTER_BOUND('',#2121,.T.);
#1667=FACE_OUTER_BOUND('',#2122,.T.);
#1668=FACE_OUTER_BOUND('',#2123,.T.);
#1669=FACE_OUTER_BOUND('',#2124,.T.);
#1670=FACE_OUTER_BOUND('',#2127,.T.);
#1671=FACE_OUTER_BOUND('',#2130,.T.);
#1672=FACE_OUTER_BOUND('',#2131,.T.);
#1673=FACE_OUTER_BOUND('',#2132,.T.);
#1674=FACE_OUTER_BOUND('',#2133,.T.);
#1675=FACE_OUTER_BOUND('',#2134,.T.);
#1676=FACE_OUTER_BOUND('',#2135,.T.);
#1677=FACE_OUTER_BOUND('',#2136,.T.);
#1678=FACE_OUTER_BOUND('',#2137,.T.);
#1679=FACE_OUTER_BOUND('',#2138,.T.);
#1680=FACE_OUTER_BOUND('',#2139,.T.);
#1681=FACE_OUTER_BOUND('',#2140,.T.);
#1682=FACE_OUTER_BOUND('',#2141,.T.);
#1683=FACE_OUTER_BOUND('',#2142,.T.);
#1684=FACE_OUTER_BOUND('',#2143,.T.);
#1685=FACE_OUTER_BOUND('',#2144,.T.);
#1686=FACE_OUTER_BOUND('',#2145,.T.);
#1687=FACE_OUTER_BOUND('',#2146,.T.);
#1688=FACE_OUTER_BOUND('',#2167,.T.);
#1689=FACE_OUTER_BOUND('',#2168,.T.);
#1690=FACE_OUTER_BOUND('',#2169,.T.);
#1691=FACE_OUTER_BOUND('',#2170,.T.);
#1692=FACE_OUTER_BOUND('',#2171,.T.);
#1693=FACE_OUTER_BOUND('',#2172,.T.);
#1694=FACE_OUTER_BOUND('',#2173,.T.);
#1695=FACE_OUTER_BOUND('',#2174,.T.);
#1696=FACE_OUTER_BOUND('',#2179,.T.);
#1697=FACE_OUTER_BOUND('',#2192,.T.);
#1698=FACE_OUTER_BOUND('',#2193,.T.);
#1699=FACE_OUTER_BOUND('',#2194,.T.);
#1700=FACE_OUTER_BOUND('',#2195,.T.);
#1701=FACE_OUTER_BOUND('',#2218,.T.);
#1702=FACE_OUTER_BOUND('',#2227,.T.);
#1703=FACE_OUTER_BOUND('',#2228,.T.);
#1704=FACE_OUTER_BOUND('',#2229,.T.);
#1705=FACE_OUTER_BOUND('',#2230,.T.);
#1706=FACE_OUTER_BOUND('',#2239,.T.);
#1707=FACE_OUTER_BOUND('',#2240,.T.);
#1708=FACE_OUTER_BOUND('',#2241,.T.);
#1709=FACE_OUTER_BOUND('',#2242,.T.);
#1710=FACE_OUTER_BOUND('',#2243,.T.);
#1711=FACE_OUTER_BOUND('',#2244,.T.);
#1712=FACE_OUTER_BOUND('',#2245,.T.);
#1713=FACE_OUTER_BOUND('',#2246,.T.);
#1714=FACE_OUTER_BOUND('',#2247,.T.);
#1715=FACE_OUTER_BOUND('',#2248,.T.);
#1716=FACE_OUTER_BOUND('',#2249,.T.);
#1717=FACE_OUTER_BOUND('',#2250,.T.);
#1718=FACE_OUTER_BOUND('',#2251,.T.);
#1719=FACE_OUTER_BOUND('',#2252,.T.);
#1720=FACE_OUTER_BOUND('',#2253,.T.);
#1721=FACE_OUTER_BOUND('',#2256,.T.);
#1722=FACE_OUTER_BOUND('',#2259,.T.);
#1723=FACE_OUTER_BOUND('',#2260,.T.);
#1724=FACE_OUTER_BOUND('',#2261,.T.);
#1725=FACE_OUTER_BOUND('',#2262,.T.);
#1726=FACE_OUTER_BOUND('',#2263,.T.);
#1727=FACE_OUTER_BOUND('',#2264,.T.);
#1728=FACE_OUTER_BOUND('',#2265,.T.);
#1729=FACE_OUTER_BOUND('',#2266,.T.);
#1730=FACE_OUTER_BOUND('',#2267,.T.);
#1731=FACE_OUTER_BOUND('',#2268,.T.);
#1732=FACE_OUTER_BOUND('',#2269,.T.);
#1733=FACE_OUTER_BOUND('',#2270,.T.);
#1734=FACE_OUTER_BOUND('',#2271,.T.);
#1735=FACE_OUTER_BOUND('',#2272,.T.);
#1736=FACE_OUTER_BOUND('',#2273,.T.);
#1737=FACE_OUTER_BOUND('',#2274,.T.);
#1738=FACE_OUTER_BOUND('',#2275,.T.);
#1739=FACE_OUTER_BOUND('',#2276,.T.);
#1740=FACE_OUTER_BOUND('',#2277,.T.);
#1741=FACE_OUTER_BOUND('',#2278,.T.);
#1742=FACE_OUTER_BOUND('',#2279,.T.);
#1743=FACE_OUTER_BOUND('',#2280,.T.);
#1744=FACE_OUTER_BOUND('',#2281,.T.);
#1745=FACE_OUTER_BOUND('',#2282,.T.);
#1746=FACE_OUTER_BOUND('',#2283,.T.);
#1747=FACE_OUTER_BOUND('',#2284,.T.);
#1748=FACE_OUTER_BOUND('',#2285,.T.);
#1749=FACE_OUTER_BOUND('',#2286,.T.);
#1750=FACE_OUTER_BOUND('',#2287,.T.);
#1751=FACE_OUTER_BOUND('',#2288,.T.);
#1752=FACE_OUTER_BOUND('',#2289,.T.);
#1753=FACE_OUTER_BOUND('',#2293,.T.);
#1754=FACE_OUTER_BOUND('',#2297,.T.);
#1755=FACE_OUTER_BOUND('',#2298,.T.);
#1756=FACE_OUTER_BOUND('',#2299,.T.);
#1757=FACE_OUTER_BOUND('',#2300,.T.);
#1758=FACE_OUTER_BOUND('',#2301,.T.);
#1759=FACE_OUTER_BOUND('',#2302,.T.);
#1760=FACE_OUTER_BOUND('',#2303,.T.);
#1761=FACE_OUTER_BOUND('',#2304,.T.);
#1762=FACE_OUTER_BOUND('',#2305,.T.);
#1763=FACE_OUTER_BOUND('',#2306,.T.);
#1764=FACE_OUTER_BOUND('',#2307,.T.);
#1765=FACE_OUTER_BOUND('',#2308,.T.);
#1766=FACE_OUTER_BOUND('',#2309,.T.);
#1767=FACE_OUTER_BOUND('',#2310,.T.);
#1768=FACE_OUTER_BOUND('',#2315,.T.);
#1769=FACE_OUTER_BOUND('',#2316,.T.);
#1770=FACE_OUTER_BOUND('',#2317,.T.);
#1771=FACE_OUTER_BOUND('',#2318,.T.);
#1772=FACE_OUTER_BOUND('',#2319,.T.);
#1773=FACE_OUTER_BOUND('',#2320,.T.);
#1774=FACE_OUTER_BOUND('',#2321,.T.);
#1775=FACE_OUTER_BOUND('',#2322,.T.);
#1776=FACE_OUTER_BOUND('',#2323,.T.);
#1777=FACE_OUTER_BOUND('',#2340,.T.);
#1778=FACE_OUTER_BOUND('',#2341,.T.);
#1779=FACE_OUTER_BOUND('',#2342,.T.);
#1780=FACE_OUTER_BOUND('',#2343,.T.);
#1781=FACE_OUTER_BOUND('',#2344,.T.);
#1782=FACE_OUTER_BOUND('',#2345,.T.);
#1783=FACE_OUTER_BOUND('',#2346,.T.);
#1784=FACE_OUTER_BOUND('',#2347,.T.);
#1785=FACE_OUTER_BOUND('',#2350,.T.);
#1786=FACE_OUTER_BOUND('',#2354,.T.);
#1787=FACE_OUTER_BOUND('',#2355,.T.);
#1788=FACE_OUTER_BOUND('',#2356,.T.);
#1789=FACE_OUTER_BOUND('',#2357,.T.);
#1790=FACE_OUTER_BOUND('',#2358,.T.);
#1791=FACE_OUTER_BOUND('',#2359,.T.);
#1792=FACE_OUTER_BOUND('',#2360,.T.);
#1793=FACE_OUTER_BOUND('',#2361,.T.);
#1794=FACE_OUTER_BOUND('',#2362,.T.);
#1795=FACE_OUTER_BOUND('',#2363,.T.);
#1796=FACE_OUTER_BOUND('',#2364,.T.);
#1797=FACE_OUTER_BOUND('',#2365,.T.);
#1798=FACE_OUTER_BOUND('',#2366,.T.);
#1799=FACE_OUTER_BOUND('',#2367,.T.);
#1800=FACE_OUTER_BOUND('',#2368,.T.);
#1801=FACE_OUTER_BOUND('',#2371,.T.);
#1802=FACE_OUTER_BOUND('',#2372,.T.);
#1803=FACE_OUTER_BOUND('',#2375,.T.);
#1804=FACE_OUTER_BOUND('',#2376,.T.);
#1805=FACE_OUTER_BOUND('',#2379,.T.);
#1806=FACE_OUTER_BOUND('',#2380,.T.);
#1807=FACE_OUTER_BOUND('',#2383,.T.);
#1808=FACE_OUTER_BOUND('',#2466,.T.);
#1809=FACE_OUTER_BOUND('',#2467,.T.);
#1810=FACE_OUTER_BOUND('',#2468,.T.);
#1811=FACE_OUTER_BOUND('',#2469,.T.);
#1812=FACE_OUTER_BOUND('',#2470,.T.);
#1813=FACE_OUTER_BOUND('',#2471,.T.);
#1814=FACE_OUTER_BOUND('',#2472,.T.);
#1815=FACE_OUTER_BOUND('',#2473,.T.);
#1816=FACE_OUTER_BOUND('',#2474,.T.);
#1817=FACE_OUTER_BOUND('',#2483,.T.);
#1818=FACE_OUTER_BOUND('',#2484,.T.);
#1819=FACE_OUTER_BOUND('',#2485,.T.);
#1820=FACE_OUTER_BOUND('',#2486,.T.);
#1821=FACE_OUTER_BOUND('',#2501,.T.);
#1822=EDGE_LOOP('',(#3864,#3865,#3866,#3867));
#1823=EDGE_LOOP('',(#3868,#3869,#3870,#3871));
#1824=EDGE_LOOP('',(#3872,#3873,#3874,#3875));
#1825=EDGE_LOOP('',(#3876,#3877,#3878,#3879));
#1826=EDGE_LOOP('',(#3880,#3881,#3882,#3883));
#1827=EDGE_LOOP('',(#3884,#3885));
#1828=EDGE_LOOP('',(#3886,#3887));
#1829=EDGE_LOOP('',(#3888,#3889));
#1830=EDGE_LOOP('',(#3890,#3891));
#1831=EDGE_LOOP('',(#3892,#3893,#3894,#3895));
#1832=EDGE_LOOP('',(#3896,#3897,#3898,#3899));
#1833=EDGE_LOOP('',(#3900,#3901,#3902,#3903));
#1834=EDGE_LOOP('',(#3904,#3905,#3906,#3907));
#1835=EDGE_LOOP('',(#3908,#3909,#3910,#3911));
#1836=EDGE_LOOP('',(#3912,#3913,#3914,#3915));
#1837=EDGE_LOOP('',(#3916,#3917,#3918,#3919));
#1838=EDGE_LOOP('',(#3920,#3921,#3922,#3923));
#1839=EDGE_LOOP('',(#3924,#3925,#3926,#3927));
#1840=EDGE_LOOP('',(#3928,#3929,#3930,#3931));
#1841=EDGE_LOOP('',(#3932,#3933,#3934,#3935));
#1842=EDGE_LOOP('',(#3936,#3937));
#1843=EDGE_LOOP('',(#3938,#3939));
#1844=EDGE_LOOP('',(#3940,#3941));
#1845=EDGE_LOOP('',(#3942,#3943));
#1846=EDGE_LOOP('',(#3944,#3945,#3946,#3947));
#1847=EDGE_LOOP('',(#3948,#3949));
#1848=EDGE_LOOP('',(#3950,#3951,#3952,#3953));
#1849=EDGE_LOOP('',(#3954,#3955));
#1850=EDGE_LOOP('',(#3956,#3957,#3958,#3959));
#1851=EDGE_LOOP('',(#3960,#3961,#3962,#3963));
#1852=EDGE_LOOP('',(#3964,#3965,#3966,#3967));
#1853=EDGE_LOOP('',(#3968,#3969,#3970,#3971));
#1854=EDGE_LOOP('',(#3972));
#1855=EDGE_LOOP('',(#3973,#3974,#3975,#3976));
#1856=EDGE_LOOP('',(#3977));
#1857=EDGE_LOOP('',(#3978));
#1858=EDGE_LOOP('',(#3979));
#1859=EDGE_LOOP('',(#3980));
#1860=EDGE_LOOP('',(#3981));
#1861=EDGE_LOOP('',(#3982));
#1862=EDGE_LOOP('',(#3983));
#1863=EDGE_LOOP('',(#3984));
#1864=EDGE_LOOP('',(#3985));
#1865=EDGE_LOOP('',(#3986));
#1866=EDGE_LOOP('',(#3987));
#1867=EDGE_LOOP('',(#3988));
#1868=EDGE_LOOP('',(#3989,#3990,#3991,#3992));
#1869=EDGE_LOOP('',(#3993,#3994,#3995,#3996));
#1870=EDGE_LOOP('',(#3997,#3998,#3999,#4000));
#1871=EDGE_LOOP('',(#4001,#4002,#4003,#4004));
#1872=EDGE_LOOP('',(#4005,#4006,#4007,#4008));
#1873=EDGE_LOOP('',(#4009));
#1874=EDGE_LOOP('',(#4010));
#1875=EDGE_LOOP('',(#4011));
#1876=EDGE_LOOP('',(#4012));
#1877=EDGE_LOOP('',(#4013));
#1878=EDGE_LOOP('',(#4014));
#1879=EDGE_LOOP('',(#4015));
#1880=EDGE_LOOP('',(#4016));
#1881=EDGE_LOOP('',(#4017));
#1882=EDGE_LOOP('',(#4018));
#1883=EDGE_LOOP('',(#4019));
#1884=EDGE_LOOP('',(#4020,#4021,#4022,#4023));
#1885=EDGE_LOOP('',(#4024,#4025,#4026,#4027));
#1886=EDGE_LOOP('',(#4028,#4029,#4030,#4031));
#1887=EDGE_LOOP('',(#4032,#4033,#4034,#4035));
#1888=EDGE_LOOP('',(#4036,#4037,#4038,#4039));
#1889=EDGE_LOOP('',(#4040,#4041,#4042,#4043));
#1890=EDGE_LOOP('',(#4044,#4045,#4046,#4047));
#1891=EDGE_LOOP('',(#4048,#4049,#4050,#4051));
#1892=EDGE_LOOP('',(#4052,#4053,#4054,#4055));
#1893=EDGE_LOOP('',(#4056,#4057,#4058,#4059));
#1894=EDGE_LOOP('',(#4060,#4061));
#1895=EDGE_LOOP('',(#4062,#4063));
#1896=EDGE_LOOP('',(#4064,#4065));
#1897=EDGE_LOOP('',(#4066,#4067));
#1898=EDGE_LOOP('',(#4068,#4069,#4070,#4071,#4072,#4073));
#1899=EDGE_LOOP('',(#4074,#4075,#4076,#4077));
#1900=EDGE_LOOP('',(#4078,#4079));
#1901=EDGE_LOOP('',(#4080,#4081));
#1902=EDGE_LOOP('',(#4082,#4083));
#1903=EDGE_LOOP('',(#4084,#4085));
#1904=EDGE_LOOP('',(#4086,#4087,#4088,#4089,#4090,#4091));
#1905=EDGE_LOOP('',(#4092,#4093));
#1906=EDGE_LOOP('',(#4094,#4095,#4096,#4097,#4098,#4099));
#1907=EDGE_LOOP('',(#4100,#4101,#4102,#4103));
#1908=EDGE_LOOP('',(#4104,#4105));
#1909=EDGE_LOOP('',(#4106,#4107,#4108,#4109,#4110,#4111,#4112,#4113,#4114,
#4115));
#1910=EDGE_LOOP('',(#4116,#4117,#4118,#4119,#4120));
#1911=EDGE_LOOP('',(#4121,#4122,#4123,#4124,#4125));
#1912=EDGE_LOOP('',(#4126,#4127,#4128,#4129,#4130,#4131,#4132,#4133));
#1913=EDGE_LOOP('',(#4134,#4135,#4136,#4137,#4138,#4139));
#1914=EDGE_LOOP('',(#4140,#4141,#4142,#4143,#4144,#4145));
#1915=EDGE_LOOP('',(#4146,#4147,#4148,#4149));
#1916=EDGE_LOOP('',(#4150,#4151,#4152,#4153));
#1917=EDGE_LOOP('',(#4154,#4155,#4156,#4157));
#1918=EDGE_LOOP('',(#4158,#4159));
#1919=EDGE_LOOP('',(#4160,#4161));
#1920=EDGE_LOOP('',(#4162,#4163,#4164,#4165));
#1921=EDGE_LOOP('',(#4166,#4167,#4168,#4169));
#1922=EDGE_LOOP('',(#4170,#4171));
#1923=EDGE_LOOP('',(#4172,#4173));
#1924=EDGE_LOOP('',(#4174,#4175,#4176,#4177));
#1925=EDGE_LOOP('',(#4178,#4179,#4180,#4181));
#1926=EDGE_LOOP('',(#4182,#4183));
#1927=EDGE_LOOP('',(#4184,#4185));
#1928=EDGE_LOOP('',(#4186,#4187,#4188,#4189));
#1929=EDGE_LOOP('',(#4190,#4191,#4192,#4193));
#1930=EDGE_LOOP('',(#4194,#4195));
#1931=EDGE_LOOP('',(#4196,#4197));
#1932=EDGE_LOOP('',(#4198,#4199,#4200,#4201));
#1933=EDGE_LOOP('',(#4202,#4203,#4204,#4205));
#1934=EDGE_LOOP('',(#4206,#4207));
#1935=EDGE_LOOP('',(#4208,#4209));
#1936=EDGE_LOOP('',(#4210,#4211,#4212,#4213));
#1937=EDGE_LOOP('',(#4214,#4215,#4216,#4217));
#1938=EDGE_LOOP('',(#4218,#4219,#4220,#4221));
#1939=EDGE_LOOP('',(#4222,#4223,#4224,#4225));
#1940=EDGE_LOOP('',(#4226,#4227,#4228,#4229));
#1941=EDGE_LOOP('',(#4230,#4231,#4232,#4233));
#1942=EDGE_LOOP('',(#4234,#4235,#4236));
#1943=EDGE_LOOP('',(#4237,#4238,#4239,#4240));
#1944=EDGE_LOOP('',(#4241,#4242,#4243));
#1945=EDGE_LOOP('',(#4244,#4245,#4246,#4247));
#1946=EDGE_LOOP('',(#4248,#4249,#4250));
#1947=EDGE_LOOP('',(#4251,#4252,#4253,#4254));
#1948=EDGE_LOOP('',(#4255,#4256,#4257));
#1949=EDGE_LOOP('',(#4258,#4259,#4260,#4261));
#1950=EDGE_LOOP('',(#4262,#4263,#4264,#4265));
#1951=EDGE_LOOP('',(#4266,#4267,#4268,#4269));
#1952=EDGE_LOOP('',(#4270,#4271,#4272,#4273));
#1953=EDGE_LOOP('',(#4274,#4275,#4276,#4277));
#1954=EDGE_LOOP('',(#4278,#4279,#4280,#4281));
#1955=EDGE_LOOP('',(#4282,#4283,#4284,#4285));
#1956=EDGE_LOOP('',(#4286,#4287,#4288,#4289));
#1957=EDGE_LOOP('',(#4290,#4291,#4292,#4293));
#1958=EDGE_LOOP('',(#4294,#4295,#4296,#4297));
#1959=EDGE_LOOP('',(#4298,#4299,#4300,#4301));
#1960=EDGE_LOOP('',(#4302,#4303,#4304,#4305));
#1961=EDGE_LOOP('',(#4306,#4307));
#1962=EDGE_LOOP('',(#4308,#4309));
#1963=EDGE_LOOP('',(#4310,#4311,#4312,#4313,#4314,#4315,#4316,#4317,#4318,
#4319,#4320,#4321,#4322,#4323,#4324,#4325,#4326,#4327,#4328,#4329,#4330,
#4331,#4332,#4333,#4334,#4335,#4336,#4337,#4338,#4339,#4340,#4341,#4342,
#4343,#4344,#4345,#4346,#4347,#4348,#4349,#4350,#4351,#4352,#4353,#4354,
#4355,#4356,#4357,#4358,#4359,#4360,#4361,#4362,#4363,#4364,#4365,#4366,
#4367,#4368,#4369,#4370,#4371,#4372,#4373,#4374,#4375,#4376,#4377));
#1964=EDGE_LOOP('',(#4378,#4379));
#1965=EDGE_LOOP('',(#4380,#4381));
#1966=EDGE_LOOP('',(#4382,#4383,#4384,#4385,#4386,#4387,#4388,#4389,#4390,
#4391,#4392,#4393,#4394,#4395,#4396,#4397,#4398,#4399,#4400,#4401,#4402,
#4403,#4404,#4405,#4406,#4407,#4408,#4409,#4410,#4411,#4412,#4413,#4414,
#4415,#4416,#4417,#4418,#4419,#4420,#4421,#4422,#4423,#4424,#4425,#4426,
#4427,#4428,#4429,#4430,#4431,#4432,#4433,#4434,#4435,#4436,#4437,#4438,
#4439,#4440,#4441,#4442,#4443,#4444,#4445,#4446,#4447,#4448,#4449));
#1967=EDGE_LOOP('',(#4450,#4451,#4452,#4453));
#1968=EDGE_LOOP('',(#4454,#4455,#4456,#4457));
#1969=EDGE_LOOP('',(#4458,#4459,#4460,#4461));
#1970=EDGE_LOOP('',(#4462,#4463,#4464,#4465));
#1971=EDGE_LOOP('',(#4466,#4467,#4468,#4469));
#1972=EDGE_LOOP('',(#4470,#4471,#4472,#4473));
#1973=EDGE_LOOP('',(#4474,#4475,#4476,#4477));
#1974=EDGE_LOOP('',(#4478,#4479,#4480,#4481));
#1975=EDGE_LOOP('',(#4482,#4483,#4484,#4485));
#1976=EDGE_LOOP('',(#4486,#4487,#4488,#4489));
#1977=EDGE_LOOP('',(#4490,#4491,#4492,#4493));
#1978=EDGE_LOOP('',(#4494,#4495,#4496,#4497));
#1979=EDGE_LOOP('',(#4498,#4499,#4500,#4501));
#1980=EDGE_LOOP('',(#4502,#4503,#4504,#4505));
#1981=EDGE_LOOP('',(#4506,#4507,#4508,#4509));
#1982=EDGE_LOOP('',(#4510,#4511,#4512,#4513));
#1983=EDGE_LOOP('',(#4514,#4515,#4516,#4517));
#1984=EDGE_LOOP('',(#4518,#4519,#4520,#4521));
#1985=EDGE_LOOP('',(#4522,#4523,#4524,#4525));
#1986=EDGE_LOOP('',(#4526,#4527,#4528,#4529));
#1987=EDGE_LOOP('',(#4530,#4531,#4532,#4533));
#1988=EDGE_LOOP('',(#4534,#4535,#4536,#4537));
#1989=EDGE_LOOP('',(#4538,#4539,#4540,#4541));
#1990=EDGE_LOOP('',(#4542,#4543,#4544,#4545));
#1991=EDGE_LOOP('',(#4546,#4547,#4548,#4549));
#1992=EDGE_LOOP('',(#4550,#4551,#4552,#4553));
#1993=EDGE_LOOP('',(#4554,#4555,#4556,#4557));
#1994=EDGE_LOOP('',(#4558,#4559,#4560,#4561));
#1995=EDGE_LOOP('',(#4562,#4563,#4564,#4565));
#1996=EDGE_LOOP('',(#4566,#4567,#4568,#4569));
#1997=EDGE_LOOP('',(#4570,#4571,#4572,#4573));
#1998=EDGE_LOOP('',(#4574,#4575,#4576,#4577));
#1999=EDGE_LOOP('',(#4578,#4579,#4580,#4581));
#2000=EDGE_LOOP('',(#4582,#4583,#4584,#4585));
#2001=EDGE_LOOP('',(#4586,#4587,#4588,#4589));
#2002=EDGE_LOOP('',(#4590,#4591,#4592,#4593));
#2003=EDGE_LOOP('',(#4594,#4595,#4596,#4597));
#2004=EDGE_LOOP('',(#4598,#4599,#4600,#4601));
#2005=EDGE_LOOP('',(#4602,#4603,#4604,#4605));
#2006=EDGE_LOOP('',(#4606,#4607,#4608,#4609));
#2007=EDGE_LOOP('',(#4610,#4611,#4612,#4613));
#2008=EDGE_LOOP('',(#4614,#4615,#4616,#4617));
#2009=EDGE_LOOP('',(#4618,#4619,#4620,#4621));
#2010=EDGE_LOOP('',(#4622,#4623,#4624,#4625));
#2011=EDGE_LOOP('',(#4626,#4627,#4628,#4629));
#2012=EDGE_LOOP('',(#4630,#4631,#4632,#4633));
#2013=EDGE_LOOP('',(#4634,#4635,#4636,#4637));
#2014=EDGE_LOOP('',(#4638,#4639,#4640,#4641));
#2015=EDGE_LOOP('',(#4642,#4643,#4644,#4645));
#2016=EDGE_LOOP('',(#4646,#4647,#4648,#4649));
#2017=EDGE_LOOP('',(#4650,#4651,#4652,#4653));
#2018=EDGE_LOOP('',(#4654,#4655,#4656,#4657));
#2019=EDGE_LOOP('',(#4658,#4659,#4660,#4661));
#2020=EDGE_LOOP('',(#4662,#4663,#4664,#4665));
#2021=EDGE_LOOP('',(#4666,#4667,#4668,#4669));
#2022=EDGE_LOOP('',(#4670,#4671,#4672,#4673));
#2023=EDGE_LOOP('',(#4674,#4675,#4676));
#2024=EDGE_LOOP('',(#4677,#4678,#4679,#4680));
#2025=EDGE_LOOP('',(#4681,#4682,#4683));
#2026=EDGE_LOOP('',(#4684,#4685,#4686,#4687));
#2027=EDGE_LOOP('',(#4688,#4689,#4690));
#2028=EDGE_LOOP('',(#4691,#4692,#4693,#4694));
#2029=EDGE_LOOP('',(#4695,#4696,#4697));
#2030=EDGE_LOOP('',(#4698,#4699,#4700,#4701));
#2031=EDGE_LOOP('',(#4702,#4703,#4704,#4705));
#2032=EDGE_LOOP('',(#4706,#4707,#4708));
#2033=EDGE_LOOP('',(#4709,#4710,#4711,#4712));
#2034=EDGE_LOOP('',(#4713,#4714,#4715));
#2035=EDGE_LOOP('',(#4716,#4717,#4718,#4719));
#2036=EDGE_LOOP('',(#4720,#4721,#4722));
#2037=EDGE_LOOP('',(#4723,#4724,#4725,#4726));
#2038=EDGE_LOOP('',(#4727,#4728,#4729));
#2039=EDGE_LOOP('',(#4730,#4731,#4732,#4733));
#2040=EDGE_LOOP('',(#4734,#4735,#4736));
#2041=EDGE_LOOP('',(#4737,#4738,#4739,#4740));
#2042=EDGE_LOOP('',(#4741,#4742,#4743));
#2043=EDGE_LOOP('',(#4744,#4745,#4746,#4747));
#2044=EDGE_LOOP('',(#4748,#4749,#4750));
#2045=EDGE_LOOP('',(#4751,#4752,#4753,#4754));
#2046=EDGE_LOOP('',(#4755,#4756,#4757));
#2047=EDGE_LOOP('',(#4758,#4759,#4760,#4761));
#2048=EDGE_LOOP('',(#4762,#4763,#4764,#4765));
#2049=EDGE_LOOP('',(#4766,#4767,#4768,#4769));
#2050=EDGE_LOOP('',(#4770,#4771,#4772,#4773));
#2051=EDGE_LOOP('',(#4774,#4775,#4776,#4777));
#2052=EDGE_LOOP('',(#4778,#4779,#4780,#4781));
#2053=EDGE_LOOP('',(#4782,#4783,#4784,#4785));
#2054=EDGE_LOOP('',(#4786,#4787,#4788,#4789));
#2055=EDGE_LOOP('',(#4790,#4791,#4792,#4793));
#2056=EDGE_LOOP('',(#4794,#4795,#4796,#4797));
#2057=EDGE_LOOP('',(#4798,#4799,#4800,#4801));
#2058=EDGE_LOOP('',(#4802,#4803,#4804,#4805));
#2059=EDGE_LOOP('',(#4806,#4807,#4808,#4809,#4810,#4811));
#2060=EDGE_LOOP('',(#4812,#4813,#4814,#4815));
#2061=EDGE_LOOP('',(#4816,#4817,#4818));
#2062=EDGE_LOOP('',(#4819,#4820,#4821,#4822));
#2063=EDGE_LOOP('',(#4823,#4824,#4825));
#2064=EDGE_LOOP('',(#4826,#4827,#4828,#4829));
#2065=EDGE_LOOP('',(#4830,#4831,#4832,#4833));
#2066=EDGE_LOOP('',(#4834,#4835,#4836,#4837));
#2067=EDGE_LOOP('',(#4838,#4839,#4840,#4841));
#2068=EDGE_LOOP('',(#4842,#4843));
#2069=EDGE_LOOP('',(#4844,#4845));
#2070=EDGE_LOOP('',(#4846,#4847,#4848,#4849,#4850,#4851,#4852,#4853,#4854,
#4855,#4856,#4857,#4858,#4859,#4860,#4861));
#2071=EDGE_LOOP('',(#4862,#4863));
#2072=EDGE_LOOP('',(#4864,#4865,#4866,#4867,#4868,#4869));
#2073=EDGE_LOOP('',(#4870,#4871,#4872,#4873));
#2074=EDGE_LOOP('',(#4874,#4875));
#2075=EDGE_LOOP('',(#4876,#4877));
#2076=EDGE_LOOP('',(#4878,#4879));
#2077=EDGE_LOOP('',(#4880,#4881));
#2078=EDGE_LOOP('',(#4882,#4883,#4884,#4885,#4886,#4887));
#2079=EDGE_LOOP('',(#4888,#4889,#4890,#4891));
#2080=EDGE_LOOP('',(#4892,#4893));
#2081=EDGE_LOOP('',(#4894,#4895));
#2082=EDGE_LOOP('',(#4896,#4897,#4898,#4899));
#2083=EDGE_LOOP('',(#4900,#4901));
#2084=EDGE_LOOP('',(#4902,#4903,#4904,#4905));
#2085=EDGE_LOOP('',(#4906,#4907));
#2086=EDGE_LOOP('',(#4908,#4909));
#2087=EDGE_LOOP('',(#4910,#4911,#4912,#4913));
#2088=EDGE_LOOP('',(#4914,#4915,#4916,#4917,#4918,#4919,#4920,#4921,#4922,
#4923));
#2089=EDGE_LOOP('',(#4924,#4925,#4926,#4927));
#2090=EDGE_LOOP('',(#4928,#4929));
#2091=EDGE_LOOP('',(#4930,#4931));
#2092=EDGE_LOOP('',(#4932,#4933));
#2093=EDGE_LOOP('',(#4934,#4935));
#2094=EDGE_LOOP('',(#4936,#4937));
#2095=EDGE_LOOP('',(#4938,#4939));
#2096=EDGE_LOOP('',(#4940,#4941));
#2097=EDGE_LOOP('',(#4942,#4943));
#2098=EDGE_LOOP('',(#4944,#4945,#4946,#4947,#4948,#4949,#4950,#4951,#4952,
#4953,#4954,#4955,#4956,#4957,#4958,#4959));
#2099=EDGE_LOOP('',(#4960,#4961));
#2100=EDGE_LOOP('',(#4962,#4963));
#2101=EDGE_LOOP('',(#4964,#4965));
#2102=EDGE_LOOP('',(#4966,#4967,#4968,#4969));
#2103=EDGE_LOOP('',(#4970,#4971));
#2104=EDGE_LOOP('',(#4972,#4973,#4974,#4975));
#2105=EDGE_LOOP('',(#4976,#4977,#4978,#4979));
#2106=EDGE_LOOP('',(#4980,#4981));
#2107=EDGE_LOOP('',(#4982,#4983,#4984,#4985));
#2108=EDGE_LOOP('',(#4986,#4987,#4988));
#2109=EDGE_LOOP('',(#4989,#4990,#4991,#4992));
#2110=EDGE_LOOP('',(#4993,#4994,#4995));
#2111=EDGE_LOOP('',(#4996,#4997,#4998,#4999));
#2112=EDGE_LOOP('',(#5000,#5001,#5002,#5003,#5004,#5005));
#2113=EDGE_LOOP('',(#5006,#5007,#5008,#5009));
#2114=EDGE_LOOP('',(#5010,#5011,#5012,#5013));
#2115=EDGE_LOOP('',(#5014,#5015,#5016,#5017));
#2116=EDGE_LOOP('',(#5018,#5019));
#2117=EDGE_LOOP('',(#5020,#5021));
#2118=EDGE_LOOP('',(#5022,#5023,#5024,#5025));
#2119=EDGE_LOOP('',(#5026,#5027));
#2120=EDGE_LOOP('',(#5028,#5029));
#2121=EDGE_LOOP('',(#5030,#5031,#5032,#5033,#5034,#5035,#5036,#5037,#5038,
#5039,#5040,#5041,#5042,#5043));
#2122=EDGE_LOOP('',(#5044,#5045,#5046,#5047));
#2123=EDGE_LOOP('',(#5048,#5049,#5050,#5051));
#2124=EDGE_LOOP('',(#5052,#5053,#5054,#5055));
#2125=EDGE_LOOP('',(#5056,#5057));
#2126=EDGE_LOOP('',(#5058,#5059));
#2127=EDGE_LOOP('',(#5060,#5061,#5062,#5063));
#2128=EDGE_LOOP('',(#5064,#5065));
#2129=EDGE_LOOP('',(#5066,#5067));
#2130=EDGE_LOOP('',(#5068,#5069,#5070,#5071,#5072,#5073,#5074,#5075,#5076,
#5077,#5078,#5079,#5080,#5081));
#2131=EDGE_LOOP('',(#5082,#5083,#5084));
#2132=EDGE_LOOP('',(#5085,#5086,#5087,#5088));
#2133=EDGE_LOOP('',(#5089,#5090,#5091));
#2134=EDGE_LOOP('',(#5092,#5093,#5094,#5095));
#2135=EDGE_LOOP('',(#5096,#5097,#5098));
#2136=EDGE_LOOP('',(#5099,#5100,#5101,#5102));
#2137=EDGE_LOOP('',(#5103,#5104,#5105));
#2138=EDGE_LOOP('',(#5106,#5107,#5108,#5109));
#2139=EDGE_LOOP('',(#5110,#5111,#5112));
#2140=EDGE_LOOP('',(#5113,#5114,#5115,#5116));
#2141=EDGE_LOOP('',(#5117,#5118,#5119));
#2142=EDGE_LOOP('',(#5120,#5121,#5122,#5123));
#2143=EDGE_LOOP('',(#5124,#5125,#5126));
#2144=EDGE_LOOP('',(#5127,#5128,#5129,#5130));
#2145=EDGE_LOOP('',(#5131,#5132,#5133));
#2146=EDGE_LOOP('',(#5134,#5135,#5136,#5137));
#2147=EDGE_LOOP('',(#5138));
#2148=EDGE_LOOP('',(#5139));
#2149=EDGE_LOOP('',(#5140));
#2150=EDGE_LOOP('',(#5141));
#2151=EDGE_LOOP('',(#5142));
#2152=EDGE_LOOP('',(#5143));
#2153=EDGE_LOOP('',(#5144));
#2154=EDGE_LOOP('',(#5145));
#2155=EDGE_LOOP('',(#5146));
#2156=EDGE_LOOP('',(#5147));
#2157=EDGE_LOOP('',(#5148));
#2158=EDGE_LOOP('',(#5149,#5150,#5151,#5152,#5153,#5154,#5155,#5156));
#2159=EDGE_LOOP('',(#5157));
#2160=EDGE_LOOP('',(#5158));
#2161=EDGE_LOOP('',(#5159));
#2162=EDGE_LOOP('',(#5160));
#2163=EDGE_LOOP('',(#5161));
#2164=EDGE_LOOP('',(#5162,#5163,#5164,#5165,#5166,#5167,#5168,#5169));
#2165=EDGE_LOOP('',(#5170,#5171,#5172,#5173,#5174,#5175,#5176,#5177));
#2166=EDGE_LOOP('',(#5178));
#2167=EDGE_LOOP('',(#5179,#5180,#5181,#5182));
#2168=EDGE_LOOP('',(#5183,#5184,#5185,#5186));
#2169=EDGE_LOOP('',(#5187,#5188,#5189,#5190));
#2170=EDGE_LOOP('',(#5191,#5192,#5193,#5194));
#2171=EDGE_LOOP('',(#5195,#5196,#5197,#5198));
#2172=EDGE_LOOP('',(#5199,#5200,#5201,#5202));
#2173=EDGE_LOOP('',(#5203,#5204,#5205,#5206));
#2174=EDGE_LOOP('',(#5207,#5208,#5209,#5210));
#2175=EDGE_LOOP('',(#5211));
#2176=EDGE_LOOP('',(#5212));
#2177=EDGE_LOOP('',(#5213));
#2178=EDGE_LOOP('',(#5214));
#2179=EDGE_LOOP('',(#5215,#5216,#5217,#5218));
#2180=EDGE_LOOP('',(#5219));
#2181=EDGE_LOOP('',(#5220));
#2182=EDGE_LOOP('',(#5221));
#2183=EDGE_LOOP('',(#5222));
#2184=EDGE_LOOP('',(#5223));
#2185=EDGE_LOOP('',(#5224));
#2186=EDGE_LOOP('',(#5225));
#2187=EDGE_LOOP('',(#5226));
#2188=EDGE_LOOP('',(#5227));
#2189=EDGE_LOOP('',(#5228));
#2190=EDGE_LOOP('',(#5229));
#2191=EDGE_LOOP('',(#5230));
#2192=EDGE_LOOP('',(#5231,#5232,#5233,#5234));
#2193=EDGE_LOOP('',(#5235,#5236,#5237,#5238));
#2194=EDGE_LOOP('',(#5239,#5240,#5241,#5242));
#2195=EDGE_LOOP('',(#5243,#5244,#5245,#5246));
#2196=EDGE_LOOP('',(#5247,#5248));
#2197=EDGE_LOOP('',(#5249));
#2198=EDGE_LOOP('',(#5250));
#2199=EDGE_LOOP('',(#5251));
#2200=EDGE_LOOP('',(#5252));
#2201=EDGE_LOOP('',(#5253,#5254,#5255,#5256,#5257,#5258,#5259,#5260));
#2202=EDGE_LOOP('',(#5261));
#2203=EDGE_LOOP('',(#5262));
#2204=EDGE_LOOP('',(#5263));
#2205=EDGE_LOOP('',(#5264));
#2206=EDGE_LOOP('',(#5265));
#2207=EDGE_LOOP('',(#5266));
#2208=EDGE_LOOP('',(#5267));
#2209=EDGE_LOOP('',(#5268));
#2210=EDGE_LOOP('',(#5269));
#2211=EDGE_LOOP('',(#5270));
#2212=EDGE_LOOP('',(#5271));
#2213=EDGE_LOOP('',(#5272));
#2214=EDGE_LOOP('',(#5273));
#2215=EDGE_LOOP('',(#5274));
#2216=EDGE_LOOP('',(#5275));
#2217=EDGE_LOOP('',(#5276,#5277));
#2218=EDGE_LOOP('',(#5278,#5279,#5280,#5281));
#2219=EDGE_LOOP('',(#5282));
#2220=EDGE_LOOP('',(#5283));
#2221=EDGE_LOOP('',(#5284));
#2222=EDGE_LOOP('',(#5285));
#2223=EDGE_LOOP('',(#5286));
#2224=EDGE_LOOP('',(#5287));
#2225=EDGE_LOOP('',(#5288));
#2226=EDGE_LOOP('',(#5289));
#2227=EDGE_LOOP('',(#5290,#5291,#5292,#5293));
#2228=EDGE_LOOP('',(#5294,#5295,#5296,#5297));
#2229=EDGE_LOOP('',(#5298,#5299,#5300,#5301));
#2230=EDGE_LOOP('',(#5302,#5303,#5304,#5305));
#2231=EDGE_LOOP('',(#5306));
#2232=EDGE_LOOP('',(#5307));
#2233=EDGE_LOOP('',(#5308));
#2234=EDGE_LOOP('',(#5309));
#2235=EDGE_LOOP('',(#5310));
#2236=EDGE_LOOP('',(#5311));
#2237=EDGE_LOOP('',(#5312));
#2238=EDGE_LOOP('',(#5313));
#2239=EDGE_LOOP('',(#5314,#5315,#5316,#5317));
#2240=EDGE_LOOP('',(#5318,#5319,#5320,#5321));
#2241=EDGE_LOOP('',(#5322,#5323,#5324,#5325));
#2242=EDGE_LOOP('',(#5326,#5327,#5328));
#2243=EDGE_LOOP('',(#5329,#5330,#5331));
#2244=EDGE_LOOP('',(#5332,#5333,#5334,#5335));
#2245=EDGE_LOOP('',(#5336,#5337,#5338,#5339));
#2246=EDGE_LOOP('',(#5340,#5341,#5342,#5343));
#2247=EDGE_LOOP('',(#5344,#5345,#5346,#5347));
#2248=EDGE_LOOP('',(#5348,#5349,#5350,#5351));
#2249=EDGE_LOOP('',(#5352,#5353,#5354));
#2250=EDGE_LOOP('',(#5355,#5356,#5357));
#2251=EDGE_LOOP('',(#5358,#5359,#5360));
#2252=EDGE_LOOP('',(#5361,#5362,#5363));
#2253=EDGE_LOOP('',(#5364,#5365,#5366,#5367));
#2254=EDGE_LOOP('',(#5368,#5369));
#2255=EDGE_LOOP('',(#5370,#5371,#5372,#5373,#5374,#5375,#5376,#5377,#5378,
#5379,#5380,#5381,#5382,#5383,#5384,#5385,#5386));
#2256=EDGE_LOOP('',(#5387,#5388,#5389,#5390));
#2257=EDGE_LOOP('',(#5391,#5392));
#2258=EDGE_LOOP('',(#5393,#5394,#5395,#5396,#5397,#5398,#5399,#5400,#5401,
#5402,#5403,#5404,#5405,#5406,#5407,#5408,#5409));
#2259=EDGE_LOOP('',(#5410,#5411,#5412,#5413));
#2260=EDGE_LOOP('',(#5414,#5415,#5416,#5417));
#2261=EDGE_LOOP('',(#5418,#5419,#5420,#5421,#5422,#5423,#5424,#5425));
#2262=EDGE_LOOP('',(#5426,#5427,#5428,#5429));
#2263=EDGE_LOOP('',(#5430,#5431,#5432,#5433));
#2264=EDGE_LOOP('',(#5434,#5435,#5436,#5437));
#2265=EDGE_LOOP('',(#5438,#5439,#5440,#5441,#5442,#5443,#5444,#5445));
#2266=EDGE_LOOP('',(#5446,#5447,#5448,#5449));
#2267=EDGE_LOOP('',(#5450,#5451,#5452,#5453));
#2268=EDGE_LOOP('',(#5454,#5455,#5456,#5457));
#2269=EDGE_LOOP('',(#5458,#5459,#5460,#5461));
#2270=EDGE_LOOP('',(#5462,#5463,#5464,#5465));
#2271=EDGE_LOOP('',(#5466,#5467,#5468,#5469));
#2272=EDGE_LOOP('',(#5470,#5471,#5472));
#2273=EDGE_LOOP('',(#5473,#5474,#5475,#5476));
#2274=EDGE_LOOP('',(#5477,#5478,#5479,#5480));
#2275=EDGE_LOOP('',(#5481,#5482,#5483,#5484));
#2276=EDGE_LOOP('',(#5485,#5486,#5487,#5488));
#2277=EDGE_LOOP('',(#5489,#5490,#5491,#5492));
#2278=EDGE_LOOP('',(#5493,#5494,#5495,#5496,#5497,#5498,#5499,#5500,#5501,
#5502,#5503,#5504,#5505,#5506,#5507,#5508,#5509,#5510,#5511,#5512,#5513,
#5514,#5515));
#2279=EDGE_LOOP('',(#5516,#5517,#5518,#5519));
#2280=EDGE_LOOP('',(#5520,#5521,#5522,#5523));
#2281=EDGE_LOOP('',(#5524,#5525,#5526,#5527));
#2282=EDGE_LOOP('',(#5528,#5529,#5530,#5531));
#2283=EDGE_LOOP('',(#5532,#5533,#5534,#5535));
#2284=EDGE_LOOP('',(#5536,#5537,#5538));
#2285=EDGE_LOOP('',(#5539,#5540,#5541,#5542,#5543,#5544,#5545,#5546,#5547,
#5548,#5549,#5550,#5551,#5552,#5553,#5554,#5555,#5556,#5557,#5558,#5559,
#5560,#5561));
#2286=EDGE_LOOP('',(#5562,#5563,#5564,#5565));
#2287=EDGE_LOOP('',(#5566,#5567,#5568,#5569));
#2288=EDGE_LOOP('',(#5570,#5571,#5572,#5573));
#2289=EDGE_LOOP('',(#5574,#5575,#5576,#5577));
#2290=EDGE_LOOP('',(#5578,#5579));
#2291=EDGE_LOOP('',(#5580,#5581));
#2292=EDGE_LOOP('',(#5582,#5583,#5584,#5585));
#2293=EDGE_LOOP('',(#5586,#5587,#5588,#5589));
#2294=EDGE_LOOP('',(#5590,#5591));
#2295=EDGE_LOOP('',(#5592,#5593));
#2296=EDGE_LOOP('',(#5594,#5595,#5596,#5597));
#2297=EDGE_LOOP('',(#5598,#5599,#5600,#5601));
#2298=EDGE_LOOP('',(#5602,#5603,#5604,#5605));
#2299=EDGE_LOOP('',(#5606,#5607,#5608,#5609));
#2300=EDGE_LOOP('',(#5610,#5611,#5612,#5613));
#2301=EDGE_LOOP('',(#5614,#5615,#5616,#5617));
#2302=EDGE_LOOP('',(#5618,#5619,#5620,#5621));
#2303=EDGE_LOOP('',(#5622,#5623,#5624,#5625));
#2304=EDGE_LOOP('',(#5626,#5627,#5628,#5629));
#2305=EDGE_LOOP('',(#5630,#5631,#5632,#5633));
#2306=EDGE_LOOP('',(#5634,#5635,#5636,#5637));
#2307=EDGE_LOOP('',(#5638,#5639,#5640));
#2308=EDGE_LOOP('',(#5641,#5642,#5643));
#2309=EDGE_LOOP('',(#5644,#5645,#5646));
#2310=EDGE_LOOP('',(#5647,#5648,#5649));
#2311=EDGE_LOOP('',(#5650));
#2312=EDGE_LOOP('',(#5651,#5652));
#2313=EDGE_LOOP('',(#5653));
#2314=EDGE_LOOP('',(#5654));
#2315=EDGE_LOOP('',(#5655,#5656,#5657,#5658));
#2316=EDGE_LOOP('',(#5659,#5660,#5661,#5662));
#2317=EDGE_LOOP('',(#5663,#5664,#5665,#5666));
#2318=EDGE_LOOP('',(#5667,#5668,#5669,#5670));
#2319=EDGE_LOOP('',(#5671,#5672,#5673,#5674));
#2320=EDGE_LOOP('',(#5675,#5676,#5677,#5678));
#2321=EDGE_LOOP('',(#5679,#5680,#5681,#5682));
#2322=EDGE_LOOP('',(#5683,#5684,#5685,#5686));
#2323=EDGE_LOOP('',(#5687,#5688,#5689,#5690,#5691,#5692));
#2324=EDGE_LOOP('',(#5693));
#2325=EDGE_LOOP('',(#5694));
#2326=EDGE_LOOP('',(#5695));
#2327=EDGE_LOOP('',(#5696));
#2328=EDGE_LOOP('',(#5697));
#2329=EDGE_LOOP('',(#5698));
#2330=EDGE_LOOP('',(#5699));
#2331=EDGE_LOOP('',(#5700));
#2332=EDGE_LOOP('',(#5701));
#2333=EDGE_LOOP('',(#5702));
#2334=EDGE_LOOP('',(#5703));
#2335=EDGE_LOOP('',(#5704,#5705));
#2336=EDGE_LOOP('',(#5706,#5707));
#2337=EDGE_LOOP('',(#5708,#5709));
#2338=EDGE_LOOP('',(#5710,#5711,#5712,#5713));
#2339=EDGE_LOOP('',(#5714,#5715));
#2340=EDGE_LOOP('',(#5716,#5717,#5718,#5719,#5720));
#2341=EDGE_LOOP('',(#5721,#5722,#5723,#5724,#5725,#5726,#5727,#5728,#5729,
#5730,#5731,#5732,#5733,#5734,#5735,#5736,#5737,#5738,#5739,#5740,#5741,
#5742,#5743,#5744,#5745,#5746));
#2342=EDGE_LOOP('',(#5747,#5748,#5749,#5750,#5751,#5752,#5753,#5754));
#2343=EDGE_LOOP('',(#5755,#5756,#5757,#5758));
#2344=EDGE_LOOP('',(#5759,#5760,#5761,#5762,#5763,#5764,#5765,#5766,#5767,
#5768,#5769,#5770,#5771,#5772,#5773));
#2345=EDGE_LOOP('',(#5774,#5775,#5776,#5777));
#2346=EDGE_LOOP('',(#5778,#5779,#5780,#5781,#5782,#5783,#5784,#5785,#5786,
#5787,#5788,#5789,#5790,#5791,#5792));
#2347=EDGE_LOOP('',(#5793,#5794,#5795,#5796));
#2348=EDGE_LOOP('',(#5797,#5798));
#2349=EDGE_LOOP('',(#5799,#5800,#5801,#5802));
#2350=EDGE_LOOP('',(#5803,#5804,#5805,#5806));
#2351=EDGE_LOOP('',(#5807,#5808,#5809,#5810,#5811,#5812,#5813,#5814,#5815,
#5816,#5817,#5818,#5819,#5820,#5821,#5822,#5823,#5824,#5825,#5826,#5827,
#5828,#5829,#5830,#5831,#5832,#5833,#5834,#5835,#5836,#5837,#5838,#5839,
#5840,#5841,#5842,#5843,#5844,#5845,#5846,#5847,#5848));
#2352=EDGE_LOOP('',(#5849,#5850,#5851,#5852,#5853,#5854,#5855));
#2353=EDGE_LOOP('',(#5856,#5857,#5858,#5859,#5860,#5861,#5862));
#2354=EDGE_LOOP('',(#5863,#5864,#5865,#5866));
#2355=EDGE_LOOP('',(#5867,#5868,#5869,#5870,#5871,#5872));
#2356=EDGE_LOOP('',(#5873,#5874,#5875,#5876));
#2357=EDGE_LOOP('',(#5877,#5878,#5879,#5880));
#2358=EDGE_LOOP('',(#5881,#5882,#5883,#5884,#5885));
#2359=EDGE_LOOP('',(#5886,#5887,#5888,#5889));
#2360=EDGE_LOOP('',(#5890,#5891));
#2361=EDGE_LOOP('',(#5892,#5893,#5894));
#2362=EDGE_LOOP('',(#5895,#5896));
#2363=EDGE_LOOP('',(#5897,#5898));
#2364=EDGE_LOOP('',(#5899,#5900,#5901));
#2365=EDGE_LOOP('',(#5902,#5903));
#2366=EDGE_LOOP('',(#5904,#5905));
#2367=EDGE_LOOP('',(#5906,#5907));
#2368=EDGE_LOOP('',(#5908,#5909,#5910,#5911,#5912,#5913));
#2369=EDGE_LOOP('',(#5914,#5915));
#2370=EDGE_LOOP('',(#5916,#5917));
#2371=EDGE_LOOP('',(#5918,#5919,#5920,#5921));
#2372=EDGE_LOOP('',(#5922,#5923,#5924,#5925,#5926,#5927));
#2373=EDGE_LOOP('',(#5928,#5929));
#2374=EDGE_LOOP('',(#5930,#5931));
#2375=EDGE_LOOP('',(#5932,#5933,#5934,#5935));
#2376=EDGE_LOOP('',(#5936,#5937,#5938,#5939,#5940,#5941,#5942));
#2377=EDGE_LOOP('',(#5943,#5944));
#2378=EDGE_LOOP('',(#5945,#5946));
#2379=EDGE_LOOP('',(#5947,#5948,#5949,#5950));
#2380=EDGE_LOOP('',(#5951,#5952,#5953,#5954,#5955,#5956,#5957));
#2381=EDGE_LOOP('',(#5958,#5959));
#2382=EDGE_LOOP('',(#5960,#5961));
#2383=EDGE_LOOP('',(#5962,#5963,#5964,#5965));
#2384=EDGE_LOOP('',(#5966));
#2385=EDGE_LOOP('',(#5967));
#2386=EDGE_LOOP('',(#5968));
#2387=EDGE_LOOP('',(#5969));
#2388=EDGE_LOOP('',(#5970));
#2389=EDGE_LOOP('',(#5971,#5972));
#2390=EDGE_LOOP('',(#5973));
#2391=EDGE_LOOP('',(#5974));
#2392=EDGE_LOOP('',(#5975));
#2393=EDGE_LOOP('',(#5976));
#2394=EDGE_LOOP('',(#5977));
#2395=EDGE_LOOP('',(#5978,#5979));
#2396=EDGE_LOOP('',(#5980));
#2397=EDGE_LOOP('',(#5981));
#2398=EDGE_LOOP('',(#5982));
#2399=EDGE_LOOP('',(#5983));
#2400=EDGE_LOOP('',(#5984));
#2401=EDGE_LOOP('',(#5985,#5986));
#2402=EDGE_LOOP('',(#5987));
#2403=EDGE_LOOP('',(#5988));
#2404=EDGE_LOOP('',(#5989));
#2405=EDGE_LOOP('',(#5990));
#2406=EDGE_LOOP('',(#5991));
#2407=EDGE_LOOP('',(#5992,#5993));
#2408=EDGE_LOOP('',(#5994));
#2409=EDGE_LOOP('',(#5995));
#2410=EDGE_LOOP('',(#5996));
#2411=EDGE_LOOP('',(#5997));
#2412=EDGE_LOOP('',(#5998));
#2413=EDGE_LOOP('',(#5999,#6000));
#2414=EDGE_LOOP('',(#6001));
#2415=EDGE_LOOP('',(#6002));
#2416=EDGE_LOOP('',(#6003));
#2417=EDGE_LOOP('',(#6004));
#2418=EDGE_LOOP('',(#6005));
#2419=EDGE_LOOP('',(#6006,#6007));
#2420=EDGE_LOOP('',(#6008));
#2421=EDGE_LOOP('',(#6009));
#2422=EDGE_LOOP('',(#6010));
#2423=EDGE_LOOP('',(#6011));
#2424=EDGE_LOOP('',(#6012));
#2425=EDGE_LOOP('',(#6013,#6014));
#2426=EDGE_LOOP('',(#6015));
#2427=EDGE_LOOP('',(#6016));
#2428=EDGE_LOOP('',(#6017));
#2429=EDGE_LOOP('',(#6018));
#2430=EDGE_LOOP('',(#6019));
#2431=EDGE_LOOP('',(#6020,#6021));
#2432=EDGE_LOOP('',(#6022));
#2433=EDGE_LOOP('',(#6023));
#2434=EDGE_LOOP('',(#6024));
#2435=EDGE_LOOP('',(#6025));
#2436=EDGE_LOOP('',(#6026));
#2437=EDGE_LOOP('',(#6027,#6028));
#2438=EDGE_LOOP('',(#6029));
#2439=EDGE_LOOP('',(#6030));
#2440=EDGE_LOOP('',(#6031));
#2441=EDGE_LOOP('',(#6032));
#2442=EDGE_LOOP('',(#6033));
#2443=EDGE_LOOP('',(#6034,#6035));
#2444=EDGE_LOOP('',(#6036));
#2445=EDGE_LOOP('',(#6037));
#2446=EDGE_LOOP('',(#6038));
#2447=EDGE_LOOP('',(#6039));
#2448=EDGE_LOOP('',(#6040));
#2449=EDGE_LOOP('',(#6041));
#2450=EDGE_LOOP('',(#6042));
#2451=EDGE_LOOP('',(#6043));
#2452=EDGE_LOOP('',(#6044));
#2453=EDGE_LOOP('',(#6045));
#2454=EDGE_LOOP('',(#6046));
#2455=EDGE_LOOP('',(#6047));
#2456=EDGE_LOOP('',(#6048));
#2457=EDGE_LOOP('',(#6049));
#2458=EDGE_LOOP('',(#6050));
#2459=EDGE_LOOP('',(#6051));
#2460=EDGE_LOOP('',(#6052));
#2461=EDGE_LOOP('',(#6053));
#2462=EDGE_LOOP('',(#6054));
#2463=EDGE_LOOP('',(#6055));
#2464=EDGE_LOOP('',(#6056));
#2465=EDGE_LOOP('',(#6057));
#2466=EDGE_LOOP('',(#6058,#6059,#6060,#6061,#6062,#6063,#6064,#6065));
#2467=EDGE_LOOP('',(#6066,#6067,#6068,#6069,#6070,#6071,#6072,#6073));
#2468=EDGE_LOOP('',(#6074,#6075,#6076,#6077,#6078,#6079,#6080,#6081));
#2469=EDGE_LOOP('',(#6082,#6083,#6084,#6085,#6086,#6087,#6088,#6089));
#2470=EDGE_LOOP('',(#6090,#6091,#6092,#6093,#6094,#6095,#6096,#6097));
#2471=EDGE_LOOP('',(#6098,#6099,#6100,#6101));
#2472=EDGE_LOOP('',(#6102,#6103,#6104,#6105));
#2473=EDGE_LOOP('',(#6106,#6107,#6108,#6109));
#2474=EDGE_LOOP('',(#6110,#6111,#6112,#6113));
#2475=EDGE_LOOP('',(#6114));
#2476=EDGE_LOOP('',(#6115,#6116,#6117,#6118));
#2477=EDGE_LOOP('',(#6119));
#2478=EDGE_LOOP('',(#6120,#6121,#6122,#6123));
#2479=EDGE_LOOP('',(#6124));
#2480=EDGE_LOOP('',(#6125,#6126,#6127,#6128));
#2481=EDGE_LOOP('',(#6129));
#2482=EDGE_LOOP('',(#6130,#6131,#6132,#6133));
#2483=EDGE_LOOP('',(#6134,#6135,#6136,#6137));
#2484=EDGE_LOOP('',(#6138,#6139,#6140,#6141));
#2485=EDGE_LOOP('',(#6142,#6143,#6144,#6145));
#2486=EDGE_LOOP('',(#6146,#6147,#6148,#6149));
#2487=EDGE_LOOP('',(#6150));
#2488=EDGE_LOOP('',(#6151));
#2489=EDGE_LOOP('',(#6152));
#2490=EDGE_LOOP('',(#6153));
#2491=EDGE_LOOP('',(#6154));
#2492=EDGE_LOOP('',(#6155));
#2493=EDGE_LOOP('',(#6156));
#2494=EDGE_LOOP('',(#6157));
#2495=EDGE_LOOP('',(#6158));
#2496=EDGE_LOOP('',(#6159));
#2497=EDGE_LOOP('',(#6160));
#2498=EDGE_LOOP('',(#6161));
#2499=EDGE_LOOP('',(#6162));
#2500=EDGE_LOOP('',(#6163,#6164,#6165,#6166,#6167,#6168,#6169,#6170));
#2501=EDGE_LOOP('',(#6171));
#2502=EDGE_LOOP('',(#6172));
#2503=EDGE_LOOP('',(#6173));
#2504=LINE('',#11973,#3184);
#2505=LINE('',#11977,#3185);
#2506=LINE('',#11982,#3186);
#2507=LINE('',#11986,#3187);
#2508=LINE('',#11991,#3188);
#2509=LINE('',#11995,#3189);
#2510=LINE('',#11997,#3190);
#2511=LINE('',#11998,#3191);
#2512=LINE('',#12048,#3192);
#2513=LINE('',#12052,#3193);
#2514=LINE('',#12054,#3194);
#2515=LINE('',#12058,#3195);
#2516=LINE('',#12060,#3196);
#2517=LINE('',#12061,#3197);
#2518=LINE('',#12086,#3198);
#2519=LINE('',#12089,#3199);
#2520=LINE('',#12091,#3200);
#2521=LINE('',#12093,#3201);
#2522=LINE('',#12120,#3202);
#2523=LINE('',#12122,#3203);
#2524=LINE('',#12124,#3204);
#2525=LINE('',#12126,#3205);
#2526=LINE('',#12128,#3206);
#2527=LINE('',#12130,#3207);
#2528=LINE('',#12132,#3208);
#2529=LINE('',#12134,#3209);
#2530=LINE('',#12146,#3210);
#2531=LINE('',#12150,#3211);
#2532=LINE('',#12155,#3212);
#2533=LINE('',#12159,#3213);
#2534=LINE('',#12164,#3214);
#2535=LINE('',#12168,#3215);
#2536=LINE('',#12173,#3216);
#2537=LINE('',#12177,#3217);
#2538=LINE('',#12182,#3218);
#2539=LINE('',#12186,#3219);
#2540=LINE('',#12191,#3220);
#2541=LINE('',#12195,#3221);
#2542=LINE('',#12200,#3222);
#2543=LINE('',#12204,#3223);
#2544=LINE('',#12209,#3224);
#2545=LINE('',#12213,#3225);
#2546=LINE('',#12218,#3226);
#2547=LINE('',#12222,#3227);
#2548=LINE('',#12227,#3228);
#2549=LINE('',#12231,#3229);
#2550=LINE('',#12237,#3230);
#2551=LINE('',#12240,#3231);
#2552=LINE('',#12242,#3232);
#2553=LINE('',#12244,#3233);
#2554=LINE('',#12246,#3234);
#2555=LINE('',#12248,#3235);
#2556=LINE('',#12250,#3236);
#2557=LINE('',#12253,#3237);
#2558=LINE('',#12254,#3238);
#2559=LINE('',#12260,#3239);
#2560=LINE('',#12263,#3240);
#2561=LINE('',#12264,#3241);
#2562=LINE('',#12266,#3242);
#2563=LINE('',#12268,#3243);
#2564=LINE('',#12271,#3244);
#2565=LINE('',#12276,#3245);
#2566=LINE('',#12278,#3246);
#2567=LINE('',#12280,#3247);
#2568=LINE('',#12284,#3248);
#2569=LINE('',#12287,#3249);
#2570=LINE('',#12288,#3250);
#2571=LINE('',#12291,#3251);
#2572=LINE('',#12297,#3252);
#2573=LINE('',#12299,#3253);
#2574=LINE('',#12301,#3254);
#2575=LINE('',#12302,#3255);
#2576=LINE('',#12304,#3256);
#2577=LINE('',#12306,#3257);
#2578=LINE('',#12307,#3258);
#2579=LINE('',#12311,#3259);
#2580=LINE('',#12314,#3260);
#2581=LINE('',#12318,#3261);
#2582=LINE('',#12319,#3262);
#2583=LINE('',#12323,#3263);
#2584=LINE('',#12324,#3264);
#2585=LINE('',#12326,#3265);
#2586=LINE('',#12327,#3266);
#2587=LINE('',#12363,#3267);
#2588=LINE('',#12367,#3268);
#2589=LINE('',#12369,#3269);
#2590=LINE('',#12371,#3270);
#2591=LINE('',#12376,#3271);
#2592=LINE('',#12380,#3272);
#2593=LINE('',#12382,#3273);
#2594=LINE('',#12384,#3274);
#2595=LINE('',#12389,#3275);
#2596=LINE('',#12393,#3276);
#2597=LINE('',#12395,#3277);
#2598=LINE('',#12397,#3278);
#2599=LINE('',#12402,#3279);
#2600=LINE('',#12406,#3280);
#2601=LINE('',#12408,#3281);
#2602=LINE('',#12410,#3282);
#2603=LINE('',#12412,#3283);
#2604=LINE('',#12415,#3284);
#2605=LINE('',#12417,#3285);
#2606=LINE('',#12419,#3286);
#2607=LINE('',#12421,#3287);
#2608=LINE('',#12424,#3288);
#2609=LINE('',#12426,#3289);
#2610=LINE('',#12428,#3290);
#2611=LINE('',#12430,#3291);
#2612=LINE('',#12433,#3292);
#2613=LINE('',#12435,#3293);
#2614=LINE('',#12437,#3294);
#2615=LINE('',#12439,#3295);
#2616=LINE('',#12442,#3296);
#2617=LINE('',#12444,#3297);
#2618=LINE('',#12446,#3298);
#2619=LINE('',#12448,#3299);
#2620=LINE('',#12451,#3300);
#2621=LINE('',#12453,#3301);
#2622=LINE('',#12455,#3302);
#2623=LINE('',#12457,#3303);
#2624=LINE('',#12460,#3304);
#2625=LINE('',#12462,#3305);
#2626=LINE('',#12464,#3306);
#2627=LINE('',#12466,#3307);
#2628=LINE('',#12469,#3308);
#2629=LINE('',#12471,#3309);
#2630=LINE('',#12473,#3310);
#2631=LINE('',#12475,#3311);
#2632=LINE('',#12477,#3312);
#2633=LINE('',#12479,#3313);
#2634=LINE('',#12481,#3314);
#2635=LINE('',#12483,#3315);
#2636=LINE('',#12485,#3316);
#2637=LINE('',#12487,#3317);
#2638=LINE('',#12490,#3318);
#2639=LINE('',#12492,#3319);
#2640=LINE('',#12494,#3320);
#2641=LINE('',#12496,#3321);
#2642=LINE('',#12498,#3322);
#2643=LINE('',#12500,#3323);
#2644=LINE('',#12502,#3324);
#2645=LINE('',#12504,#3325);
#2646=LINE('',#12506,#3326);
#2647=LINE('',#12510,#3327);
#2648=LINE('',#12512,#3328);
#2649=LINE('',#12514,#3329);
#2650=LINE('',#12516,#3330);
#2651=LINE('',#12518,#3331);
#2652=LINE('',#12520,#3332);
#2653=LINE('',#12522,#3333);
#2654=LINE('',#12524,#3334);
#2655=LINE('',#12526,#3335);
#2656=LINE('',#12528,#3336);
#2657=LINE('',#12530,#3337);
#2658=LINE('',#12531,#3338);
#2659=LINE('',#12533,#3339);
#2660=LINE('',#12535,#3340);
#2661=LINE('',#12537,#3341);
#2662=LINE('',#12539,#3342);
#2663=LINE('',#12541,#3343);
#2664=LINE('',#12543,#3344);
#2665=LINE('',#12544,#3345);
#2666=LINE('',#12545,#3346);
#2667=LINE('',#12547,#3347);
#2668=LINE('',#12549,#3348);
#2669=LINE('',#12551,#3349);
#2670=LINE('',#12553,#3350);
#2671=LINE('',#12555,#3351);
#2672=LINE('',#12557,#3352);
#2673=LINE('',#12558,#3353);
#2674=LINE('',#12560,#3354);
#2675=LINE('',#12562,#3355);
#2676=LINE('',#12564,#3356);
#2677=LINE('',#12566,#3357);
#2678=LINE('',#12568,#3358);
#2679=LINE('',#12570,#3359);
#2680=LINE('',#12571,#3360);
#2681=LINE('',#12573,#3361);
#2682=LINE('',#12575,#3362);
#2683=LINE('',#12577,#3363);
#2684=LINE('',#12579,#3364);
#2685=LINE('',#12581,#3365);
#2686=LINE('',#12583,#3366);
#2687=LINE('',#12584,#3367);
#2688=LINE('',#12586,#3368);
#2689=LINE('',#12588,#3369);
#2690=LINE('',#12590,#3370);
#2691=LINE('',#12592,#3371);
#2692=LINE('',#12594,#3372);
#2693=LINE('',#12596,#3373);
#2694=LINE('',#12597,#3374);
#2695=LINE('',#12599,#3375);
#2696=LINE('',#12601,#3376);
#2697=LINE('',#12603,#3377);
#2698=LINE('',#12605,#3378);
#2699=LINE('',#12607,#3379);
#2700=LINE('',#12609,#3380);
#2701=LINE('',#12611,#3381);
#2702=LINE('',#12613,#3382);
#2703=LINE('',#12617,#3383);
#2704=LINE('',#12619,#3384);
#2705=LINE('',#12621,#3385);
#2706=LINE('',#12623,#3386);
#2707=LINE('',#12625,#3387);
#2708=LINE('',#12627,#3388);
#2709=LINE('',#12629,#3389);
#2710=LINE('',#12631,#3390);
#2711=LINE('',#12633,#3391);
#2712=LINE('',#12635,#3392);
#2713=LINE('',#12636,#3393);
#2714=LINE('',#12638,#3394);
#2715=LINE('',#12640,#3395);
#2716=LINE('',#12642,#3396);
#2717=LINE('',#12644,#3397);
#2718=LINE('',#12646,#3398);
#2719=LINE('',#12648,#3399);
#2720=LINE('',#12649,#3400);
#2721=LINE('',#12651,#3401);
#2722=LINE('',#12653,#3402);
#2723=LINE('',#12655,#3403);
#2724=LINE('',#12657,#3404);
#2725=LINE('',#12659,#3405);
#2726=LINE('',#12661,#3406);
#2727=LINE('',#12662,#3407);
#2728=LINE('',#12664,#3408);
#2729=LINE('',#12666,#3409);
#2730=LINE('',#12668,#3410);
#2731=LINE('',#12670,#3411);
#2732=LINE('',#12672,#3412);
#2733=LINE('',#12674,#3413);
#2734=LINE('',#12675,#3414);
#2735=LINE('',#12677,#3415);
#2736=LINE('',#12679,#3416);
#2737=LINE('',#12681,#3417);
#2738=LINE('',#12683,#3418);
#2739=LINE('',#12685,#3419);
#2740=LINE('',#12687,#3420);
#2741=LINE('',#12688,#3421);
#2742=LINE('',#12689,#3422);
#2743=LINE('',#12691,#3423);
#2744=LINE('',#12693,#3424);
#2745=LINE('',#12695,#3425);
#2746=LINE('',#12697,#3426);
#2747=LINE('',#12699,#3427);
#2748=LINE('',#12701,#3428);
#2749=LINE('',#12702,#3429);
#2750=LINE('',#12704,#3430);
#2751=LINE('',#12706,#3431);
#2752=LINE('',#12708,#3432);
#2753=LINE('',#12710,#3433);
#2754=LINE('',#12712,#3434);
#2755=LINE('',#12714,#3435);
#2756=LINE('',#12716,#3436);
#2757=LINE('',#12718,#3437);
#2758=LINE('',#12720,#3438);
#2759=LINE('',#12722,#3439);
#2760=LINE('',#12725,#3440);
#2761=LINE('',#12727,#3441);
#2762=LINE('',#12729,#3442);
#2763=LINE('',#12731,#3443);
#2764=LINE('',#12733,#3444);
#2765=LINE('',#12735,#3445);
#2766=LINE('',#12737,#3446);
#2767=LINE('',#12740,#3447);
#2768=LINE('',#12741,#3448);
#2769=LINE('',#12743,#3449);
#2770=LINE('',#12744,#3450);
#2771=LINE('',#12746,#3451);
#2772=LINE('',#12748,#3452);
#2773=LINE('',#12750,#3453);
#2774=LINE('',#12752,#3454);
#2775=LINE('',#12755,#3455);
#2776=LINE('',#12757,#3456);
#2777=LINE('',#12759,#3457);
#2778=LINE('',#12761,#3458);
#2779=LINE('',#12763,#3459);
#2780=LINE('',#12765,#3460);
#2781=LINE('',#12768,#3461);
#2782=LINE('',#12770,#3462);
#2783=LINE('',#12772,#3463);
#2784=LINE('',#12774,#3464);
#2785=LINE('',#12776,#3465);
#2786=LINE('',#12778,#3466);
#2787=LINE('',#12781,#3467);
#2788=LINE('',#12783,#3468);
#2789=LINE('',#12785,#3469);
#2790=LINE('',#12786,#3470);
#2791=LINE('',#12789,#3471);
#2792=LINE('',#12791,#3472);
#2793=LINE('',#12794,#3473);
#2794=LINE('',#12796,#3474);
#2795=LINE('',#12798,#3475);
#2796=LINE('',#12800,#3476);
#2797=LINE('',#12802,#3477);
#2798=LINE('',#12804,#3478);
#2799=LINE('',#12807,#3479);
#2800=LINE('',#12809,#3480);
#2801=LINE('',#12811,#3481);
#2802=LINE('',#12813,#3482);
#2803=LINE('',#12815,#3483);
#2804=LINE('',#12817,#3484);
#2805=LINE('',#12820,#3485);
#2806=LINE('',#12823,#3486);
#2807=LINE('',#12841,#3487);
#2808=LINE('',#12845,#3488);
#2809=LINE('',#12847,#3489);
#2810=LINE('',#12849,#3490);
#2811=LINE('',#12854,#3491);
#2812=LINE('',#12858,#3492);
#2813=LINE('',#12860,#3493);
#2814=LINE('',#12862,#3494);
#2815=LINE('',#12867,#3495);
#2816=LINE('',#12871,#3496);
#2817=LINE('',#12873,#3497);
#2818=LINE('',#12875,#3498);
#2819=LINE('',#12880,#3499);
#2820=LINE('',#12884,#3500);
#2821=LINE('',#12886,#3501);
#2822=LINE('',#12888,#3502);
#2823=LINE('',#12893,#3503);
#2824=LINE('',#12897,#3504);
#2825=LINE('',#12899,#3505);
#2826=LINE('',#12901,#3506);
#2827=LINE('',#12906,#3507);
#2828=LINE('',#12910,#3508);
#2829=LINE('',#12912,#3509);
#2830=LINE('',#12914,#3510);
#2831=LINE('',#12919,#3511);
#2832=LINE('',#12923,#3512);
#2833=LINE('',#12925,#3513);
#2834=LINE('',#12927,#3514);
#2835=LINE('',#12932,#3515);
#2836=LINE('',#12936,#3516);
#2837=LINE('',#12938,#3517);
#2838=LINE('',#12940,#3518);
#2839=LINE('',#12945,#3519);
#2840=LINE('',#12962,#3520);
#2841=LINE('',#12980,#3521);
#2842=LINE('',#12984,#3522);
#2843=LINE('',#12989,#3523);
#2844=LINE('',#12993,#3524);
#2845=LINE('',#12998,#3525);
#2846=LINE('',#13002,#3526);
#2847=LINE('',#13007,#3527);
#2848=LINE('',#13024,#3528);
#2849=LINE('',#13042,#3529);
#2850=LINE('',#13046,#3530);
#2851=LINE('',#13051,#3531);
#2852=LINE('',#13068,#3532);
#2853=LINE('',#13086,#3533);
#2854=LINE('',#13090,#3534);
#2855=LINE('',#13095,#3535);
#2856=LINE('',#13099,#3536);
#2857=LINE('',#13104,#3537);
#2858=LINE('',#13108,#3538);
#2859=LINE('',#13113,#3539);
#2860=LINE('',#13130,#3540);
#2861=LINE('',#13148,#3541);
#2862=LINE('',#13152,#3542);
#2863=LINE('',#13157,#3543);
#2864=LINE('',#13178,#3544);
#2865=LINE('',#13183,#3545);
#2866=LINE('',#13187,#3546);
#2867=LINE('',#13189,#3547);
#2868=LINE('',#13191,#3548);
#2869=LINE('',#13196,#3549);
#2870=LINE('',#13200,#3550);
#2871=LINE('',#13202,#3551);
#2872=LINE('',#13204,#3552);
#2873=LINE('',#13209,#3553);
#2874=LINE('',#13213,#3554);
#2875=LINE('',#13217,#3555);
#2876=LINE('',#13224,#3556);
#2877=LINE('',#13228,#3557);
#2878=LINE('',#13234,#3558);
#2879=LINE('',#13267,#3559);
#2880=LINE('',#13271,#3560);
#2881=LINE('',#13276,#3561);
#2882=LINE('',#13300,#3562);
#2883=LINE('',#13305,#3563);
#2884=LINE('',#13309,#3564);
#2885=LINE('',#13312,#3565);
#2886=LINE('',#13315,#3566);
#2887=LINE('',#13317,#3567);
#2888=LINE('',#13319,#3568);
#2889=LINE('',#13325,#3569);
#2890=LINE('',#13329,#3570);
#2891=LINE('',#13332,#3571);
#2892=LINE('',#13334,#3572);
#2893=LINE('',#13336,#3573);
#2894=LINE('',#13340,#3574);
#2895=LINE('',#13342,#3575);
#2896=LINE('',#13345,#3576);
#2897=LINE('',#13347,#3577);
#2898=LINE('',#13351,#3578);
#2899=LINE('',#13383,#3579);
#2900=LINE('',#13415,#3580);
#2901=LINE('',#13517,#3581);
#2902=LINE('',#13521,#3582);
#2903=LINE('',#13525,#3583);
#2904=LINE('',#13529,#3584);
#2905=LINE('',#13541,#3585);
#2906=LINE('',#13546,#3586);
#2907=LINE('',#13550,#3587);
#2908=LINE('',#13554,#3588);
#2909=LINE('',#13557,#3589);
#2910=LINE('',#13562,#3590);
#2911=LINE('',#13566,#3591);
#2912=LINE('',#13570,#3592);
#2913=LINE('',#13576,#3593);
#2914=LINE('',#13577,#3594);
#2915=LINE('',#13579,#3595);
#2916=LINE('',#13581,#3596);
#2917=LINE('',#13583,#3597);
#2918=LINE('',#13585,#3598);
#2919=LINE('',#13587,#3599);
#2920=LINE('',#13589,#3600);
#2921=LINE('',#13601,#3601);
#2922=LINE('',#13605,#3602);
#2923=LINE('',#13627,#3603);
#2924=LINE('',#13629,#3604);
#2925=LINE('',#13631,#3605);
#2926=LINE('',#13633,#3606);
#2927=LINE('',#13635,#3607);
#2928=LINE('',#13637,#3608);
#2929=LINE('',#13639,#3609);
#2930=LINE('',#13641,#3610);
#2931=LINE('',#13643,#3611);
#2932=LINE('',#13645,#3612);
#2933=LINE('',#13647,#3613);
#2934=LINE('',#13649,#3614);
#2935=LINE('',#13698,#3615);
#2936=LINE('',#13702,#3616);
#2937=LINE('',#13707,#3617);
#2938=LINE('',#13711,#3618);
#2939=LINE('',#13716,#3619);
#2940=LINE('',#13720,#3620);
#2941=LINE('',#13722,#3621);
#2942=LINE('',#13724,#3622);
#2943=LINE('',#13726,#3623);
#2944=LINE('',#13728,#3624);
#2945=LINE('',#13733,#3625);
#2946=LINE('',#13737,#3626);
#2947=LINE('',#13742,#3627);
#2948=LINE('',#13746,#3628);
#2949=LINE('',#13751,#3629);
#2950=LINE('',#13755,#3630);
#2951=LINE('',#13760,#3631);
#2952=LINE('',#13764,#3632);
#2953=LINE('',#13769,#3633);
#2954=LINE('',#13773,#3634);
#2955=LINE('',#13775,#3635);
#2956=LINE('',#13777,#3636);
#2957=LINE('',#13779,#3637);
#2958=LINE('',#13781,#3638);
#2959=LINE('',#13783,#3639);
#2960=LINE('',#13785,#3640);
#2961=LINE('',#13787,#3641);
#2962=LINE('',#13789,#3642);
#2963=LINE('',#13791,#3643);
#2964=LINE('',#13794,#3644);
#2965=LINE('',#13796,#3645);
#2966=LINE('',#13798,#3646);
#2967=LINE('',#13801,#3647);
#2968=LINE('',#13804,#3648);
#2969=LINE('',#13806,#3649);
#2970=LINE('',#13808,#3650);
#2971=LINE('',#13810,#3651);
#2972=LINE('',#13812,#3652);
#2973=LINE('',#13814,#3653);
#2974=LINE('',#13816,#3654);
#2975=LINE('',#13818,#3655);
#2976=LINE('',#13820,#3656);
#2977=LINE('',#13823,#3657);
#2978=LINE('',#13824,#3658);
#2979=LINE('',#13828,#3659);
#2980=LINE('',#13830,#3660);
#2981=LINE('',#13832,#3661);
#2982=LINE('',#13835,#3662);
#2983=LINE('',#13839,#3663);
#2984=LINE('',#13842,#3664);
#2985=LINE('',#13844,#3665);
#2986=LINE('',#13846,#3666);
#2987=LINE('',#13848,#3667);
#2988=LINE('',#13850,#3668);
#2989=LINE('',#13852,#3669);
#2990=LINE('',#13854,#3670);
#2991=LINE('',#13856,#3671);
#2992=LINE('',#13858,#3672);
#2993=LINE('',#13860,#3673);
#2994=LINE('',#13862,#3674);
#2995=LINE('',#13866,#3675);
#2996=LINE('',#13869,#3676);
#2997=LINE('',#13871,#3677);
#2998=LINE('',#13872,#3678);
#2999=LINE('',#13873,#3679);
#3000=LINE('',#13875,#3680);
#3001=LINE('',#13877,#3681);
#3002=LINE('',#13879,#3682);
#3003=LINE('',#13881,#3683);
#3004=LINE('',#13883,#3684);
#3005=LINE('',#13885,#3685);
#3006=LINE('',#13887,#3686);
#3007=LINE('',#13889,#3687);
#3008=LINE('',#13891,#3688);
#3009=LINE('',#13893,#3689);
#3010=LINE('',#13895,#3690);
#3011=LINE('',#13898,#3691);
#3012=LINE('',#13900,#3692);
#3013=LINE('',#13901,#3693);
#3014=LINE('',#13902,#3694);
#3015=LINE('',#13904,#3695);
#3016=LINE('',#13907,#3696);
#3017=LINE('',#13911,#3697);
#3018=LINE('',#13913,#3698);
#3019=LINE('',#13915,#3699);
#3020=LINE('',#13917,#3700);
#3021=LINE('',#13919,#3701);
#3022=LINE('',#13921,#3702);
#3023=LINE('',#13923,#3703);
#3024=LINE('',#13925,#3704);
#3025=LINE('',#13927,#3705);
#3026=LINE('',#13930,#3706);
#3027=LINE('',#13932,#3707);
#3028=LINE('',#13934,#3708);
#3029=LINE('',#13936,#3709);
#3030=LINE('',#13939,#3710);
#3031=LINE('',#13941,#3711);
#3032=LINE('',#13943,#3712);
#3033=LINE('',#13947,#3713);
#3034=LINE('',#13949,#3714);
#3035=LINE('',#13950,#3715);
#3036=LINE('',#13951,#3716);
#3037=LINE('',#13952,#3717);
#3038=LINE('',#13954,#3718);
#3039=LINE('',#13956,#3719);
#3040=LINE('',#13958,#3720);
#3041=LINE('',#13960,#3721);
#3042=LINE('',#13962,#3722);
#3043=LINE('',#13964,#3723);
#3044=LINE('',#13966,#3724);
#3045=LINE('',#13970,#3725);
#3046=LINE('',#13972,#3726);
#3047=LINE('',#13975,#3727);
#3048=LINE('',#13978,#3728);
#3049=LINE('',#13981,#3729);
#3050=LINE('',#13982,#3730);
#3051=LINE('',#13983,#3731);
#3052=LINE('',#13984,#3732);
#3053=LINE('',#13987,#3733);
#3054=LINE('',#13989,#3734);
#3055=LINE('',#13991,#3735);
#3056=LINE('',#13993,#3736);
#3057=LINE('',#13995,#3737);
#3058=LINE('',#13997,#3738);
#3059=LINE('',#13999,#3739);
#3060=LINE('',#14003,#3740);
#3061=LINE('',#14005,#3741);
#3062=LINE('',#14009,#3742);
#3063=LINE('',#14010,#3743);
#3064=LINE('',#14012,#3744);
#3065=LINE('',#14013,#3745);
#3066=LINE('',#14017,#3746);
#3067=LINE('',#14018,#3747);
#3068=LINE('',#14020,#3748);
#3069=LINE('',#14096,#3749);
#3070=LINE('',#14100,#3750);
#3071=LINE('',#14105,#3751);
#3072=LINE('',#14109,#3752);
#3073=LINE('',#14114,#3753);
#3074=LINE('',#14118,#3754);
#3075=LINE('',#14123,#3755);
#3076=LINE('',#14127,#3756);
#3077=LINE('',#14132,#3757);
#3078=LINE('',#14136,#3758);
#3079=LINE('',#14141,#3759);
#3080=LINE('',#14145,#3760);
#3081=LINE('',#14150,#3761);
#3082=LINE('',#14154,#3762);
#3083=LINE('',#14159,#3763);
#3084=LINE('',#14163,#3764);
#3085=LINE('',#14168,#3765);
#3086=LINE('',#14205,#3766);
#3087=LINE('',#14209,#3767);
#3088=LINE('',#14234,#3768);
#3089=LINE('',#14237,#3769);
#3090=LINE('',#14239,#3770);
#3091=LINE('',#14241,#3771);
#3092=LINE('',#14244,#3772);
#3093=LINE('',#14287,#3773);
#3094=LINE('',#14321,#3774);
#3095=LINE('',#14326,#3775);
#3096=LINE('',#14372,#3776);
#3097=LINE('',#14418,#3777);
#3098=LINE('',#14464,#3778);
#3099=LINE('',#14510,#3779);
#3100=LINE('',#14556,#3780);
#3101=LINE('',#14602,#3781);
#3102=LINE('',#14648,#3782);
#3103=LINE('',#14694,#3783);
#3104=LINE('',#14740,#3784);
#3105=LINE('',#14786,#3785);
#3106=LINE('',#14787,#3786);
#3107=LINE('',#14821,#3787);
#3108=LINE('',#14868,#3788);
#3109=LINE('',#14914,#3789);
#3110=LINE('',#14918,#3790);
#3111=LINE('',#14952,#3791);
#3112=LINE('',#14954,#3792);
#3113=LINE('',#14956,#3793);
#3114=LINE('',#14958,#3794);
#3115=LINE('',#14961,#3795);
#3116=LINE('',#14963,#3796);
#3117=LINE('',#14964,#3797);
#3118=LINE('',#14966,#3798);
#3119=LINE('',#14968,#3799);
#3120=LINE('',#14971,#3800);
#3121=LINE('',#14973,#3801);
#3122=LINE('',#14974,#3802);
#3123=LINE('',#14978,#3803);
#3124=LINE('',#14980,#3804);
#3125=LINE('',#14982,#3805);
#3126=LINE('',#14987,#3806);
#3127=LINE('',#14988,#3807);
#3128=LINE('',#14991,#3808);
#3129=LINE('',#14993,#3809);
#3130=LINE('',#14995,#3810);
#3131=LINE('',#14996,#3811);
#3132=LINE('',#14998,#3812);
#3133=LINE('',#15000,#3813);
#3134=LINE('',#15072,#3814);
#3135=LINE('',#15074,#3815);
#3136=LINE('',#15077,#3816);
#3137=LINE('',#15083,#3817);
#3138=LINE('',#15105,#3818);
#3139=LINE('',#15109,#3819);
#3140=LINE('',#15111,#3820);
#3141=LINE('',#15112,#3821);
#3142=LINE('',#15233,#3822);
#3143=LINE('',#15237,#3823);
#3144=LINE('',#15365,#3824);
#3145=LINE('',#15368,#3825);
#3146=LINE('',#15370,#3826);
#3147=LINE('',#15372,#3827);
#3148=LINE('',#15374,#3828);
#3149=LINE('',#15376,#3829);
#3150=LINE('',#15378,#3830);
#3151=LINE('',#15380,#3831);
#3152=LINE('',#15382,#3832);
#3153=LINE('',#15385,#3833);
#3154=LINE('',#15387,#3834);
#3155=LINE('',#15389,#3835);
#3156=LINE('',#15391,#3836);
#3157=LINE('',#15393,#3837);
#3158=LINE('',#15395,#3838);
#3159=LINE('',#15397,#3839);
#3160=LINE('',#15399,#3840);
#3161=LINE('',#15402,#3841);
#3162=LINE('',#15404,#3842);
#3163=LINE('',#15406,#3843);
#3164=LINE('',#15408,#3844);
#3165=LINE('',#15410,#3845);
#3166=LINE('',#15412,#3846);
#3167=LINE('',#15414,#3847);
#3168=LINE('',#15416,#3848);
#3169=LINE('',#15419,#3849);
#3170=LINE('',#15421,#3850);
#3171=LINE('',#15423,#3851);
#3172=LINE('',#15425,#3852);
#3173=LINE('',#15427,#3853);
#3174=LINE('',#15429,#3854);
#3175=LINE('',#15431,#3855);
#3176=LINE('',#15433,#3856);
#3177=LINE('',#15434,#3857);
#3178=LINE('',#15435,#3858);
#3179=LINE('',#15436,#3859);
#3180=LINE('',#15438,#3860);
#3181=LINE('',#15440,#3861);
#3182=LINE('',#15442,#3862);
#3183=LINE('',#15444,#3863);
#3184=VECTOR('',#9467,1.);
#3185=VECTOR('',#9470,1.);
#3186=VECTOR('',#9475,1.);
#3187=VECTOR('',#9478,1.);
#3188=VECTOR('',#9483,1.);
#3189=VECTOR('',#9486,1.);
#3190=VECTOR('',#9489,1.);
#3191=VECTOR('',#9490,1.);
#3192=VECTOR('',#9557,1.);
#3193=VECTOR('',#9560,1.);
#3194=VECTOR('',#9563,1.);
#3195=VECTOR('',#9566,1.);
#3196=VECTOR('',#9569,1.);
#3197=VECTOR('',#9570,1.);
#3198=VECTOR('',#9617,1.);
#3199=VECTOR('',#9618,1.);
#3200=VECTOR('',#9619,1.);
#3201=VECTOR('',#9620,1.);
#3202=VECTOR('',#9653,1.);
#3203=VECTOR('',#9654,1.);
#3204=VECTOR('',#9655,1.);
#3205=VECTOR('',#9658,1.);
#3206=VECTOR('',#9659,1.);
#3207=VECTOR('',#9662,1.);
#3208=VECTOR('',#9663,1.);
#3209=VECTOR('',#9666,1.);
#3210=VECTOR('',#9683,1.);
#3211=VECTOR('',#9686,1.);
#3212=VECTOR('',#9691,1.);
#3213=VECTOR('',#9694,1.);
#3214=VECTOR('',#9699,1.);
#3215=VECTOR('',#9702,1.);
#3216=VECTOR('',#9707,1.);
#3217=VECTOR('',#9710,1.);
#3218=VECTOR('',#9715,1.);
#3219=VECTOR('',#9718,1.);
#3220=VECTOR('',#9723,1.);
#3221=VECTOR('',#9726,1.);
#3222=VECTOR('',#9731,1.);
#3223=VECTOR('',#9734,1.);
#3224=VECTOR('',#9739,1.);
#3225=VECTOR('',#9742,1.);
#3226=VECTOR('',#9747,1.);
#3227=VECTOR('',#9750,1.);
#3228=VECTOR('',#9755,1.);
#3229=VECTOR('',#9758,1.);
#3230=VECTOR('',#9769,1.);
#3231=VECTOR('',#9770,1.);
#3232=VECTOR('',#9771,1.);
#3233=VECTOR('',#9772,1.);
#3234=VECTOR('',#9773,1.);
#3235=VECTOR('',#9774,1.);
#3236=VECTOR('',#9777,1.);
#3237=VECTOR('',#9778,1.);
#3238=VECTOR('',#9779,1.);
#3239=VECTOR('',#9790,1.);
#3240=VECTOR('',#9791,1.);
#3241=VECTOR('',#9792,1.);
#3242=VECTOR('',#9793,1.);
#3243=VECTOR('',#9794,1.);
#3244=VECTOR('',#9799,1.);
#3245=VECTOR('',#9802,1.);
#3246=VECTOR('',#9803,1.);
#3247=VECTOR('',#9804,1.);
#3248=VECTOR('',#9809,1.);
#3249=VECTOR('',#9810,1.);
#3250=VECTOR('',#9811,1.);
#3251=VECTOR('',#9816,1.);
#3252=VECTOR('',#9821,1.);
#3253=VECTOR('',#9822,1.);
#3254=VECTOR('',#9823,1.);
#3255=VECTOR('',#9824,1.);
#3256=VECTOR('',#9825,1.);
#3257=VECTOR('',#9828,1.);
#3258=VECTOR('',#9829,1.);
#3259=VECTOR('',#9834,1.);
#3260=VECTOR('',#9837,1.);
#3261=VECTOR('',#9842,1.);
#3262=VECTOR('',#9843,1.);
#3263=VECTOR('',#9848,1.);
#3264=VECTOR('',#9849,1.);
#3265=VECTOR('',#9852,1.);
#3266=VECTOR('',#9853,1.);
#3267=VECTOR('',#9920,1.);
#3268=VECTOR('',#9923,1.);
#3269=VECTOR('',#9926,1.);
#3270=VECTOR('',#9927,1.);
#3271=VECTOR('',#9932,1.);
#3272=VECTOR('',#9935,1.);
#3273=VECTOR('',#9938,1.);
#3274=VECTOR('',#9939,1.);
#3275=VECTOR('',#9944,1.);
#3276=VECTOR('',#9947,1.);
#3277=VECTOR('',#9950,1.);
#3278=VECTOR('',#9951,1.);
#3279=VECTOR('',#9956,1.);
#3280=VECTOR('',#9959,1.);
#3281=VECTOR('',#9962,1.);
#3282=VECTOR('',#9963,1.);
#3283=VECTOR('',#9966,1.);
#3284=VECTOR('',#9967,1.);
#3285=VECTOR('',#9968,1.);
#3286=VECTOR('',#9969,1.);
#3287=VECTOR('',#9972,1.);
#3288=VECTOR('',#9973,1.);
#3289=VECTOR('',#9974,1.);
#3290=VECTOR('',#9975,1.);
#3291=VECTOR('',#9978,1.);
#3292=VECTOR('',#9979,1.);
#3293=VECTOR('',#9980,1.);
#3294=VECTOR('',#9981,1.);
#3295=VECTOR('',#9984,1.);
#3296=VECTOR('',#9985,1.);
#3297=VECTOR('',#9986,1.);
#3298=VECTOR('',#9987,1.);
#3299=VECTOR('',#9990,1.);
#3300=VECTOR('',#9991,1.);
#3301=VECTOR('',#9992,1.);
#3302=VECTOR('',#9993,1.);
#3303=VECTOR('',#9996,1.);
#3304=VECTOR('',#9997,1.);
#3305=VECTOR('',#9998,1.);
#3306=VECTOR('',#9999,1.);
#3307=VECTOR('',#10002,1.);
#3308=VECTOR('',#10003,1.);
#3309=VECTOR('',#10004,1.);
#3310=VECTOR('',#10005,1.);
#3311=VECTOR('',#10008,1.);
#3312=VECTOR('',#10009,1.);
#3313=VECTOR('',#10010,1.);
#3314=VECTOR('',#10013,1.);
#3315=VECTOR('',#10014,1.);
#3316=VECTOR('',#10015,1.);
#3317=VECTOR('',#10018,1.);
#3318=VECTOR('',#10019,1.);
#3319=VECTOR('',#10020,1.);
#3320=VECTOR('',#10021,1.);
#3321=VECTOR('',#10024,1.);
#3322=VECTOR('',#10025,1.);
#3323=VECTOR('',#10026,1.);
#3324=VECTOR('',#10029,1.);
#3325=VECTOR('',#10030,1.);
#3326=VECTOR('',#10031,1.);
#3327=VECTOR('',#10038,1.);
#3328=VECTOR('',#10039,1.);
#3329=VECTOR('',#10040,1.);
#3330=VECTOR('',#10041,1.);
#3331=VECTOR('',#10042,1.);
#3332=VECTOR('',#10043,1.);
#3333=VECTOR('',#10044,1.);
#3334=VECTOR('',#10045,1.);
#3335=VECTOR('',#10046,1.);
#3336=VECTOR('',#10047,1.);
#3337=VECTOR('',#10048,1.);
#3338=VECTOR('',#10049,1.);
#3339=VECTOR('',#10050,1.);
#3340=VECTOR('',#10051,1.);
#3341=VECTOR('',#10052,1.);
#3342=VECTOR('',#10053,1.);
#3343=VECTOR('',#10054,1.);
#3344=VECTOR('',#10055,1.);
#3345=VECTOR('',#10056,1.);
#3346=VECTOR('',#10057,1.);
#3347=VECTOR('',#10058,1.);
#3348=VECTOR('',#10059,1.);
#3349=VECTOR('',#10060,1.);
#3350=VECTOR('',#10061,1.);
#3351=VECTOR('',#10062,1.);
#3352=VECTOR('',#10063,1.);
#3353=VECTOR('',#10064,1.);
#3354=VECTOR('',#10065,1.);
#3355=VECTOR('',#10066,1.);
#3356=VECTOR('',#10067,1.);
#3357=VECTOR('',#10068,1.);
#3358=VECTOR('',#10069,1.);
#3359=VECTOR('',#10070,1.);
#3360=VECTOR('',#10071,1.);
#3361=VECTOR('',#10072,1.);
#3362=VECTOR('',#10073,1.);
#3363=VECTOR('',#10074,1.);
#3364=VECTOR('',#10075,1.);
#3365=VECTOR('',#10076,1.);
#3366=VECTOR('',#10077,1.);
#3367=VECTOR('',#10078,1.);
#3368=VECTOR('',#10079,1.);
#3369=VECTOR('',#10080,1.);
#3370=VECTOR('',#10081,1.);
#3371=VECTOR('',#10082,1.);
#3372=VECTOR('',#10083,1.);
#3373=VECTOR('',#10084,1.);
#3374=VECTOR('',#10085,1.);
#3375=VECTOR('',#10086,1.);
#3376=VECTOR('',#10087,1.);
#3377=VECTOR('',#10088,1.);
#3378=VECTOR('',#10089,1.);
#3379=VECTOR('',#10090,1.);
#3380=VECTOR('',#10091,1.);
#3381=VECTOR('',#10092,1.);
#3382=VECTOR('',#10093,1.);
#3383=VECTOR('',#10100,1.);
#3384=VECTOR('',#10101,1.);
#3385=VECTOR('',#10102,1.);
#3386=VECTOR('',#10103,1.);
#3387=VECTOR('',#10104,1.);
#3388=VECTOR('',#10105,1.);
#3389=VECTOR('',#10106,1.);
#3390=VECTOR('',#10107,1.);
#3391=VECTOR('',#10108,1.);
#3392=VECTOR('',#10109,1.);
#3393=VECTOR('',#10110,1.);
#3394=VECTOR('',#10111,1.);
#3395=VECTOR('',#10112,1.);
#3396=VECTOR('',#10113,1.);
#3397=VECTOR('',#10114,1.);
#3398=VECTOR('',#10115,1.);
#3399=VECTOR('',#10116,1.);
#3400=VECTOR('',#10117,1.);
#3401=VECTOR('',#10118,1.);
#3402=VECTOR('',#10119,1.);
#3403=VECTOR('',#10120,1.);
#3404=VECTOR('',#10121,1.);
#3405=VECTOR('',#10122,1.);
#3406=VECTOR('',#10123,1.);
#3407=VECTOR('',#10124,1.);
#3408=VECTOR('',#10125,1.);
#3409=VECTOR('',#10126,1.);
#3410=VECTOR('',#10127,1.);
#3411=VECTOR('',#10128,1.);
#3412=VECTOR('',#10129,1.);
#3413=VECTOR('',#10130,1.);
#3414=VECTOR('',#10131,1.);
#3415=VECTOR('',#10132,1.);
#3416=VECTOR('',#10133,1.);
#3417=VECTOR('',#10134,1.);
#3418=VECTOR('',#10135,1.);
#3419=VECTOR('',#10136,1.);
#3420=VECTOR('',#10137,1.);
#3421=VECTOR('',#10138,1.);
#3422=VECTOR('',#10139,1.);
#3423=VECTOR('',#10140,1.);
#3424=VECTOR('',#10141,1.);
#3425=VECTOR('',#10142,1.);
#3426=VECTOR('',#10143,1.);
#3427=VECTOR('',#10144,1.);
#3428=VECTOR('',#10145,1.);
#3429=VECTOR('',#10146,1.);
#3430=VECTOR('',#10147,1.);
#3431=VECTOR('',#10148,1.);
#3432=VECTOR('',#10149,1.);
#3433=VECTOR('',#10150,1.);
#3434=VECTOR('',#10151,1.);
#3435=VECTOR('',#10152,1.);
#3436=VECTOR('',#10153,1.);
#3437=VECTOR('',#10154,1.);
#3438=VECTOR('',#10155,1.);
#3439=VECTOR('',#10158,1.);
#3440=VECTOR('',#10163,1.);
#3441=VECTOR('',#10166,1.);
#3442=VECTOR('',#10169,1.);
#3443=VECTOR('',#10172,1.);
#3444=VECTOR('',#10175,1.);
#3445=VECTOR('',#10178,1.);
#3446=VECTOR('',#10181,1.);
#3447=VECTOR('',#10186,1.);
#3448=VECTOR('',#10187,1.);
#3449=VECTOR('',#10190,1.);
#3450=VECTOR('',#10191,1.);
#3451=VECTOR('',#10194,1.);
#3452=VECTOR('',#10197,1.);
#3453=VECTOR('',#10200,1.);
#3454=VECTOR('',#10203,1.);
#3455=VECTOR('',#10208,1.);
#3456=VECTOR('',#10211,1.);
#3457=VECTOR('',#10214,1.);
#3458=VECTOR('',#10217,1.);
#3459=VECTOR('',#10220,1.);
#3460=VECTOR('',#10223,1.);
#3461=VECTOR('',#10228,1.);
#3462=VECTOR('',#10231,1.);
#3463=VECTOR('',#10234,1.);
#3464=VECTOR('',#10237,1.);
#3465=VECTOR('',#10240,1.);
#3466=VECTOR('',#10243,1.);
#3467=VECTOR('',#10248,1.);
#3468=VECTOR('',#10251,1.);
#3469=VECTOR('',#10254,1.);
#3470=VECTOR('',#10255,1.);
#3471=VECTOR('',#10260,1.);
#3472=VECTOR('',#10263,1.);
#3473=VECTOR('',#10268,1.);
#3474=VECTOR('',#10271,1.);
#3475=VECTOR('',#10274,1.);
#3476=VECTOR('',#10277,1.);
#3477=VECTOR('',#10280,1.);
#3478=VECTOR('',#10283,1.);
#3479=VECTOR('',#10288,1.);
#3480=VECTOR('',#10291,1.);
#3481=VECTOR('',#10294,1.);
#3482=VECTOR('',#10297,1.);
#3483=VECTOR('',#10300,1.);
#3484=VECTOR('',#10303,1.);
#3485=VECTOR('',#10308,1.);
#3486=VECTOR('',#10313,1.);
#3487=VECTOR('',#10344,1.);
#3488=VECTOR('',#10347,1.);
#3489=VECTOR('',#10350,1.);
#3490=VECTOR('',#10351,1.);
#3491=VECTOR('',#10356,1.);
#3492=VECTOR('',#10359,1.);
#3493=VECTOR('',#10362,1.);
#3494=VECTOR('',#10363,1.);
#3495=VECTOR('',#10368,1.);
#3496=VECTOR('',#10371,1.);
#3497=VECTOR('',#10374,1.);
#3498=VECTOR('',#10375,1.);
#3499=VECTOR('',#10380,1.);
#3500=VECTOR('',#10383,1.);
#3501=VECTOR('',#10386,1.);
#3502=VECTOR('',#10387,1.);
#3503=VECTOR('',#10392,1.);
#3504=VECTOR('',#10395,1.);
#3505=VECTOR('',#10398,1.);
#3506=VECTOR('',#10399,1.);
#3507=VECTOR('',#10404,1.);
#3508=VECTOR('',#10407,1.);
#3509=VECTOR('',#10410,1.);
#3510=VECTOR('',#10411,1.);
#3511=VECTOR('',#10416,1.);
#3512=VECTOR('',#10419,1.);
#3513=VECTOR('',#10422,1.);
#3514=VECTOR('',#10423,1.);
#3515=VECTOR('',#10428,1.);
#3516=VECTOR('',#10431,1.);
#3517=VECTOR('',#10434,1.);
#3518=VECTOR('',#10435,1.);
#3519=VECTOR('',#10440,1.);
#3520=VECTOR('',#10441,1.);
#3521=VECTOR('',#10444,1.);
#3522=VECTOR('',#10447,1.);
#3523=VECTOR('',#10452,1.);
#3524=VECTOR('',#10455,1.);
#3525=VECTOR('',#10460,1.);
#3526=VECTOR('',#10463,1.);
#3527=VECTOR('',#10468,1.);
#3528=VECTOR('',#10469,1.);
#3529=VECTOR('',#10472,1.);
#3530=VECTOR('',#10475,1.);
#3531=VECTOR('',#10480,1.);
#3532=VECTOR('',#10481,1.);
#3533=VECTOR('',#10484,1.);
#3534=VECTOR('',#10487,1.);
#3535=VECTOR('',#10492,1.);
#3536=VECTOR('',#10495,1.);
#3537=VECTOR('',#10500,1.);
#3538=VECTOR('',#10503,1.);
#3539=VECTOR('',#10508,1.);
#3540=VECTOR('',#10509,1.);
#3541=VECTOR('',#10512,1.);
#3542=VECTOR('',#10515,1.);
#3543=VECTOR('',#10520,1.);
#3544=VECTOR('',#10525,1.);
#3545=VECTOR('',#10530,1.);
#3546=VECTOR('',#10533,1.);
#3547=VECTOR('',#10536,1.);
#3548=VECTOR('',#10537,1.);
#3549=VECTOR('',#10542,1.);
#3550=VECTOR('',#10545,1.);
#3551=VECTOR('',#10548,1.);
#3552=VECTOR('',#10549,1.);
#3553=VECTOR('',#10554,1.);
#3554=VECTOR('',#10557,1.);
#3555=VECTOR('',#10562,1.);
#3556=VECTOR('',#10569,1.);
#3557=VECTOR('',#10572,1.);
#3558=VECTOR('',#10579,1.);
#3559=VECTOR('',#10584,1.);
#3560=VECTOR('',#10587,1.);
#3561=VECTOR('',#10592,1.);
#3562=VECTOR('',#10599,1.);
#3563=VECTOR('',#10604,1.);
#3564=VECTOR('',#10607,1.);
#3565=VECTOR('',#10612,1.);
#3566=VECTOR('',#10613,1.);
#3567=VECTOR('',#10614,1.);
#3568=VECTOR('',#10615,1.);
#3569=VECTOR('',#10626,1.);
#3570=VECTOR('',#10629,1.);
#3571=VECTOR('',#10634,1.);
#3572=VECTOR('',#10635,1.);
#3573=VECTOR('',#10636,1.);
#3574=VECTOR('',#10643,1.);
#3575=VECTOR('',#10644,1.);
#3576=VECTOR('',#10649,1.);
#3577=VECTOR('',#10650,1.);
#3578=VECTOR('',#10657,1.);
#3579=VECTOR('',#10686,1.);
#3580=VECTOR('',#10691,1.);
#3581=VECTOR('',#10840,1.);
#3582=VECTOR('',#10843,1.);
#3583=VECTOR('',#10846,1.);
#3584=VECTOR('',#10849,1.);
#3585=VECTOR('',#10862,1.);
#3586=VECTOR('',#10865,1.);
#3587=VECTOR('',#10868,1.);
#3588=VECTOR('',#10871,1.);
#3589=VECTOR('',#10874,1.);
#3590=VECTOR('',#10877,1.);
#3591=VECTOR('',#10880,1.);
#3592=VECTOR('',#10883,1.);
#3593=VECTOR('',#10890,1.);
#3594=VECTOR('',#10891,1.);
#3595=VECTOR('',#10894,1.);
#3596=VECTOR('',#10897,1.);
#3597=VECTOR('',#10900,1.);
#3598=VECTOR('',#10903,1.);
#3599=VECTOR('',#10906,1.);
#3600=VECTOR('',#10909,1.);
#3601=VECTOR('',#10924,1.);
#3602=VECTOR('',#10927,1.);
#3603=VECTOR('',#10956,1.);
#3604=VECTOR('',#10957,1.);
#3605=VECTOR('',#10958,1.);
#3606=VECTOR('',#10961,1.);
#3607=VECTOR('',#10962,1.);
#3608=VECTOR('',#10963,1.);
#3609=VECTOR('',#10966,1.);
#3610=VECTOR('',#10967,1.);
#3611=VECTOR('',#10968,1.);
#3612=VECTOR('',#10971,1.);
#3613=VECTOR('',#10972,1.);
#3614=VECTOR('',#10973,1.);
#3615=VECTOR('',#11050,1.);
#3616=VECTOR('',#11053,1.);
#3617=VECTOR('',#11058,1.);
#3618=VECTOR('',#11061,1.);
#3619=VECTOR('',#11066,1.);
#3620=VECTOR('',#11069,1.);
#3621=VECTOR('',#11072,1.);
#3622=VECTOR('',#11073,1.);
#3623=VECTOR('',#11076,1.);
#3624=VECTOR('',#11077,1.);
#3625=VECTOR('',#11082,1.);
#3626=VECTOR('',#11085,1.);
#3627=VECTOR('',#11090,1.);
#3628=VECTOR('',#11093,1.);
#3629=VECTOR('',#11098,1.);
#3630=VECTOR('',#11101,1.);
#3631=VECTOR('',#11106,1.);
#3632=VECTOR('',#11109,1.);
#3633=VECTOR('',#11114,1.);
#3634=VECTOR('',#11117,1.);
#3635=VECTOR('',#11120,1.);
#3636=VECTOR('',#11121,1.);
#3637=VECTOR('',#11124,1.);
#3638=VECTOR('',#11125,1.);
#3639=VECTOR('',#11128,1.);
#3640=VECTOR('',#11129,1.);
#3641=VECTOR('',#11132,1.);
#3642=VECTOR('',#11133,1.);
#3643=VECTOR('',#11136,1.);
#3644=VECTOR('',#11137,1.);
#3645=VECTOR('',#11138,1.);
#3646=VECTOR('',#11139,1.);
#3647=VECTOR('',#11144,1.);
#3648=VECTOR('',#11145,1.);
#3649=VECTOR('',#11146,1.);
#3650=VECTOR('',#11147,1.);
#3651=VECTOR('',#11148,1.);
#3652=VECTOR('',#11149,1.);
#3653=VECTOR('',#11150,1.);
#3654=VECTOR('',#11151,1.);
#3655=VECTOR('',#11152,1.);
#3656=VECTOR('',#11153,1.);
#3657=VECTOR('',#11156,1.);
#3658=VECTOR('',#11157,1.);
#3659=VECTOR('',#11160,1.);
#3660=VECTOR('',#11163,1.);
#3661=VECTOR('',#11164,1.);
#3662=VECTOR('',#11169,1.);
#3663=VECTOR('',#11172,1.);
#3664=VECTOR('',#11175,1.);
#3665=VECTOR('',#11176,1.);
#3666=VECTOR('',#11177,1.);
#3667=VECTOR('',#11178,1.);
#3668=VECTOR('',#11179,1.);
#3669=VECTOR('',#11180,1.);
#3670=VECTOR('',#11181,1.);
#3671=VECTOR('',#11182,1.);
#3672=VECTOR('',#11183,1.);
#3673=VECTOR('',#11184,1.);
#3674=VECTOR('',#11187,1.);
#3675=VECTOR('',#11194,1.);
#3676=VECTOR('',#11195,1.);
#3677=VECTOR('',#11196,1.);
#3678=VECTOR('',#11197,1.);
#3679=VECTOR('',#11198,1.);
#3680=VECTOR('',#11199,1.);
#3681=VECTOR('',#11202,1.);
#3682=VECTOR('',#11203,1.);
#3683=VECTOR('',#11204,1.);
#3684=VECTOR('',#11207,1.);
#3685=VECTOR('',#11208,1.);
#3686=VECTOR('',#11209,1.);
#3687=VECTOR('',#11212,1.);
#3688=VECTOR('',#11213,1.);
#3689=VECTOR('',#11214,1.);
#3690=VECTOR('',#11217,1.);
#3691=VECTOR('',#11218,1.);
#3692=VECTOR('',#11219,1.);
#3693=VECTOR('',#11220,1.);
#3694=VECTOR('',#11221,1.);
#3695=VECTOR('',#11222,1.);
#3696=VECTOR('',#11227,1.);
#3697=VECTOR('',#11234,1.);
#3698=VECTOR('',#11235,1.);
#3699=VECTOR('',#11236,1.);
#3700=VECTOR('',#11239,1.);
#3701=VECTOR('',#11240,1.);
#3702=VECTOR('',#11241,1.);
#3703=VECTOR('',#11244,1.);
#3704=VECTOR('',#11245,1.);
#3705=VECTOR('',#11246,1.);
#3706=VECTOR('',#11251,1.);
#3707=VECTOR('',#11252,1.);
#3708=VECTOR('',#11253,1.);
#3709=VECTOR('',#11256,1.);
#3710=VECTOR('',#11261,1.);
#3711=VECTOR('',#11264,1.);
#3712=VECTOR('',#11267,1.);
#3713=VECTOR('',#11270,1.);
#3714=VECTOR('',#11271,1.);
#3715=VECTOR('',#11272,1.);
#3716=VECTOR('',#11273,1.);
#3717=VECTOR('',#11274,1.);
#3718=VECTOR('',#11275,1.);
#3719=VECTOR('',#11276,1.);
#3720=VECTOR('',#11277,1.);
#3721=VECTOR('',#11278,1.);
#3722=VECTOR('',#11279,1.);
#3723=VECTOR('',#11280,1.);
#3724=VECTOR('',#11281,1.);
#3725=VECTOR('',#11288,1.);
#3726=VECTOR('',#11289,1.);
#3727=VECTOR('',#11294,1.);
#3728=VECTOR('',#11299,1.);
#3729=VECTOR('',#11300,1.);
#3730=VECTOR('',#11301,1.);
#3731=VECTOR('',#11302,1.);
#3732=VECTOR('',#11303,1.);
#3733=VECTOR('',#11306,1.);
#3734=VECTOR('',#11307,1.);
#3735=VECTOR('',#11308,1.);
#3736=VECTOR('',#11309,1.);
#3737=VECTOR('',#11310,1.);
#3738=VECTOR('',#11311,1.);
#3739=VECTOR('',#11312,1.);
#3740=VECTOR('',#11319,1.);
#3741=VECTOR('',#11322,1.);
#3742=VECTOR('',#11329,1.);
#3743=VECTOR('',#11330,1.);
#3744=VECTOR('',#11333,1.);
#3745=VECTOR('',#11334,1.);
#3746=VECTOR('',#11341,1.);
#3747=VECTOR('',#11342,1.);
#3748=VECTOR('',#11345,1.);
#3749=VECTOR('',#11396,1.);
#3750=VECTOR('',#11399,1.);
#3751=VECTOR('',#11404,1.);
#3752=VECTOR('',#11407,1.);
#3753=VECTOR('',#11412,1.);
#3754=VECTOR('',#11415,1.);
#3755=VECTOR('',#11420,1.);
#3756=VECTOR('',#11423,1.);
#3757=VECTOR('',#11428,1.);
#3758=VECTOR('',#11431,1.);
#3759=VECTOR('',#11436,1.);
#3760=VECTOR('',#11439,1.);
#3761=VECTOR('',#11444,1.);
#3762=VECTOR('',#11447,1.);
#3763=VECTOR('',#11452,1.);
#3764=VECTOR('',#11455,1.);
#3765=VECTOR('',#11460,1.);
#3766=VECTOR('',#11461,1.);
#3767=VECTOR('',#11464,1.);
#3768=VECTOR('',#11493,1.);
#3769=VECTOR('',#11494,1.);
#3770=VECTOR('',#11495,1.);
#3771=VECTOR('',#11496,1.);
#3772=VECTOR('',#11501,1.);
#3773=VECTOR('',#11502,1.);
#3774=VECTOR('',#11505,1.);
#3775=VECTOR('',#11508,1.);
#3776=VECTOR('',#11509,1.);
#3777=VECTOR('',#11510,1.);
#3778=VECTOR('',#11511,1.);
#3779=VECTOR('',#11512,1.);
#3780=VECTOR('',#11513,1.);
#3781=VECTOR('',#11514,1.);
#3782=VECTOR('',#11515,1.);
#3783=VECTOR('',#11516,1.);
#3784=VECTOR('',#11517,1.);
#3785=VECTOR('',#11518,1.);
#3786=VECTOR('',#11519,1.);
#3787=VECTOR('',#11522,1.);
#3788=VECTOR('',#11523,1.);
#3789=VECTOR('',#11524,1.);
#3790=VECTOR('',#11527,1.);
#3791=VECTOR('',#11530,1.);
#3792=VECTOR('',#11531,1.);
#3793=VECTOR('',#11532,1.);
#3794=VECTOR('',#11535,1.);
#3795=VECTOR('',#11536,1.);
#3796=VECTOR('',#11537,1.);
#3797=VECTOR('',#11538,1.);
#3798=VECTOR('',#11539,1.);
#3799=VECTOR('',#11540,1.);
#3800=VECTOR('',#11543,1.);
#3801=VECTOR('',#11544,1.);
#3802=VECTOR('',#11545,1.);
#3803=VECTOR('',#11550,1.);
#3804=VECTOR('',#11551,1.);
#3805=VECTOR('',#11554,1.);
#3806=VECTOR('',#11557,1.);
#3807=VECTOR('',#11558,1.);
#3808=VECTOR('',#11561,1.);
#3809=VECTOR('',#11562,1.);
#3810=VECTOR('',#11563,1.);
#3811=VECTOR('',#11564,1.);
#3812=VECTOR('',#11565,1.);
#3813=VECTOR('',#11568,1.);
#3814=VECTOR('',#11571,1.);
#3815=VECTOR('',#11574,1.);
#3816=VECTOR('',#11579,1.);
#3817=VECTOR('',#11590,1.);
#3818=VECTOR('',#11625,1.);
#3819=VECTOR('',#11628,1.);
#3820=VECTOR('',#11631,1.);
#3821=VECTOR('',#11632,1.);
#3822=VECTOR('',#11647,1.);
#3823=VECTOR('',#11654,1.);
#3824=VECTOR('',#11847,1.);
#3825=VECTOR('',#11848,1.);
#3826=VECTOR('',#11849,1.);
#3827=VECTOR('',#11850,1.);
#3828=VECTOR('',#11851,1.);
#3829=VECTOR('',#11852,1.);
#3830=VECTOR('',#11853,1.);
#3831=VECTOR('',#11854,1.);
#3832=VECTOR('',#11857,1.);
#3833=VECTOR('',#11858,1.);
#3834=VECTOR('',#11859,1.);
#3835=VECTOR('',#11860,1.);
#3836=VECTOR('',#11861,1.);
#3837=VECTOR('',#11862,1.);
#3838=VECTOR('',#11863,1.);
#3839=VECTOR('',#11864,1.);
#3840=VECTOR('',#11867,1.);
#3841=VECTOR('',#11868,1.);
#3842=VECTOR('',#11869,1.);
#3843=VECTOR('',#11870,1.);
#3844=VECTOR('',#11871,1.);
#3845=VECTOR('',#11872,1.);
#3846=VECTOR('',#11873,1.);
#3847=VECTOR('',#11874,1.);
#3848=VECTOR('',#11877,1.);
#3849=VECTOR('',#11878,1.);
#3850=VECTOR('',#11879,1.);
#3851=VECTOR('',#11880,1.);
#3852=VECTOR('',#11881,1.);
#3853=VECTOR('',#11882,1.);
#3854=VECTOR('',#11883,1.);
#3855=VECTOR('',#11884,1.);
#3856=VECTOR('',#11887,1.);
#3857=VECTOR('',#11888,1.);
#3858=VECTOR('',#11889,1.);
#3859=VECTOR('',#11890,1.);
#3860=VECTOR('',#11893,1.);
#3861=VECTOR('',#11896,1.);
#3862=VECTOR('',#11899,1.);
#3863=VECTOR('',#11902,1.);
#3864=ORIENTED_EDGE('',*,*,#6967,.F.);
#3865=ORIENTED_EDGE('',*,*,#6968,.T.);
#3866=ORIENTED_EDGE('',*,*,#6969,.F.);
#3867=ORIENTED_EDGE('',*,*,#6970,.F.);
#3868=ORIENTED_EDGE('',*,*,#6971,.F.);
#3869=ORIENTED_EDGE('',*,*,#6972,.T.);
#3870=ORIENTED_EDGE('',*,*,#6973,.F.);
#3871=ORIENTED_EDGE('',*,*,#6974,.F.);
#3872=ORIENTED_EDGE('',*,*,#6975,.F.);
#3873=ORIENTED_EDGE('',*,*,#6976,.T.);
#3874=ORIENTED_EDGE('',*,*,#6977,.T.);
#3875=ORIENTED_EDGE('',*,*,#6978,.F.);
#3876=ORIENTED_EDGE('',*,*,#6969,.T.);
#3877=ORIENTED_EDGE('',*,*,#6979,.T.);
#3878=ORIENTED_EDGE('',*,*,#6973,.T.);
#3879=ORIENTED_EDGE('',*,*,#6980,.F.);
#3880=ORIENTED_EDGE('',*,*,#6979,.F.);
#3881=ORIENTED_EDGE('',*,*,#6981,.T.);
#3882=ORIENTED_EDGE('',*,*,#6980,.T.);
#3883=ORIENTED_EDGE('',*,*,#6982,.T.);
#3884=ORIENTED_EDGE('',*,*,#6983,.T.);
#3885=ORIENTED_EDGE('',*,*,#6967,.T.);
#3886=ORIENTED_EDGE('',*,*,#6984,.F.);
#3887=ORIENTED_EDGE('',*,*,#6977,.F.);
#3888=ORIENTED_EDGE('',*,*,#6985,.T.);
#3889=ORIENTED_EDGE('',*,*,#6971,.T.);
#3890=ORIENTED_EDGE('',*,*,#6986,.T.);
#3891=ORIENTED_EDGE('',*,*,#6975,.T.);
#3892=ORIENTED_EDGE('',*,*,#6976,.F.);
#3893=ORIENTED_EDGE('',*,*,#6986,.F.);
#3894=ORIENTED_EDGE('',*,*,#6978,.T.);
#3895=ORIENTED_EDGE('',*,*,#6984,.T.);
#3896=ORIENTED_EDGE('',*,*,#6972,.F.);
#3897=ORIENTED_EDGE('',*,*,#6985,.F.);
#3898=ORIENTED_EDGE('',*,*,#6974,.T.);
#3899=ORIENTED_EDGE('',*,*,#6982,.F.);
#3900=ORIENTED_EDGE('',*,*,#6968,.F.);
#3901=ORIENTED_EDGE('',*,*,#6983,.F.);
#3902=ORIENTED_EDGE('',*,*,#6970,.T.);
#3903=ORIENTED_EDGE('',*,*,#6981,.F.);
#3904=ORIENTED_EDGE('',*,*,#6987,.F.);
#3905=ORIENTED_EDGE('',*,*,#6988,.T.);
#3906=ORIENTED_EDGE('',*,*,#6989,.F.);
#3907=ORIENTED_EDGE('',*,*,#6990,.F.);
#3908=ORIENTED_EDGE('',*,*,#6991,.F.);
#3909=ORIENTED_EDGE('',*,*,#6992,.T.);
#3910=ORIENTED_EDGE('',*,*,#6993,.F.);
#3911=ORIENTED_EDGE('',*,*,#6994,.F.);
#3912=ORIENTED_EDGE('',*,*,#6995,.F.);
#3913=ORIENTED_EDGE('',*,*,#6996,.T.);
#3914=ORIENTED_EDGE('',*,*,#6997,.F.);
#3915=ORIENTED_EDGE('',*,*,#6998,.F.);
#3916=ORIENTED_EDGE('',*,*,#6999,.F.);
#3917=ORIENTED_EDGE('',*,*,#7000,.T.);
#3918=ORIENTED_EDGE('',*,*,#7001,.F.);
#3919=ORIENTED_EDGE('',*,*,#7002,.F.);
#3920=ORIENTED_EDGE('',*,*,#6999,.T.);
#3921=ORIENTED_EDGE('',*,*,#7003,.T.);
#3922=ORIENTED_EDGE('',*,*,#7004,.T.);
#3923=ORIENTED_EDGE('',*,*,#7005,.F.);
#3924=ORIENTED_EDGE('',*,*,#6995,.T.);
#3925=ORIENTED_EDGE('',*,*,#7006,.T.);
#3926=ORIENTED_EDGE('',*,*,#7007,.T.);
#3927=ORIENTED_EDGE('',*,*,#7008,.F.);
#3928=ORIENTED_EDGE('',*,*,#6991,.T.);
#3929=ORIENTED_EDGE('',*,*,#7009,.T.);
#3930=ORIENTED_EDGE('',*,*,#6989,.T.);
#3931=ORIENTED_EDGE('',*,*,#7010,.F.);
#3932=ORIENTED_EDGE('',*,*,#7009,.F.);
#3933=ORIENTED_EDGE('',*,*,#7011,.T.);
#3934=ORIENTED_EDGE('',*,*,#7010,.T.);
#3935=ORIENTED_EDGE('',*,*,#7012,.T.);
#3936=ORIENTED_EDGE('',*,*,#6993,.T.);
#3937=ORIENTED_EDGE('',*,*,#7013,.T.);
#3938=ORIENTED_EDGE('',*,*,#7014,.F.);
#3939=ORIENTED_EDGE('',*,*,#7007,.F.);
#3940=ORIENTED_EDGE('',*,*,#7015,.T.);
#3941=ORIENTED_EDGE('',*,*,#6987,.T.);
#3942=ORIENTED_EDGE('',*,*,#7016,.F.);
#3943=ORIENTED_EDGE('',*,*,#7004,.F.);
#3944=ORIENTED_EDGE('',*,*,#7006,.F.);
#3945=ORIENTED_EDGE('',*,*,#7017,.T.);
#3946=ORIENTED_EDGE('',*,*,#7008,.T.);
#3947=ORIENTED_EDGE('',*,*,#7014,.T.);
#3948=ORIENTED_EDGE('',*,*,#6997,.T.);
#3949=ORIENTED_EDGE('',*,*,#7018,.T.);
#3950=ORIENTED_EDGE('',*,*,#7003,.F.);
#3951=ORIENTED_EDGE('',*,*,#7019,.T.);
#3952=ORIENTED_EDGE('',*,*,#7005,.T.);
#3953=ORIENTED_EDGE('',*,*,#7016,.T.);
#3954=ORIENTED_EDGE('',*,*,#7001,.T.);
#3955=ORIENTED_EDGE('',*,*,#7020,.T.);
#3956=ORIENTED_EDGE('',*,*,#7000,.F.);
#3957=ORIENTED_EDGE('',*,*,#7019,.F.);
#3958=ORIENTED_EDGE('',*,*,#7002,.T.);
#3959=ORIENTED_EDGE('',*,*,#7020,.F.);
#3960=ORIENTED_EDGE('',*,*,#6996,.F.);
#3961=ORIENTED_EDGE('',*,*,#7017,.F.);
#3962=ORIENTED_EDGE('',*,*,#6998,.T.);
#3963=ORIENTED_EDGE('',*,*,#7018,.F.);
#3964=ORIENTED_EDGE('',*,*,#6992,.F.);
#3965=ORIENTED_EDGE('',*,*,#7011,.F.);
#3966=ORIENTED_EDGE('',*,*,#6994,.T.);
#3967=ORIENTED_EDGE('',*,*,#7013,.F.);
#3968=ORIENTED_EDGE('',*,*,#6988,.F.);
#3969=ORIENTED_EDGE('',*,*,#7015,.F.);
#3970=ORIENTED_EDGE('',*,*,#6990,.T.);
#3971=ORIENTED_EDGE('',*,*,#7012,.F.);
#3972=ORIENTED_EDGE('',*,*,#7021,.T.);
#3973=ORIENTED_EDGE('',*,*,#7022,.T.);
#3974=ORIENTED_EDGE('',*,*,#7023,.T.);
#3975=ORIENTED_EDGE('',*,*,#7024,.T.);
#3976=ORIENTED_EDGE('',*,*,#7025,.T.);
#3977=ORIENTED_EDGE('',*,*,#7026,.T.);
#3978=ORIENTED_EDGE('',*,*,#7027,.T.);
#3979=ORIENTED_EDGE('',*,*,#7028,.F.);
#3980=ORIENTED_EDGE('',*,*,#7029,.T.);
#3981=ORIENTED_EDGE('',*,*,#7030,.T.);
#3982=ORIENTED_EDGE('',*,*,#7027,.F.);
#3983=ORIENTED_EDGE('',*,*,#7031,.F.);
#3984=ORIENTED_EDGE('',*,*,#7032,.T.);
#3985=ORIENTED_EDGE('',*,*,#7033,.T.);
#3986=ORIENTED_EDGE('',*,*,#7021,.F.);
#3987=ORIENTED_EDGE('',*,*,#7034,.T.);
#3988=ORIENTED_EDGE('',*,*,#7035,.T.);
#3989=ORIENTED_EDGE('',*,*,#7023,.F.);
#3990=ORIENTED_EDGE('',*,*,#7036,.T.);
#3991=ORIENTED_EDGE('',*,*,#7037,.F.);
#3992=ORIENTED_EDGE('',*,*,#7038,.T.);
#3993=ORIENTED_EDGE('',*,*,#7024,.F.);
#3994=ORIENTED_EDGE('',*,*,#7038,.F.);
#3995=ORIENTED_EDGE('',*,*,#7039,.F.);
#3996=ORIENTED_EDGE('',*,*,#7040,.F.);
#3997=ORIENTED_EDGE('',*,*,#7040,.T.);
#3998=ORIENTED_EDGE('',*,*,#7041,.T.);
#3999=ORIENTED_EDGE('',*,*,#7042,.F.);
#4000=ORIENTED_EDGE('',*,*,#7025,.F.);
#4001=ORIENTED_EDGE('',*,*,#7022,.F.);
#4002=ORIENTED_EDGE('',*,*,#7042,.T.);
#4003=ORIENTED_EDGE('',*,*,#7043,.F.);
#4004=ORIENTED_EDGE('',*,*,#7036,.F.);
#4005=ORIENTED_EDGE('',*,*,#7039,.T.);
#4006=ORIENTED_EDGE('',*,*,#7037,.T.);
#4007=ORIENTED_EDGE('',*,*,#7043,.T.);
#4008=ORIENTED_EDGE('',*,*,#7041,.F.);
#4009=ORIENTED_EDGE('',*,*,#7032,.F.);
#4010=ORIENTED_EDGE('',*,*,#7035,.F.);
#4011=ORIENTED_EDGE('',*,*,#7029,.F.);
#4012=ORIENTED_EDGE('',*,*,#7044,.F.);
#4013=ORIENTED_EDGE('',*,*,#7026,.F.);
#4014=ORIENTED_EDGE('',*,*,#7034,.F.);
#4015=ORIENTED_EDGE('',*,*,#7044,.T.);
#4016=ORIENTED_EDGE('',*,*,#7033,.F.);
#4017=ORIENTED_EDGE('',*,*,#7031,.T.);
#4018=ORIENTED_EDGE('',*,*,#7030,.F.);
#4019=ORIENTED_EDGE('',*,*,#7028,.T.);
#4020=ORIENTED_EDGE('',*,*,#7045,.F.);
#4021=ORIENTED_EDGE('',*,*,#7046,.F.);
#4022=ORIENTED_EDGE('',*,*,#7047,.T.);
#4023=ORIENTED_EDGE('',*,*,#7048,.T.);
#4024=ORIENTED_EDGE('',*,*,#7049,.F.);
#4025=ORIENTED_EDGE('',*,*,#7050,.F.);
#4026=ORIENTED_EDGE('',*,*,#7051,.T.);
#4027=ORIENTED_EDGE('',*,*,#7052,.T.);
#4028=ORIENTED_EDGE('',*,*,#7053,.F.);
#4029=ORIENTED_EDGE('',*,*,#7054,.F.);
#4030=ORIENTED_EDGE('',*,*,#7055,.T.);
#4031=ORIENTED_EDGE('',*,*,#7056,.T.);
#4032=ORIENTED_EDGE('',*,*,#7057,.F.);
#4033=ORIENTED_EDGE('',*,*,#7058,.F.);
#4034=ORIENTED_EDGE('',*,*,#7059,.T.);
#4035=ORIENTED_EDGE('',*,*,#7060,.T.);
#4036=ORIENTED_EDGE('',*,*,#7061,.F.);
#4037=ORIENTED_EDGE('',*,*,#7062,.F.);
#4038=ORIENTED_EDGE('',*,*,#7063,.T.);
#4039=ORIENTED_EDGE('',*,*,#7064,.T.);
#4040=ORIENTED_EDGE('',*,*,#7065,.F.);
#4041=ORIENTED_EDGE('',*,*,#7066,.F.);
#4042=ORIENTED_EDGE('',*,*,#7067,.T.);
#4043=ORIENTED_EDGE('',*,*,#7068,.T.);
#4044=ORIENTED_EDGE('',*,*,#7069,.F.);
#4045=ORIENTED_EDGE('',*,*,#7070,.F.);
#4046=ORIENTED_EDGE('',*,*,#7071,.T.);
#4047=ORIENTED_EDGE('',*,*,#7072,.T.);
#4048=ORIENTED_EDGE('',*,*,#7073,.F.);
#4049=ORIENTED_EDGE('',*,*,#7074,.F.);
#4050=ORIENTED_EDGE('',*,*,#7075,.T.);
#4051=ORIENTED_EDGE('',*,*,#7076,.T.);
#4052=ORIENTED_EDGE('',*,*,#7077,.T.);
#4053=ORIENTED_EDGE('',*,*,#7078,.F.);
#4054=ORIENTED_EDGE('',*,*,#7079,.T.);
#4055=ORIENTED_EDGE('',*,*,#7080,.T.);
#4056=ORIENTED_EDGE('',*,*,#7081,.F.);
#4057=ORIENTED_EDGE('',*,*,#7082,.F.);
#4058=ORIENTED_EDGE('',*,*,#7083,.T.);
#4059=ORIENTED_EDGE('',*,*,#7084,.T.);
#4060=ORIENTED_EDGE('',*,*,#7085,.T.);
#4061=ORIENTED_EDGE('',*,*,#7049,.T.);
#4062=ORIENTED_EDGE('',*,*,#7086,.T.);
#4063=ORIENTED_EDGE('',*,*,#7057,.T.);
#4064=ORIENTED_EDGE('',*,*,#7087,.T.);
#4065=ORIENTED_EDGE('',*,*,#7065,.T.);
#4066=ORIENTED_EDGE('',*,*,#7088,.T.);
#4067=ORIENTED_EDGE('',*,*,#7073,.T.);
#4068=ORIENTED_EDGE('',*,*,#7089,.F.);
#4069=ORIENTED_EDGE('',*,*,#7090,.T.);
#4070=ORIENTED_EDGE('',*,*,#7091,.F.);
#4071=ORIENTED_EDGE('',*,*,#7092,.T.);
#4072=ORIENTED_EDGE('',*,*,#7093,.F.);
#4073=ORIENTED_EDGE('',*,*,#7094,.T.);
#4074=ORIENTED_EDGE('',*,*,#7095,.F.);
#4075=ORIENTED_EDGE('',*,*,#7096,.T.);
#4076=ORIENTED_EDGE('',*,*,#7089,.T.);
#4077=ORIENTED_EDGE('',*,*,#7097,.T.);
#4078=ORIENTED_EDGE('',*,*,#7098,.F.);
#4079=ORIENTED_EDGE('',*,*,#7047,.F.);
#4080=ORIENTED_EDGE('',*,*,#7099,.F.);
#4081=ORIENTED_EDGE('',*,*,#7055,.F.);
#4082=ORIENTED_EDGE('',*,*,#7100,.F.);
#4083=ORIENTED_EDGE('',*,*,#7063,.F.);
#4084=ORIENTED_EDGE('',*,*,#7101,.F.);
#4085=ORIENTED_EDGE('',*,*,#7071,.F.);
#4086=ORIENTED_EDGE('',*,*,#7102,.F.);
#4087=ORIENTED_EDGE('',*,*,#7103,.T.);
#4088=ORIENTED_EDGE('',*,*,#7095,.T.);
#4089=ORIENTED_EDGE('',*,*,#7104,.T.);
#4090=ORIENTED_EDGE('',*,*,#7105,.F.);
#4091=ORIENTED_EDGE('',*,*,#7106,.T.);
#4092=ORIENTED_EDGE('',*,*,#7077,.F.);
#4093=ORIENTED_EDGE('',*,*,#7107,.F.);
#4094=ORIENTED_EDGE('',*,*,#7108,.F.);
#4095=ORIENTED_EDGE('',*,*,#7109,.T.);
#4096=ORIENTED_EDGE('',*,*,#7110,.T.);
#4097=ORIENTED_EDGE('',*,*,#7111,.T.);
#4098=ORIENTED_EDGE('',*,*,#7112,.F.);
#4099=ORIENTED_EDGE('',*,*,#7113,.T.);
#4100=ORIENTED_EDGE('',*,*,#7114,.F.);
#4101=ORIENTED_EDGE('',*,*,#7115,.T.);
#4102=ORIENTED_EDGE('',*,*,#7108,.T.);
#4103=ORIENTED_EDGE('',*,*,#7116,.T.);
#4104=ORIENTED_EDGE('',*,*,#7117,.F.);
#4105=ORIENTED_EDGE('',*,*,#7083,.F.);
#4106=ORIENTED_EDGE('',*,*,#7118,.F.);
#4107=ORIENTED_EDGE('',*,*,#7119,.T.);
#4108=ORIENTED_EDGE('',*,*,#7114,.T.);
#4109=ORIENTED_EDGE('',*,*,#7120,.T.);
#4110=ORIENTED_EDGE('',*,*,#7121,.T.);
#4111=ORIENTED_EDGE('',*,*,#7122,.T.);
#4112=ORIENTED_EDGE('',*,*,#7123,.T.);
#4113=ORIENTED_EDGE('',*,*,#7092,.F.);
#4114=ORIENTED_EDGE('',*,*,#7124,.T.);
#4115=ORIENTED_EDGE('',*,*,#7125,.T.);
#4116=ORIENTED_EDGE('',*,*,#7110,.F.);
#4117=ORIENTED_EDGE('',*,*,#7126,.T.);
#4118=ORIENTED_EDGE('',*,*,#7118,.T.);
#4119=ORIENTED_EDGE('',*,*,#7127,.T.);
#4120=ORIENTED_EDGE('',*,*,#7128,.T.);
#4121=ORIENTED_EDGE('',*,*,#7121,.F.);
#4122=ORIENTED_EDGE('',*,*,#7129,.T.);
#4123=ORIENTED_EDGE('',*,*,#7112,.T.);
#4124=ORIENTED_EDGE('',*,*,#7130,.T.);
#4125=ORIENTED_EDGE('',*,*,#7131,.F.);
#4126=ORIENTED_EDGE('',*,*,#7132,.T.);
#4127=ORIENTED_EDGE('',*,*,#7133,.T.);
#4128=ORIENTED_EDGE('',*,*,#7130,.F.);
#4129=ORIENTED_EDGE('',*,*,#7111,.F.);
#4130=ORIENTED_EDGE('',*,*,#7128,.F.);
#4131=ORIENTED_EDGE('',*,*,#7134,.T.);
#4132=ORIENTED_EDGE('',*,*,#7135,.T.);
#4133=ORIENTED_EDGE('',*,*,#7106,.F.);
#4134=ORIENTED_EDGE('',*,*,#7105,.T.);
#4135=ORIENTED_EDGE('',*,*,#7136,.T.);
#4136=ORIENTED_EDGE('',*,*,#7093,.T.);
#4137=ORIENTED_EDGE('',*,*,#7123,.F.);
#4138=ORIENTED_EDGE('',*,*,#7137,.T.);
#4139=ORIENTED_EDGE('',*,*,#7132,.F.);
#4140=ORIENTED_EDGE('',*,*,#7091,.T.);
#4141=ORIENTED_EDGE('',*,*,#7138,.T.);
#4142=ORIENTED_EDGE('',*,*,#7102,.T.);
#4143=ORIENTED_EDGE('',*,*,#7135,.F.);
#4144=ORIENTED_EDGE('',*,*,#7139,.F.);
#4145=ORIENTED_EDGE('',*,*,#7124,.F.);
#4146=ORIENTED_EDGE('',*,*,#7139,.T.);
#4147=ORIENTED_EDGE('',*,*,#7134,.F.);
#4148=ORIENTED_EDGE('',*,*,#7127,.F.);
#4149=ORIENTED_EDGE('',*,*,#7125,.F.);
#4150=ORIENTED_EDGE('',*,*,#7131,.T.);
#4151=ORIENTED_EDGE('',*,*,#7133,.F.);
#4152=ORIENTED_EDGE('',*,*,#7137,.F.);
#4153=ORIENTED_EDGE('',*,*,#7122,.F.);
#4154=ORIENTED_EDGE('',*,*,#7082,.T.);
#4155=ORIENTED_EDGE('',*,*,#7140,.F.);
#4156=ORIENTED_EDGE('',*,*,#7084,.F.);
#4157=ORIENTED_EDGE('',*,*,#7117,.T.);
#4158=ORIENTED_EDGE('',*,*,#7141,.F.);
#4159=ORIENTED_EDGE('',*,*,#7079,.F.);
#4160=ORIENTED_EDGE('',*,*,#7140,.T.);
#4161=ORIENTED_EDGE('',*,*,#7081,.T.);
#4162=ORIENTED_EDGE('',*,*,#7078,.T.);
#4163=ORIENTED_EDGE('',*,*,#7107,.T.);
#4164=ORIENTED_EDGE('',*,*,#7080,.F.);
#4165=ORIENTED_EDGE('',*,*,#7141,.T.);
#4166=ORIENTED_EDGE('',*,*,#7074,.T.);
#4167=ORIENTED_EDGE('',*,*,#7088,.F.);
#4168=ORIENTED_EDGE('',*,*,#7076,.F.);
#4169=ORIENTED_EDGE('',*,*,#7142,.T.);
#4170=ORIENTED_EDGE('',*,*,#7142,.F.);
#4171=ORIENTED_EDGE('',*,*,#7075,.F.);
#4172=ORIENTED_EDGE('',*,*,#7143,.T.);
#4173=ORIENTED_EDGE('',*,*,#7069,.T.);
#4174=ORIENTED_EDGE('',*,*,#7070,.T.);
#4175=ORIENTED_EDGE('',*,*,#7143,.F.);
#4176=ORIENTED_EDGE('',*,*,#7072,.F.);
#4177=ORIENTED_EDGE('',*,*,#7101,.T.);
#4178=ORIENTED_EDGE('',*,*,#7066,.T.);
#4179=ORIENTED_EDGE('',*,*,#7087,.F.);
#4180=ORIENTED_EDGE('',*,*,#7068,.F.);
#4181=ORIENTED_EDGE('',*,*,#7144,.T.);
#4182=ORIENTED_EDGE('',*,*,#7144,.F.);
#4183=ORIENTED_EDGE('',*,*,#7067,.F.);
#4184=ORIENTED_EDGE('',*,*,#7145,.T.);
#4185=ORIENTED_EDGE('',*,*,#7061,.T.);
#4186=ORIENTED_EDGE('',*,*,#7062,.T.);
#4187=ORIENTED_EDGE('',*,*,#7145,.F.);
#4188=ORIENTED_EDGE('',*,*,#7064,.F.);
#4189=ORIENTED_EDGE('',*,*,#7100,.T.);
#4190=ORIENTED_EDGE('',*,*,#7058,.T.);
#4191=ORIENTED_EDGE('',*,*,#7086,.F.);
#4192=ORIENTED_EDGE('',*,*,#7060,.F.);
#4193=ORIENTED_EDGE('',*,*,#7146,.T.);
#4194=ORIENTED_EDGE('',*,*,#7146,.F.);
#4195=ORIENTED_EDGE('',*,*,#7059,.F.);
#4196=ORIENTED_EDGE('',*,*,#7147,.T.);
#4197=ORIENTED_EDGE('',*,*,#7053,.T.);
#4198=ORIENTED_EDGE('',*,*,#7054,.T.);
#4199=ORIENTED_EDGE('',*,*,#7147,.F.);
#4200=ORIENTED_EDGE('',*,*,#7056,.F.);
#4201=ORIENTED_EDGE('',*,*,#7099,.T.);
#4202=ORIENTED_EDGE('',*,*,#7050,.T.);
#4203=ORIENTED_EDGE('',*,*,#7085,.F.);
#4204=ORIENTED_EDGE('',*,*,#7052,.F.);
#4205=ORIENTED_EDGE('',*,*,#7148,.T.);
#4206=ORIENTED_EDGE('',*,*,#7148,.F.);
#4207=ORIENTED_EDGE('',*,*,#7051,.F.);
#4208=ORIENTED_EDGE('',*,*,#7149,.T.);
#4209=ORIENTED_EDGE('',*,*,#7045,.T.);
#4210=ORIENTED_EDGE('',*,*,#7046,.T.);
#4211=ORIENTED_EDGE('',*,*,#7149,.F.);
#4212=ORIENTED_EDGE('',*,*,#7048,.F.);
#4213=ORIENTED_EDGE('',*,*,#7098,.T.);
#4214=ORIENTED_EDGE('',*,*,#7119,.F.);
#4215=ORIENTED_EDGE('',*,*,#7126,.F.);
#4216=ORIENTED_EDGE('',*,*,#7109,.F.);
#4217=ORIENTED_EDGE('',*,*,#7115,.F.);
#4218=ORIENTED_EDGE('',*,*,#7120,.F.);
#4219=ORIENTED_EDGE('',*,*,#7116,.F.);
#4220=ORIENTED_EDGE('',*,*,#7113,.F.);
#4221=ORIENTED_EDGE('',*,*,#7129,.F.);
#4222=ORIENTED_EDGE('',*,*,#7103,.F.);
#4223=ORIENTED_EDGE('',*,*,#7138,.F.);
#4224=ORIENTED_EDGE('',*,*,#7090,.F.);
#4225=ORIENTED_EDGE('',*,*,#7096,.F.);
#4226=ORIENTED_EDGE('',*,*,#7104,.F.);
#4227=ORIENTED_EDGE('',*,*,#7097,.F.);
#4228=ORIENTED_EDGE('',*,*,#7094,.F.);
#4229=ORIENTED_EDGE('',*,*,#7136,.F.);
#4230=ORIENTED_EDGE('',*,*,#7150,.F.);
#4231=ORIENTED_EDGE('',*,*,#7151,.T.);
#4232=ORIENTED_EDGE('',*,*,#7152,.T.);
#4233=ORIENTED_EDGE('',*,*,#7153,.F.);
#4234=ORIENTED_EDGE('',*,*,#7154,.F.);
#4235=ORIENTED_EDGE('',*,*,#7155,.T.);
#4236=ORIENTED_EDGE('',*,*,#7150,.T.);
#4237=ORIENTED_EDGE('',*,*,#7156,.F.);
#4238=ORIENTED_EDGE('',*,*,#7157,.T.);
#4239=ORIENTED_EDGE('',*,*,#7158,.T.);
#4240=ORIENTED_EDGE('',*,*,#7159,.F.);
#4241=ORIENTED_EDGE('',*,*,#7160,.F.);
#4242=ORIENTED_EDGE('',*,*,#7161,.T.);
#4243=ORIENTED_EDGE('',*,*,#7156,.T.);
#4244=ORIENTED_EDGE('',*,*,#7162,.F.);
#4245=ORIENTED_EDGE('',*,*,#7163,.T.);
#4246=ORIENTED_EDGE('',*,*,#7164,.T.);
#4247=ORIENTED_EDGE('',*,*,#7165,.F.);
#4248=ORIENTED_EDGE('',*,*,#7166,.F.);
#4249=ORIENTED_EDGE('',*,*,#7167,.T.);
#4250=ORIENTED_EDGE('',*,*,#7162,.T.);
#4251=ORIENTED_EDGE('',*,*,#7168,.F.);
#4252=ORIENTED_EDGE('',*,*,#7169,.T.);
#4253=ORIENTED_EDGE('',*,*,#7170,.T.);
#4254=ORIENTED_EDGE('',*,*,#7171,.F.);
#4255=ORIENTED_EDGE('',*,*,#7172,.F.);
#4256=ORIENTED_EDGE('',*,*,#7173,.T.);
#4257=ORIENTED_EDGE('',*,*,#7168,.T.);
#4258=ORIENTED_EDGE('',*,*,#7174,.F.);
#4259=ORIENTED_EDGE('',*,*,#7175,.T.);
#4260=ORIENTED_EDGE('',*,*,#7176,.T.);
#4261=ORIENTED_EDGE('',*,*,#7177,.F.);
#4262=ORIENTED_EDGE('',*,*,#7178,.F.);
#4263=ORIENTED_EDGE('',*,*,#7179,.T.);
#4264=ORIENTED_EDGE('',*,*,#7180,.T.);
#4265=ORIENTED_EDGE('',*,*,#7181,.F.);
#4266=ORIENTED_EDGE('',*,*,#7182,.F.);
#4267=ORIENTED_EDGE('',*,*,#7183,.T.);
#4268=ORIENTED_EDGE('',*,*,#7184,.T.);
#4269=ORIENTED_EDGE('',*,*,#7185,.T.);
#4270=ORIENTED_EDGE('',*,*,#7186,.F.);
#4271=ORIENTED_EDGE('',*,*,#7187,.T.);
#4272=ORIENTED_EDGE('',*,*,#7188,.T.);
#4273=ORIENTED_EDGE('',*,*,#7189,.F.);
#4274=ORIENTED_EDGE('',*,*,#7190,.T.);
#4275=ORIENTED_EDGE('',*,*,#7191,.T.);
#4276=ORIENTED_EDGE('',*,*,#7192,.F.);
#4277=ORIENTED_EDGE('',*,*,#7193,.T.);
#4278=ORIENTED_EDGE('',*,*,#7194,.T.);
#4279=ORIENTED_EDGE('',*,*,#7195,.T.);
#4280=ORIENTED_EDGE('',*,*,#7196,.F.);
#4281=ORIENTED_EDGE('',*,*,#7197,.T.);
#4282=ORIENTED_EDGE('',*,*,#7198,.F.);
#4283=ORIENTED_EDGE('',*,*,#7199,.T.);
#4284=ORIENTED_EDGE('',*,*,#7200,.T.);
#4285=ORIENTED_EDGE('',*,*,#7201,.T.);
#4286=ORIENTED_EDGE('',*,*,#7202,.T.);
#4287=ORIENTED_EDGE('',*,*,#7203,.T.);
#4288=ORIENTED_EDGE('',*,*,#7204,.F.);
#4289=ORIENTED_EDGE('',*,*,#7177,.T.);
#4290=ORIENTED_EDGE('',*,*,#7205,.T.);
#4291=ORIENTED_EDGE('',*,*,#7206,.T.);
#4292=ORIENTED_EDGE('',*,*,#7207,.F.);
#4293=ORIENTED_EDGE('',*,*,#7189,.T.);
#4294=ORIENTED_EDGE('',*,*,#7208,.F.);
#4295=ORIENTED_EDGE('',*,*,#7209,.T.);
#4296=ORIENTED_EDGE('',*,*,#7210,.T.);
#4297=ORIENTED_EDGE('',*,*,#7211,.F.);
#4298=ORIENTED_EDGE('',*,*,#7212,.T.);
#4299=ORIENTED_EDGE('',*,*,#7213,.T.);
#4300=ORIENTED_EDGE('',*,*,#7214,.F.);
#4301=ORIENTED_EDGE('',*,*,#7211,.T.);
#4302=ORIENTED_EDGE('',*,*,#7215,.T.);
#4303=ORIENTED_EDGE('',*,*,#7216,.T.);
#4304=ORIENTED_EDGE('',*,*,#7217,.F.);
#4305=ORIENTED_EDGE('',*,*,#7181,.T.);
#4306=ORIENTED_EDGE('',*,*,#7218,.F.);
#4307=ORIENTED_EDGE('',*,*,#7164,.F.);
#4308=ORIENTED_EDGE('',*,*,#7219,.F.);
#4309=ORIENTED_EDGE('',*,*,#7170,.F.);
#4310=ORIENTED_EDGE('',*,*,#7200,.F.);
#4311=ORIENTED_EDGE('',*,*,#7220,.F.);
#4312=ORIENTED_EDGE('',*,*,#7221,.F.);
#4313=ORIENTED_EDGE('',*,*,#7222,.F.);
#4314=ORIENTED_EDGE('',*,*,#7223,.F.);
#4315=ORIENTED_EDGE('',*,*,#7224,.F.);
#4316=ORIENTED_EDGE('',*,*,#7225,.F.);
#4317=ORIENTED_EDGE('',*,*,#7226,.F.);
#4318=ORIENTED_EDGE('',*,*,#7227,.F.);
#4319=ORIENTED_EDGE('',*,*,#7228,.F.);
#4320=ORIENTED_EDGE('',*,*,#7229,.F.);
#4321=ORIENTED_EDGE('',*,*,#7230,.F.);
#4322=ORIENTED_EDGE('',*,*,#7194,.F.);
#4323=ORIENTED_EDGE('',*,*,#7231,.F.);
#4324=ORIENTED_EDGE('',*,*,#7232,.F.);
#4325=ORIENTED_EDGE('',*,*,#7233,.F.);
#4326=ORIENTED_EDGE('',*,*,#7234,.F.);
#4327=ORIENTED_EDGE('',*,*,#7235,.F.);
#4328=ORIENTED_EDGE('',*,*,#7236,.F.);
#4329=ORIENTED_EDGE('',*,*,#7237,.F.);
#4330=ORIENTED_EDGE('',*,*,#7190,.F.);
#4331=ORIENTED_EDGE('',*,*,#7238,.F.);
#4332=ORIENTED_EDGE('',*,*,#7208,.T.);
#4333=ORIENTED_EDGE('',*,*,#7214,.T.);
#4334=ORIENTED_EDGE('',*,*,#7239,.F.);
#4335=ORIENTED_EDGE('',*,*,#7240,.F.);
#4336=ORIENTED_EDGE('',*,*,#7241,.F.);
#4337=ORIENTED_EDGE('',*,*,#7242,.F.);
#4338=ORIENTED_EDGE('',*,*,#7243,.F.);
#4339=ORIENTED_EDGE('',*,*,#7244,.F.);
#4340=ORIENTED_EDGE('',*,*,#7245,.F.);
#4341=ORIENTED_EDGE('',*,*,#7178,.T.);
#4342=ORIENTED_EDGE('',*,*,#7217,.T.);
#4343=ORIENTED_EDGE('',*,*,#7246,.F.);
#4344=ORIENTED_EDGE('',*,*,#7247,.F.);
#4345=ORIENTED_EDGE('',*,*,#7248,.F.);
#4346=ORIENTED_EDGE('',*,*,#7249,.F.);
#4347=ORIENTED_EDGE('',*,*,#7250,.F.);
#4348=ORIENTED_EDGE('',*,*,#7251,.F.);
#4349=ORIENTED_EDGE('',*,*,#7252,.F.);
#4350=ORIENTED_EDGE('',*,*,#7182,.T.);
#4351=ORIENTED_EDGE('',*,*,#7253,.F.);
#4352=ORIENTED_EDGE('',*,*,#7254,.F.);
#4353=ORIENTED_EDGE('',*,*,#7255,.F.);
#4354=ORIENTED_EDGE('',*,*,#7256,.F.);
#4355=ORIENTED_EDGE('',*,*,#7257,.F.);
#4356=ORIENTED_EDGE('',*,*,#7258,.F.);
#4357=ORIENTED_EDGE('',*,*,#7259,.F.);
#4358=ORIENTED_EDGE('',*,*,#7186,.T.);
#4359=ORIENTED_EDGE('',*,*,#7207,.T.);
#4360=ORIENTED_EDGE('',*,*,#7260,.F.);
#4361=ORIENTED_EDGE('',*,*,#7261,.F.);
#4362=ORIENTED_EDGE('',*,*,#7262,.F.);
#4363=ORIENTED_EDGE('',*,*,#7263,.F.);
#4364=ORIENTED_EDGE('',*,*,#7264,.F.);
#4365=ORIENTED_EDGE('',*,*,#7265,.F.);
#4366=ORIENTED_EDGE('',*,*,#7266,.F.);
#4367=ORIENTED_EDGE('',*,*,#7174,.T.);
#4368=ORIENTED_EDGE('',*,*,#7204,.T.);
#4369=ORIENTED_EDGE('',*,*,#7267,.F.);
#4370=ORIENTED_EDGE('',*,*,#7268,.F.);
#4371=ORIENTED_EDGE('',*,*,#7269,.F.);
#4372=ORIENTED_EDGE('',*,*,#7270,.F.);
#4373=ORIENTED_EDGE('',*,*,#7271,.F.);
#4374=ORIENTED_EDGE('',*,*,#7272,.F.);
#4375=ORIENTED_EDGE('',*,*,#7273,.F.);
#4376=ORIENTED_EDGE('',*,*,#7274,.F.);
#4377=ORIENTED_EDGE('',*,*,#7275,.F.);
#4378=ORIENTED_EDGE('',*,*,#7276,.F.);
#4379=ORIENTED_EDGE('',*,*,#7152,.F.);
#4380=ORIENTED_EDGE('',*,*,#7277,.F.);
#4381=ORIENTED_EDGE('',*,*,#7158,.F.);
#4382=ORIENTED_EDGE('',*,*,#7278,.T.);
#4383=ORIENTED_EDGE('',*,*,#7198,.T.);
#4384=ORIENTED_EDGE('',*,*,#7279,.T.);
#4385=ORIENTED_EDGE('',*,*,#7280,.T.);
#4386=ORIENTED_EDGE('',*,*,#7281,.T.);
#4387=ORIENTED_EDGE('',*,*,#7282,.T.);
#4388=ORIENTED_EDGE('',*,*,#7283,.T.);
#4389=ORIENTED_EDGE('',*,*,#7284,.T.);
#4390=ORIENTED_EDGE('',*,*,#7285,.T.);
#4391=ORIENTED_EDGE('',*,*,#7286,.T.);
#4392=ORIENTED_EDGE('',*,*,#7287,.T.);
#4393=ORIENTED_EDGE('',*,*,#7202,.F.);
#4394=ORIENTED_EDGE('',*,*,#7176,.F.);
#4395=ORIENTED_EDGE('',*,*,#7288,.F.);
#4396=ORIENTED_EDGE('',*,*,#7289,.T.);
#4397=ORIENTED_EDGE('',*,*,#7290,.T.);
#4398=ORIENTED_EDGE('',*,*,#7291,.T.);
#4399=ORIENTED_EDGE('',*,*,#7292,.T.);
#4400=ORIENTED_EDGE('',*,*,#7293,.T.);
#4401=ORIENTED_EDGE('',*,*,#7294,.T.);
#4402=ORIENTED_EDGE('',*,*,#7205,.F.);
#4403=ORIENTED_EDGE('',*,*,#7188,.F.);
#4404=ORIENTED_EDGE('',*,*,#7295,.F.);
#4405=ORIENTED_EDGE('',*,*,#7296,.T.);
#4406=ORIENTED_EDGE('',*,*,#7297,.T.);
#4407=ORIENTED_EDGE('',*,*,#7298,.T.);
#4408=ORIENTED_EDGE('',*,*,#7299,.T.);
#4409=ORIENTED_EDGE('',*,*,#7300,.T.);
#4410=ORIENTED_EDGE('',*,*,#7301,.T.);
#4411=ORIENTED_EDGE('',*,*,#7184,.F.);
#4412=ORIENTED_EDGE('',*,*,#7302,.F.);
#4413=ORIENTED_EDGE('',*,*,#7303,.T.);
#4414=ORIENTED_EDGE('',*,*,#7304,.T.);
#4415=ORIENTED_EDGE('',*,*,#7305,.T.);
#4416=ORIENTED_EDGE('',*,*,#7306,.T.);
#4417=ORIENTED_EDGE('',*,*,#7307,.T.);
#4418=ORIENTED_EDGE('',*,*,#7308,.T.);
#4419=ORIENTED_EDGE('',*,*,#7215,.F.);
#4420=ORIENTED_EDGE('',*,*,#7180,.F.);
#4421=ORIENTED_EDGE('',*,*,#7309,.F.);
#4422=ORIENTED_EDGE('',*,*,#7310,.T.);
#4423=ORIENTED_EDGE('',*,*,#7311,.T.);
#4424=ORIENTED_EDGE('',*,*,#7312,.T.);
#4425=ORIENTED_EDGE('',*,*,#7313,.T.);
#4426=ORIENTED_EDGE('',*,*,#7314,.T.);
#4427=ORIENTED_EDGE('',*,*,#7315,.T.);
#4428=ORIENTED_EDGE('',*,*,#7212,.F.);
#4429=ORIENTED_EDGE('',*,*,#7210,.F.);
#4430=ORIENTED_EDGE('',*,*,#7316,.F.);
#4431=ORIENTED_EDGE('',*,*,#7192,.T.);
#4432=ORIENTED_EDGE('',*,*,#7317,.T.);
#4433=ORIENTED_EDGE('',*,*,#7318,.T.);
#4434=ORIENTED_EDGE('',*,*,#7319,.T.);
#4435=ORIENTED_EDGE('',*,*,#7320,.T.);
#4436=ORIENTED_EDGE('',*,*,#7321,.T.);
#4437=ORIENTED_EDGE('',*,*,#7322,.T.);
#4438=ORIENTED_EDGE('',*,*,#7323,.T.);
#4439=ORIENTED_EDGE('',*,*,#7196,.T.);
#4440=ORIENTED_EDGE('',*,*,#7324,.T.);
#4441=ORIENTED_EDGE('',*,*,#7325,.T.);
#4442=ORIENTED_EDGE('',*,*,#7326,.T.);
#4443=ORIENTED_EDGE('',*,*,#7327,.T.);
#4444=ORIENTED_EDGE('',*,*,#7328,.T.);
#4445=ORIENTED_EDGE('',*,*,#7329,.T.);
#4446=ORIENTED_EDGE('',*,*,#7330,.T.);
#4447=ORIENTED_EDGE('',*,*,#7331,.T.);
#4448=ORIENTED_EDGE('',*,*,#7332,.T.);
#4449=ORIENTED_EDGE('',*,*,#7333,.T.);
#4450=ORIENTED_EDGE('',*,*,#7287,.F.);
#4451=ORIENTED_EDGE('',*,*,#7334,.T.);
#4452=ORIENTED_EDGE('',*,*,#7267,.T.);
#4453=ORIENTED_EDGE('',*,*,#7203,.F.);
#4454=ORIENTED_EDGE('',*,*,#7238,.T.);
#4455=ORIENTED_EDGE('',*,*,#7193,.F.);
#4456=ORIENTED_EDGE('',*,*,#7316,.T.);
#4457=ORIENTED_EDGE('',*,*,#7209,.F.);
#4458=ORIENTED_EDGE('',*,*,#7286,.F.);
#4459=ORIENTED_EDGE('',*,*,#7335,.T.);
#4460=ORIENTED_EDGE('',*,*,#7268,.T.);
#4461=ORIENTED_EDGE('',*,*,#7334,.F.);
#4462=ORIENTED_EDGE('',*,*,#7275,.T.);
#4463=ORIENTED_EDGE('',*,*,#7336,.F.);
#4464=ORIENTED_EDGE('',*,*,#7279,.F.);
#4465=ORIENTED_EDGE('',*,*,#7201,.F.);
#4466=ORIENTED_EDGE('',*,*,#7285,.F.);
#4467=ORIENTED_EDGE('',*,*,#7337,.T.);
#4468=ORIENTED_EDGE('',*,*,#7269,.T.);
#4469=ORIENTED_EDGE('',*,*,#7335,.F.);
#4470=ORIENTED_EDGE('',*,*,#7270,.T.);
#4471=ORIENTED_EDGE('',*,*,#7337,.F.);
#4472=ORIENTED_EDGE('',*,*,#7284,.F.);
#4473=ORIENTED_EDGE('',*,*,#7338,.T.);
#4474=ORIENTED_EDGE('',*,*,#7271,.T.);
#4475=ORIENTED_EDGE('',*,*,#7338,.F.);
#4476=ORIENTED_EDGE('',*,*,#7283,.F.);
#4477=ORIENTED_EDGE('',*,*,#7339,.T.);
#4478=ORIENTED_EDGE('',*,*,#7272,.T.);
#4479=ORIENTED_EDGE('',*,*,#7339,.F.);
#4480=ORIENTED_EDGE('',*,*,#7282,.F.);
#4481=ORIENTED_EDGE('',*,*,#7340,.T.);
#4482=ORIENTED_EDGE('',*,*,#7273,.T.);
#4483=ORIENTED_EDGE('',*,*,#7340,.F.);
#4484=ORIENTED_EDGE('',*,*,#7281,.F.);
#4485=ORIENTED_EDGE('',*,*,#7341,.T.);
#4486=ORIENTED_EDGE('',*,*,#7274,.T.);
#4487=ORIENTED_EDGE('',*,*,#7341,.F.);
#4488=ORIENTED_EDGE('',*,*,#7280,.F.);
#4489=ORIENTED_EDGE('',*,*,#7336,.T.);
#4490=ORIENTED_EDGE('',*,*,#7326,.F.);
#4491=ORIENTED_EDGE('',*,*,#7342,.T.);
#4492=ORIENTED_EDGE('',*,*,#7228,.T.);
#4493=ORIENTED_EDGE('',*,*,#7343,.F.);
#4494=ORIENTED_EDGE('',*,*,#7222,.T.);
#4495=ORIENTED_EDGE('',*,*,#7344,.T.);
#4496=ORIENTED_EDGE('',*,*,#7332,.F.);
#4497=ORIENTED_EDGE('',*,*,#7345,.T.);
#4498=ORIENTED_EDGE('',*,*,#7223,.T.);
#4499=ORIENTED_EDGE('',*,*,#7345,.F.);
#4500=ORIENTED_EDGE('',*,*,#7331,.F.);
#4501=ORIENTED_EDGE('',*,*,#7346,.T.);
#4502=ORIENTED_EDGE('',*,*,#7224,.T.);
#4503=ORIENTED_EDGE('',*,*,#7346,.F.);
#4504=ORIENTED_EDGE('',*,*,#7330,.F.);
#4505=ORIENTED_EDGE('',*,*,#7347,.T.);
#4506=ORIENTED_EDGE('',*,*,#7225,.T.);
#4507=ORIENTED_EDGE('',*,*,#7347,.F.);
#4508=ORIENTED_EDGE('',*,*,#7329,.F.);
#4509=ORIENTED_EDGE('',*,*,#7348,.T.);
#4510=ORIENTED_EDGE('',*,*,#7226,.T.);
#4511=ORIENTED_EDGE('',*,*,#7348,.F.);
#4512=ORIENTED_EDGE('',*,*,#7328,.F.);
#4513=ORIENTED_EDGE('',*,*,#7349,.T.);
#4514=ORIENTED_EDGE('',*,*,#7227,.T.);
#4515=ORIENTED_EDGE('',*,*,#7349,.F.);
#4516=ORIENTED_EDGE('',*,*,#7327,.F.);
#4517=ORIENTED_EDGE('',*,*,#7343,.T.);
#4518=ORIENTED_EDGE('',*,*,#7237,.T.);
#4519=ORIENTED_EDGE('',*,*,#7350,.F.);
#4520=ORIENTED_EDGE('',*,*,#7317,.F.);
#4521=ORIENTED_EDGE('',*,*,#7191,.F.);
#4522=ORIENTED_EDGE('',*,*,#7323,.F.);
#4523=ORIENTED_EDGE('',*,*,#7351,.T.);
#4524=ORIENTED_EDGE('',*,*,#7231,.T.);
#4525=ORIENTED_EDGE('',*,*,#7197,.F.);
#4526=ORIENTED_EDGE('',*,*,#7232,.T.);
#4527=ORIENTED_EDGE('',*,*,#7351,.F.);
#4528=ORIENTED_EDGE('',*,*,#7322,.F.);
#4529=ORIENTED_EDGE('',*,*,#7352,.T.);
#4530=ORIENTED_EDGE('',*,*,#7233,.T.);
#4531=ORIENTED_EDGE('',*,*,#7352,.F.);
#4532=ORIENTED_EDGE('',*,*,#7321,.F.);
#4533=ORIENTED_EDGE('',*,*,#7353,.T.);
#4534=ORIENTED_EDGE('',*,*,#7234,.T.);
#4535=ORIENTED_EDGE('',*,*,#7353,.F.);
#4536=ORIENTED_EDGE('',*,*,#7320,.F.);
#4537=ORIENTED_EDGE('',*,*,#7354,.T.);
#4538=ORIENTED_EDGE('',*,*,#7235,.T.);
#4539=ORIENTED_EDGE('',*,*,#7354,.F.);
#4540=ORIENTED_EDGE('',*,*,#7319,.F.);
#4541=ORIENTED_EDGE('',*,*,#7355,.T.);
#4542=ORIENTED_EDGE('',*,*,#7236,.T.);
#4543=ORIENTED_EDGE('',*,*,#7355,.F.);
#4544=ORIENTED_EDGE('',*,*,#7318,.F.);
#4545=ORIENTED_EDGE('',*,*,#7350,.T.);
#4546=ORIENTED_EDGE('',*,*,#7245,.T.);
#4547=ORIENTED_EDGE('',*,*,#7356,.F.);
#4548=ORIENTED_EDGE('',*,*,#7309,.T.);
#4549=ORIENTED_EDGE('',*,*,#7179,.F.);
#4550=ORIENTED_EDGE('',*,*,#7315,.F.);
#4551=ORIENTED_EDGE('',*,*,#7357,.T.);
#4552=ORIENTED_EDGE('',*,*,#7239,.T.);
#4553=ORIENTED_EDGE('',*,*,#7213,.F.);
#4554=ORIENTED_EDGE('',*,*,#7240,.T.);
#4555=ORIENTED_EDGE('',*,*,#7357,.F.);
#4556=ORIENTED_EDGE('',*,*,#7314,.F.);
#4557=ORIENTED_EDGE('',*,*,#7358,.T.);
#4558=ORIENTED_EDGE('',*,*,#7241,.T.);
#4559=ORIENTED_EDGE('',*,*,#7358,.F.);
#4560=ORIENTED_EDGE('',*,*,#7313,.F.);
#4561=ORIENTED_EDGE('',*,*,#7359,.T.);
#4562=ORIENTED_EDGE('',*,*,#7242,.T.);
#4563=ORIENTED_EDGE('',*,*,#7359,.F.);
#4564=ORIENTED_EDGE('',*,*,#7312,.F.);
#4565=ORIENTED_EDGE('',*,*,#7360,.T.);
#4566=ORIENTED_EDGE('',*,*,#7243,.T.);
#4567=ORIENTED_EDGE('',*,*,#7360,.F.);
#4568=ORIENTED_EDGE('',*,*,#7311,.F.);
#4569=ORIENTED_EDGE('',*,*,#7361,.T.);
#4570=ORIENTED_EDGE('',*,*,#7244,.T.);
#4571=ORIENTED_EDGE('',*,*,#7361,.F.);
#4572=ORIENTED_EDGE('',*,*,#7310,.F.);
#4573=ORIENTED_EDGE('',*,*,#7356,.T.);
#4574=ORIENTED_EDGE('',*,*,#7266,.T.);
#4575=ORIENTED_EDGE('',*,*,#7362,.F.);
#4576=ORIENTED_EDGE('',*,*,#7288,.T.);
#4577=ORIENTED_EDGE('',*,*,#7175,.F.);
#4578=ORIENTED_EDGE('',*,*,#7294,.F.);
#4579=ORIENTED_EDGE('',*,*,#7363,.T.);
#4580=ORIENTED_EDGE('',*,*,#7260,.T.);
#4581=ORIENTED_EDGE('',*,*,#7206,.F.);
#4582=ORIENTED_EDGE('',*,*,#7264,.T.);
#4583=ORIENTED_EDGE('',*,*,#7364,.F.);
#4584=ORIENTED_EDGE('',*,*,#7290,.F.);
#4585=ORIENTED_EDGE('',*,*,#7365,.T.);
#4586=ORIENTED_EDGE('',*,*,#7265,.T.);
#4587=ORIENTED_EDGE('',*,*,#7365,.F.);
#4588=ORIENTED_EDGE('',*,*,#7289,.F.);
#4589=ORIENTED_EDGE('',*,*,#7362,.T.);
#4590=ORIENTED_EDGE('',*,*,#7261,.T.);
#4591=ORIENTED_EDGE('',*,*,#7363,.F.);
#4592=ORIENTED_EDGE('',*,*,#7293,.F.);
#4593=ORIENTED_EDGE('',*,*,#7366,.T.);
#4594=ORIENTED_EDGE('',*,*,#7262,.T.);
#4595=ORIENTED_EDGE('',*,*,#7366,.F.);
#4596=ORIENTED_EDGE('',*,*,#7292,.F.);
#4597=ORIENTED_EDGE('',*,*,#7367,.T.);
#4598=ORIENTED_EDGE('',*,*,#7263,.T.);
#4599=ORIENTED_EDGE('',*,*,#7367,.F.);
#4600=ORIENTED_EDGE('',*,*,#7291,.F.);
#4601=ORIENTED_EDGE('',*,*,#7364,.T.);
#4602=ORIENTED_EDGE('',*,*,#7259,.T.);
#4603=ORIENTED_EDGE('',*,*,#7368,.F.);
#4604=ORIENTED_EDGE('',*,*,#7295,.T.);
#4605=ORIENTED_EDGE('',*,*,#7187,.F.);
#4606=ORIENTED_EDGE('',*,*,#7301,.F.);
#4607=ORIENTED_EDGE('',*,*,#7369,.T.);
#4608=ORIENTED_EDGE('',*,*,#7253,.T.);
#4609=ORIENTED_EDGE('',*,*,#7185,.F.);
#4610=ORIENTED_EDGE('',*,*,#7254,.T.);
#4611=ORIENTED_EDGE('',*,*,#7369,.F.);
#4612=ORIENTED_EDGE('',*,*,#7300,.F.);
#4613=ORIENTED_EDGE('',*,*,#7370,.T.);
#4614=ORIENTED_EDGE('',*,*,#7255,.T.);
#4615=ORIENTED_EDGE('',*,*,#7370,.F.);
#4616=ORIENTED_EDGE('',*,*,#7299,.F.);
#4617=ORIENTED_EDGE('',*,*,#7371,.T.);
#4618=ORIENTED_EDGE('',*,*,#7256,.T.);
#4619=ORIENTED_EDGE('',*,*,#7371,.F.);
#4620=ORIENTED_EDGE('',*,*,#7298,.F.);
#4621=ORIENTED_EDGE('',*,*,#7372,.T.);
#4622=ORIENTED_EDGE('',*,*,#7257,.T.);
#4623=ORIENTED_EDGE('',*,*,#7372,.F.);
#4624=ORIENTED_EDGE('',*,*,#7297,.F.);
#4625=ORIENTED_EDGE('',*,*,#7373,.T.);
#4626=ORIENTED_EDGE('',*,*,#7258,.T.);
#4627=ORIENTED_EDGE('',*,*,#7373,.F.);
#4628=ORIENTED_EDGE('',*,*,#7296,.F.);
#4629=ORIENTED_EDGE('',*,*,#7368,.T.);
#4630=ORIENTED_EDGE('',*,*,#7252,.T.);
#4631=ORIENTED_EDGE('',*,*,#7374,.F.);
#4632=ORIENTED_EDGE('',*,*,#7302,.T.);
#4633=ORIENTED_EDGE('',*,*,#7183,.F.);
#4634=ORIENTED_EDGE('',*,*,#7308,.F.);
#4635=ORIENTED_EDGE('',*,*,#7375,.T.);
#4636=ORIENTED_EDGE('',*,*,#7246,.T.);
#4637=ORIENTED_EDGE('',*,*,#7216,.F.);
#4638=ORIENTED_EDGE('',*,*,#7247,.T.);
#4639=ORIENTED_EDGE('',*,*,#7375,.F.);
#4640=ORIENTED_EDGE('',*,*,#7307,.F.);
#4641=ORIENTED_EDGE('',*,*,#7376,.T.);
#4642=ORIENTED_EDGE('',*,*,#7248,.T.);
#4643=ORIENTED_EDGE('',*,*,#7376,.F.);
#4644=ORIENTED_EDGE('',*,*,#7306,.F.);
#4645=ORIENTED_EDGE('',*,*,#7377,.T.);
#4646=ORIENTED_EDGE('',*,*,#7249,.T.);
#4647=ORIENTED_EDGE('',*,*,#7377,.F.);
#4648=ORIENTED_EDGE('',*,*,#7305,.F.);
#4649=ORIENTED_EDGE('',*,*,#7378,.T.);
#4650=ORIENTED_EDGE('',*,*,#7250,.T.);
#4651=ORIENTED_EDGE('',*,*,#7378,.F.);
#4652=ORIENTED_EDGE('',*,*,#7304,.F.);
#4653=ORIENTED_EDGE('',*,*,#7379,.T.);
#4654=ORIENTED_EDGE('',*,*,#7251,.T.);
#4655=ORIENTED_EDGE('',*,*,#7379,.F.);
#4656=ORIENTED_EDGE('',*,*,#7303,.F.);
#4657=ORIENTED_EDGE('',*,*,#7374,.T.);
#4658=ORIENTED_EDGE('',*,*,#7221,.T.);
#4659=ORIENTED_EDGE('',*,*,#7380,.F.);
#4660=ORIENTED_EDGE('',*,*,#7333,.F.);
#4661=ORIENTED_EDGE('',*,*,#7344,.F.);
#4662=ORIENTED_EDGE('',*,*,#7278,.F.);
#4663=ORIENTED_EDGE('',*,*,#7380,.T.);
#4664=ORIENTED_EDGE('',*,*,#7220,.T.);
#4665=ORIENTED_EDGE('',*,*,#7199,.F.);
#4666=ORIENTED_EDGE('',*,*,#7230,.T.);
#4667=ORIENTED_EDGE('',*,*,#7381,.F.);
#4668=ORIENTED_EDGE('',*,*,#7324,.F.);
#4669=ORIENTED_EDGE('',*,*,#7195,.F.);
#4670=ORIENTED_EDGE('',*,*,#7325,.F.);
#4671=ORIENTED_EDGE('',*,*,#7381,.T.);
#4672=ORIENTED_EDGE('',*,*,#7229,.T.);
#4673=ORIENTED_EDGE('',*,*,#7342,.F.);
#4674=ORIENTED_EDGE('',*,*,#7173,.F.);
#4675=ORIENTED_EDGE('',*,*,#7172,.T.);
#4676=ORIENTED_EDGE('',*,*,#7382,.T.);
#4677=ORIENTED_EDGE('',*,*,#7169,.F.);
#4678=ORIENTED_EDGE('',*,*,#7382,.F.);
#4679=ORIENTED_EDGE('',*,*,#7171,.T.);
#4680=ORIENTED_EDGE('',*,*,#7219,.T.);
#4681=ORIENTED_EDGE('',*,*,#7167,.F.);
#4682=ORIENTED_EDGE('',*,*,#7166,.T.);
#4683=ORIENTED_EDGE('',*,*,#7383,.T.);
#4684=ORIENTED_EDGE('',*,*,#7163,.F.);
#4685=ORIENTED_EDGE('',*,*,#7383,.F.);
#4686=ORIENTED_EDGE('',*,*,#7165,.T.);
#4687=ORIENTED_EDGE('',*,*,#7218,.T.);
#4688=ORIENTED_EDGE('',*,*,#7161,.F.);
#4689=ORIENTED_EDGE('',*,*,#7160,.T.);
#4690=ORIENTED_EDGE('',*,*,#7384,.T.);
#4691=ORIENTED_EDGE('',*,*,#7157,.F.);
#4692=ORIENTED_EDGE('',*,*,#7384,.F.);
#4693=ORIENTED_EDGE('',*,*,#7159,.T.);
#4694=ORIENTED_EDGE('',*,*,#7277,.T.);
#4695=ORIENTED_EDGE('',*,*,#7155,.F.);
#4696=ORIENTED_EDGE('',*,*,#7154,.T.);
#4697=ORIENTED_EDGE('',*,*,#7385,.T.);
#4698=ORIENTED_EDGE('',*,*,#7151,.F.);
#4699=ORIENTED_EDGE('',*,*,#7385,.F.);
#4700=ORIENTED_EDGE('',*,*,#7153,.T.);
#4701=ORIENTED_EDGE('',*,*,#7276,.T.);
#4702=ORIENTED_EDGE('',*,*,#7386,.F.);
#4703=ORIENTED_EDGE('',*,*,#7387,.T.);
#4704=ORIENTED_EDGE('',*,*,#7388,.T.);
#4705=ORIENTED_EDGE('',*,*,#7389,.F.);
#4706=ORIENTED_EDGE('',*,*,#7390,.F.);
#4707=ORIENTED_EDGE('',*,*,#7391,.T.);
#4708=ORIENTED_EDGE('',*,*,#7386,.T.);
#4709=ORIENTED_EDGE('',*,*,#7392,.F.);
#4710=ORIENTED_EDGE('',*,*,#7393,.T.);
#4711=ORIENTED_EDGE('',*,*,#7394,.T.);
#4712=ORIENTED_EDGE('',*,*,#7395,.F.);
#4713=ORIENTED_EDGE('',*,*,#7396,.F.);
#4714=ORIENTED_EDGE('',*,*,#7397,.T.);
#4715=ORIENTED_EDGE('',*,*,#7392,.T.);
#4716=ORIENTED_EDGE('',*,*,#7398,.F.);
#4717=ORIENTED_EDGE('',*,*,#7399,.T.);
#4718=ORIENTED_EDGE('',*,*,#7400,.T.);
#4719=ORIENTED_EDGE('',*,*,#7401,.F.);
#4720=ORIENTED_EDGE('',*,*,#7402,.F.);
#4721=ORIENTED_EDGE('',*,*,#7403,.T.);
#4722=ORIENTED_EDGE('',*,*,#7398,.T.);
#4723=ORIENTED_EDGE('',*,*,#7404,.F.);
#4724=ORIENTED_EDGE('',*,*,#7405,.T.);
#4725=ORIENTED_EDGE('',*,*,#7406,.T.);
#4726=ORIENTED_EDGE('',*,*,#7407,.F.);
#4727=ORIENTED_EDGE('',*,*,#7408,.F.);
#4728=ORIENTED_EDGE('',*,*,#7409,.T.);
#4729=ORIENTED_EDGE('',*,*,#7404,.T.);
#4730=ORIENTED_EDGE('',*,*,#7410,.F.);
#4731=ORIENTED_EDGE('',*,*,#7411,.T.);
#4732=ORIENTED_EDGE('',*,*,#7412,.T.);
#4733=ORIENTED_EDGE('',*,*,#7413,.F.);
#4734=ORIENTED_EDGE('',*,*,#7414,.F.);
#4735=ORIENTED_EDGE('',*,*,#7415,.T.);
#4736=ORIENTED_EDGE('',*,*,#7410,.T.);
#4737=ORIENTED_EDGE('',*,*,#7416,.F.);
#4738=ORIENTED_EDGE('',*,*,#7417,.T.);
#4739=ORIENTED_EDGE('',*,*,#7418,.T.);
#4740=ORIENTED_EDGE('',*,*,#7419,.F.);
#4741=ORIENTED_EDGE('',*,*,#7420,.F.);
#4742=ORIENTED_EDGE('',*,*,#7421,.T.);
#4743=ORIENTED_EDGE('',*,*,#7416,.T.);
#4744=ORIENTED_EDGE('',*,*,#7422,.F.);
#4745=ORIENTED_EDGE('',*,*,#7423,.T.);
#4746=ORIENTED_EDGE('',*,*,#7424,.T.);
#4747=ORIENTED_EDGE('',*,*,#7425,.F.);
#4748=ORIENTED_EDGE('',*,*,#7426,.F.);
#4749=ORIENTED_EDGE('',*,*,#7427,.T.);
#4750=ORIENTED_EDGE('',*,*,#7422,.T.);
#4751=ORIENTED_EDGE('',*,*,#7428,.F.);
#4752=ORIENTED_EDGE('',*,*,#7429,.T.);
#4753=ORIENTED_EDGE('',*,*,#7430,.T.);
#4754=ORIENTED_EDGE('',*,*,#7431,.F.);
#4755=ORIENTED_EDGE('',*,*,#7432,.F.);
#4756=ORIENTED_EDGE('',*,*,#7433,.T.);
#4757=ORIENTED_EDGE('',*,*,#7428,.T.);
#4758=ORIENTED_EDGE('',*,*,#7434,.F.);
#4759=ORIENTED_EDGE('',*,*,#7435,.T.);
#4760=ORIENTED_EDGE('',*,*,#7436,.F.);
#4761=ORIENTED_EDGE('',*,*,#7437,.F.);
#4762=ORIENTED_EDGE('',*,*,#7438,.F.);
#4763=ORIENTED_EDGE('',*,*,#7439,.T.);
#4764=ORIENTED_EDGE('',*,*,#7440,.T.);
#4765=ORIENTED_EDGE('',*,*,#7441,.F.);
#4766=ORIENTED_EDGE('',*,*,#7442,.F.);
#4767=ORIENTED_EDGE('',*,*,#7443,.T.);
#4768=ORIENTED_EDGE('',*,*,#7444,.T.);
#4769=ORIENTED_EDGE('',*,*,#7445,.F.);
#4770=ORIENTED_EDGE('',*,*,#7446,.F.);
#4771=ORIENTED_EDGE('',*,*,#7447,.T.);
#4772=ORIENTED_EDGE('',*,*,#7448,.T.);
#4773=ORIENTED_EDGE('',*,*,#7449,.F.);
#4774=ORIENTED_EDGE('',*,*,#7450,.F.);
#4775=ORIENTED_EDGE('',*,*,#7451,.T.);
#4776=ORIENTED_EDGE('',*,*,#7452,.F.);
#4777=ORIENTED_EDGE('',*,*,#7453,.F.);
#4778=ORIENTED_EDGE('',*,*,#7454,.F.);
#4779=ORIENTED_EDGE('',*,*,#7455,.T.);
#4780=ORIENTED_EDGE('',*,*,#7456,.T.);
#4781=ORIENTED_EDGE('',*,*,#7457,.F.);
#4782=ORIENTED_EDGE('',*,*,#7458,.F.);
#4783=ORIENTED_EDGE('',*,*,#7459,.T.);
#4784=ORIENTED_EDGE('',*,*,#7460,.F.);
#4785=ORIENTED_EDGE('',*,*,#7461,.F.);
#4786=ORIENTED_EDGE('',*,*,#7462,.F.);
#4787=ORIENTED_EDGE('',*,*,#7463,.T.);
#4788=ORIENTED_EDGE('',*,*,#7464,.T.);
#4789=ORIENTED_EDGE('',*,*,#7465,.F.);
#4790=ORIENTED_EDGE('',*,*,#7466,.F.);
#4791=ORIENTED_EDGE('',*,*,#7467,.T.);
#4792=ORIENTED_EDGE('',*,*,#7468,.T.);
#4793=ORIENTED_EDGE('',*,*,#7469,.F.);
#4794=ORIENTED_EDGE('',*,*,#7470,.F.);
#4795=ORIENTED_EDGE('',*,*,#7471,.T.);
#4796=ORIENTED_EDGE('',*,*,#7472,.T.);
#4797=ORIENTED_EDGE('',*,*,#7473,.F.);
#4798=ORIENTED_EDGE('',*,*,#7474,.F.);
#4799=ORIENTED_EDGE('',*,*,#7475,.T.);
#4800=ORIENTED_EDGE('',*,*,#7476,.F.);
#4801=ORIENTED_EDGE('',*,*,#7477,.F.);
#4802=ORIENTED_EDGE('',*,*,#7478,.F.);
#4803=ORIENTED_EDGE('',*,*,#7479,.T.);
#4804=ORIENTED_EDGE('',*,*,#7480,.T.);
#4805=ORIENTED_EDGE('',*,*,#7481,.F.);
#4806=ORIENTED_EDGE('',*,*,#7482,.F.);
#4807=ORIENTED_EDGE('',*,*,#7483,.T.);
#4808=ORIENTED_EDGE('',*,*,#7484,.T.);
#4809=ORIENTED_EDGE('',*,*,#7485,.T.);
#4810=ORIENTED_EDGE('',*,*,#7486,.T.);
#4811=ORIENTED_EDGE('',*,*,#7487,.F.);
#4812=ORIENTED_EDGE('',*,*,#7488,.F.);
#4813=ORIENTED_EDGE('',*,*,#7489,.T.);
#4814=ORIENTED_EDGE('',*,*,#7490,.T.);
#4815=ORIENTED_EDGE('',*,*,#7491,.F.);
#4816=ORIENTED_EDGE('',*,*,#7492,.F.);
#4817=ORIENTED_EDGE('',*,*,#7493,.T.);
#4818=ORIENTED_EDGE('',*,*,#7488,.T.);
#4819=ORIENTED_EDGE('',*,*,#7494,.F.);
#4820=ORIENTED_EDGE('',*,*,#7495,.T.);
#4821=ORIENTED_EDGE('',*,*,#7496,.T.);
#4822=ORIENTED_EDGE('',*,*,#7497,.F.);
#4823=ORIENTED_EDGE('',*,*,#7498,.F.);
#4824=ORIENTED_EDGE('',*,*,#7499,.T.);
#4825=ORIENTED_EDGE('',*,*,#7494,.T.);
#4826=ORIENTED_EDGE('',*,*,#7500,.F.);
#4827=ORIENTED_EDGE('',*,*,#7501,.T.);
#4828=ORIENTED_EDGE('',*,*,#7502,.T.);
#4829=ORIENTED_EDGE('',*,*,#7503,.F.);
#4830=ORIENTED_EDGE('',*,*,#7501,.F.);
#4831=ORIENTED_EDGE('',*,*,#7504,.F.);
#4832=ORIENTED_EDGE('',*,*,#7505,.T.);
#4833=ORIENTED_EDGE('',*,*,#7506,.T.);
#4834=ORIENTED_EDGE('',*,*,#7507,.F.);
#4835=ORIENTED_EDGE('',*,*,#7508,.T.);
#4836=ORIENTED_EDGE('',*,*,#7509,.T.);
#4837=ORIENTED_EDGE('',*,*,#7510,.F.);
#4838=ORIENTED_EDGE('',*,*,#7511,.F.);
#4839=ORIENTED_EDGE('',*,*,#7510,.T.);
#4840=ORIENTED_EDGE('',*,*,#7512,.T.);
#4841=ORIENTED_EDGE('',*,*,#7513,.F.);
#4842=ORIENTED_EDGE('',*,*,#7514,.T.);
#4843=ORIENTED_EDGE('',*,*,#7454,.T.);
#4844=ORIENTED_EDGE('',*,*,#7452,.T.);
#4845=ORIENTED_EDGE('',*,*,#7515,.T.);
#4846=ORIENTED_EDGE('',*,*,#7516,.F.);
#4847=ORIENTED_EDGE('',*,*,#7517,.T.);
#4848=ORIENTED_EDGE('',*,*,#7518,.T.);
#4849=ORIENTED_EDGE('',*,*,#7519,.T.);
#4850=ORIENTED_EDGE('',*,*,#7520,.F.);
#4851=ORIENTED_EDGE('',*,*,#7513,.T.);
#4852=ORIENTED_EDGE('',*,*,#7521,.T.);
#4853=ORIENTED_EDGE('',*,*,#7522,.F.);
#4854=ORIENTED_EDGE('',*,*,#7523,.F.);
#4855=ORIENTED_EDGE('',*,*,#7524,.T.);
#4856=ORIENTED_EDGE('',*,*,#7460,.T.);
#4857=ORIENTED_EDGE('',*,*,#7525,.T.);
#4858=ORIENTED_EDGE('',*,*,#7526,.F.);
#4859=ORIENTED_EDGE('',*,*,#7527,.T.);
#4860=ORIENTED_EDGE('',*,*,#7462,.T.);
#4861=ORIENTED_EDGE('',*,*,#7528,.T.);
#4862=ORIENTED_EDGE('',*,*,#7529,.F.);
#4863=ORIENTED_EDGE('',*,*,#7530,.T.);
#4864=ORIENTED_EDGE('',*,*,#7531,.F.);
#4865=ORIENTED_EDGE('',*,*,#7532,.T.);
#4866=ORIENTED_EDGE('',*,*,#7516,.T.);
#4867=ORIENTED_EDGE('',*,*,#7533,.F.);
#4868=ORIENTED_EDGE('',*,*,#7484,.F.);
#4869=ORIENTED_EDGE('',*,*,#7534,.F.);
#4870=ORIENTED_EDGE('',*,*,#7535,.F.);
#4871=ORIENTED_EDGE('',*,*,#7536,.T.);
#4872=ORIENTED_EDGE('',*,*,#7537,.T.);
#4873=ORIENTED_EDGE('',*,*,#7538,.F.);
#4874=ORIENTED_EDGE('',*,*,#7539,.T.);
#4875=ORIENTED_EDGE('',*,*,#7470,.T.);
#4876=ORIENTED_EDGE('',*,*,#7540,.T.);
#4877=ORIENTED_EDGE('',*,*,#7466,.T.);
#4878=ORIENTED_EDGE('',*,*,#7541,.T.);
#4879=ORIENTED_EDGE('',*,*,#7446,.T.);
#4880=ORIENTED_EDGE('',*,*,#7542,.T.);
#4881=ORIENTED_EDGE('',*,*,#7442,.T.);
#4882=ORIENTED_EDGE('',*,*,#7543,.F.);
#4883=ORIENTED_EDGE('',*,*,#7544,.F.);
#4884=ORIENTED_EDGE('',*,*,#7486,.F.);
#4885=ORIENTED_EDGE('',*,*,#7545,.F.);
#4886=ORIENTED_EDGE('',*,*,#7523,.T.);
#4887=ORIENTED_EDGE('',*,*,#7546,.T.);
#4888=ORIENTED_EDGE('',*,*,#7536,.F.);
#4889=ORIENTED_EDGE('',*,*,#7547,.T.);
#4890=ORIENTED_EDGE('',*,*,#7548,.T.);
#4891=ORIENTED_EDGE('',*,*,#7549,.F.);
#4892=ORIENTED_EDGE('',*,*,#7550,.F.);
#4893=ORIENTED_EDGE('',*,*,#7400,.F.);
#4894=ORIENTED_EDGE('',*,*,#7551,.F.);
#4895=ORIENTED_EDGE('',*,*,#7406,.F.);
#4896=ORIENTED_EDGE('',*,*,#7535,.T.);
#4897=ORIENTED_EDGE('',*,*,#7552,.T.);
#4898=ORIENTED_EDGE('',*,*,#7553,.F.);
#4899=ORIENTED_EDGE('',*,*,#7547,.F.);
#4900=ORIENTED_EDGE('',*,*,#7554,.T.);
#4901=ORIENTED_EDGE('',*,*,#7482,.T.);
#4902=ORIENTED_EDGE('',*,*,#7538,.T.);
#4903=ORIENTED_EDGE('',*,*,#7555,.T.);
#4904=ORIENTED_EDGE('',*,*,#7556,.F.);
#4905=ORIENTED_EDGE('',*,*,#7552,.F.);
#4906=ORIENTED_EDGE('',*,*,#7557,.F.);
#4907=ORIENTED_EDGE('',*,*,#7388,.F.);
#4908=ORIENTED_EDGE('',*,*,#7558,.F.);
#4909=ORIENTED_EDGE('',*,*,#7394,.F.);
#4910=ORIENTED_EDGE('',*,*,#7549,.T.);
#4911=ORIENTED_EDGE('',*,*,#7559,.F.);
#4912=ORIENTED_EDGE('',*,*,#7555,.F.);
#4913=ORIENTED_EDGE('',*,*,#7537,.F.);
#4914=ORIENTED_EDGE('',*,*,#7560,.F.);
#4915=ORIENTED_EDGE('',*,*,#7502,.F.);
#4916=ORIENTED_EDGE('',*,*,#7506,.F.);
#4917=ORIENTED_EDGE('',*,*,#7561,.F.);
#4918=ORIENTED_EDGE('',*,*,#7562,.F.);
#4919=ORIENTED_EDGE('',*,*,#7521,.F.);
#4920=ORIENTED_EDGE('',*,*,#7512,.F.);
#4921=ORIENTED_EDGE('',*,*,#7509,.F.);
#4922=ORIENTED_EDGE('',*,*,#7563,.F.);
#4923=ORIENTED_EDGE('',*,*,#7518,.F.);
#4924=ORIENTED_EDGE('',*,*,#7548,.F.);
#4925=ORIENTED_EDGE('',*,*,#7553,.T.);
#4926=ORIENTED_EDGE('',*,*,#7556,.T.);
#4927=ORIENTED_EDGE('',*,*,#7559,.T.);
#4928=ORIENTED_EDGE('',*,*,#7564,.F.);
#4929=ORIENTED_EDGE('',*,*,#7412,.F.);
#4930=ORIENTED_EDGE('',*,*,#7565,.F.);
#4931=ORIENTED_EDGE('',*,*,#7418,.F.);
#4932=ORIENTED_EDGE('',*,*,#7566,.F.);
#4933=ORIENTED_EDGE('',*,*,#7424,.F.);
#4934=ORIENTED_EDGE('',*,*,#7567,.F.);
#4935=ORIENTED_EDGE('',*,*,#7430,.F.);
#4936=ORIENTED_EDGE('',*,*,#7568,.F.);
#4937=ORIENTED_EDGE('',*,*,#7440,.F.);
#4938=ORIENTED_EDGE('',*,*,#7569,.F.);
#4939=ORIENTED_EDGE('',*,*,#7456,.F.);
#4940=ORIENTED_EDGE('',*,*,#7570,.F.);
#4941=ORIENTED_EDGE('',*,*,#7464,.F.);
#4942=ORIENTED_EDGE('',*,*,#7571,.F.);
#4943=ORIENTED_EDGE('',*,*,#7480,.F.);
#4944=ORIENTED_EDGE('',*,*,#7517,.F.);
#4945=ORIENTED_EDGE('',*,*,#7532,.F.);
#4946=ORIENTED_EDGE('',*,*,#7572,.T.);
#4947=ORIENTED_EDGE('',*,*,#7438,.T.);
#4948=ORIENTED_EDGE('',*,*,#7573,.T.);
#4949=ORIENTED_EDGE('',*,*,#7530,.F.);
#4950=ORIENTED_EDGE('',*,*,#7574,.T.);
#4951=ORIENTED_EDGE('',*,*,#7436,.T.);
#4952=ORIENTED_EDGE('',*,*,#7575,.T.);
#4953=ORIENTED_EDGE('',*,*,#7546,.F.);
#4954=ORIENTED_EDGE('',*,*,#7522,.T.);
#4955=ORIENTED_EDGE('',*,*,#7562,.T.);
#4956=ORIENTED_EDGE('',*,*,#7576,.T.);
#4957=ORIENTED_EDGE('',*,*,#7577,.F.);
#4958=ORIENTED_EDGE('',*,*,#7503,.T.);
#4959=ORIENTED_EDGE('',*,*,#7560,.T.);
#4960=ORIENTED_EDGE('',*,*,#7476,.T.);
#4961=ORIENTED_EDGE('',*,*,#7578,.T.);
#4962=ORIENTED_EDGE('',*,*,#7579,.T.);
#4963=ORIENTED_EDGE('',*,*,#7478,.T.);
#4964=ORIENTED_EDGE('',*,*,#7580,.F.);
#4965=ORIENTED_EDGE('',*,*,#7526,.T.);
#4966=ORIENTED_EDGE('',*,*,#7508,.F.);
#4967=ORIENTED_EDGE('',*,*,#7581,.F.);
#4968=ORIENTED_EDGE('',*,*,#7519,.F.);
#4969=ORIENTED_EDGE('',*,*,#7563,.T.);
#4970=ORIENTED_EDGE('',*,*,#7582,.F.);
#4971=ORIENTED_EDGE('',*,*,#7496,.F.);
#4972=ORIENTED_EDGE('',*,*,#7520,.T.);
#4973=ORIENTED_EDGE('',*,*,#7581,.T.);
#4974=ORIENTED_EDGE('',*,*,#7507,.T.);
#4975=ORIENTED_EDGE('',*,*,#7511,.T.);
#4976=ORIENTED_EDGE('',*,*,#7505,.F.);
#4977=ORIENTED_EDGE('',*,*,#7583,.F.);
#4978=ORIENTED_EDGE('',*,*,#7576,.F.);
#4979=ORIENTED_EDGE('',*,*,#7561,.T.);
#4980=ORIENTED_EDGE('',*,*,#7584,.F.);
#4981=ORIENTED_EDGE('',*,*,#7490,.F.);
#4982=ORIENTED_EDGE('',*,*,#7577,.T.);
#4983=ORIENTED_EDGE('',*,*,#7583,.T.);
#4984=ORIENTED_EDGE('',*,*,#7504,.T.);
#4985=ORIENTED_EDGE('',*,*,#7500,.T.);
#4986=ORIENTED_EDGE('',*,*,#7499,.F.);
#4987=ORIENTED_EDGE('',*,*,#7498,.T.);
#4988=ORIENTED_EDGE('',*,*,#7585,.T.);
#4989=ORIENTED_EDGE('',*,*,#7495,.F.);
#4990=ORIENTED_EDGE('',*,*,#7585,.F.);
#4991=ORIENTED_EDGE('',*,*,#7497,.T.);
#4992=ORIENTED_EDGE('',*,*,#7582,.T.);
#4993=ORIENTED_EDGE('',*,*,#7493,.F.);
#4994=ORIENTED_EDGE('',*,*,#7492,.T.);
#4995=ORIENTED_EDGE('',*,*,#7586,.T.);
#4996=ORIENTED_EDGE('',*,*,#7489,.F.);
#4997=ORIENTED_EDGE('',*,*,#7586,.F.);
#4998=ORIENTED_EDGE('',*,*,#7491,.T.);
#4999=ORIENTED_EDGE('',*,*,#7584,.T.);
#5000=ORIENTED_EDGE('',*,*,#7483,.F.);
#5001=ORIENTED_EDGE('',*,*,#7554,.F.);
#5002=ORIENTED_EDGE('',*,*,#7487,.T.);
#5003=ORIENTED_EDGE('',*,*,#7544,.T.);
#5004=ORIENTED_EDGE('',*,*,#7587,.T.);
#5005=ORIENTED_EDGE('',*,*,#7534,.T.);
#5006=ORIENTED_EDGE('',*,*,#7479,.F.);
#5007=ORIENTED_EDGE('',*,*,#7579,.F.);
#5008=ORIENTED_EDGE('',*,*,#7481,.T.);
#5009=ORIENTED_EDGE('',*,*,#7571,.T.);
#5010=ORIENTED_EDGE('',*,*,#7475,.F.);
#5011=ORIENTED_EDGE('',*,*,#7588,.F.);
#5012=ORIENTED_EDGE('',*,*,#7477,.T.);
#5013=ORIENTED_EDGE('',*,*,#7578,.F.);
#5014=ORIENTED_EDGE('',*,*,#7471,.F.);
#5015=ORIENTED_EDGE('',*,*,#7539,.F.);
#5016=ORIENTED_EDGE('',*,*,#7473,.T.);
#5017=ORIENTED_EDGE('',*,*,#7589,.T.);
#5018=ORIENTED_EDGE('',*,*,#7589,.F.);
#5019=ORIENTED_EDGE('',*,*,#7472,.F.);
#5020=ORIENTED_EDGE('',*,*,#7588,.T.);
#5021=ORIENTED_EDGE('',*,*,#7474,.T.);
#5022=ORIENTED_EDGE('',*,*,#7467,.F.);
#5023=ORIENTED_EDGE('',*,*,#7540,.F.);
#5024=ORIENTED_EDGE('',*,*,#7469,.T.);
#5025=ORIENTED_EDGE('',*,*,#7590,.T.);
#5026=ORIENTED_EDGE('',*,*,#7590,.F.);
#5027=ORIENTED_EDGE('',*,*,#7468,.F.);
#5028=ORIENTED_EDGE('',*,*,#7591,.T.);
#5029=ORIENTED_EDGE('',*,*,#7458,.T.);
#5030=ORIENTED_EDGE('',*,*,#7459,.F.);
#5031=ORIENTED_EDGE('',*,*,#7591,.F.);
#5032=ORIENTED_EDGE('',*,*,#7461,.T.);
#5033=ORIENTED_EDGE('',*,*,#7524,.F.);
#5034=ORIENTED_EDGE('',*,*,#7545,.T.);
#5035=ORIENTED_EDGE('',*,*,#7485,.F.);
#5036=ORIENTED_EDGE('',*,*,#7533,.T.);
#5037=ORIENTED_EDGE('',*,*,#7528,.F.);
#5038=ORIENTED_EDGE('',*,*,#7465,.T.);
#5039=ORIENTED_EDGE('',*,*,#7570,.T.);
#5040=ORIENTED_EDGE('',*,*,#7463,.F.);
#5041=ORIENTED_EDGE('',*,*,#7527,.F.);
#5042=ORIENTED_EDGE('',*,*,#7580,.T.);
#5043=ORIENTED_EDGE('',*,*,#7525,.F.);
#5044=ORIENTED_EDGE('',*,*,#7455,.F.);
#5045=ORIENTED_EDGE('',*,*,#7514,.F.);
#5046=ORIENTED_EDGE('',*,*,#7457,.T.);
#5047=ORIENTED_EDGE('',*,*,#7569,.T.);
#5048=ORIENTED_EDGE('',*,*,#7451,.F.);
#5049=ORIENTED_EDGE('',*,*,#7592,.F.);
#5050=ORIENTED_EDGE('',*,*,#7453,.T.);
#5051=ORIENTED_EDGE('',*,*,#7515,.F.);
#5052=ORIENTED_EDGE('',*,*,#7447,.F.);
#5053=ORIENTED_EDGE('',*,*,#7541,.F.);
#5054=ORIENTED_EDGE('',*,*,#7449,.T.);
#5055=ORIENTED_EDGE('',*,*,#7593,.T.);
#5056=ORIENTED_EDGE('',*,*,#7593,.F.);
#5057=ORIENTED_EDGE('',*,*,#7448,.F.);
#5058=ORIENTED_EDGE('',*,*,#7592,.T.);
#5059=ORIENTED_EDGE('',*,*,#7450,.T.);
#5060=ORIENTED_EDGE('',*,*,#7443,.F.);
#5061=ORIENTED_EDGE('',*,*,#7542,.F.);
#5062=ORIENTED_EDGE('',*,*,#7445,.T.);
#5063=ORIENTED_EDGE('',*,*,#7594,.T.);
#5064=ORIENTED_EDGE('',*,*,#7594,.F.);
#5065=ORIENTED_EDGE('',*,*,#7444,.F.);
#5066=ORIENTED_EDGE('',*,*,#7595,.T.);
#5067=ORIENTED_EDGE('',*,*,#7434,.T.);
#5068=ORIENTED_EDGE('',*,*,#7435,.F.);
#5069=ORIENTED_EDGE('',*,*,#7595,.F.);
#5070=ORIENTED_EDGE('',*,*,#7437,.T.);
#5071=ORIENTED_EDGE('',*,*,#7574,.F.);
#5072=ORIENTED_EDGE('',*,*,#7529,.T.);
#5073=ORIENTED_EDGE('',*,*,#7573,.F.);
#5074=ORIENTED_EDGE('',*,*,#7441,.T.);
#5075=ORIENTED_EDGE('',*,*,#7568,.T.);
#5076=ORIENTED_EDGE('',*,*,#7439,.F.);
#5077=ORIENTED_EDGE('',*,*,#7572,.F.);
#5078=ORIENTED_EDGE('',*,*,#7531,.T.);
#5079=ORIENTED_EDGE('',*,*,#7587,.F.);
#5080=ORIENTED_EDGE('',*,*,#7543,.T.);
#5081=ORIENTED_EDGE('',*,*,#7575,.F.);
#5082=ORIENTED_EDGE('',*,*,#7433,.F.);
#5083=ORIENTED_EDGE('',*,*,#7432,.T.);
#5084=ORIENTED_EDGE('',*,*,#7596,.T.);
#5085=ORIENTED_EDGE('',*,*,#7429,.F.);
#5086=ORIENTED_EDGE('',*,*,#7596,.F.);
#5087=ORIENTED_EDGE('',*,*,#7431,.T.);
#5088=ORIENTED_EDGE('',*,*,#7567,.T.);
#5089=ORIENTED_EDGE('',*,*,#7427,.F.);
#5090=ORIENTED_EDGE('',*,*,#7426,.T.);
#5091=ORIENTED_EDGE('',*,*,#7597,.T.);
#5092=ORIENTED_EDGE('',*,*,#7423,.F.);
#5093=ORIENTED_EDGE('',*,*,#7597,.F.);
#5094=ORIENTED_EDGE('',*,*,#7425,.T.);
#5095=ORIENTED_EDGE('',*,*,#7566,.T.);
#5096=ORIENTED_EDGE('',*,*,#7421,.F.);
#5097=ORIENTED_EDGE('',*,*,#7420,.T.);
#5098=ORIENTED_EDGE('',*,*,#7598,.T.);
#5099=ORIENTED_EDGE('',*,*,#7417,.F.);
#5100=ORIENTED_EDGE('',*,*,#7598,.F.);
#5101=ORIENTED_EDGE('',*,*,#7419,.T.);
#5102=ORIENTED_EDGE('',*,*,#7565,.T.);
#5103=ORIENTED_EDGE('',*,*,#7415,.F.);
#5104=ORIENTED_EDGE('',*,*,#7414,.T.);
#5105=ORIENTED_EDGE('',*,*,#7599,.T.);
#5106=ORIENTED_EDGE('',*,*,#7411,.F.);
#5107=ORIENTED_EDGE('',*,*,#7599,.F.);
#5108=ORIENTED_EDGE('',*,*,#7413,.T.);
#5109=ORIENTED_EDGE('',*,*,#7564,.T.);
#5110=ORIENTED_EDGE('',*,*,#7409,.F.);
#5111=ORIENTED_EDGE('',*,*,#7408,.T.);
#5112=ORIENTED_EDGE('',*,*,#7600,.T.);
#5113=ORIENTED_EDGE('',*,*,#7405,.F.);
#5114=ORIENTED_EDGE('',*,*,#7600,.F.);
#5115=ORIENTED_EDGE('',*,*,#7407,.T.);
#5116=ORIENTED_EDGE('',*,*,#7551,.T.);
#5117=ORIENTED_EDGE('',*,*,#7403,.F.);
#5118=ORIENTED_EDGE('',*,*,#7402,.T.);
#5119=ORIENTED_EDGE('',*,*,#7601,.T.);
#5120=ORIENTED_EDGE('',*,*,#7399,.F.);
#5121=ORIENTED_EDGE('',*,*,#7601,.F.);
#5122=ORIENTED_EDGE('',*,*,#7401,.T.);
#5123=ORIENTED_EDGE('',*,*,#7550,.T.);
#5124=ORIENTED_EDGE('',*,*,#7397,.F.);
#5125=ORIENTED_EDGE('',*,*,#7396,.T.);
#5126=ORIENTED_EDGE('',*,*,#7602,.T.);
#5127=ORIENTED_EDGE('',*,*,#7393,.F.);
#5128=ORIENTED_EDGE('',*,*,#7602,.F.);
#5129=ORIENTED_EDGE('',*,*,#7395,.T.);
#5130=ORIENTED_EDGE('',*,*,#7558,.T.);
#5131=ORIENTED_EDGE('',*,*,#7391,.F.);
#5132=ORIENTED_EDGE('',*,*,#7390,.T.);
#5133=ORIENTED_EDGE('',*,*,#7603,.T.);
#5134=ORIENTED_EDGE('',*,*,#7387,.F.);
#5135=ORIENTED_EDGE('',*,*,#7603,.F.);
#5136=ORIENTED_EDGE('',*,*,#7389,.T.);
#5137=ORIENTED_EDGE('',*,*,#7557,.T.);
#5138=ORIENTED_EDGE('',*,*,#7604,.F.);
#5139=ORIENTED_EDGE('',*,*,#7605,.F.);
#5140=ORIENTED_EDGE('',*,*,#7606,.F.);
#5141=ORIENTED_EDGE('',*,*,#7607,.F.);
#5142=ORIENTED_EDGE('',*,*,#7608,.F.);
#5143=ORIENTED_EDGE('',*,*,#7609,.F.);
#5144=ORIENTED_EDGE('',*,*,#7610,.F.);
#5145=ORIENTED_EDGE('',*,*,#7611,.F.);
#5146=ORIENTED_EDGE('',*,*,#7612,.F.);
#5147=ORIENTED_EDGE('',*,*,#7613,.F.);
#5148=ORIENTED_EDGE('',*,*,#7614,.F.);
#5149=ORIENTED_EDGE('',*,*,#7615,.F.);
#5150=ORIENTED_EDGE('',*,*,#7616,.T.);
#5151=ORIENTED_EDGE('',*,*,#7617,.F.);
#5152=ORIENTED_EDGE('',*,*,#7618,.T.);
#5153=ORIENTED_EDGE('',*,*,#7619,.F.);
#5154=ORIENTED_EDGE('',*,*,#7620,.T.);
#5155=ORIENTED_EDGE('',*,*,#7621,.F.);
#5156=ORIENTED_EDGE('',*,*,#7622,.T.);
#5157=ORIENTED_EDGE('',*,*,#7623,.T.);
#5158=ORIENTED_EDGE('',*,*,#7624,.T.);
#5159=ORIENTED_EDGE('',*,*,#7625,.T.);
#5160=ORIENTED_EDGE('',*,*,#7626,.T.);
#5161=ORIENTED_EDGE('',*,*,#7627,.T.);
#5162=ORIENTED_EDGE('',*,*,#7628,.F.);
#5163=ORIENTED_EDGE('',*,*,#7629,.F.);
#5164=ORIENTED_EDGE('',*,*,#7630,.T.);
#5165=ORIENTED_EDGE('',*,*,#7631,.T.);
#5166=ORIENTED_EDGE('',*,*,#7632,.T.);
#5167=ORIENTED_EDGE('',*,*,#7633,.T.);
#5168=ORIENTED_EDGE('',*,*,#7634,.T.);
#5169=ORIENTED_EDGE('',*,*,#7635,.F.);
#5170=ORIENTED_EDGE('',*,*,#7636,.F.);
#5171=ORIENTED_EDGE('',*,*,#7637,.T.);
#5172=ORIENTED_EDGE('',*,*,#7638,.F.);
#5173=ORIENTED_EDGE('',*,*,#7639,.T.);
#5174=ORIENTED_EDGE('',*,*,#7640,.F.);
#5175=ORIENTED_EDGE('',*,*,#7641,.T.);
#5176=ORIENTED_EDGE('',*,*,#7642,.F.);
#5177=ORIENTED_EDGE('',*,*,#7643,.T.);
#5178=ORIENTED_EDGE('',*,*,#7644,.T.);
#5179=ORIENTED_EDGE('',*,*,#7645,.F.);
#5180=ORIENTED_EDGE('',*,*,#7615,.T.);
#5181=ORIENTED_EDGE('',*,*,#7646,.F.);
#5182=ORIENTED_EDGE('',*,*,#7637,.F.);
#5183=ORIENTED_EDGE('',*,*,#7616,.F.);
#5184=ORIENTED_EDGE('',*,*,#7645,.T.);
#5185=ORIENTED_EDGE('',*,*,#7636,.T.);
#5186=ORIENTED_EDGE('',*,*,#7647,.T.);
#5187=ORIENTED_EDGE('',*,*,#7648,.F.);
#5188=ORIENTED_EDGE('',*,*,#7617,.T.);
#5189=ORIENTED_EDGE('',*,*,#7647,.F.);
#5190=ORIENTED_EDGE('',*,*,#7643,.F.);
#5191=ORIENTED_EDGE('',*,*,#7618,.F.);
#5192=ORIENTED_EDGE('',*,*,#7648,.T.);
#5193=ORIENTED_EDGE('',*,*,#7642,.T.);
#5194=ORIENTED_EDGE('',*,*,#7649,.T.);
#5195=ORIENTED_EDGE('',*,*,#7650,.F.);
#5196=ORIENTED_EDGE('',*,*,#7619,.T.);
#5197=ORIENTED_EDGE('',*,*,#7649,.F.);
#5198=ORIENTED_EDGE('',*,*,#7641,.F.);
#5199=ORIENTED_EDGE('',*,*,#7620,.F.);
#5200=ORIENTED_EDGE('',*,*,#7650,.T.);
#5201=ORIENTED_EDGE('',*,*,#7640,.T.);
#5202=ORIENTED_EDGE('',*,*,#7651,.T.);
#5203=ORIENTED_EDGE('',*,*,#7652,.F.);
#5204=ORIENTED_EDGE('',*,*,#7621,.T.);
#5205=ORIENTED_EDGE('',*,*,#7651,.F.);
#5206=ORIENTED_EDGE('',*,*,#7639,.F.);
#5207=ORIENTED_EDGE('',*,*,#7622,.F.);
#5208=ORIENTED_EDGE('',*,*,#7652,.T.);
#5209=ORIENTED_EDGE('',*,*,#7638,.T.);
#5210=ORIENTED_EDGE('',*,*,#7646,.T.);
#5211=ORIENTED_EDGE('',*,*,#7653,.F.);
#5212=ORIENTED_EDGE('',*,*,#7627,.F.);
#5213=ORIENTED_EDGE('',*,*,#7654,.F.);
#5214=ORIENTED_EDGE('',*,*,#7644,.F.);
#5215=ORIENTED_EDGE('',*,*,#7655,.F.);
#5216=ORIENTED_EDGE('',*,*,#7656,.T.);
#5217=ORIENTED_EDGE('',*,*,#7657,.T.);
#5218=ORIENTED_EDGE('',*,*,#7658,.F.);
#5219=ORIENTED_EDGE('',*,*,#7659,.F.);
#5220=ORIENTED_EDGE('',*,*,#7611,.T.);
#5221=ORIENTED_EDGE('',*,*,#7609,.T.);
#5222=ORIENTED_EDGE('',*,*,#7660,.F.);
#5223=ORIENTED_EDGE('',*,*,#7661,.T.);
#5224=ORIENTED_EDGE('',*,*,#7662,.T.);
#5225=ORIENTED_EDGE('',*,*,#7663,.F.);
#5226=ORIENTED_EDGE('',*,*,#7612,.T.);
#5227=ORIENTED_EDGE('',*,*,#7664,.F.);
#5228=ORIENTED_EDGE('',*,*,#7610,.T.);
#5229=ORIENTED_EDGE('',*,*,#7665,.T.);
#5230=ORIENTED_EDGE('',*,*,#7608,.T.);
#5231=ORIENTED_EDGE('',*,*,#7666,.T.);
#5232=ORIENTED_EDGE('',*,*,#7628,.T.);
#5233=ORIENTED_EDGE('',*,*,#7667,.T.);
#5234=ORIENTED_EDGE('',*,*,#7668,.F.);
#5235=ORIENTED_EDGE('',*,*,#7669,.T.);
#5236=ORIENTED_EDGE('',*,*,#7630,.F.);
#5237=ORIENTED_EDGE('',*,*,#7670,.T.);
#5238=ORIENTED_EDGE('',*,*,#7671,.F.);
#5239=ORIENTED_EDGE('',*,*,#7672,.T.);
#5240=ORIENTED_EDGE('',*,*,#7632,.F.);
#5241=ORIENTED_EDGE('',*,*,#7673,.T.);
#5242=ORIENTED_EDGE('',*,*,#7674,.F.);
#5243=ORIENTED_EDGE('',*,*,#7675,.T.);
#5244=ORIENTED_EDGE('',*,*,#7634,.F.);
#5245=ORIENTED_EDGE('',*,*,#7676,.T.);
#5246=ORIENTED_EDGE('',*,*,#7677,.F.);
#5247=ORIENTED_EDGE('',*,*,#7657,.F.);
#5248=ORIENTED_EDGE('',*,*,#7678,.F.);
#5249=ORIENTED_EDGE('',*,*,#7679,.F.);
#5250=ORIENTED_EDGE('',*,*,#7662,.F.);
#5251=ORIENTED_EDGE('',*,*,#7680,.F.);
#5252=ORIENTED_EDGE('',*,*,#7681,.F.);
#5253=ORIENTED_EDGE('',*,*,#7674,.T.);
#5254=ORIENTED_EDGE('',*,*,#7682,.T.);
#5255=ORIENTED_EDGE('',*,*,#7671,.T.);
#5256=ORIENTED_EDGE('',*,*,#7683,.T.);
#5257=ORIENTED_EDGE('',*,*,#7668,.T.);
#5258=ORIENTED_EDGE('',*,*,#7684,.T.);
#5259=ORIENTED_EDGE('',*,*,#7677,.T.);
#5260=ORIENTED_EDGE('',*,*,#7685,.T.);
#5261=ORIENTED_EDGE('',*,*,#7681,.T.);
#5262=ORIENTED_EDGE('',*,*,#7686,.T.);
#5263=ORIENTED_EDGE('',*,*,#7686,.F.);
#5264=ORIENTED_EDGE('',*,*,#7664,.T.);
#5265=ORIENTED_EDGE('',*,*,#7680,.T.);
#5266=ORIENTED_EDGE('',*,*,#7687,.T.);
#5267=ORIENTED_EDGE('',*,*,#7687,.F.);
#5268=ORIENTED_EDGE('',*,*,#7663,.T.);
#5269=ORIENTED_EDGE('',*,*,#7661,.F.);
#5270=ORIENTED_EDGE('',*,*,#7660,.T.);
#5271=ORIENTED_EDGE('',*,*,#7679,.T.);
#5272=ORIENTED_EDGE('',*,*,#7688,.T.);
#5273=ORIENTED_EDGE('',*,*,#7688,.F.);
#5274=ORIENTED_EDGE('',*,*,#7659,.T.);
#5275=ORIENTED_EDGE('',*,*,#7665,.F.);
#5276=ORIENTED_EDGE('',*,*,#7689,.T.);
#5277=ORIENTED_EDGE('',*,*,#7655,.T.);
#5278=ORIENTED_EDGE('',*,*,#7656,.F.);
#5279=ORIENTED_EDGE('',*,*,#7689,.F.);
#5280=ORIENTED_EDGE('',*,*,#7658,.T.);
#5281=ORIENTED_EDGE('',*,*,#7678,.T.);
#5282=ORIENTED_EDGE('',*,*,#7690,.T.);
#5283=ORIENTED_EDGE('',*,*,#7613,.T.);
#5284=ORIENTED_EDGE('',*,*,#7690,.F.);
#5285=ORIENTED_EDGE('',*,*,#7654,.T.);
#5286=ORIENTED_EDGE('',*,*,#7691,.T.);
#5287=ORIENTED_EDGE('',*,*,#7614,.T.);
#5288=ORIENTED_EDGE('',*,*,#7691,.F.);
#5289=ORIENTED_EDGE('',*,*,#7653,.T.);
#5290=ORIENTED_EDGE('',*,*,#7673,.F.);
#5291=ORIENTED_EDGE('',*,*,#7631,.F.);
#5292=ORIENTED_EDGE('',*,*,#7669,.F.);
#5293=ORIENTED_EDGE('',*,*,#7682,.F.);
#5294=ORIENTED_EDGE('',*,*,#7670,.F.);
#5295=ORIENTED_EDGE('',*,*,#7629,.T.);
#5296=ORIENTED_EDGE('',*,*,#7666,.F.);
#5297=ORIENTED_EDGE('',*,*,#7683,.F.);
#5298=ORIENTED_EDGE('',*,*,#7667,.F.);
#5299=ORIENTED_EDGE('',*,*,#7635,.T.);
#5300=ORIENTED_EDGE('',*,*,#7675,.F.);
#5301=ORIENTED_EDGE('',*,*,#7684,.F.);
#5302=ORIENTED_EDGE('',*,*,#7676,.F.);
#5303=ORIENTED_EDGE('',*,*,#7633,.F.);
#5304=ORIENTED_EDGE('',*,*,#7672,.F.);
#5305=ORIENTED_EDGE('',*,*,#7685,.F.);
#5306=ORIENTED_EDGE('',*,*,#7607,.T.);
#5307=ORIENTED_EDGE('',*,*,#7626,.F.);
#5308=ORIENTED_EDGE('',*,*,#7606,.T.);
#5309=ORIENTED_EDGE('',*,*,#7625,.F.);
#5310=ORIENTED_EDGE('',*,*,#7605,.T.);
#5311=ORIENTED_EDGE('',*,*,#7624,.F.);
#5312=ORIENTED_EDGE('',*,*,#7604,.T.);
#5313=ORIENTED_EDGE('',*,*,#7623,.F.);
#5314=ORIENTED_EDGE('',*,*,#7692,.T.);
#5315=ORIENTED_EDGE('',*,*,#7693,.T.);
#5316=ORIENTED_EDGE('',*,*,#7694,.F.);
#5317=ORIENTED_EDGE('',*,*,#7695,.F.);
#5318=ORIENTED_EDGE('',*,*,#7696,.F.);
#5319=ORIENTED_EDGE('',*,*,#7697,.T.);
#5320=ORIENTED_EDGE('',*,*,#7698,.T.);
#5321=ORIENTED_EDGE('',*,*,#7699,.T.);
#5322=ORIENTED_EDGE('',*,*,#7700,.F.);
#5323=ORIENTED_EDGE('',*,*,#7701,.T.);
#5324=ORIENTED_EDGE('',*,*,#7702,.F.);
#5325=ORIENTED_EDGE('',*,*,#7703,.F.);
#5326=ORIENTED_EDGE('',*,*,#7704,.F.);
#5327=ORIENTED_EDGE('',*,*,#7705,.T.);
#5328=ORIENTED_EDGE('',*,*,#7694,.T.);
#5329=ORIENTED_EDGE('',*,*,#7706,.F.);
#5330=ORIENTED_EDGE('',*,*,#7707,.T.);
#5331=ORIENTED_EDGE('',*,*,#7702,.T.);
#5332=ORIENTED_EDGE('',*,*,#7708,.F.);
#5333=ORIENTED_EDGE('',*,*,#7709,.T.);
#5334=ORIENTED_EDGE('',*,*,#7710,.F.);
#5335=ORIENTED_EDGE('',*,*,#7711,.F.);
#5336=ORIENTED_EDGE('',*,*,#7712,.F.);
#5337=ORIENTED_EDGE('',*,*,#7713,.T.);
#5338=ORIENTED_EDGE('',*,*,#7714,.F.);
#5339=ORIENTED_EDGE('',*,*,#7715,.F.);
#5340=ORIENTED_EDGE('',*,*,#7716,.F.);
#5341=ORIENTED_EDGE('',*,*,#7717,.T.);
#5342=ORIENTED_EDGE('',*,*,#7718,.F.);
#5343=ORIENTED_EDGE('',*,*,#7719,.F.);
#5344=ORIENTED_EDGE('',*,*,#7720,.F.);
#5345=ORIENTED_EDGE('',*,*,#7721,.T.);
#5346=ORIENTED_EDGE('',*,*,#7722,.F.);
#5347=ORIENTED_EDGE('',*,*,#7723,.F.);
#5348=ORIENTED_EDGE('',*,*,#7724,.F.);
#5349=ORIENTED_EDGE('',*,*,#7725,.T.);
#5350=ORIENTED_EDGE('',*,*,#7726,.F.);
#5351=ORIENTED_EDGE('',*,*,#7727,.F.);
#5352=ORIENTED_EDGE('',*,*,#7728,.F.);
#5353=ORIENTED_EDGE('',*,*,#7729,.T.);
#5354=ORIENTED_EDGE('',*,*,#7714,.T.);
#5355=ORIENTED_EDGE('',*,*,#7730,.F.);
#5356=ORIENTED_EDGE('',*,*,#7731,.T.);
#5357=ORIENTED_EDGE('',*,*,#7718,.T.);
#5358=ORIENTED_EDGE('',*,*,#7732,.F.);
#5359=ORIENTED_EDGE('',*,*,#7733,.T.);
#5360=ORIENTED_EDGE('',*,*,#7722,.T.);
#5361=ORIENTED_EDGE('',*,*,#7734,.F.);
#5362=ORIENTED_EDGE('',*,*,#7735,.T.);
#5363=ORIENTED_EDGE('',*,*,#7726,.T.);
#5364=ORIENTED_EDGE('',*,*,#7736,.T.);
#5365=ORIENTED_EDGE('',*,*,#7737,.T.);
#5366=ORIENTED_EDGE('',*,*,#7738,.T.);
#5367=ORIENTED_EDGE('',*,*,#7739,.T.);
#5368=ORIENTED_EDGE('',*,*,#7692,.F.);
#5369=ORIENTED_EDGE('',*,*,#7740,.F.);
#5370=ORIENTED_EDGE('',*,*,#7741,.F.);
#5371=ORIENTED_EDGE('',*,*,#7742,.T.);
#5372=ORIENTED_EDGE('',*,*,#7743,.F.);
#5373=ORIENTED_EDGE('',*,*,#7744,.T.);
#5374=ORIENTED_EDGE('',*,*,#7745,.F.);
#5375=ORIENTED_EDGE('',*,*,#7746,.T.);
#5376=ORIENTED_EDGE('',*,*,#7747,.F.);
#5377=ORIENTED_EDGE('',*,*,#7748,.T.);
#5378=ORIENTED_EDGE('',*,*,#7749,.F.);
#5379=ORIENTED_EDGE('',*,*,#7750,.F.);
#5380=ORIENTED_EDGE('',*,*,#7698,.F.);
#5381=ORIENTED_EDGE('',*,*,#7751,.F.);
#5382=ORIENTED_EDGE('',*,*,#7752,.F.);
#5383=ORIENTED_EDGE('',*,*,#7737,.F.);
#5384=ORIENTED_EDGE('',*,*,#7753,.F.);
#5385=ORIENTED_EDGE('',*,*,#7754,.F.);
#5386=ORIENTED_EDGE('',*,*,#7755,.F.);
#5387=ORIENTED_EDGE('',*,*,#7756,.T.);
#5388=ORIENTED_EDGE('',*,*,#7753,.T.);
#5389=ORIENTED_EDGE('',*,*,#7736,.F.);
#5390=ORIENTED_EDGE('',*,*,#7757,.T.);
#5391=ORIENTED_EDGE('',*,*,#7758,.T.);
#5392=ORIENTED_EDGE('',*,*,#7700,.T.);
#5393=ORIENTED_EDGE('',*,*,#7759,.F.);
#5394=ORIENTED_EDGE('',*,*,#7760,.T.);
#5395=ORIENTED_EDGE('',*,*,#7757,.F.);
#5396=ORIENTED_EDGE('',*,*,#7739,.F.);
#5397=ORIENTED_EDGE('',*,*,#7761,.T.);
#5398=ORIENTED_EDGE('',*,*,#7762,.T.);
#5399=ORIENTED_EDGE('',*,*,#7696,.T.);
#5400=ORIENTED_EDGE('',*,*,#7763,.F.);
#5401=ORIENTED_EDGE('',*,*,#7764,.T.);
#5402=ORIENTED_EDGE('',*,*,#7765,.F.);
#5403=ORIENTED_EDGE('',*,*,#7766,.T.);
#5404=ORIENTED_EDGE('',*,*,#7767,.F.);
#5405=ORIENTED_EDGE('',*,*,#7768,.T.);
#5406=ORIENTED_EDGE('',*,*,#7769,.T.);
#5407=ORIENTED_EDGE('',*,*,#7770,.T.);
#5408=ORIENTED_EDGE('',*,*,#7771,.T.);
#5409=ORIENTED_EDGE('',*,*,#7772,.T.);
#5410=ORIENTED_EDGE('',*,*,#7738,.F.);
#5411=ORIENTED_EDGE('',*,*,#7752,.T.);
#5412=ORIENTED_EDGE('',*,*,#7773,.T.);
#5413=ORIENTED_EDGE('',*,*,#7761,.F.);
#5414=ORIENTED_EDGE('',*,*,#7693,.F.);
#5415=ORIENTED_EDGE('',*,*,#7740,.T.);
#5416=ORIENTED_EDGE('',*,*,#7695,.T.);
#5417=ORIENTED_EDGE('',*,*,#7774,.F.);
#5418=ORIENTED_EDGE('',*,*,#7775,.T.);
#5419=ORIENTED_EDGE('',*,*,#7776,.F.);
#5420=ORIENTED_EDGE('',*,*,#7777,.T.);
#5421=ORIENTED_EDGE('',*,*,#7741,.T.);
#5422=ORIENTED_EDGE('',*,*,#7778,.T.);
#5423=ORIENTED_EDGE('',*,*,#7772,.F.);
#5424=ORIENTED_EDGE('',*,*,#7779,.T.);
#5425=ORIENTED_EDGE('',*,*,#7780,.F.);
#5426=ORIENTED_EDGE('',*,*,#7781,.T.);
#5427=ORIENTED_EDGE('',*,*,#7743,.T.);
#5428=ORIENTED_EDGE('',*,*,#7782,.T.);
#5429=ORIENTED_EDGE('',*,*,#7783,.T.);
#5430=ORIENTED_EDGE('',*,*,#7784,.T.);
#5431=ORIENTED_EDGE('',*,*,#7745,.T.);
#5432=ORIENTED_EDGE('',*,*,#7785,.T.);
#5433=ORIENTED_EDGE('',*,*,#7786,.T.);
#5434=ORIENTED_EDGE('',*,*,#7787,.T.);
#5435=ORIENTED_EDGE('',*,*,#7788,.T.);
#5436=ORIENTED_EDGE('',*,*,#7789,.T.);
#5437=ORIENTED_EDGE('',*,*,#7747,.T.);
#5438=ORIENTED_EDGE('',*,*,#7790,.T.);
#5439=ORIENTED_EDGE('',*,*,#7791,.F.);
#5440=ORIENTED_EDGE('',*,*,#7792,.T.);
#5441=ORIENTED_EDGE('',*,*,#7764,.F.);
#5442=ORIENTED_EDGE('',*,*,#7793,.T.);
#5443=ORIENTED_EDGE('',*,*,#7749,.T.);
#5444=ORIENTED_EDGE('',*,*,#7794,.T.);
#5445=ORIENTED_EDGE('',*,*,#7795,.T.);
#5446=ORIENTED_EDGE('',*,*,#7697,.F.);
#5447=ORIENTED_EDGE('',*,*,#7762,.F.);
#5448=ORIENTED_EDGE('',*,*,#7773,.F.);
#5449=ORIENTED_EDGE('',*,*,#7751,.T.);
#5450=ORIENTED_EDGE('',*,*,#7796,.T.);
#5451=ORIENTED_EDGE('',*,*,#7754,.T.);
#5452=ORIENTED_EDGE('',*,*,#7756,.F.);
#5453=ORIENTED_EDGE('',*,*,#7760,.F.);
#5454=ORIENTED_EDGE('',*,*,#7701,.F.);
#5455=ORIENTED_EDGE('',*,*,#7758,.F.);
#5456=ORIENTED_EDGE('',*,*,#7703,.T.);
#5457=ORIENTED_EDGE('',*,*,#7797,.F.);
#5458=ORIENTED_EDGE('',*,*,#7798,.T.);
#5459=ORIENTED_EDGE('',*,*,#7799,.T.);
#5460=ORIENTED_EDGE('',*,*,#7800,.T.);
#5461=ORIENTED_EDGE('',*,*,#7770,.F.);
#5462=ORIENTED_EDGE('',*,*,#7801,.T.);
#5463=ORIENTED_EDGE('',*,*,#7802,.T.);
#5464=ORIENTED_EDGE('',*,*,#7803,.T.);
#5465=ORIENTED_EDGE('',*,*,#7768,.F.);
#5466=ORIENTED_EDGE('',*,*,#7766,.F.);
#5467=ORIENTED_EDGE('',*,*,#7804,.F.);
#5468=ORIENTED_EDGE('',*,*,#7805,.F.);
#5469=ORIENTED_EDGE('',*,*,#7806,.F.);
#5470=ORIENTED_EDGE('',*,*,#7705,.F.);
#5471=ORIENTED_EDGE('',*,*,#7704,.T.);
#5472=ORIENTED_EDGE('',*,*,#7774,.T.);
#5473=ORIENTED_EDGE('',*,*,#7807,.F.);
#5474=ORIENTED_EDGE('',*,*,#7775,.F.);
#5475=ORIENTED_EDGE('',*,*,#7808,.F.);
#5476=ORIENTED_EDGE('',*,*,#7809,.F.);
#5477=ORIENTED_EDGE('',*,*,#7810,.F.);
#5478=ORIENTED_EDGE('',*,*,#7779,.F.);
#5479=ORIENTED_EDGE('',*,*,#7771,.F.);
#5480=ORIENTED_EDGE('',*,*,#7800,.F.);
#5481=ORIENTED_EDGE('',*,*,#7778,.F.);
#5482=ORIENTED_EDGE('',*,*,#7755,.T.);
#5483=ORIENTED_EDGE('',*,*,#7796,.F.);
#5484=ORIENTED_EDGE('',*,*,#7759,.T.);
#5485=ORIENTED_EDGE('',*,*,#7811,.F.);
#5486=ORIENTED_EDGE('',*,*,#7782,.F.);
#5487=ORIENTED_EDGE('',*,*,#7742,.F.);
#5488=ORIENTED_EDGE('',*,*,#7777,.F.);
#5489=ORIENTED_EDGE('',*,*,#7812,.F.);
#5490=ORIENTED_EDGE('',*,*,#7785,.F.);
#5491=ORIENTED_EDGE('',*,*,#7744,.F.);
#5492=ORIENTED_EDGE('',*,*,#7781,.F.);
#5493=ORIENTED_EDGE('',*,*,#7813,.T.);
#5494=ORIENTED_EDGE('',*,*,#7710,.T.);
#5495=ORIENTED_EDGE('',*,*,#7814,.T.);
#5496=ORIENTED_EDGE('',*,*,#7815,.T.);
#5497=ORIENTED_EDGE('',*,*,#7816,.T.);
#5498=ORIENTED_EDGE('',*,*,#7795,.F.);
#5499=ORIENTED_EDGE('',*,*,#7817,.T.);
#5500=ORIENTED_EDGE('',*,*,#7788,.F.);
#5501=ORIENTED_EDGE('',*,*,#7818,.T.);
#5502=ORIENTED_EDGE('',*,*,#7786,.F.);
#5503=ORIENTED_EDGE('',*,*,#7812,.T.);
#5504=ORIENTED_EDGE('',*,*,#7783,.F.);
#5505=ORIENTED_EDGE('',*,*,#7811,.T.);
#5506=ORIENTED_EDGE('',*,*,#7776,.T.);
#5507=ORIENTED_EDGE('',*,*,#7807,.T.);
#5508=ORIENTED_EDGE('',*,*,#7819,.T.);
#5509=ORIENTED_EDGE('',*,*,#7820,.T.);
#5510=ORIENTED_EDGE('',*,*,#7821,.T.);
#5511=ORIENTED_EDGE('',*,*,#7822,.T.);
#5512=ORIENTED_EDGE('',*,*,#7823,.T.);
#5513=ORIENTED_EDGE('',*,*,#7824,.F.);
#5514=ORIENTED_EDGE('',*,*,#7825,.T.);
#5515=ORIENTED_EDGE('',*,*,#7826,.T.);
#5516=ORIENTED_EDGE('',*,*,#7818,.F.);
#5517=ORIENTED_EDGE('',*,*,#7787,.F.);
#5518=ORIENTED_EDGE('',*,*,#7746,.F.);
#5519=ORIENTED_EDGE('',*,*,#7784,.F.);
#5520=ORIENTED_EDGE('',*,*,#7817,.F.);
#5521=ORIENTED_EDGE('',*,*,#7794,.F.);
#5522=ORIENTED_EDGE('',*,*,#7748,.F.);
#5523=ORIENTED_EDGE('',*,*,#7789,.F.);
#5524=ORIENTED_EDGE('',*,*,#7816,.F.);
#5525=ORIENTED_EDGE('',*,*,#7827,.F.);
#5526=ORIENTED_EDGE('',*,*,#7828,.F.);
#5527=ORIENTED_EDGE('',*,*,#7790,.F.);
#5528=ORIENTED_EDGE('',*,*,#7699,.F.);
#5529=ORIENTED_EDGE('',*,*,#7750,.T.);
#5530=ORIENTED_EDGE('',*,*,#7793,.F.);
#5531=ORIENTED_EDGE('',*,*,#7763,.T.);
#5532=ORIENTED_EDGE('',*,*,#7804,.T.);
#5533=ORIENTED_EDGE('',*,*,#7765,.T.);
#5534=ORIENTED_EDGE('',*,*,#7792,.F.);
#5535=ORIENTED_EDGE('',*,*,#7829,.T.);
#5536=ORIENTED_EDGE('',*,*,#7707,.F.);
#5537=ORIENTED_EDGE('',*,*,#7706,.T.);
#5538=ORIENTED_EDGE('',*,*,#7797,.T.);
#5539=ORIENTED_EDGE('',*,*,#7830,.T.);
#5540=ORIENTED_EDGE('',*,*,#7831,.T.);
#5541=ORIENTED_EDGE('',*,*,#7808,.T.);
#5542=ORIENTED_EDGE('',*,*,#7780,.T.);
#5543=ORIENTED_EDGE('',*,*,#7810,.T.);
#5544=ORIENTED_EDGE('',*,*,#7799,.F.);
#5545=ORIENTED_EDGE('',*,*,#7832,.T.);
#5546=ORIENTED_EDGE('',*,*,#7802,.F.);
#5547=ORIENTED_EDGE('',*,*,#7833,.T.);
#5548=ORIENTED_EDGE('',*,*,#7805,.T.);
#5549=ORIENTED_EDGE('',*,*,#7829,.F.);
#5550=ORIENTED_EDGE('',*,*,#7791,.T.);
#5551=ORIENTED_EDGE('',*,*,#7828,.T.);
#5552=ORIENTED_EDGE('',*,*,#7834,.T.);
#5553=ORIENTED_EDGE('',*,*,#7835,.T.);
#5554=ORIENTED_EDGE('',*,*,#7708,.T.);
#5555=ORIENTED_EDGE('',*,*,#7836,.T.);
#5556=ORIENTED_EDGE('',*,*,#7837,.T.);
#5557=ORIENTED_EDGE('',*,*,#7838,.T.);
#5558=ORIENTED_EDGE('',*,*,#7839,.F.);
#5559=ORIENTED_EDGE('',*,*,#7840,.T.);
#5560=ORIENTED_EDGE('',*,*,#7841,.T.);
#5561=ORIENTED_EDGE('',*,*,#7842,.T.);
#5562=ORIENTED_EDGE('',*,*,#7832,.F.);
#5563=ORIENTED_EDGE('',*,*,#7798,.F.);
#5564=ORIENTED_EDGE('',*,*,#7769,.F.);
#5565=ORIENTED_EDGE('',*,*,#7803,.F.);
#5566=ORIENTED_EDGE('',*,*,#7801,.F.);
#5567=ORIENTED_EDGE('',*,*,#7767,.T.);
#5568=ORIENTED_EDGE('',*,*,#7806,.T.);
#5569=ORIENTED_EDGE('',*,*,#7833,.F.);
#5570=ORIENTED_EDGE('',*,*,#7843,.T.);
#5571=ORIENTED_EDGE('',*,*,#7819,.F.);
#5572=ORIENTED_EDGE('',*,*,#7809,.T.);
#5573=ORIENTED_EDGE('',*,*,#7831,.F.);
#5574=ORIENTED_EDGE('',*,*,#7711,.T.);
#5575=ORIENTED_EDGE('',*,*,#7813,.F.);
#5576=ORIENTED_EDGE('',*,*,#7844,.T.);
#5577=ORIENTED_EDGE('',*,*,#7836,.F.);
#5578=ORIENTED_EDGE('',*,*,#7845,.T.);
#5579=ORIENTED_EDGE('',*,*,#7712,.T.);
#5580=ORIENTED_EDGE('',*,*,#7846,.T.);
#5581=ORIENTED_EDGE('',*,*,#7716,.T.);
#5582=ORIENTED_EDGE('',*,*,#7847,.T.);
#5583=ORIENTED_EDGE('',*,*,#7838,.F.);
#5584=ORIENTED_EDGE('',*,*,#7848,.T.);
#5585=ORIENTED_EDGE('',*,*,#7825,.F.);
#5586=ORIENTED_EDGE('',*,*,#7849,.T.);
#5587=ORIENTED_EDGE('',*,*,#7823,.F.);
#5588=ORIENTED_EDGE('',*,*,#7850,.T.);
#5589=ORIENTED_EDGE('',*,*,#7840,.F.);
#5590=ORIENTED_EDGE('',*,*,#7851,.T.);
#5591=ORIENTED_EDGE('',*,*,#7720,.T.);
#5592=ORIENTED_EDGE('',*,*,#7852,.T.);
#5593=ORIENTED_EDGE('',*,*,#7724,.T.);
#5594=ORIENTED_EDGE('',*,*,#7853,.T.);
#5595=ORIENTED_EDGE('',*,*,#7821,.F.);
#5596=ORIENTED_EDGE('',*,*,#7854,.T.);
#5597=ORIENTED_EDGE('',*,*,#7842,.F.);
#5598=ORIENTED_EDGE('',*,*,#7855,.T.);
#5599=ORIENTED_EDGE('',*,*,#7834,.F.);
#5600=ORIENTED_EDGE('',*,*,#7827,.T.);
#5601=ORIENTED_EDGE('',*,*,#7815,.F.);
#5602=ORIENTED_EDGE('',*,*,#7820,.F.);
#5603=ORIENTED_EDGE('',*,*,#7843,.F.);
#5604=ORIENTED_EDGE('',*,*,#7830,.F.);
#5605=ORIENTED_EDGE('',*,*,#7854,.F.);
#5606=ORIENTED_EDGE('',*,*,#7709,.F.);
#5607=ORIENTED_EDGE('',*,*,#7835,.F.);
#5608=ORIENTED_EDGE('',*,*,#7855,.F.);
#5609=ORIENTED_EDGE('',*,*,#7814,.F.);
#5610=ORIENTED_EDGE('',*,*,#7826,.F.);
#5611=ORIENTED_EDGE('',*,*,#7848,.F.);
#5612=ORIENTED_EDGE('',*,*,#7837,.F.);
#5613=ORIENTED_EDGE('',*,*,#7844,.F.);
#5614=ORIENTED_EDGE('',*,*,#7713,.F.);
#5615=ORIENTED_EDGE('',*,*,#7845,.F.);
#5616=ORIENTED_EDGE('',*,*,#7715,.T.);
#5617=ORIENTED_EDGE('',*,*,#7856,.F.);
#5618=ORIENTED_EDGE('',*,*,#7717,.F.);
#5619=ORIENTED_EDGE('',*,*,#7846,.F.);
#5620=ORIENTED_EDGE('',*,*,#7719,.T.);
#5621=ORIENTED_EDGE('',*,*,#7857,.F.);
#5622=ORIENTED_EDGE('',*,*,#7824,.T.);
#5623=ORIENTED_EDGE('',*,*,#7849,.F.);
#5624=ORIENTED_EDGE('',*,*,#7839,.T.);
#5625=ORIENTED_EDGE('',*,*,#7847,.F.);
#5626=ORIENTED_EDGE('',*,*,#7853,.F.);
#5627=ORIENTED_EDGE('',*,*,#7841,.F.);
#5628=ORIENTED_EDGE('',*,*,#7850,.F.);
#5629=ORIENTED_EDGE('',*,*,#7822,.F.);
#5630=ORIENTED_EDGE('',*,*,#7721,.F.);
#5631=ORIENTED_EDGE('',*,*,#7851,.F.);
#5632=ORIENTED_EDGE('',*,*,#7723,.T.);
#5633=ORIENTED_EDGE('',*,*,#7858,.F.);
#5634=ORIENTED_EDGE('',*,*,#7725,.F.);
#5635=ORIENTED_EDGE('',*,*,#7852,.F.);
#5636=ORIENTED_EDGE('',*,*,#7727,.T.);
#5637=ORIENTED_EDGE('',*,*,#7859,.F.);
#5638=ORIENTED_EDGE('',*,*,#7729,.F.);
#5639=ORIENTED_EDGE('',*,*,#7728,.T.);
#5640=ORIENTED_EDGE('',*,*,#7856,.T.);
#5641=ORIENTED_EDGE('',*,*,#7731,.F.);
#5642=ORIENTED_EDGE('',*,*,#7730,.T.);
#5643=ORIENTED_EDGE('',*,*,#7857,.T.);
#5644=ORIENTED_EDGE('',*,*,#7733,.F.);
#5645=ORIENTED_EDGE('',*,*,#7732,.T.);
#5646=ORIENTED_EDGE('',*,*,#7858,.T.);
#5647=ORIENTED_EDGE('',*,*,#7735,.F.);
#5648=ORIENTED_EDGE('',*,*,#7734,.T.);
#5649=ORIENTED_EDGE('',*,*,#7859,.T.);
#5650=ORIENTED_EDGE('',*,*,#7860,.T.);
#5651=ORIENTED_EDGE('',*,*,#7861,.F.);
#5652=ORIENTED_EDGE('',*,*,#7862,.T.);
#5653=ORIENTED_EDGE('',*,*,#7863,.T.);
#5654=ORIENTED_EDGE('',*,*,#7864,.F.);
#5655=ORIENTED_EDGE('',*,*,#7865,.F.);
#5656=ORIENTED_EDGE('',*,*,#7866,.T.);
#5657=ORIENTED_EDGE('',*,*,#7867,.T.);
#5658=ORIENTED_EDGE('',*,*,#7868,.F.);
#5659=ORIENTED_EDGE('',*,*,#7869,.F.);
#5660=ORIENTED_EDGE('',*,*,#7870,.T.);
#5661=ORIENTED_EDGE('',*,*,#7871,.T.);
#5662=ORIENTED_EDGE('',*,*,#7872,.F.);
#5663=ORIENTED_EDGE('',*,*,#7873,.F.);
#5664=ORIENTED_EDGE('',*,*,#7874,.T.);
#5665=ORIENTED_EDGE('',*,*,#7875,.T.);
#5666=ORIENTED_EDGE('',*,*,#7876,.F.);
#5667=ORIENTED_EDGE('',*,*,#7877,.F.);
#5668=ORIENTED_EDGE('',*,*,#7878,.T.);
#5669=ORIENTED_EDGE('',*,*,#7879,.T.);
#5670=ORIENTED_EDGE('',*,*,#7880,.F.);
#5671=ORIENTED_EDGE('',*,*,#7881,.F.);
#5672=ORIENTED_EDGE('',*,*,#7882,.T.);
#5673=ORIENTED_EDGE('',*,*,#7883,.T.);
#5674=ORIENTED_EDGE('',*,*,#7884,.F.);
#5675=ORIENTED_EDGE('',*,*,#7885,.F.);
#5676=ORIENTED_EDGE('',*,*,#7886,.T.);
#5677=ORIENTED_EDGE('',*,*,#7887,.T.);
#5678=ORIENTED_EDGE('',*,*,#7888,.F.);
#5679=ORIENTED_EDGE('',*,*,#7889,.F.);
#5680=ORIENTED_EDGE('',*,*,#7890,.T.);
#5681=ORIENTED_EDGE('',*,*,#7891,.T.);
#5682=ORIENTED_EDGE('',*,*,#7892,.F.);
#5683=ORIENTED_EDGE('',*,*,#7893,.F.);
#5684=ORIENTED_EDGE('',*,*,#7894,.T.);
#5685=ORIENTED_EDGE('',*,*,#7895,.T.);
#5686=ORIENTED_EDGE('',*,*,#7896,.F.);
#5687=ORIENTED_EDGE('',*,*,#7897,.T.);
#5688=ORIENTED_EDGE('',*,*,#7898,.T.);
#5689=ORIENTED_EDGE('',*,*,#7899,.T.);
#5690=ORIENTED_EDGE('',*,*,#7900,.T.);
#5691=ORIENTED_EDGE('',*,*,#7901,.F.);
#5692=ORIENTED_EDGE('',*,*,#7902,.F.);
#5693=ORIENTED_EDGE('',*,*,#7903,.T.);
#5694=ORIENTED_EDGE('',*,*,#7904,.T.);
#5695=ORIENTED_EDGE('',*,*,#7905,.T.);
#5696=ORIENTED_EDGE('',*,*,#7906,.T.);
#5697=ORIENTED_EDGE('',*,*,#7907,.T.);
#5698=ORIENTED_EDGE('',*,*,#7908,.T.);
#5699=ORIENTED_EDGE('',*,*,#7909,.T.);
#5700=ORIENTED_EDGE('',*,*,#7910,.T.);
#5701=ORIENTED_EDGE('',*,*,#7911,.T.);
#5702=ORIENTED_EDGE('',*,*,#7912,.T.);
#5703=ORIENTED_EDGE('',*,*,#7863,.F.);
#5704=ORIENTED_EDGE('',*,*,#7913,.F.);
#5705=ORIENTED_EDGE('',*,*,#7875,.F.);
#5706=ORIENTED_EDGE('',*,*,#7914,.F.);
#5707=ORIENTED_EDGE('',*,*,#7883,.F.);
#5708=ORIENTED_EDGE('',*,*,#7915,.F.);
#5709=ORIENTED_EDGE('',*,*,#7891,.F.);
#5710=ORIENTED_EDGE('',*,*,#7916,.F.);
#5711=ORIENTED_EDGE('',*,*,#7917,.F.);
#5712=ORIENTED_EDGE('',*,*,#7918,.F.);
#5713=ORIENTED_EDGE('',*,*,#7919,.F.);
#5714=ORIENTED_EDGE('',*,*,#7920,.F.);
#5715=ORIENTED_EDGE('',*,*,#7867,.F.);
#5716=ORIENTED_EDGE('',*,*,#7921,.T.);
#5717=ORIENTED_EDGE('',*,*,#7922,.T.);
#5718=ORIENTED_EDGE('',*,*,#7923,.T.);
#5719=ORIENTED_EDGE('',*,*,#7924,.T.);
#5720=ORIENTED_EDGE('',*,*,#7925,.T.);
#5721=ORIENTED_EDGE('',*,*,#7926,.T.);
#5722=ORIENTED_EDGE('',*,*,#7927,.F.);
#5723=ORIENTED_EDGE('',*,*,#7928,.T.);
#5724=ORIENTED_EDGE('',*,*,#7929,.T.);
#5725=ORIENTED_EDGE('',*,*,#7930,.T.);
#5726=ORIENTED_EDGE('',*,*,#7931,.T.);
#5727=ORIENTED_EDGE('',*,*,#7932,.T.);
#5728=ORIENTED_EDGE('',*,*,#7933,.T.);
#5729=ORIENTED_EDGE('',*,*,#7934,.T.);
#5730=ORIENTED_EDGE('',*,*,#7935,.T.);
#5731=ORIENTED_EDGE('',*,*,#7936,.T.);
#5732=ORIENTED_EDGE('',*,*,#7937,.T.);
#5733=ORIENTED_EDGE('',*,*,#7938,.T.);
#5734=ORIENTED_EDGE('',*,*,#7939,.T.);
#5735=ORIENTED_EDGE('',*,*,#7940,.T.);
#5736=ORIENTED_EDGE('',*,*,#7941,.T.);
#5737=ORIENTED_EDGE('',*,*,#7942,.T.);
#5738=ORIENTED_EDGE('',*,*,#7943,.T.);
#5739=ORIENTED_EDGE('',*,*,#7944,.T.);
#5740=ORIENTED_EDGE('',*,*,#7945,.T.);
#5741=ORIENTED_EDGE('',*,*,#7946,.T.);
#5742=ORIENTED_EDGE('',*,*,#7947,.T.);
#5743=ORIENTED_EDGE('',*,*,#7948,.T.);
#5744=ORIENTED_EDGE('',*,*,#7862,.F.);
#5745=ORIENTED_EDGE('',*,*,#7949,.T.);
#5746=ORIENTED_EDGE('',*,*,#7950,.T.);
#5747=ORIENTED_EDGE('',*,*,#7951,.T.);
#5748=ORIENTED_EDGE('',*,*,#7952,.T.);
#5749=ORIENTED_EDGE('',*,*,#7953,.T.);
#5750=ORIENTED_EDGE('',*,*,#7954,.T.);
#5751=ORIENTED_EDGE('',*,*,#7955,.T.);
#5752=ORIENTED_EDGE('',*,*,#7956,.F.);
#5753=ORIENTED_EDGE('',*,*,#7957,.T.);
#5754=ORIENTED_EDGE('',*,*,#7958,.T.);
#5755=ORIENTED_EDGE('',*,*,#7959,.F.);
#5756=ORIENTED_EDGE('',*,*,#7960,.F.);
#5757=ORIENTED_EDGE('',*,*,#7961,.F.);
#5758=ORIENTED_EDGE('',*,*,#7919,.T.);
#5759=ORIENTED_EDGE('',*,*,#7962,.F.);
#5760=ORIENTED_EDGE('',*,*,#7963,.T.);
#5761=ORIENTED_EDGE('',*,*,#7964,.F.);
#5762=ORIENTED_EDGE('',*,*,#7927,.T.);
#5763=ORIENTED_EDGE('',*,*,#7965,.F.);
#5764=ORIENTED_EDGE('',*,*,#7966,.T.);
#5765=ORIENTED_EDGE('',*,*,#7967,.F.);
#5766=ORIENTED_EDGE('',*,*,#7968,.F.);
#5767=ORIENTED_EDGE('',*,*,#7897,.F.);
#5768=ORIENTED_EDGE('',*,*,#7969,.T.);
#5769=ORIENTED_EDGE('',*,*,#7970,.F.);
#5770=ORIENTED_EDGE('',*,*,#7916,.T.);
#5771=ORIENTED_EDGE('',*,*,#7961,.T.);
#5772=ORIENTED_EDGE('',*,*,#7971,.F.);
#5773=ORIENTED_EDGE('',*,*,#7972,.F.);
#5774=ORIENTED_EDGE('',*,*,#7973,.F.);
#5775=ORIENTED_EDGE('',*,*,#7917,.T.);
#5776=ORIENTED_EDGE('',*,*,#7970,.T.);
#5777=ORIENTED_EDGE('',*,*,#7974,.F.);
#5778=ORIENTED_EDGE('',*,*,#7975,.T.);
#5779=ORIENTED_EDGE('',*,*,#7976,.T.);
#5780=ORIENTED_EDGE('',*,*,#7977,.T.);
#5781=ORIENTED_EDGE('',*,*,#7959,.T.);
#5782=ORIENTED_EDGE('',*,*,#7918,.T.);
#5783=ORIENTED_EDGE('',*,*,#7973,.T.);
#5784=ORIENTED_EDGE('',*,*,#7978,.T.);
#5785=ORIENTED_EDGE('',*,*,#7901,.T.);
#5786=ORIENTED_EDGE('',*,*,#7979,.T.);
#5787=ORIENTED_EDGE('',*,*,#7980,.T.);
#5788=ORIENTED_EDGE('',*,*,#7981,.T.);
#5789=ORIENTED_EDGE('',*,*,#7982,.T.);
#5790=ORIENTED_EDGE('',*,*,#7956,.T.);
#5791=ORIENTED_EDGE('',*,*,#7983,.T.);
#5792=ORIENTED_EDGE('',*,*,#7984,.T.);
#5793=ORIENTED_EDGE('',*,*,#7977,.F.);
#5794=ORIENTED_EDGE('',*,*,#7985,.F.);
#5795=ORIENTED_EDGE('',*,*,#7971,.T.);
#5796=ORIENTED_EDGE('',*,*,#7960,.T.);
#5797=ORIENTED_EDGE('',*,*,#7986,.T.);
#5798=ORIENTED_EDGE('',*,*,#7987,.T.);
#5799=ORIENTED_EDGE('',*,*,#7988,.F.);
#5800=ORIENTED_EDGE('',*,*,#7972,.T.);
#5801=ORIENTED_EDGE('',*,*,#7985,.T.);
#5802=ORIENTED_EDGE('',*,*,#7976,.F.);
#5803=ORIENTED_EDGE('',*,*,#7962,.T.);
#5804=ORIENTED_EDGE('',*,*,#7988,.T.);
#5805=ORIENTED_EDGE('',*,*,#7975,.F.);
#5806=ORIENTED_EDGE('',*,*,#7989,.F.);
#5807=ORIENTED_EDGE('',*,*,#7930,.F.);
#5808=ORIENTED_EDGE('',*,*,#7990,.T.);
#5809=ORIENTED_EDGE('',*,*,#7928,.F.);
#5810=ORIENTED_EDGE('',*,*,#7964,.T.);
#5811=ORIENTED_EDGE('',*,*,#7991,.F.);
#5812=ORIENTED_EDGE('',*,*,#7983,.F.);
#5813=ORIENTED_EDGE('',*,*,#7955,.F.);
#5814=ORIENTED_EDGE('',*,*,#7992,.T.);
#5815=ORIENTED_EDGE('',*,*,#7893,.T.);
#5816=ORIENTED_EDGE('',*,*,#7993,.T.);
#5817=ORIENTED_EDGE('',*,*,#7953,.F.);
#5818=ORIENTED_EDGE('',*,*,#7994,.T.);
#5819=ORIENTED_EDGE('',*,*,#7885,.T.);
#5820=ORIENTED_EDGE('',*,*,#7995,.T.);
#5821=ORIENTED_EDGE('',*,*,#7951,.F.);
#5822=ORIENTED_EDGE('',*,*,#7996,.T.);
#5823=ORIENTED_EDGE('',*,*,#7957,.F.);
#5824=ORIENTED_EDGE('',*,*,#7982,.F.);
#5825=ORIENTED_EDGE('',*,*,#7997,.F.);
#5826=ORIENTED_EDGE('',*,*,#7965,.T.);
#5827=ORIENTED_EDGE('',*,*,#7926,.F.);
#5828=ORIENTED_EDGE('',*,*,#7998,.T.);
#5829=ORIENTED_EDGE('',*,*,#7949,.F.);
#5830=ORIENTED_EDGE('',*,*,#7861,.T.);
#5831=ORIENTED_EDGE('',*,*,#7948,.F.);
#5832=ORIENTED_EDGE('',*,*,#7999,.T.);
#5833=ORIENTED_EDGE('',*,*,#7946,.F.);
#5834=ORIENTED_EDGE('',*,*,#8000,.T.);
#5835=ORIENTED_EDGE('',*,*,#7944,.F.);
#5836=ORIENTED_EDGE('',*,*,#8001,.T.);
#5837=ORIENTED_EDGE('',*,*,#7942,.F.);
#5838=ORIENTED_EDGE('',*,*,#8002,.T.);
#5839=ORIENTED_EDGE('',*,*,#7940,.F.);
#5840=ORIENTED_EDGE('',*,*,#8003,.T.);
#5841=ORIENTED_EDGE('',*,*,#7938,.F.);
#5842=ORIENTED_EDGE('',*,*,#8004,.T.);
#5843=ORIENTED_EDGE('',*,*,#7936,.F.);
#5844=ORIENTED_EDGE('',*,*,#8005,.T.);
#5845=ORIENTED_EDGE('',*,*,#7934,.F.);
#5846=ORIENTED_EDGE('',*,*,#8006,.T.);
#5847=ORIENTED_EDGE('',*,*,#7932,.F.);
#5848=ORIENTED_EDGE('',*,*,#8007,.T.);
#5849=ORIENTED_EDGE('',*,*,#8008,.T.);
#5850=ORIENTED_EDGE('',*,*,#8009,.T.);
#5851=ORIENTED_EDGE('',*,*,#7869,.T.);
#5852=ORIENTED_EDGE('',*,*,#8010,.T.);
#5853=ORIENTED_EDGE('',*,*,#7921,.F.);
#5854=ORIENTED_EDGE('',*,*,#8011,.T.);
#5855=ORIENTED_EDGE('',*,*,#7924,.F.);
#5856=ORIENTED_EDGE('',*,*,#8012,.T.);
#5857=ORIENTED_EDGE('',*,*,#8013,.T.);
#5858=ORIENTED_EDGE('',*,*,#7877,.T.);
#5859=ORIENTED_EDGE('',*,*,#8014,.T.);
#5860=ORIENTED_EDGE('',*,*,#8015,.F.);
#5861=ORIENTED_EDGE('',*,*,#8016,.T.);
#5862=ORIENTED_EDGE('',*,*,#8017,.F.);
#5863=ORIENTED_EDGE('',*,*,#7980,.F.);
#5864=ORIENTED_EDGE('',*,*,#8018,.F.);
#5865=ORIENTED_EDGE('',*,*,#7967,.T.);
#5866=ORIENTED_EDGE('',*,*,#8019,.F.);
#5867=ORIENTED_EDGE('',*,*,#7898,.F.);
#5868=ORIENTED_EDGE('',*,*,#7968,.T.);
#5869=ORIENTED_EDGE('',*,*,#8018,.T.);
#5870=ORIENTED_EDGE('',*,*,#7979,.F.);
#5871=ORIENTED_EDGE('',*,*,#7900,.F.);
#5872=ORIENTED_EDGE('',*,*,#8020,.T.);
#5873=ORIENTED_EDGE('',*,*,#7969,.F.);
#5874=ORIENTED_EDGE('',*,*,#7902,.T.);
#5875=ORIENTED_EDGE('',*,*,#7978,.F.);
#5876=ORIENTED_EDGE('',*,*,#7974,.T.);
#5877=ORIENTED_EDGE('',*,*,#7984,.F.);
#5878=ORIENTED_EDGE('',*,*,#7991,.T.);
#5879=ORIENTED_EDGE('',*,*,#7963,.F.);
#5880=ORIENTED_EDGE('',*,*,#7989,.T.);
#5881=ORIENTED_EDGE('',*,*,#8015,.T.);
#5882=ORIENTED_EDGE('',*,*,#8021,.T.);
#5883=ORIENTED_EDGE('',*,*,#8022,.T.);
#5884=ORIENTED_EDGE('',*,*,#8017,.T.);
#5885=ORIENTED_EDGE('',*,*,#8023,.T.);
#5886=ORIENTED_EDGE('',*,*,#7981,.F.);
#5887=ORIENTED_EDGE('',*,*,#8019,.T.);
#5888=ORIENTED_EDGE('',*,*,#7966,.F.);
#5889=ORIENTED_EDGE('',*,*,#7997,.T.);
#5890=ORIENTED_EDGE('',*,*,#7958,.F.);
#5891=ORIENTED_EDGE('',*,*,#7996,.F.);
#5892=ORIENTED_EDGE('',*,*,#8024,.F.);
#5893=ORIENTED_EDGE('',*,*,#8012,.F.);
#5894=ORIENTED_EDGE('',*,*,#8022,.F.);
#5895=ORIENTED_EDGE('',*,*,#7986,.F.);
#5896=ORIENTED_EDGE('',*,*,#7987,.F.);
#5897=ORIENTED_EDGE('',*,*,#7899,.F.);
#5898=ORIENTED_EDGE('',*,*,#8020,.F.);
#5899=ORIENTED_EDGE('',*,*,#8025,.F.);
#5900=ORIENTED_EDGE('',*,*,#8008,.F.);
#5901=ORIENTED_EDGE('',*,*,#7923,.F.);
#5902=ORIENTED_EDGE('',*,*,#8023,.F.);
#5903=ORIENTED_EDGE('',*,*,#8016,.F.);
#5904=ORIENTED_EDGE('',*,*,#7925,.F.);
#5905=ORIENTED_EDGE('',*,*,#8011,.F.);
#5906=ORIENTED_EDGE('',*,*,#7950,.F.);
#5907=ORIENTED_EDGE('',*,*,#7998,.F.);
#5908=ORIENTED_EDGE('',*,*,#7894,.F.);
#5909=ORIENTED_EDGE('',*,*,#7992,.F.);
#5910=ORIENTED_EDGE('',*,*,#7954,.F.);
#5911=ORIENTED_EDGE('',*,*,#7993,.F.);
#5912=ORIENTED_EDGE('',*,*,#7896,.T.);
#5913=ORIENTED_EDGE('',*,*,#8026,.T.);
#5914=ORIENTED_EDGE('',*,*,#8026,.F.);
#5915=ORIENTED_EDGE('',*,*,#7895,.F.);
#5916=ORIENTED_EDGE('',*,*,#8027,.T.);
#5917=ORIENTED_EDGE('',*,*,#7889,.T.);
#5918=ORIENTED_EDGE('',*,*,#7890,.F.);
#5919=ORIENTED_EDGE('',*,*,#8027,.F.);
#5920=ORIENTED_EDGE('',*,*,#7892,.T.);
#5921=ORIENTED_EDGE('',*,*,#7915,.T.);
#5922=ORIENTED_EDGE('',*,*,#7886,.F.);
#5923=ORIENTED_EDGE('',*,*,#7994,.F.);
#5924=ORIENTED_EDGE('',*,*,#7952,.F.);
#5925=ORIENTED_EDGE('',*,*,#7995,.F.);
#5926=ORIENTED_EDGE('',*,*,#7888,.T.);
#5927=ORIENTED_EDGE('',*,*,#8028,.T.);
#5928=ORIENTED_EDGE('',*,*,#8028,.F.);
#5929=ORIENTED_EDGE('',*,*,#7887,.F.);
#5930=ORIENTED_EDGE('',*,*,#8029,.T.);
#5931=ORIENTED_EDGE('',*,*,#7881,.T.);
#5932=ORIENTED_EDGE('',*,*,#7882,.F.);
#5933=ORIENTED_EDGE('',*,*,#8029,.F.);
#5934=ORIENTED_EDGE('',*,*,#7884,.T.);
#5935=ORIENTED_EDGE('',*,*,#7914,.T.);
#5936=ORIENTED_EDGE('',*,*,#7878,.F.);
#5937=ORIENTED_EDGE('',*,*,#8013,.F.);
#5938=ORIENTED_EDGE('',*,*,#8024,.T.);
#5939=ORIENTED_EDGE('',*,*,#8021,.F.);
#5940=ORIENTED_EDGE('',*,*,#8014,.F.);
#5941=ORIENTED_EDGE('',*,*,#7880,.T.);
#5942=ORIENTED_EDGE('',*,*,#8030,.T.);
#5943=ORIENTED_EDGE('',*,*,#8030,.F.);
#5944=ORIENTED_EDGE('',*,*,#7879,.F.);
#5945=ORIENTED_EDGE('',*,*,#8031,.T.);
#5946=ORIENTED_EDGE('',*,*,#7873,.T.);
#5947=ORIENTED_EDGE('',*,*,#7874,.F.);
#5948=ORIENTED_EDGE('',*,*,#8031,.F.);
#5949=ORIENTED_EDGE('',*,*,#7876,.T.);
#5950=ORIENTED_EDGE('',*,*,#7913,.T.);
#5951=ORIENTED_EDGE('',*,*,#7870,.F.);
#5952=ORIENTED_EDGE('',*,*,#8009,.F.);
#5953=ORIENTED_EDGE('',*,*,#8025,.T.);
#5954=ORIENTED_EDGE('',*,*,#7922,.F.);
#5955=ORIENTED_EDGE('',*,*,#8010,.F.);
#5956=ORIENTED_EDGE('',*,*,#7872,.T.);
#5957=ORIENTED_EDGE('',*,*,#8032,.T.);
#5958=ORIENTED_EDGE('',*,*,#8032,.F.);
#5959=ORIENTED_EDGE('',*,*,#7871,.F.);
#5960=ORIENTED_EDGE('',*,*,#8033,.T.);
#5961=ORIENTED_EDGE('',*,*,#7865,.T.);
#5962=ORIENTED_EDGE('',*,*,#7866,.F.);
#5963=ORIENTED_EDGE('',*,*,#8033,.F.);
#5964=ORIENTED_EDGE('',*,*,#7868,.T.);
#5965=ORIENTED_EDGE('',*,*,#7920,.T.);
#5966=ORIENTED_EDGE('',*,*,#7860,.F.);
#5967=ORIENTED_EDGE('',*,*,#7864,.T.);
#5968=ORIENTED_EDGE('',*,*,#7912,.F.);
#5969=ORIENTED_EDGE('',*,*,#8034,.F.);
#5970=ORIENTED_EDGE('',*,*,#8035,.T.);
#5971=ORIENTED_EDGE('',*,*,#7999,.F.);
#5972=ORIENTED_EDGE('',*,*,#7947,.F.);
#5973=ORIENTED_EDGE('',*,*,#8035,.F.);
#5974=ORIENTED_EDGE('',*,*,#8034,.T.);
#5975=ORIENTED_EDGE('',*,*,#7911,.F.);
#5976=ORIENTED_EDGE('',*,*,#8036,.F.);
#5977=ORIENTED_EDGE('',*,*,#8037,.T.);
#5978=ORIENTED_EDGE('',*,*,#8000,.F.);
#5979=ORIENTED_EDGE('',*,*,#7945,.F.);
#5980=ORIENTED_EDGE('',*,*,#8037,.F.);
#5981=ORIENTED_EDGE('',*,*,#8036,.T.);
#5982=ORIENTED_EDGE('',*,*,#7910,.F.);
#5983=ORIENTED_EDGE('',*,*,#8038,.F.);
#5984=ORIENTED_EDGE('',*,*,#8039,.T.);
#5985=ORIENTED_EDGE('',*,*,#8001,.F.);
#5986=ORIENTED_EDGE('',*,*,#7943,.F.);
#5987=ORIENTED_EDGE('',*,*,#8039,.F.);
#5988=ORIENTED_EDGE('',*,*,#8038,.T.);
#5989=ORIENTED_EDGE('',*,*,#7909,.F.);
#5990=ORIENTED_EDGE('',*,*,#8040,.F.);
#5991=ORIENTED_EDGE('',*,*,#8041,.T.);
#5992=ORIENTED_EDGE('',*,*,#8002,.F.);
#5993=ORIENTED_EDGE('',*,*,#7941,.F.);
#5994=ORIENTED_EDGE('',*,*,#8041,.F.);
#5995=ORIENTED_EDGE('',*,*,#8040,.T.);
#5996=ORIENTED_EDGE('',*,*,#7908,.F.);
#5997=ORIENTED_EDGE('',*,*,#8042,.F.);
#5998=ORIENTED_EDGE('',*,*,#8043,.T.);
#5999=ORIENTED_EDGE('',*,*,#8003,.F.);
#6000=ORIENTED_EDGE('',*,*,#7939,.F.);
#6001=ORIENTED_EDGE('',*,*,#8043,.F.);
#6002=ORIENTED_EDGE('',*,*,#8042,.T.);
#6003=ORIENTED_EDGE('',*,*,#7907,.F.);
#6004=ORIENTED_EDGE('',*,*,#8044,.F.);
#6005=ORIENTED_EDGE('',*,*,#8045,.T.);
#6006=ORIENTED_EDGE('',*,*,#8004,.F.);
#6007=ORIENTED_EDGE('',*,*,#7937,.F.);
#6008=ORIENTED_EDGE('',*,*,#8045,.F.);
#6009=ORIENTED_EDGE('',*,*,#8044,.T.);
#6010=ORIENTED_EDGE('',*,*,#7906,.F.);
#6011=ORIENTED_EDGE('',*,*,#8046,.F.);
#6012=ORIENTED_EDGE('',*,*,#8047,.T.);
#6013=ORIENTED_EDGE('',*,*,#8005,.F.);
#6014=ORIENTED_EDGE('',*,*,#7935,.F.);
#6015=ORIENTED_EDGE('',*,*,#8047,.F.);
#6016=ORIENTED_EDGE('',*,*,#8046,.T.);
#6017=ORIENTED_EDGE('',*,*,#7905,.F.);
#6018=ORIENTED_EDGE('',*,*,#8048,.F.);
#6019=ORIENTED_EDGE('',*,*,#8049,.T.);
#6020=ORIENTED_EDGE('',*,*,#8006,.F.);
#6021=ORIENTED_EDGE('',*,*,#7933,.F.);
#6022=ORIENTED_EDGE('',*,*,#8049,.F.);
#6023=ORIENTED_EDGE('',*,*,#8048,.T.);
#6024=ORIENTED_EDGE('',*,*,#7904,.F.);
#6025=ORIENTED_EDGE('',*,*,#8050,.F.);
#6026=ORIENTED_EDGE('',*,*,#8051,.T.);
#6027=ORIENTED_EDGE('',*,*,#8007,.F.);
#6028=ORIENTED_EDGE('',*,*,#7931,.F.);
#6029=ORIENTED_EDGE('',*,*,#8051,.F.);
#6030=ORIENTED_EDGE('',*,*,#8050,.T.);
#6031=ORIENTED_EDGE('',*,*,#7903,.F.);
#6032=ORIENTED_EDGE('',*,*,#8052,.F.);
#6033=ORIENTED_EDGE('',*,*,#8053,.T.);
#6034=ORIENTED_EDGE('',*,*,#7990,.F.);
#6035=ORIENTED_EDGE('',*,*,#7929,.F.);
#6036=ORIENTED_EDGE('',*,*,#8053,.F.);
#6037=ORIENTED_EDGE('',*,*,#8052,.T.);
#6038=ORIENTED_EDGE('',*,*,#8054,.F.);
#6039=ORIENTED_EDGE('',*,*,#8055,.T.);
#6040=ORIENTED_EDGE('',*,*,#8056,.T.);
#6041=ORIENTED_EDGE('',*,*,#8057,.F.);
#6042=ORIENTED_EDGE('',*,*,#8055,.F.);
#6043=ORIENTED_EDGE('',*,*,#8057,.T.);
#6044=ORIENTED_EDGE('',*,*,#8054,.T.);
#6045=ORIENTED_EDGE('',*,*,#8056,.F.);
#6046=ORIENTED_EDGE('',*,*,#8058,.T.);
#6047=ORIENTED_EDGE('',*,*,#8059,.F.);
#6048=ORIENTED_EDGE('',*,*,#8060,.F.);
#6049=ORIENTED_EDGE('',*,*,#8061,.T.);
#6050=ORIENTED_EDGE('',*,*,#8058,.F.);
#6051=ORIENTED_EDGE('',*,*,#8060,.T.);
#6052=ORIENTED_EDGE('',*,*,#8059,.T.);
#6053=ORIENTED_EDGE('',*,*,#8061,.F.);
#6054=ORIENTED_EDGE('',*,*,#8062,.F.);
#6055=ORIENTED_EDGE('',*,*,#8063,.F.);
#6056=ORIENTED_EDGE('',*,*,#8063,.T.);
#6057=ORIENTED_EDGE('',*,*,#8064,.T.);
#6058=ORIENTED_EDGE('',*,*,#8065,.T.);
#6059=ORIENTED_EDGE('',*,*,#8066,.T.);
#6060=ORIENTED_EDGE('',*,*,#8067,.T.);
#6061=ORIENTED_EDGE('',*,*,#8068,.T.);
#6062=ORIENTED_EDGE('',*,*,#8069,.F.);
#6063=ORIENTED_EDGE('',*,*,#8070,.F.);
#6064=ORIENTED_EDGE('',*,*,#8071,.T.);
#6065=ORIENTED_EDGE('',*,*,#8072,.T.);
#6066=ORIENTED_EDGE('',*,*,#8073,.T.);
#6067=ORIENTED_EDGE('',*,*,#8074,.T.);
#6068=ORIENTED_EDGE('',*,*,#8075,.T.);
#6069=ORIENTED_EDGE('',*,*,#8076,.T.);
#6070=ORIENTED_EDGE('',*,*,#8077,.F.);
#6071=ORIENTED_EDGE('',*,*,#8078,.F.);
#6072=ORIENTED_EDGE('',*,*,#8079,.T.);
#6073=ORIENTED_EDGE('',*,*,#8080,.T.);
#6074=ORIENTED_EDGE('',*,*,#8081,.T.);
#6075=ORIENTED_EDGE('',*,*,#8082,.T.);
#6076=ORIENTED_EDGE('',*,*,#8083,.T.);
#6077=ORIENTED_EDGE('',*,*,#8084,.F.);
#6078=ORIENTED_EDGE('',*,*,#8085,.F.);
#6079=ORIENTED_EDGE('',*,*,#8086,.T.);
#6080=ORIENTED_EDGE('',*,*,#8087,.T.);
#6081=ORIENTED_EDGE('',*,*,#8088,.T.);
#6082=ORIENTED_EDGE('',*,*,#8089,.T.);
#6083=ORIENTED_EDGE('',*,*,#8090,.T.);
#6084=ORIENTED_EDGE('',*,*,#8091,.T.);
#6085=ORIENTED_EDGE('',*,*,#8092,.F.);
#6086=ORIENTED_EDGE('',*,*,#8093,.F.);
#6087=ORIENTED_EDGE('',*,*,#8094,.T.);
#6088=ORIENTED_EDGE('',*,*,#8095,.T.);
#6089=ORIENTED_EDGE('',*,*,#8096,.T.);
#6090=ORIENTED_EDGE('',*,*,#8096,.F.);
#6091=ORIENTED_EDGE('',*,*,#8097,.T.);
#6092=ORIENTED_EDGE('',*,*,#8065,.F.);
#6093=ORIENTED_EDGE('',*,*,#8098,.T.);
#6094=ORIENTED_EDGE('',*,*,#8073,.F.);
#6095=ORIENTED_EDGE('',*,*,#8099,.T.);
#6096=ORIENTED_EDGE('',*,*,#8088,.F.);
#6097=ORIENTED_EDGE('',*,*,#8100,.T.);
#6098=ORIENTED_EDGE('',*,*,#8100,.F.);
#6099=ORIENTED_EDGE('',*,*,#8087,.F.);
#6100=ORIENTED_EDGE('',*,*,#8101,.F.);
#6101=ORIENTED_EDGE('',*,*,#8089,.F.);
#6102=ORIENTED_EDGE('',*,*,#8099,.F.);
#6103=ORIENTED_EDGE('',*,*,#8080,.F.);
#6104=ORIENTED_EDGE('',*,*,#8102,.F.);
#6105=ORIENTED_EDGE('',*,*,#8081,.F.);
#6106=ORIENTED_EDGE('',*,*,#8097,.F.);
#6107=ORIENTED_EDGE('',*,*,#8095,.F.);
#6108=ORIENTED_EDGE('',*,*,#8103,.F.);
#6109=ORIENTED_EDGE('',*,*,#8066,.F.);
#6110=ORIENTED_EDGE('',*,*,#8098,.F.);
#6111=ORIENTED_EDGE('',*,*,#8072,.F.);
#6112=ORIENTED_EDGE('',*,*,#8104,.F.);
#6113=ORIENTED_EDGE('',*,*,#8074,.F.);
#6114=ORIENTED_EDGE('',*,*,#8105,.T.);
#6115=ORIENTED_EDGE('',*,*,#8067,.F.);
#6116=ORIENTED_EDGE('',*,*,#8103,.T.);
#6117=ORIENTED_EDGE('',*,*,#8094,.F.);
#6118=ORIENTED_EDGE('',*,*,#8106,.T.);
#6119=ORIENTED_EDGE('',*,*,#8107,.T.);
#6120=ORIENTED_EDGE('',*,*,#8090,.F.);
#6121=ORIENTED_EDGE('',*,*,#8101,.T.);
#6122=ORIENTED_EDGE('',*,*,#8086,.F.);
#6123=ORIENTED_EDGE('',*,*,#8108,.T.);
#6124=ORIENTED_EDGE('',*,*,#8109,.T.);
#6125=ORIENTED_EDGE('',*,*,#8082,.F.);
#6126=ORIENTED_EDGE('',*,*,#8102,.T.);
#6127=ORIENTED_EDGE('',*,*,#8079,.F.);
#6128=ORIENTED_EDGE('',*,*,#8110,.T.);
#6129=ORIENTED_EDGE('',*,*,#8111,.T.);
#6130=ORIENTED_EDGE('',*,*,#8075,.F.);
#6131=ORIENTED_EDGE('',*,*,#8104,.T.);
#6132=ORIENTED_EDGE('',*,*,#8071,.F.);
#6133=ORIENTED_EDGE('',*,*,#8112,.T.);
#6134=ORIENTED_EDGE('',*,*,#8113,.T.);
#6135=ORIENTED_EDGE('',*,*,#8076,.F.);
#6136=ORIENTED_EDGE('',*,*,#8112,.F.);
#6137=ORIENTED_EDGE('',*,*,#8070,.T.);
#6138=ORIENTED_EDGE('',*,*,#8114,.T.);
#6139=ORIENTED_EDGE('',*,*,#8083,.F.);
#6140=ORIENTED_EDGE('',*,*,#8110,.F.);
#6141=ORIENTED_EDGE('',*,*,#8078,.T.);
#6142=ORIENTED_EDGE('',*,*,#8115,.T.);
#6143=ORIENTED_EDGE('',*,*,#8091,.F.);
#6144=ORIENTED_EDGE('',*,*,#8108,.F.);
#6145=ORIENTED_EDGE('',*,*,#8085,.T.);
#6146=ORIENTED_EDGE('',*,*,#8116,.T.);
#6147=ORIENTED_EDGE('',*,*,#8068,.F.);
#6148=ORIENTED_EDGE('',*,*,#8106,.F.);
#6149=ORIENTED_EDGE('',*,*,#8093,.T.);
#6150=ORIENTED_EDGE('',*,*,#8117,.T.);
#6151=ORIENTED_EDGE('',*,*,#8107,.F.);
#6152=ORIENTED_EDGE('',*,*,#8118,.T.);
#6153=ORIENTED_EDGE('',*,*,#8109,.F.);
#6154=ORIENTED_EDGE('',*,*,#8119,.T.);
#6155=ORIENTED_EDGE('',*,*,#8111,.F.);
#6156=ORIENTED_EDGE('',*,*,#8120,.T.);
#6157=ORIENTED_EDGE('',*,*,#8105,.F.);
#6158=ORIENTED_EDGE('',*,*,#8064,.F.);
#6159=ORIENTED_EDGE('',*,*,#8120,.F.);
#6160=ORIENTED_EDGE('',*,*,#8119,.F.);
#6161=ORIENTED_EDGE('',*,*,#8118,.F.);
#6162=ORIENTED_EDGE('',*,*,#8117,.F.);
#6163=ORIENTED_EDGE('',*,*,#8069,.T.);
#6164=ORIENTED_EDGE('',*,*,#8116,.F.);
#6165=ORIENTED_EDGE('',*,*,#8092,.T.);
#6166=ORIENTED_EDGE('',*,*,#8115,.F.);
#6167=ORIENTED_EDGE('',*,*,#8084,.T.);
#6168=ORIENTED_EDGE('',*,*,#8114,.F.);
#6169=ORIENTED_EDGE('',*,*,#8077,.T.);
#6170=ORIENTED_EDGE('',*,*,#8113,.F.);
#6171=ORIENTED_EDGE('',*,*,#8121,.F.);
#6172=ORIENTED_EDGE('',*,*,#8121,.T.);
#6173=ORIENTED_EDGE('',*,*,#8062,.T.);
#6174=VERTEX_POINT('',#11971);
#6175=VERTEX_POINT('',#11972);
#6176=VERTEX_POINT('',#11974);
#6177=VERTEX_POINT('',#11976);
#6178=VERTEX_POINT('',#11980);
#6179=VERTEX_POINT('',#11981);
#6180=VERTEX_POINT('',#11983);
#6181=VERTEX_POINT('',#11985);
#6182=VERTEX_POINT('',#11989);
#6183=VERTEX_POINT('',#11990);
#6184=VERTEX_POINT('',#11992);
#6185=VERTEX_POINT('',#11994);
#6186=VERTEX_POINT('',#12013);
#6187=VERTEX_POINT('',#12014);
#6188=VERTEX_POINT('',#12016);
#6189=VERTEX_POINT('',#12018);
#6190=VERTEX_POINT('',#12022);
#6191=VERTEX_POINT('',#12023);
#6192=VERTEX_POINT('',#12025);
#6193=VERTEX_POINT('',#12027);
#6194=VERTEX_POINT('',#12031);
#6195=VERTEX_POINT('',#12032);
#6196=VERTEX_POINT('',#12034);
#6197=VERTEX_POINT('',#12036);
#6198=VERTEX_POINT('',#12040);
#6199=VERTEX_POINT('',#12041);
#6200=VERTEX_POINT('',#12043);
#6201=VERTEX_POINT('',#12045);
#6202=VERTEX_POINT('',#12049);
#6203=VERTEX_POINT('',#12051);
#6204=VERTEX_POINT('',#12055);
#6205=VERTEX_POINT('',#12057);
#6206=VERTEX_POINT('',#12085);
#6207=VERTEX_POINT('',#12087);
#6208=VERTEX_POINT('',#12088);
#6209=VERTEX_POINT('',#12090);
#6210=VERTEX_POINT('',#12092);
#6211=VERTEX_POINT('',#12095);
#6212=VERTEX_POINT('',#12097);
#6213=VERTEX_POINT('',#12100);
#6214=VERTEX_POINT('',#12102);
#6215=VERTEX_POINT('',#12105);
#6216=VERTEX_POINT('',#12108);
#6217=VERTEX_POINT('',#12110);
#6218=VERTEX_POINT('',#12113);
#6219=VERTEX_POINT('',#12116);
#6220=VERTEX_POINT('',#12118);
#6221=VERTEX_POINT('',#12121);
#6222=VERTEX_POINT('',#12123);
#6223=VERTEX_POINT('',#12127);
#6224=VERTEX_POINT('',#12131);
#6225=VERTEX_POINT('',#12138);
#6226=VERTEX_POINT('',#12144);
#6227=VERTEX_POINT('',#12145);
#6228=VERTEX_POINT('',#12147);
#6229=VERTEX_POINT('',#12149);
#6230=VERTEX_POINT('',#12153);
#6231=VERTEX_POINT('',#12154);
#6232=VERTEX_POINT('',#12156);
#6233=VERTEX_POINT('',#12158);
#6234=VERTEX_POINT('',#12162);
#6235=VERTEX_POINT('',#12163);
#6236=VERTEX_POINT('',#12165);
#6237=VERTEX_POINT('',#12167);
#6238=VERTEX_POINT('',#12171);
#6239=VERTEX_POINT('',#12172);
#6240=VERTEX_POINT('',#12174);
#6241=VERTEX_POINT('',#12176);
#6242=VERTEX_POINT('',#12180);
#6243=VERTEX_POINT('',#12181);
#6244=VERTEX_POINT('',#12183);
#6245=VERTEX_POINT('',#12185);
#6246=VERTEX_POINT('',#12189);
#6247=VERTEX_POINT('',#12190);
#6248=VERTEX_POINT('',#12192);
#6249=VERTEX_POINT('',#12194);
#6250=VERTEX_POINT('',#12198);
#6251=VERTEX_POINT('',#12199);
#6252=VERTEX_POINT('',#12201);
#6253=VERTEX_POINT('',#12203);
#6254=VERTEX_POINT('',#12207);
#6255=VERTEX_POINT('',#12208);
#6256=VERTEX_POINT('',#12210);
#6257=VERTEX_POINT('',#12212);
#6258=VERTEX_POINT('',#12216);
#6259=VERTEX_POINT('',#12217);
#6260=VERTEX_POINT('',#12219);
#6261=VERTEX_POINT('',#12221);
#6262=VERTEX_POINT('',#12225);
#6263=VERTEX_POINT('',#12226);
#6264=VERTEX_POINT('',#12228);
#6265=VERTEX_POINT('',#12230);
#6266=VERTEX_POINT('',#12238);
#6267=VERTEX_POINT('',#12239);
#6268=VERTEX_POINT('',#12241);
#6269=VERTEX_POINT('',#12243);
#6270=VERTEX_POINT('',#12245);
#6271=VERTEX_POINT('',#12247);
#6272=VERTEX_POINT('',#12251);
#6273=VERTEX_POINT('',#12252);
#6274=VERTEX_POINT('',#12261);
#6275=VERTEX_POINT('',#12262);
#6276=VERTEX_POINT('',#12265);
#6277=VERTEX_POINT('',#12267);
#6278=VERTEX_POINT('',#12272);
#6279=VERTEX_POINT('',#12273);
#6280=VERTEX_POINT('',#12275);
#6281=VERTEX_POINT('',#12277);
#6282=VERTEX_POINT('',#12279);
#6283=VERTEX_POINT('',#12281);
#6284=VERTEX_POINT('',#12285);
#6285=VERTEX_POINT('',#12286);
#6286=VERTEX_POINT('',#12292);
#6287=VERTEX_POINT('',#12293);
#6288=VERTEX_POINT('',#12296);
#6289=VERTEX_POINT('',#12298);
#6290=VERTEX_POINT('',#12300);
#6291=VERTEX_POINT('',#12303);
#6292=VERTEX_POINT('',#12308);
#6293=VERTEX_POINT('',#12313);
#6294=VERTEX_POINT('',#12317);
#6295=VERTEX_POINT('',#12320);
#6296=VERTEX_POINT('',#12361);
#6297=VERTEX_POINT('',#12362);
#6298=VERTEX_POINT('',#12364);
#6299=VERTEX_POINT('',#12366);
#6300=VERTEX_POINT('',#12370);
#6301=VERTEX_POINT('',#12374);
#6302=VERTEX_POINT('',#12375);
#6303=VERTEX_POINT('',#12377);
#6304=VERTEX_POINT('',#12379);
#6305=VERTEX_POINT('',#12383);
#6306=VERTEX_POINT('',#12387);
#6307=VERTEX_POINT('',#12388);
#6308=VERTEX_POINT('',#12390);
#6309=VERTEX_POINT('',#12392);
#6310=VERTEX_POINT('',#12396);
#6311=VERTEX_POINT('',#12400);
#6312=VERTEX_POINT('',#12401);
#6313=VERTEX_POINT('',#12403);
#6314=VERTEX_POINT('',#12405);
#6315=VERTEX_POINT('',#12409);
#6316=VERTEX_POINT('',#12413);
#6317=VERTEX_POINT('',#12414);
#6318=VERTEX_POINT('',#12416);
#6319=VERTEX_POINT('',#12418);
#6320=VERTEX_POINT('',#12422);
#6321=VERTEX_POINT('',#12423);
#6322=VERTEX_POINT('',#12425);
#6323=VERTEX_POINT('',#12427);
#6324=VERTEX_POINT('',#12431);
#6325=VERTEX_POINT('',#12432);
#6326=VERTEX_POINT('',#12434);
#6327=VERTEX_POINT('',#12436);
#6328=VERTEX_POINT('',#12440);
#6329=VERTEX_POINT('',#12441);
#6330=VERTEX_POINT('',#12443);
#6331=VERTEX_POINT('',#12445);
#6332=VERTEX_POINT('',#12449);
#6333=VERTEX_POINT('',#12450);
#6334=VERTEX_POINT('',#12452);
#6335=VERTEX_POINT('',#12454);
#6336=VERTEX_POINT('',#12458);
#6337=VERTEX_POINT('',#12459);
#6338=VERTEX_POINT('',#12461);
#6339=VERTEX_POINT('',#12463);
#6340=VERTEX_POINT('',#12467);
#6341=VERTEX_POINT('',#12468);
#6342=VERTEX_POINT('',#12470);
#6343=VERTEX_POINT('',#12472);
#6344=VERTEX_POINT('',#12476);
#6345=VERTEX_POINT('',#12478);
#6346=VERTEX_POINT('',#12482);
#6347=VERTEX_POINT('',#12484);
#6348=VERTEX_POINT('',#12488);
#6349=VERTEX_POINT('',#12489);
#6350=VERTEX_POINT('',#12491);
#6351=VERTEX_POINT('',#12493);
#6352=VERTEX_POINT('',#12497);
#6353=VERTEX_POINT('',#12499);
#6354=VERTEX_POINT('',#12503);
#6355=VERTEX_POINT('',#12505);
#6356=VERTEX_POINT('',#12511);
#6357=VERTEX_POINT('',#12513);
#6358=VERTEX_POINT('',#12515);
#6359=VERTEX_POINT('',#12517);
#6360=VERTEX_POINT('',#12519);
#6361=VERTEX_POINT('',#12521);
#6362=VERTEX_POINT('',#12523);
#6363=VERTEX_POINT('',#12525);
#6364=VERTEX_POINT('',#12527);
#6365=VERTEX_POINT('',#12529);
#6366=VERTEX_POINT('',#12532);
#6367=VERTEX_POINT('',#12534);
#6368=VERTEX_POINT('',#12536);
#6369=VERTEX_POINT('',#12538);
#6370=VERTEX_POINT('',#12540);
#6371=VERTEX_POINT('',#12542);
#6372=VERTEX_POINT('',#12546);
#6373=VERTEX_POINT('',#12548);
#6374=VERTEX_POINT('',#12550);
#6375=VERTEX_POINT('',#12552);
#6376=VERTEX_POINT('',#12554);
#6377=VERTEX_POINT('',#12556);
#6378=VERTEX_POINT('',#12559);
#6379=VERTEX_POINT('',#12561);
#6380=VERTEX_POINT('',#12563);
#6381=VERTEX_POINT('',#12565);
#6382=VERTEX_POINT('',#12567);
#6383=VERTEX_POINT('',#12569);
#6384=VERTEX_POINT('',#12572);
#6385=VERTEX_POINT('',#12574);
#6386=VERTEX_POINT('',#12576);
#6387=VERTEX_POINT('',#12578);
#6388=VERTEX_POINT('',#12580);
#6389=VERTEX_POINT('',#12582);
#6390=VERTEX_POINT('',#12585);
#6391=VERTEX_POINT('',#12587);
#6392=VERTEX_POINT('',#12589);
#6393=VERTEX_POINT('',#12591);
#6394=VERTEX_POINT('',#12593);
#6395=VERTEX_POINT('',#12595);
#6396=VERTEX_POINT('',#12598);
#6397=VERTEX_POINT('',#12600);
#6398=VERTEX_POINT('',#12602);
#6399=VERTEX_POINT('',#12604);
#6400=VERTEX_POINT('',#12606);
#6401=VERTEX_POINT('',#12608);
#6402=VERTEX_POINT('',#12610);
#6403=VERTEX_POINT('',#12612);
#6404=VERTEX_POINT('',#12618);
#6405=VERTEX_POINT('',#12620);
#6406=VERTEX_POINT('',#12622);
#6407=VERTEX_POINT('',#12624);
#6408=VERTEX_POINT('',#12626);
#6409=VERTEX_POINT('',#12628);
#6410=VERTEX_POINT('',#12630);
#6411=VERTEX_POINT('',#12632);
#6412=VERTEX_POINT('',#12634);
#6413=VERTEX_POINT('',#12637);
#6414=VERTEX_POINT('',#12639);
#6415=VERTEX_POINT('',#12641);
#6416=VERTEX_POINT('',#12643);
#6417=VERTEX_POINT('',#12645);
#6418=VERTEX_POINT('',#12647);
#6419=VERTEX_POINT('',#12650);
#6420=VERTEX_POINT('',#12652);
#6421=VERTEX_POINT('',#12654);
#6422=VERTEX_POINT('',#12656);
#6423=VERTEX_POINT('',#12658);
#6424=VERTEX_POINT('',#12660);
#6425=VERTEX_POINT('',#12663);
#6426=VERTEX_POINT('',#12665);
#6427=VERTEX_POINT('',#12667);
#6428=VERTEX_POINT('',#12669);
#6429=VERTEX_POINT('',#12671);
#6430=VERTEX_POINT('',#12673);
#6431=VERTEX_POINT('',#12676);
#6432=VERTEX_POINT('',#12678);
#6433=VERTEX_POINT('',#12680);
#6434=VERTEX_POINT('',#12682);
#6435=VERTEX_POINT('',#12684);
#6436=VERTEX_POINT('',#12686);
#6437=VERTEX_POINT('',#12690);
#6438=VERTEX_POINT('',#12692);
#6439=VERTEX_POINT('',#12694);
#6440=VERTEX_POINT('',#12696);
#6441=VERTEX_POINT('',#12698);
#6442=VERTEX_POINT('',#12700);
#6443=VERTEX_POINT('',#12703);
#6444=VERTEX_POINT('',#12705);
#6445=VERTEX_POINT('',#12707);
#6446=VERTEX_POINT('',#12709);
#6447=VERTEX_POINT('',#12711);
#6448=VERTEX_POINT('',#12713);
#6449=VERTEX_POINT('',#12715);
#6450=VERTEX_POINT('',#12717);
#6451=VERTEX_POINT('',#12719);
#6452=VERTEX_POINT('',#12839);
#6453=VERTEX_POINT('',#12840);
#6454=VERTEX_POINT('',#12842);
#6455=VERTEX_POINT('',#12844);
#6456=VERTEX_POINT('',#12848);
#6457=VERTEX_POINT('',#12852);
#6458=VERTEX_POINT('',#12853);
#6459=VERTEX_POINT('',#12855);
#6460=VERTEX_POINT('',#12857);
#6461=VERTEX_POINT('',#12861);
#6462=VERTEX_POINT('',#12865);
#6463=VERTEX_POINT('',#12866);
#6464=VERTEX_POINT('',#12868);
#6465=VERTEX_POINT('',#12870);
#6466=VERTEX_POINT('',#12874);
#6467=VERTEX_POINT('',#12878);
#6468=VERTEX_POINT('',#12879);
#6469=VERTEX_POINT('',#12881);
#6470=VERTEX_POINT('',#12883);
#6471=VERTEX_POINT('',#12887);
#6472=VERTEX_POINT('',#12891);
#6473=VERTEX_POINT('',#12892);
#6474=VERTEX_POINT('',#12894);
#6475=VERTEX_POINT('',#12896);
#6476=VERTEX_POINT('',#12900);
#6477=VERTEX_POINT('',#12904);
#6478=VERTEX_POINT('',#12905);
#6479=VERTEX_POINT('',#12907);
#6480=VERTEX_POINT('',#12909);
#6481=VERTEX_POINT('',#12913);
#6482=VERTEX_POINT('',#12917);
#6483=VERTEX_POINT('',#12918);
#6484=VERTEX_POINT('',#12920);
#6485=VERTEX_POINT('',#12922);
#6486=VERTEX_POINT('',#12926);
#6487=VERTEX_POINT('',#12930);
#6488=VERTEX_POINT('',#12931);
#6489=VERTEX_POINT('',#12933);
#6490=VERTEX_POINT('',#12935);
#6491=VERTEX_POINT('',#12939);
#6492=VERTEX_POINT('',#12943);
#6493=VERTEX_POINT('',#12944);
#6494=VERTEX_POINT('',#12946);
#6495=VERTEX_POINT('',#12961);
#6496=VERTEX_POINT('',#12978);
#6497=VERTEX_POINT('',#12979);
#6498=VERTEX_POINT('',#12981);
#6499=VERTEX_POINT('',#12983);
#6500=VERTEX_POINT('',#12987);
#6501=VERTEX_POINT('',#12988);
#6502=VERTEX_POINT('',#12990);
#6503=VERTEX_POINT('',#12992);
#6504=VERTEX_POINT('',#12996);
#6505=VERTEX_POINT('',#12997);
#6506=VERTEX_POINT('',#12999);
#6507=VERTEX_POINT('',#13001);
#6508=VERTEX_POINT('',#13005);
#6509=VERTEX_POINT('',#13006);
#6510=VERTEX_POINT('',#13008);
#6511=VERTEX_POINT('',#13023);
#6512=VERTEX_POINT('',#13040);
#6513=VERTEX_POINT('',#13041);
#6514=VERTEX_POINT('',#13043);
#6515=VERTEX_POINT('',#13045);
#6516=VERTEX_POINT('',#13049);
#6517=VERTEX_POINT('',#13050);
#6518=VERTEX_POINT('',#13052);
#6519=VERTEX_POINT('',#13067);
#6520=VERTEX_POINT('',#13084);
#6521=VERTEX_POINT('',#13085);
#6522=VERTEX_POINT('',#13087);
#6523=VERTEX_POINT('',#13089);
#6524=VERTEX_POINT('',#13093);
#6525=VERTEX_POINT('',#13094);
#6526=VERTEX_POINT('',#13096);
#6527=VERTEX_POINT('',#13098);
#6528=VERTEX_POINT('',#13102);
#6529=VERTEX_POINT('',#13103);
#6530=VERTEX_POINT('',#13105);
#6531=VERTEX_POINT('',#13107);
#6532=VERTEX_POINT('',#13111);
#6533=VERTEX_POINT('',#13112);
#6534=VERTEX_POINT('',#13114);
#6535=VERTEX_POINT('',#13129);
#6536=VERTEX_POINT('',#13146);
#6537=VERTEX_POINT('',#13147);
#6538=VERTEX_POINT('',#13149);
#6539=VERTEX_POINT('',#13151);
#6540=VERTEX_POINT('',#13155);
#6541=VERTEX_POINT('',#13156);
#6542=VERTEX_POINT('',#13158);
#6543=VERTEX_POINT('',#13160);
#6544=VERTEX_POINT('',#13175);
#6545=VERTEX_POINT('',#13177);
#6546=VERTEX_POINT('',#13181);
#6547=VERTEX_POINT('',#13182);
#6548=VERTEX_POINT('',#13184);
#6549=VERTEX_POINT('',#13186);
#6550=VERTEX_POINT('',#13190);
#6551=VERTEX_POINT('',#13194);
#6552=VERTEX_POINT('',#13195);
#6553=VERTEX_POINT('',#13197);
#6554=VERTEX_POINT('',#13199);
#6555=VERTEX_POINT('',#13203);
#6556=VERTEX_POINT('',#13207);
#6557=VERTEX_POINT('',#13208);
#6558=VERTEX_POINT('',#13210);
#6559=VERTEX_POINT('',#13212);
#6560=VERTEX_POINT('',#13216);
#6561=VERTEX_POINT('',#13218);
#6562=VERTEX_POINT('',#13222);
#6563=VERTEX_POINT('',#13223);
#6564=VERTEX_POINT('',#13225);
#6565=VERTEX_POINT('',#13227);
#6566=VERTEX_POINT('',#13231);
#6567=VERTEX_POINT('',#13233);
#6568=VERTEX_POINT('',#13265);
#6569=VERTEX_POINT('',#13266);
#6570=VERTEX_POINT('',#13268);
#6571=VERTEX_POINT('',#13270);
#6572=VERTEX_POINT('',#13272);
#6573=VERTEX_POINT('',#13275);
#6574=VERTEX_POINT('',#13277);
#6575=VERTEX_POINT('',#13279);
#6576=VERTEX_POINT('',#13288);
#6577=VERTEX_POINT('',#13290);
#6578=VERTEX_POINT('',#13301);
#6579=VERTEX_POINT('',#13302);
#6580=VERTEX_POINT('',#13306);
#6581=VERTEX_POINT('',#13307);
#6582=VERTEX_POINT('',#13313);
#6583=VERTEX_POINT('',#13314);
#6584=VERTEX_POINT('',#13316);
#6585=VERTEX_POINT('',#13318);
#6586=VERTEX_POINT('',#13326);
#6587=VERTEX_POINT('',#13327);
#6588=VERTEX_POINT('',#13333);
#6589=VERTEX_POINT('',#13335);
#6590=VERTEX_POINT('',#13341);
#6591=VERTEX_POINT('',#13346);
#6592=VERTEX_POINT('',#13354);
#6593=VERTEX_POINT('',#13384);
#6594=VERTEX_POINT('',#13493);
#6595=VERTEX_POINT('',#13495);
#6596=VERTEX_POINT('',#13497);
#6597=VERTEX_POINT('',#13499);
#6598=VERTEX_POINT('',#13501);
#6599=VERTEX_POINT('',#13503);
#6600=VERTEX_POINT('',#13505);
#6601=VERTEX_POINT('',#13507);
#6602=VERTEX_POINT('',#13509);
#6603=VERTEX_POINT('',#13511);
#6604=VERTEX_POINT('',#13513);
#6605=VERTEX_POINT('',#13515);
#6606=VERTEX_POINT('',#13516);
#6607=VERTEX_POINT('',#13518);
#6608=VERTEX_POINT('',#13520);
#6609=VERTEX_POINT('',#13522);
#6610=VERTEX_POINT('',#13524);
#6611=VERTEX_POINT('',#13526);
#6612=VERTEX_POINT('',#13528);
#6613=VERTEX_POINT('',#13532);
#6614=VERTEX_POINT('',#13534);
#6615=VERTEX_POINT('',#13536);
#6616=VERTEX_POINT('',#13538);
#6617=VERTEX_POINT('',#13540);
#6618=VERTEX_POINT('',#13542);
#6619=VERTEX_POINT('',#13543);
#6620=VERTEX_POINT('',#13545);
#6621=VERTEX_POINT('',#13547);
#6622=VERTEX_POINT('',#13549);
#6623=VERTEX_POINT('',#13551);
#6624=VERTEX_POINT('',#13553);
#6625=VERTEX_POINT('',#13555);
#6626=VERTEX_POINT('',#13558);
#6627=VERTEX_POINT('',#13559);
#6628=VERTEX_POINT('',#13561);
#6629=VERTEX_POINT('',#13563);
#6630=VERTEX_POINT('',#13565);
#6631=VERTEX_POINT('',#13567);
#6632=VERTEX_POINT('',#13569);
#6633=VERTEX_POINT('',#13571);
#6634=VERTEX_POINT('',#13574);
#6635=VERTEX_POINT('',#13593);
#6636=VERTEX_POINT('',#13596);
#6637=VERTEX_POINT('',#13599);
#6638=VERTEX_POINT('',#13600);
#6639=VERTEX_POINT('',#13602);
#6640=VERTEX_POINT('',#13604);
#6641=VERTEX_POINT('',#13608);
#6642=VERTEX_POINT('',#13611);
#6643=VERTEX_POINT('',#13614);
#6644=VERTEX_POINT('',#13616);
#6645=VERTEX_POINT('',#13619);
#6646=VERTEX_POINT('',#13622);
#6647=VERTEX_POINT('',#13625);
#6648=VERTEX_POINT('',#13628);
#6649=VERTEX_POINT('',#13630);
#6650=VERTEX_POINT('',#13634);
#6651=VERTEX_POINT('',#13636);
#6652=VERTEX_POINT('',#13640);
#6653=VERTEX_POINT('',#13642);
#6654=VERTEX_POINT('',#13646);
#6655=VERTEX_POINT('',#13648);
#6656=VERTEX_POINT('',#13653);
#6657=VERTEX_POINT('',#13655);
#6658=VERTEX_POINT('',#13657);
#6659=VERTEX_POINT('',#13664);
#6660=VERTEX_POINT('',#13668);
#6661=VERTEX_POINT('',#13673);
#6662=VERTEX_POINT('',#13680);
#6663=VERTEX_POINT('',#13684);
#6664=VERTEX_POINT('',#13696);
#6665=VERTEX_POINT('',#13697);
#6666=VERTEX_POINT('',#13699);
#6667=VERTEX_POINT('',#13701);
#6668=VERTEX_POINT('',#13705);
#6669=VERTEX_POINT('',#13706);
#6670=VERTEX_POINT('',#13708);
#6671=VERTEX_POINT('',#13710);
#6672=VERTEX_POINT('',#13714);
#6673=VERTEX_POINT('',#13715);
#6674=VERTEX_POINT('',#13717);
#6675=VERTEX_POINT('',#13719);
#6676=VERTEX_POINT('',#13723);
#6677=VERTEX_POINT('',#13727);
#6678=VERTEX_POINT('',#13731);
#6679=VERTEX_POINT('',#13732);
#6680=VERTEX_POINT('',#13734);
#6681=VERTEX_POINT('',#13736);
#6682=VERTEX_POINT('',#13740);
#6683=VERTEX_POINT('',#13741);
#6684=VERTEX_POINT('',#13743);
#6685=VERTEX_POINT('',#13745);
#6686=VERTEX_POINT('',#13749);
#6687=VERTEX_POINT('',#13750);
#6688=VERTEX_POINT('',#13752);
#6689=VERTEX_POINT('',#13754);
#6690=VERTEX_POINT('',#13758);
#6691=VERTEX_POINT('',#13759);
#6692=VERTEX_POINT('',#13761);
#6693=VERTEX_POINT('',#13763);
#6694=VERTEX_POINT('',#13767);
#6695=VERTEX_POINT('',#13768);
#6696=VERTEX_POINT('',#13770);
#6697=VERTEX_POINT('',#13772);
#6698=VERTEX_POINT('',#13776);
#6699=VERTEX_POINT('',#13780);
#6700=VERTEX_POINT('',#13784);
#6701=VERTEX_POINT('',#13788);
#6702=VERTEX_POINT('',#13792);
#6703=VERTEX_POINT('',#13793);
#6704=VERTEX_POINT('',#13795);
#6705=VERTEX_POINT('',#13797);
#6706=VERTEX_POINT('',#13802);
#6707=VERTEX_POINT('',#13803);
#6708=VERTEX_POINT('',#13805);
#6709=VERTEX_POINT('',#13807);
#6710=VERTEX_POINT('',#13809);
#6711=VERTEX_POINT('',#13811);
#6712=VERTEX_POINT('',#13813);
#6713=VERTEX_POINT('',#13815);
#6714=VERTEX_POINT('',#13817);
#6715=VERTEX_POINT('',#13819);
#6716=VERTEX_POINT('',#13822);
#6717=VERTEX_POINT('',#13825);
#6718=VERTEX_POINT('',#13827);
#6719=VERTEX_POINT('',#13831);
#6720=VERTEX_POINT('',#13836);
#6721=VERTEX_POINT('',#13837);
#6722=VERTEX_POINT('',#13840);
#6723=VERTEX_POINT('',#13843);
#6724=VERTEX_POINT('',#13845);
#6725=VERTEX_POINT('',#13847);
#6726=VERTEX_POINT('',#13849);
#6727=VERTEX_POINT('',#13851);
#6728=VERTEX_POINT('',#13853);
#6729=VERTEX_POINT('',#13855);
#6730=VERTEX_POINT('',#13857);
#6731=VERTEX_POINT('',#13859);
#6732=VERTEX_POINT('',#13867);
#6733=VERTEX_POINT('',#13868);
#6734=VERTEX_POINT('',#13870);
#6735=VERTEX_POINT('',#13874);
#6736=VERTEX_POINT('',#13878);
#6737=VERTEX_POINT('',#13880);
#6738=VERTEX_POINT('',#13884);
#6739=VERTEX_POINT('',#13886);
#6740=VERTEX_POINT('',#13890);
#6741=VERTEX_POINT('',#13892);
#6742=VERTEX_POINT('',#13896);
#6743=VERTEX_POINT('',#13897);
#6744=VERTEX_POINT('',#13899);
#6745=VERTEX_POINT('',#13903);
#6746=VERTEX_POINT('',#13912);
#6747=VERTEX_POINT('',#13914);
#6748=VERTEX_POINT('',#13918);
#6749=VERTEX_POINT('',#13920);
#6750=VERTEX_POINT('',#13924);
#6751=VERTEX_POINT('',#13926);
#6752=VERTEX_POINT('',#13931);
#6753=VERTEX_POINT('',#13933);
#6754=VERTEX_POINT('',#13944);
#6755=VERTEX_POINT('',#13946);
#6756=VERTEX_POINT('',#13948);
#6757=VERTEX_POINT('',#13953);
#6758=VERTEX_POINT('',#13955);
#6759=VERTEX_POINT('',#13957);
#6760=VERTEX_POINT('',#13959);
#6761=VERTEX_POINT('',#13961);
#6762=VERTEX_POINT('',#13963);
#6763=VERTEX_POINT('',#13965);
#6764=VERTEX_POINT('',#13971);
#6765=VERTEX_POINT('',#13979);
#6766=VERTEX_POINT('',#13980);
#6767=VERTEX_POINT('',#13985);
#6768=VERTEX_POINT('',#13988);
#6769=VERTEX_POINT('',#13990);
#6770=VERTEX_POINT('',#13992);
#6771=VERTEX_POINT('',#13994);
#6772=VERTEX_POINT('',#13996);
#6773=VERTEX_POINT('',#13998);
#6774=VERTEX_POINT('',#14040);
#6775=VERTEX_POINT('',#14042);
#6776=VERTEX_POINT('',#14043);
#6777=VERTEX_POINT('',#14089);
#6778=VERTEX_POINT('',#14091);
#6779=VERTEX_POINT('',#14094);
#6780=VERTEX_POINT('',#14095);
#6781=VERTEX_POINT('',#14097);
#6782=VERTEX_POINT('',#14099);
#6783=VERTEX_POINT('',#14103);
#6784=VERTEX_POINT('',#14104);
#6785=VERTEX_POINT('',#14106);
#6786=VERTEX_POINT('',#14108);
#6787=VERTEX_POINT('',#14112);
#6788=VERTEX_POINT('',#14113);
#6789=VERTEX_POINT('',#14115);
#6790=VERTEX_POINT('',#14117);
#6791=VERTEX_POINT('',#14121);
#6792=VERTEX_POINT('',#14122);
#6793=VERTEX_POINT('',#14124);
#6794=VERTEX_POINT('',#14126);
#6795=VERTEX_POINT('',#14130);
#6796=VERTEX_POINT('',#14131);
#6797=VERTEX_POINT('',#14133);
#6798=VERTEX_POINT('',#14135);
#6799=VERTEX_POINT('',#14139);
#6800=VERTEX_POINT('',#14140);
#6801=VERTEX_POINT('',#14142);
#6802=VERTEX_POINT('',#14144);
#6803=VERTEX_POINT('',#14148);
#6804=VERTEX_POINT('',#14149);
#6805=VERTEX_POINT('',#14151);
#6806=VERTEX_POINT('',#14153);
#6807=VERTEX_POINT('',#14157);
#6808=VERTEX_POINT('',#14158);
#6809=VERTEX_POINT('',#14160);
#6810=VERTEX_POINT('',#14162);
#6811=VERTEX_POINT('',#14166);
#6812=VERTEX_POINT('',#14167);
#6813=VERTEX_POINT('',#14169);
#6814=VERTEX_POINT('',#14204);
#6815=VERTEX_POINT('',#14206);
#6816=VERTEX_POINT('',#14208);
#6817=VERTEX_POINT('',#14212);
#6818=VERTEX_POINT('',#14214);
#6819=VERTEX_POINT('',#14216);
#6820=VERTEX_POINT('',#14218);
#6821=VERTEX_POINT('',#14220);
#6822=VERTEX_POINT('',#14222);
#6823=VERTEX_POINT('',#14224);
#6824=VERTEX_POINT('',#14226);
#6825=VERTEX_POINT('',#14228);
#6826=VERTEX_POINT('',#14230);
#6827=VERTEX_POINT('',#14235);
#6828=VERTEX_POINT('',#14236);
#6829=VERTEX_POINT('',#14238);
#6830=VERTEX_POINT('',#14240);
#6831=VERTEX_POINT('',#14245);
#6832=VERTEX_POINT('',#14246);
#6833=VERTEX_POINT('',#14272);
#6834=VERTEX_POINT('',#14286);
#6835=VERTEX_POINT('',#14288);
#6836=VERTEX_POINT('',#14322);
#6837=VERTEX_POINT('',#14323);
#6838=VERTEX_POINT('',#14325);
#6839=VERTEX_POINT('',#14327);
#6840=VERTEX_POINT('',#14371);
#6841=VERTEX_POINT('',#14373);
#6842=VERTEX_POINT('',#14417);
#6843=VERTEX_POINT('',#14419);
#6844=VERTEX_POINT('',#14463);
#6845=VERTEX_POINT('',#14465);
#6846=VERTEX_POINT('',#14509);
#6847=VERTEX_POINT('',#14511);
#6848=VERTEX_POINT('',#14555);
#6849=VERTEX_POINT('',#14557);
#6850=VERTEX_POINT('',#14601);
#6851=VERTEX_POINT('',#14603);
#6852=VERTEX_POINT('',#14647);
#6853=VERTEX_POINT('',#14649);
#6854=VERTEX_POINT('',#14693);
#6855=VERTEX_POINT('',#14695);
#6856=VERTEX_POINT('',#14739);
#6857=VERTEX_POINT('',#14741);
#6858=VERTEX_POINT('',#14785);
#6859=VERTEX_POINT('',#14788);
#6860=VERTEX_POINT('',#14822);
#6861=VERTEX_POINT('',#14823);
#6862=VERTEX_POINT('',#14867);
#6863=VERTEX_POINT('',#14869);
#6864=VERTEX_POINT('',#14913);
#6865=VERTEX_POINT('',#14915);
#6866=VERTEX_POINT('',#14917);
#6867=VERTEX_POINT('',#14919);
#6868=VERTEX_POINT('',#14953);
#6869=VERTEX_POINT('',#14955);
#6870=VERTEX_POINT('',#14959);
#6871=VERTEX_POINT('',#14960);
#6872=VERTEX_POINT('',#14962);
#6873=VERTEX_POINT('',#14965);
#6874=VERTEX_POINT('',#14967);
#6875=VERTEX_POINT('',#14969);
#6876=VERTEX_POINT('',#14972);
#6877=VERTEX_POINT('',#14975);
#6878=VERTEX_POINT('',#14979);
#6879=VERTEX_POINT('',#14983);
#6880=VERTEX_POINT('',#14984);
#6881=VERTEX_POINT('',#14986);
#6882=VERTEX_POINT('',#14990);
#6883=VERTEX_POINT('',#14992);
#6884=VERTEX_POINT('',#14994);
#6885=VERTEX_POINT('',#14997);
#6886=VERTEX_POINT('',#15036);
#6887=VERTEX_POINT('',#15037);
#6888=VERTEX_POINT('',#15095);
#6889=VERTEX_POINT('',#15100);
#6890=VERTEX_POINT('',#15101);
#6891=VERTEX_POINT('',#15104);
#6892=VERTEX_POINT('',#15106);
#6893=VERTEX_POINT('',#15108);
#6894=VERTEX_POINT('',#15179);
#6895=VERTEX_POINT('',#15264);
#6896=VERTEX_POINT('',#15267);
#6897=VERTEX_POINT('',#15271);
#6898=VERTEX_POINT('',#15274);
#6899=VERTEX_POINT('',#15278);
#6900=VERTEX_POINT('',#15281);
#6901=VERTEX_POINT('',#15285);
#6902=VERTEX_POINT('',#15288);
#6903=VERTEX_POINT('',#15292);
#6904=VERTEX_POINT('',#15295);
#6905=VERTEX_POINT('',#15299);
#6906=VERTEX_POINT('',#15302);
#6907=VERTEX_POINT('',#15306);
#6908=VERTEX_POINT('',#15309);
#6909=VERTEX_POINT('',#15313);
#6910=VERTEX_POINT('',#15316);
#6911=VERTEX_POINT('',#15320);
#6912=VERTEX_POINT('',#15323);
#6913=VERTEX_POINT('',#15327);
#6914=VERTEX_POINT('',#15330);
#6915=VERTEX_POINT('',#15334);
#6916=VERTEX_POINT('',#15336);
#6917=VERTEX_POINT('',#15339);
#6918=VERTEX_POINT('',#15341);
#6919=VERTEX_POINT('',#15346);
#6920=VERTEX_POINT('',#15348);
#6921=VERTEX_POINT('',#15351);
#6922=VERTEX_POINT('',#15353);
#6923=VERTEX_POINT('',#15358);
#6924=VERTEX_POINT('',#15360);
#6925=VERTEX_POINT('',#15363);
#6926=VERTEX_POINT('',#15366);
#6927=VERTEX_POINT('',#15367);
#6928=VERTEX_POINT('',#15369);
#6929=VERTEX_POINT('',#15371);
#6930=VERTEX_POINT('',#15373);
#6931=VERTEX_POINT('',#15375);
#6932=VERTEX_POINT('',#15377);
#6933=VERTEX_POINT('',#15379);
#6934=VERTEX_POINT('',#15383);
#6935=VERTEX_POINT('',#15384);
#6936=VERTEX_POINT('',#15386);
#6937=VERTEX_POINT('',#15388);
#6938=VERTEX_POINT('',#15390);
#6939=VERTEX_POINT('',#15392);
#6940=VERTEX_POINT('',#15394);
#6941=VERTEX_POINT('',#15396);
#6942=VERTEX_POINT('',#15400);
#6943=VERTEX_POINT('',#15401);
#6944=VERTEX_POINT('',#15403);
#6945=VERTEX_POINT('',#15405);
#6946=VERTEX_POINT('',#15407);
#6947=VERTEX_POINT('',#15409);
#6948=VERTEX_POINT('',#15411);
#6949=VERTEX_POINT('',#15413);
#6950=VERTEX_POINT('',#15417);
#6951=VERTEX_POINT('',#15418);
#6952=VERTEX_POINT('',#15420);
#6953=VERTEX_POINT('',#15422);
#6954=VERTEX_POINT('',#15424);
#6955=VERTEX_POINT('',#15426);
#6956=VERTEX_POINT('',#15428);
#6957=VERTEX_POINT('',#15430);
#6958=VERTEX_POINT('',#15447);
#6959=VERTEX_POINT('',#15451);
#6960=VERTEX_POINT('',#15455);
#6961=VERTEX_POINT('',#15459);
#6962=VERTEX_POINT('',#15471);
#6963=VERTEX_POINT('',#15474);
#6964=VERTEX_POINT('',#15477);
#6965=VERTEX_POINT('',#15480);
#6966=VERTEX_POINT('',#15484);
#6967=EDGE_CURVE('',#6174,#6175,#8122,.T.);
#6968=EDGE_CURVE('',#6174,#6176,#2504,.T.);
#6969=EDGE_CURVE('',#6177,#6176,#8123,.T.);
#6970=EDGE_CURVE('',#6175,#6177,#2505,.T.);
#6971=EDGE_CURVE('',#6178,#6179,#8124,.T.);
#6972=EDGE_CURVE('',#6178,#6180,#2506,.T.);
#6973=EDGE_CURVE('',#6181,#6180,#8125,.T.);
#6974=EDGE_CURVE('',#6179,#6181,#2507,.T.);
#6975=EDGE_CURVE('',#6182,#6183,#8126,.T.);
#6976=EDGE_CURVE('',#6182,#6184,#2508,.T.);
#6977=EDGE_CURVE('',#6184,#6185,#8127,.T.);
#6978=EDGE_CURVE('',#6183,#6185,#2509,.T.);
#6979=EDGE_CURVE('',#6176,#6181,#2510,.T.);
#6980=EDGE_CURVE('',#6177,#6180,#2511,.T.);
#6981=EDGE_CURVE('',#6176,#6177,#8128,.T.);
#6982=EDGE_CURVE('',#6180,#6181,#8129,.T.);
#6983=EDGE_CURVE('',#6175,#6174,#8130,.T.);
#6984=EDGE_CURVE('',#6185,#6184,#8131,.T.);
#6985=EDGE_CURVE('',#6179,#6178,#8132,.T.);
#6986=EDGE_CURVE('',#6183,#6182,#8133,.T.);
#6987=EDGE_CURVE('',#6186,#6187,#8134,.T.);
#6988=EDGE_CURVE('',#6186,#6188,#8135,.T.);
#6989=EDGE_CURVE('',#6189,#6188,#8136,.T.);
#6990=EDGE_CURVE('',#6187,#6189,#8137,.T.);
#6991=EDGE_CURVE('',#6190,#6191,#8138,.T.);
#6992=EDGE_CURVE('',#6190,#6192,#8139,.T.);
#6993=EDGE_CURVE('',#6193,#6192,#8140,.T.);
#6994=EDGE_CURVE('',#6191,#6193,#8141,.T.);
#6995=EDGE_CURVE('',#6194,#6195,#8142,.T.);
#6996=EDGE_CURVE('',#6194,#6196,#8143,.T.);
#6997=EDGE_CURVE('',#6197,#6196,#8144,.T.);
#6998=EDGE_CURVE('',#6195,#6197,#8145,.T.);
#6999=EDGE_CURVE('',#6198,#6199,#8146,.T.);
#7000=EDGE_CURVE('',#6198,#6200,#8147,.T.);
#7001=EDGE_CURVE('',#6201,#6200,#8148,.T.);
#7002=EDGE_CURVE('',#6199,#6201,#8149,.T.);
#7003=EDGE_CURVE('',#6199,#6202,#2512,.T.);
#7004=EDGE_CURVE('',#6202,#6203,#8150,.T.);
#7005=EDGE_CURVE('',#6198,#6203,#2513,.T.);
#7006=EDGE_CURVE('',#6195,#6204,#2514,.T.);
#7007=EDGE_CURVE('',#6204,#6205,#8151,.T.);
#7008=EDGE_CURVE('',#6194,#6205,#2515,.T.);
#7009=EDGE_CURVE('',#6191,#6189,#2516,.T.);
#7010=EDGE_CURVE('',#6190,#6188,#2517,.T.);
#7011=EDGE_CURVE('',#6191,#6190,#8152,.T.);
#7012=EDGE_CURVE('',#6188,#6189,#8153,.T.);
#7013=EDGE_CURVE('',#6192,#6193,#8154,.T.);
#7014=EDGE_CURVE('',#6205,#6204,#8155,.T.);
#7015=EDGE_CURVE('',#6187,#6186,#8156,.T.);
#7016=EDGE_CURVE('',#6203,#6202,#8157,.T.);
#7017=EDGE_CURVE('',#6195,#6194,#8158,.T.);
#7018=EDGE_CURVE('',#6196,#6197,#8159,.T.);
#7019=EDGE_CURVE('',#6199,#6198,#8160,.T.);
#7020=EDGE_CURVE('',#6200,#6201,#8161,.T.);
#7021=EDGE_CURVE('',#6206,#6206,#8162,.T.);
#7022=EDGE_CURVE('',#6207,#6208,#2518,.T.);
#7023=EDGE_CURVE('',#6208,#6209,#2519,.T.);
#7024=EDGE_CURVE('',#6209,#6210,#2520,.T.);
#7025=EDGE_CURVE('',#6210,#6207,#2521,.T.);
#7026=EDGE_CURVE('',#6211,#6211,#8163,.T.);
#7027=EDGE_CURVE('',#6212,#6212,#8164,.T.);
#7028=EDGE_CURVE('',#6213,#6213,#8165,.T.);
#7029=EDGE_CURVE('',#6214,#6214,#8166,.T.);
#7030=EDGE_CURVE('',#6215,#6215,#8167,.T.);
#7031=EDGE_CURVE('',#6216,#6216,#8168,.T.);
#7032=EDGE_CURVE('',#6217,#6217,#8169,.T.);
#7033=EDGE_CURVE('',#6218,#6218,#8170,.T.);
#7034=EDGE_CURVE('',#6219,#6219,#8171,.T.);
#7035=EDGE_CURVE('',#6220,#6220,#8172,.T.);
#7036=EDGE_CURVE('',#6208,#6221,#2522,.T.);
#7037=EDGE_CURVE('',#6222,#6221,#2523,.T.);
#7038=EDGE_CURVE('',#6222,#6209,#2524,.T.);
#7039=EDGE_CURVE('',#6223,#6222,#2525,.T.);
#7040=EDGE_CURVE('',#6210,#6223,#2526,.T.);
#7041=EDGE_CURVE('',#6223,#6224,#2527,.T.);
#7042=EDGE_CURVE('',#6207,#6224,#2528,.T.);
#7043=EDGE_CURVE('',#6221,#6224,#2529,.T.);
#7044=EDGE_CURVE('',#6225,#6225,#8173,.T.);
#7045=EDGE_CURVE('',#6226,#6227,#8174,.T.);
#7046=EDGE_CURVE('',#6228,#6226,#2530,.T.);
#7047=EDGE_CURVE('',#6228,#6229,#8175,.T.);
#7048=EDGE_CURVE('',#6229,#6227,#2531,.T.);
#7049=EDGE_CURVE('',#6230,#6231,#8176,.T.);
#7050=EDGE_CURVE('',#6232,#6230,#2532,.T.);
#7051=EDGE_CURVE('',#6232,#6233,#8177,.T.);
#7052=EDGE_CURVE('',#6233,#6231,#2533,.T.);
#7053=EDGE_CURVE('',#6234,#6235,#8178,.T.);
#7054=EDGE_CURVE('',#6236,#6234,#2534,.T.);
#7055=EDGE_CURVE('',#6236,#6237,#8179,.T.);
#7056=EDGE_CURVE('',#6237,#6235,#2535,.T.);
#7057=EDGE_CURVE('',#6238,#6239,#8180,.T.);
#7058=EDGE_CURVE('',#6240,#6238,#2536,.T.);
#7059=EDGE_CURVE('',#6240,#6241,#8181,.T.);
#7060=EDGE_CURVE('',#6241,#6239,#2537,.T.);
#7061=EDGE_CURVE('',#6242,#6243,#8182,.T.);
#7062=EDGE_CURVE('',#6244,#6242,#2538,.T.);
#7063=EDGE_CURVE('',#6244,#6245,#8183,.T.);
#7064=EDGE_CURVE('',#6245,#6243,#2539,.T.);
#7065=EDGE_CURVE('',#6246,#6247,#8184,.T.);
#7066=EDGE_CURVE('',#6248,#6246,#2540,.T.);
#7067=EDGE_CURVE('',#6248,#6249,#8185,.T.);
#7068=EDGE_CURVE('',#6249,#6247,#2541,.T.);
#7069=EDGE_CURVE('',#6250,#6251,#8186,.T.);
#7070=EDGE_CURVE('',#6252,#6250,#2542,.T.);
#7071=EDGE_CURVE('',#6252,#6253,#8187,.T.);
#7072=EDGE_CURVE('',#6253,#6251,#2543,.T.);
#7073=EDGE_CURVE('',#6254,#6255,#8188,.T.);
#7074=EDGE_CURVE('',#6256,#6254,#2544,.T.);
#7075=EDGE_CURVE('',#6256,#6257,#8189,.T.);
#7076=EDGE_CURVE('',#6257,#6255,#2545,.T.);
#7077=EDGE_CURVE('',#6258,#6259,#8190,.T.);
#7078=EDGE_CURVE('',#6260,#6259,#2546,.T.);
#7079=EDGE_CURVE('',#6260,#6261,#8191,.T.);
#7080=EDGE_CURVE('',#6261,#6258,#2547,.T.);
#7081=EDGE_CURVE('',#6262,#6263,#8192,.T.);
#7082=EDGE_CURVE('',#6264,#6262,#2548,.T.);
#7083=EDGE_CURVE('',#6264,#6265,#8193,.T.);
#7084=EDGE_CURVE('',#6265,#6263,#2549,.T.);
#7085=EDGE_CURVE('',#6231,#6230,#8194,.T.);
#7086=EDGE_CURVE('',#6239,#6238,#8195,.T.);
#7087=EDGE_CURVE('',#6247,#6246,#8196,.T.);
#7088=EDGE_CURVE('',#6255,#6254,#8197,.T.);
#7089=EDGE_CURVE('',#6266,#6267,#2550,.T.);
#7090=EDGE_CURVE('',#6266,#6268,#2551,.T.);
#7091=EDGE_CURVE('',#6269,#6268,#2552,.T.);
#7092=EDGE_CURVE('',#6269,#6270,#2553,.T.);
#7093=EDGE_CURVE('',#6271,#6270,#2554,.T.);
#7094=EDGE_CURVE('',#6271,#6267,#2555,.T.);
#7095=EDGE_CURVE('',#6272,#6273,#2556,.T.);
#7096=EDGE_CURVE('',#6272,#6266,#2557,.T.);
#7097=EDGE_CURVE('',#6267,#6273,#2558,.T.);
#7098=EDGE_CURVE('',#6229,#6228,#8198,.T.);
#7099=EDGE_CURVE('',#6237,#6236,#8199,.T.);
#7100=EDGE_CURVE('',#6245,#6244,#8200,.T.);
#7101=EDGE_CURVE('',#6253,#6252,#8201,.T.);
#7102=EDGE_CURVE('',#6274,#6275,#2559,.T.);
#7103=EDGE_CURVE('',#6274,#6272,#2560,.T.);
#7104=EDGE_CURVE('',#6273,#6276,#2561,.T.);
#7105=EDGE_CURVE('',#6277,#6276,#2562,.T.);
#7106=EDGE_CURVE('',#6277,#6275,#2563,.T.);
#7107=EDGE_CURVE('',#6259,#6258,#8202,.T.);
#7108=EDGE_CURVE('',#6278,#6279,#2564,.T.);
#7109=EDGE_CURVE('',#6278,#6280,#8203,.T.);
#7110=EDGE_CURVE('',#6280,#6281,#2565,.T.);
#7111=EDGE_CURVE('',#6281,#6282,#2566,.T.);
#7112=EDGE_CURVE('',#6283,#6282,#2567,.T.);
#7113=EDGE_CURVE('',#6283,#6279,#8204,.T.);
#7114=EDGE_CURVE('',#6284,#6285,#2568,.T.);
#7115=EDGE_CURVE('',#6284,#6278,#2569,.T.);
#7116=EDGE_CURVE('',#6279,#6285,#2570,.T.);
#7117=EDGE_CURVE('',#6265,#6264,#8205,.T.);
#7118=EDGE_CURVE('',#6286,#6287,#2571,.T.);
#7119=EDGE_CURVE('',#6286,#6284,#8206,.T.);
#7120=EDGE_CURVE('',#6285,#6288,#8207,.T.);
#7121=EDGE_CURVE('',#6288,#6289,#2572,.T.);
#7122=EDGE_CURVE('',#6289,#6290,#2573,.T.);
#7123=EDGE_CURVE('',#6290,#6270,#2574,.T.);
#7124=EDGE_CURVE('',#6269,#6291,#2575,.T.);
#7125=EDGE_CURVE('',#6291,#6287,#2576,.T.);
#7126=EDGE_CURVE('',#6280,#6286,#2577,.T.);
#7127=EDGE_CURVE('',#6287,#6292,#2578,.T.);
#7128=EDGE_CURVE('',#6292,#6281,#8208,.T.);
#7129=EDGE_CURVE('',#6288,#6283,#2579,.T.);
#7130=EDGE_CURVE('',#6282,#6293,#8209,.T.);
#7131=EDGE_CURVE('',#6289,#6293,#2580,.T.);
#7132=EDGE_CURVE('',#6277,#6294,#8210,.T.);
#7133=EDGE_CURVE('',#6294,#6293,#2581,.T.);
#7134=EDGE_CURVE('',#6292,#6295,#2582,.T.);
#7135=EDGE_CURVE('',#6295,#6275,#8211,.T.);
#7136=EDGE_CURVE('',#6276,#6271,#2583,.T.);
#7137=EDGE_CURVE('',#6290,#6294,#2584,.T.);
#7138=EDGE_CURVE('',#6268,#6274,#2585,.T.);
#7139=EDGE_CURVE('',#6291,#6295,#2586,.T.);
#7140=EDGE_CURVE('',#6263,#6262,#8212,.T.);
#7141=EDGE_CURVE('',#6261,#6260,#8213,.T.);
#7142=EDGE_CURVE('',#6257,#6256,#8214,.T.);
#7143=EDGE_CURVE('',#6251,#6250,#8215,.T.);
#7144=EDGE_CURVE('',#6249,#6248,#8216,.T.);
#7145=EDGE_CURVE('',#6243,#6242,#8217,.T.);
#7146=EDGE_CURVE('',#6241,#6240,#8218,.T.);
#7147=EDGE_CURVE('',#6235,#6234,#8219,.T.);
#7148=EDGE_CURVE('',#6233,#6232,#8220,.T.);
#7149=EDGE_CURVE('',#6227,#6226,#8221,.T.);
#7150=EDGE_CURVE('',#6296,#6297,#8222,.T.);
#7151=EDGE_CURVE('',#6296,#6298,#2587,.T.);
#7152=EDGE_CURVE('',#6298,#6299,#8223,.T.);
#7153=EDGE_CURVE('',#6297,#6299,#2588,.T.);
#7154=EDGE_CURVE('',#6300,#6297,#2589,.T.);
#7155=EDGE_CURVE('',#6300,#6296,#2590,.T.);
#7156=EDGE_CURVE('',#6301,#6302,#8224,.T.);
#7157=EDGE_CURVE('',#6301,#6303,#2591,.T.);
#7158=EDGE_CURVE('',#6303,#6304,#8225,.T.);
#7159=EDGE_CURVE('',#6302,#6304,#2592,.T.);
#7160=EDGE_CURVE('',#6305,#6302,#2593,.T.);
#7161=EDGE_CURVE('',#6305,#6301,#2594,.T.);
#7162=EDGE_CURVE('',#6306,#6307,#8226,.T.);
#7163=EDGE_CURVE('',#6306,#6308,#2595,.T.);
#7164=EDGE_CURVE('',#6308,#6309,#8227,.T.);
#7165=EDGE_CURVE('',#6307,#6309,#2596,.T.);
#7166=EDGE_CURVE('',#6310,#6307,#2597,.T.);
#7167=EDGE_CURVE('',#6310,#6306,#2598,.T.);
#7168=EDGE_CURVE('',#6311,#6312,#8228,.T.);
#7169=EDGE_CURVE('',#6311,#6313,#2599,.T.);
#7170=EDGE_CURVE('',#6313,#6314,#8229,.T.);
#7171=EDGE_CURVE('',#6312,#6314,#2600,.T.);
#7172=EDGE_CURVE('',#6315,#6312,#2601,.T.);
#7173=EDGE_CURVE('',#6315,#6311,#2602,.T.);
#7174=EDGE_CURVE('',#6316,#6317,#2603,.T.);
#7175=EDGE_CURVE('',#6316,#6318,#2604,.T.);
#7176=EDGE_CURVE('',#6318,#6319,#2605,.T.);
#7177=EDGE_CURVE('',#6317,#6319,#2606,.T.);
#7178=EDGE_CURVE('',#6320,#6321,#2607,.T.);
#7179=EDGE_CURVE('',#6320,#6322,#2608,.T.);
#7180=EDGE_CURVE('',#6322,#6323,#2609,.T.);
#7181=EDGE_CURVE('',#6321,#6323,#2610,.T.);
#7182=EDGE_CURVE('',#6324,#6325,#2611,.T.);
#7183=EDGE_CURVE('',#6324,#6326,#2612,.T.);
#7184=EDGE_CURVE('',#6326,#6327,#2613,.T.);
#7185=EDGE_CURVE('',#6327,#6325,#2614,.T.);
#7186=EDGE_CURVE('',#6328,#6329,#2615,.T.);
#7187=EDGE_CURVE('',#6328,#6330,#2616,.T.);
#7188=EDGE_CURVE('',#6330,#6331,#2617,.T.);
#7189=EDGE_CURVE('',#6329,#6331,#2618,.T.);
#7190=EDGE_CURVE('',#6332,#6333,#2619,.T.);
#7191=EDGE_CURVE('',#6333,#6334,#2620,.T.);
#7192=EDGE_CURVE('',#6335,#6334,#2621,.T.);
#7193=EDGE_CURVE('',#6335,#6332,#2622,.T.);
#7194=EDGE_CURVE('',#6336,#6337,#2623,.T.);
#7195=EDGE_CURVE('',#6337,#6338,#2624,.T.);
#7196=EDGE_CURVE('',#6339,#6338,#2625,.T.);
#7197=EDGE_CURVE('',#6339,#6336,#2626,.T.);
#7198=EDGE_CURVE('',#6340,#6341,#2627,.T.);
#7199=EDGE_CURVE('',#6340,#6342,#2628,.T.);
#7200=EDGE_CURVE('',#6342,#6343,#2629,.T.);
#7201=EDGE_CURVE('',#6343,#6341,#2630,.T.);
#7202=EDGE_CURVE('',#6319,#6344,#2631,.T.);
#7203=EDGE_CURVE('',#6344,#6345,#2632,.T.);
#7204=EDGE_CURVE('',#6317,#6345,#2633,.T.);
#7205=EDGE_CURVE('',#6331,#6346,#2634,.T.);
#7206=EDGE_CURVE('',#6346,#6347,#2635,.T.);
#7207=EDGE_CURVE('',#6329,#6347,#2636,.T.);
#7208=EDGE_CURVE('',#6348,#6349,#2637,.T.);
#7209=EDGE_CURVE('',#6348,#6350,#2638,.T.);
#7210=EDGE_CURVE('',#6350,#6351,#2639,.T.);
#7211=EDGE_CURVE('',#6349,#6351,#2640,.T.);
#7212=EDGE_CURVE('',#6351,#6352,#2641,.T.);
#7213=EDGE_CURVE('',#6352,#6353,#2642,.T.);
#7214=EDGE_CURVE('',#6349,#6353,#2643,.T.);
#7215=EDGE_CURVE('',#6323,#6354,#2644,.T.);
#7216=EDGE_CURVE('',#6354,#6355,#2645,.T.);
#7217=EDGE_CURVE('',#6321,#6355,#2646,.T.);
#7218=EDGE_CURVE('',#6309,#6308,#8230,.T.);
#7219=EDGE_CURVE('',#6314,#6313,#8231,.T.);
#7220=EDGE_CURVE('',#6356,#6342,#2647,.T.);
#7221=EDGE_CURVE('',#6357,#6356,#2648,.T.);
#7222=EDGE_CURVE('',#6358,#6357,#2649,.T.);
#7223=EDGE_CURVE('',#6359,#6358,#2650,.T.);
#7224=EDGE_CURVE('',#6360,#6359,#2651,.T.);
#7225=EDGE_CURVE('',#6361,#6360,#2652,.T.);
#7226=EDGE_CURVE('',#6362,#6361,#2653,.T.);
#7227=EDGE_CURVE('',#6363,#6362,#2654,.T.);
#7228=EDGE_CURVE('',#6364,#6363,#2655,.T.);
#7229=EDGE_CURVE('',#6365,#6364,#2656,.T.);
#7230=EDGE_CURVE('',#6337,#6365,#2657,.T.);
#7231=EDGE_CURVE('',#6366,#6336,#2658,.T.);
#7232=EDGE_CURVE('',#6367,#6366,#2659,.T.);
#7233=EDGE_CURVE('',#6368,#6367,#2660,.T.);
#7234=EDGE_CURVE('',#6369,#6368,#2661,.T.);
#7235=EDGE_CURVE('',#6370,#6369,#2662,.T.);
#7236=EDGE_CURVE('',#6371,#6370,#2663,.T.);
#7237=EDGE_CURVE('',#6333,#6371,#2664,.T.);
#7238=EDGE_CURVE('',#6348,#6332,#2665,.T.);
#7239=EDGE_CURVE('',#6372,#6353,#2666,.T.);
#7240=EDGE_CURVE('',#6373,#6372,#2667,.T.);
#7241=EDGE_CURVE('',#6374,#6373,#2668,.T.);
#7242=EDGE_CURVE('',#6375,#6374,#2669,.T.);
#7243=EDGE_CURVE('',#6376,#6375,#2670,.T.);
#7244=EDGE_CURVE('',#6377,#6376,#2671,.T.);
#7245=EDGE_CURVE('',#6320,#6377,#2672,.T.);
#7246=EDGE_CURVE('',#6378,#6355,#2673,.T.);
#7247=EDGE_CURVE('',#6379,#6378,#2674,.T.);
#7248=EDGE_CURVE('',#6380,#6379,#2675,.T.);
#7249=EDGE_CURVE('',#6381,#6380,#2676,.T.);
#7250=EDGE_CURVE('',#6382,#6381,#2677,.T.);
#7251=EDGE_CURVE('',#6383,#6382,#2678,.T.);
#7252=EDGE_CURVE('',#6324,#6383,#2679,.T.);
#7253=EDGE_CURVE('',#6384,#6325,#2680,.T.);
#7254=EDGE_CURVE('',#6385,#6384,#2681,.T.);
#7255=EDGE_CURVE('',#6386,#6385,#2682,.T.);
#7256=EDGE_CURVE('',#6387,#6386,#2683,.T.);
#7257=EDGE_CURVE('',#6388,#6387,#2684,.T.);
#7258=EDGE_CURVE('',#6389,#6388,#2685,.T.);
#7259=EDGE_CURVE('',#6328,#6389,#2686,.T.);
#7260=EDGE_CURVE('',#6390,#6347,#2687,.T.);
#7261=EDGE_CURVE('',#6391,#6390,#2688,.T.);
#7262=EDGE_CURVE('',#6392,#6391,#2689,.T.);
#7263=EDGE_CURVE('',#6393,#6392,#2690,.T.);
#7264=EDGE_CURVE('',#6394,#6393,#2691,.T.);
#7265=EDGE_CURVE('',#6395,#6394,#2692,.T.);
#7266=EDGE_CURVE('',#6316,#6395,#2693,.T.);
#7267=EDGE_CURVE('',#6396,#6345,#2694,.T.);
#7268=EDGE_CURVE('',#6397,#6396,#2695,.T.);
#7269=EDGE_CURVE('',#6398,#6397,#2696,.T.);
#7270=EDGE_CURVE('',#6399,#6398,#2697,.T.);
#7271=EDGE_CURVE('',#6400,#6399,#2698,.T.);
#7272=EDGE_CURVE('',#6401,#6400,#2699,.T.);
#7273=EDGE_CURVE('',#6402,#6401,#2700,.T.);
#7274=EDGE_CURVE('',#6403,#6402,#2701,.T.);
#7275=EDGE_CURVE('',#6343,#6403,#2702,.T.);
#7276=EDGE_CURVE('',#6299,#6298,#8232,.T.);
#7277=EDGE_CURVE('',#6304,#6303,#8233,.T.);
#7278=EDGE_CURVE('',#6404,#6340,#2703,.T.);
#7279=EDGE_CURVE('',#6341,#6405,#2704,.T.);
#7280=EDGE_CURVE('',#6405,#6406,#2705,.T.);
#7281=EDGE_CURVE('',#6406,#6407,#2706,.T.);
#7282=EDGE_CURVE('',#6407,#6408,#2707,.T.);
#7283=EDGE_CURVE('',#6408,#6409,#2708,.T.);
#7284=EDGE_CURVE('',#6409,#6410,#2709,.T.);
#7285=EDGE_CURVE('',#6410,#6411,#2710,.T.);
#7286=EDGE_CURVE('',#6411,#6412,#2711,.T.);
#7287=EDGE_CURVE('',#6412,#6344,#2712,.T.);
#7288=EDGE_CURVE('',#6413,#6318,#2713,.T.);
#7289=EDGE_CURVE('',#6413,#6414,#2714,.T.);
#7290=EDGE_CURVE('',#6414,#6415,#2715,.T.);
#7291=EDGE_CURVE('',#6415,#6416,#2716,.T.);
#7292=EDGE_CURVE('',#6416,#6417,#2717,.T.);
#7293=EDGE_CURVE('',#6417,#6418,#2718,.T.);
#7294=EDGE_CURVE('',#6418,#6346,#2719,.T.);
#7295=EDGE_CURVE('',#6419,#6330,#2720,.T.);
#7296=EDGE_CURVE('',#6419,#6420,#2721,.T.);
#7297=EDGE_CURVE('',#6420,#6421,#2722,.T.);
#7298=EDGE_CURVE('',#6421,#6422,#2723,.T.);
#7299=EDGE_CURVE('',#6422,#6423,#2724,.T.);
#7300=EDGE_CURVE('',#6423,#6424,#2725,.T.);
#7301=EDGE_CURVE('',#6424,#6327,#2726,.T.);
#7302=EDGE_CURVE('',#6425,#6326,#2727,.T.);
#7303=EDGE_CURVE('',#6425,#6426,#2728,.T.);
#7304=EDGE_CURVE('',#6426,#6427,#2729,.T.);
#7305=EDGE_CURVE('',#6427,#6428,#2730,.T.);
#7306=EDGE_CURVE('',#6428,#6429,#2731,.T.);
#7307=EDGE_CURVE('',#6429,#6430,#2732,.T.);
#7308=EDGE_CURVE('',#6430,#6354,#2733,.T.);
#7309=EDGE_CURVE('',#6431,#6322,#2734,.T.);
#7310=EDGE_CURVE('',#6431,#6432,#2735,.T.);
#7311=EDGE_CURVE('',#6432,#6433,#2736,.T.);
#7312=EDGE_CURVE('',#6433,#6434,#2737,.T.);
#7313=EDGE_CURVE('',#6434,#6435,#2738,.T.);
#7314=EDGE_CURVE('',#6435,#6436,#2739,.T.);
#7315=EDGE_CURVE('',#6436,#6352,#2740,.T.);
#7316=EDGE_CURVE('',#6335,#6350,#2741,.T.);
#7317=EDGE_CURVE('',#6334,#6437,#2742,.T.);
#7318=EDGE_CURVE('',#6437,#6438,#2743,.T.);
#7319=EDGE_CURVE('',#6438,#6439,#2744,.T.);
#7320=EDGE_CURVE('',#6439,#6440,#2745,.T.);
#7321=EDGE_CURVE('',#6440,#6441,#2746,.T.);
#7322=EDGE_CURVE('',#6441,#6442,#2747,.T.);
#7323=EDGE_CURVE('',#6442,#6339,#2748,.T.);
#7324=EDGE_CURVE('',#6338,#6443,#2749,.T.);
#7325=EDGE_CURVE('',#6443,#6444,#2750,.T.);
#7326=EDGE_CURVE('',#6444,#6445,#2751,.T.);
#7327=EDGE_CURVE('',#6445,#6446,#2752,.T.);
#7328=EDGE_CURVE('',#6446,#6447,#2753,.T.);
#7329=EDGE_CURVE('',#6447,#6448,#2754,.T.);
#7330=EDGE_CURVE('',#6448,#6449,#2755,.T.);
#7331=EDGE_CURVE('',#6449,#6450,#2756,.T.);
#7332=EDGE_CURVE('',#6450,#6451,#2757,.T.);
#7333=EDGE_CURVE('',#6451,#6404,#2758,.T.);
#7334=EDGE_CURVE('',#6412,#6396,#2759,.T.);
#7335=EDGE_CURVE('',#6411,#6397,#2760,.T.);
#7336=EDGE_CURVE('',#6405,#6403,#2761,.T.);
#7337=EDGE_CURVE('',#6410,#6398,#2762,.T.);
#7338=EDGE_CURVE('',#6409,#6399,#2763,.T.);
#7339=EDGE_CURVE('',#6408,#6400,#2764,.T.);
#7340=EDGE_CURVE('',#6407,#6401,#2765,.T.);
#7341=EDGE_CURVE('',#6406,#6402,#2766,.T.);
#7342=EDGE_CURVE('',#6444,#6364,#2767,.T.);
#7343=EDGE_CURVE('',#6445,#6363,#2768,.T.);
#7344=EDGE_CURVE('',#6357,#6451,#2769,.T.);
#7345=EDGE_CURVE('',#6450,#6358,#2770,.T.);
#7346=EDGE_CURVE('',#6449,#6359,#2771,.T.);
#7347=EDGE_CURVE('',#6448,#6360,#2772,.T.);
#7348=EDGE_CURVE('',#6447,#6361,#2773,.T.);
#7349=EDGE_CURVE('',#6446,#6362,#2774,.T.);
#7350=EDGE_CURVE('',#6437,#6371,#2775,.T.);
#7351=EDGE_CURVE('',#6442,#6366,#2776,.T.);
#7352=EDGE_CURVE('',#6441,#6367,#2777,.T.);
#7353=EDGE_CURVE('',#6440,#6368,#2778,.T.);
#7354=EDGE_CURVE('',#6439,#6369,#2779,.T.);
#7355=EDGE_CURVE('',#6438,#6370,#2780,.T.);
#7356=EDGE_CURVE('',#6431,#6377,#2781,.T.);
#7357=EDGE_CURVE('',#6436,#6372,#2782,.T.);
#7358=EDGE_CURVE('',#6435,#6373,#2783,.T.);
#7359=EDGE_CURVE('',#6434,#6374,#2784,.T.);
#7360=EDGE_CURVE('',#6433,#6375,#2785,.T.);
#7361=EDGE_CURVE('',#6432,#6376,#2786,.T.);
#7362=EDGE_CURVE('',#6413,#6395,#2787,.T.);
#7363=EDGE_CURVE('',#6418,#6390,#2788,.T.);
#7364=EDGE_CURVE('',#6415,#6393,#2789,.T.);
#7365=EDGE_CURVE('',#6414,#6394,#2790,.T.);
#7366=EDGE_CURVE('',#6417,#6391,#2791,.T.);
#7367=EDGE_CURVE('',#6416,#6392,#2792,.T.);
#7368=EDGE_CURVE('',#6419,#6389,#2793,.T.);
#7369=EDGE_CURVE('',#6424,#6384,#2794,.T.);
#7370=EDGE_CURVE('',#6423,#6385,#2795,.T.);
#7371=EDGE_CURVE('',#6422,#6386,#2796,.T.);
#7372=EDGE_CURVE('',#6421,#6387,#2797,.T.);
#7373=EDGE_CURVE('',#6420,#6388,#2798,.T.);
#7374=EDGE_CURVE('',#6425,#6383,#2799,.T.);
#7375=EDGE_CURVE('',#6430,#6378,#2800,.T.);
#7376=EDGE_CURVE('',#6429,#6379,#2801,.T.);
#7377=EDGE_CURVE('',#6428,#6380,#2802,.T.);
#7378=EDGE_CURVE('',#6427,#6381,#2803,.T.);
#7379=EDGE_CURVE('',#6426,#6382,#2804,.T.);
#7380=EDGE_CURVE('',#6404,#6356,#2805,.T.);
#7381=EDGE_CURVE('',#6443,#6365,#2806,.T.);
#7382=EDGE_CURVE('',#6312,#6311,#8234,.T.);
#7383=EDGE_CURVE('',#6307,#6306,#8235,.T.);
#7384=EDGE_CURVE('',#6302,#6301,#8236,.T.);
#7385=EDGE_CURVE('',#6297,#6296,#8237,.T.);
#7386=EDGE_CURVE('',#6452,#6453,#8238,.T.);
#7387=EDGE_CURVE('',#6452,#6454,#2807,.T.);
#7388=EDGE_CURVE('',#6454,#6455,#8239,.T.);
#7389=EDGE_CURVE('',#6453,#6455,#2808,.T.);
#7390=EDGE_CURVE('',#6456,#6453,#2809,.T.);
#7391=EDGE_CURVE('',#6456,#6452,#2810,.T.);
#7392=EDGE_CURVE('',#6457,#6458,#8240,.T.);
#7393=EDGE_CURVE('',#6457,#6459,#2811,.T.);
#7394=EDGE_CURVE('',#6459,#6460,#8241,.T.);
#7395=EDGE_CURVE('',#6458,#6460,#2812,.T.);
#7396=EDGE_CURVE('',#6461,#6458,#2813,.T.);
#7397=EDGE_CURVE('',#6461,#6457,#2814,.T.);
#7398=EDGE_CURVE('',#6462,#6463,#8242,.T.);
#7399=EDGE_CURVE('',#6462,#6464,#2815,.T.);
#7400=EDGE_CURVE('',#6464,#6465,#8243,.T.);
#7401=EDGE_CURVE('',#6463,#6465,#2816,.T.);
#7402=EDGE_CURVE('',#6466,#6463,#2817,.T.);
#7403=EDGE_CURVE('',#6466,#6462,#2818,.T.);
#7404=EDGE_CURVE('',#6467,#6468,#8244,.T.);
#7405=EDGE_CURVE('',#6467,#6469,#2819,.T.);
#7406=EDGE_CURVE('',#6469,#6470,#8245,.T.);
#7407=EDGE_CURVE('',#6468,#6470,#2820,.T.);
#7408=EDGE_CURVE('',#6471,#6468,#2821,.T.);
#7409=EDGE_CURVE('',#6471,#6467,#2822,.T.);
#7410=EDGE_CURVE('',#6472,#6473,#8246,.T.);
#7411=EDGE_CURVE('',#6472,#6474,#2823,.T.);
#7412=EDGE_CURVE('',#6474,#6475,#8247,.T.);
#7413=EDGE_CURVE('',#6473,#6475,#2824,.T.);
#7414=EDGE_CURVE('',#6476,#6473,#2825,.T.);
#7415=EDGE_CURVE('',#6476,#6472,#2826,.T.);
#7416=EDGE_CURVE('',#6477,#6478,#8248,.T.);
#7417=EDGE_CURVE('',#6477,#6479,#2827,.T.);
#7418=EDGE_CURVE('',#6479,#6480,#8249,.T.);
#7419=EDGE_CURVE('',#6478,#6480,#2828,.T.);
#7420=EDGE_CURVE('',#6481,#6478,#2829,.T.);
#7421=EDGE_CURVE('',#6481,#6477,#2830,.T.);
#7422=EDGE_CURVE('',#6482,#6483,#8250,.T.);
#7423=EDGE_CURVE('',#6482,#6484,#2831,.T.);
#7424=EDGE_CURVE('',#6484,#6485,#8251,.T.);
#7425=EDGE_CURVE('',#6483,#6485,#2832,.T.);
#7426=EDGE_CURVE('',#6486,#6483,#2833,.T.);
#7427=EDGE_CURVE('',#6486,#6482,#2834,.T.);
#7428=EDGE_CURVE('',#6487,#6488,#8252,.T.);
#7429=EDGE_CURVE('',#6487,#6489,#2835,.T.);
#7430=EDGE_CURVE('',#6489,#6490,#8253,.T.);
#7431=EDGE_CURVE('',#6488,#6490,#2836,.T.);
#7432=EDGE_CURVE('',#6491,#6488,#2837,.T.);
#7433=EDGE_CURVE('',#6491,#6487,#2838,.T.);
#7434=EDGE_CURVE('',#6492,#6493,#8254,.T.);
#7435=EDGE_CURVE('',#6492,#6494,#2839,.T.);
#7436=EDGE_CURVE('',#6495,#6494,#101,.T.);
#7437=EDGE_CURVE('',#6493,#6495,#2840,.T.);
#7438=EDGE_CURVE('',#6496,#6497,#102,.T.);
#7439=EDGE_CURVE('',#6496,#6498,#2841,.T.);
#7440=EDGE_CURVE('',#6498,#6499,#8255,.T.);
#7441=EDGE_CURVE('',#6497,#6499,#2842,.T.);
#7442=EDGE_CURVE('',#6500,#6501,#8256,.T.);
#7443=EDGE_CURVE('',#6500,#6502,#2843,.T.);
#7444=EDGE_CURVE('',#6502,#6503,#8257,.T.);
#7445=EDGE_CURVE('',#6501,#6503,#2844,.T.);
#7446=EDGE_CURVE('',#6504,#6505,#8258,.T.);
#7447=EDGE_CURVE('',#6504,#6506,#2845,.T.);
#7448=EDGE_CURVE('',#6506,#6507,#8259,.T.);
#7449=EDGE_CURVE('',#6505,#6507,#2846,.T.);
#7450=EDGE_CURVE('',#6508,#6509,#8260,.T.);
#7451=EDGE_CURVE('',#6508,#6510,#2847,.T.);
#7452=EDGE_CURVE('',#6511,#6510,#103,.T.);
#7453=EDGE_CURVE('',#6509,#6511,#2848,.T.);
#7454=EDGE_CURVE('',#6512,#6513,#104,.T.);
#7455=EDGE_CURVE('',#6512,#6514,#2849,.T.);
#7456=EDGE_CURVE('',#6514,#6515,#8261,.T.);
#7457=EDGE_CURVE('',#6513,#6515,#2850,.T.);
#7458=EDGE_CURVE('',#6516,#6517,#8262,.T.);
#7459=EDGE_CURVE('',#6516,#6518,#2851,.T.);
#7460=EDGE_CURVE('',#6519,#6518,#105,.T.);
#7461=EDGE_CURVE('',#6517,#6519,#2852,.T.);
#7462=EDGE_CURVE('',#6520,#6521,#106,.T.);
#7463=EDGE_CURVE('',#6520,#6522,#2853,.T.);
#7464=EDGE_CURVE('',#6522,#6523,#8263,.T.);
#7465=EDGE_CURVE('',#6521,#6523,#2854,.T.);
#7466=EDGE_CURVE('',#6524,#6525,#8264,.T.);
#7467=EDGE_CURVE('',#6524,#6526,#2855,.T.);
#7468=EDGE_CURVE('',#6526,#6527,#8265,.T.);
#7469=EDGE_CURVE('',#6525,#6527,#2856,.T.);
#7470=EDGE_CURVE('',#6528,#6529,#8266,.T.);
#7471=EDGE_CURVE('',#6528,#6530,#2857,.T.);
#7472=EDGE_CURVE('',#6530,#6531,#8267,.T.);
#7473=EDGE_CURVE('',#6529,#6531,#2858,.T.);
#7474=EDGE_CURVE('',#6532,#6533,#8268,.T.);
#7475=EDGE_CURVE('',#6532,#6534,#2859,.T.);
#7476=EDGE_CURVE('',#6535,#6534,#107,.T.);
#7477=EDGE_CURVE('',#6533,#6535,#2860,.T.);
#7478=EDGE_CURVE('',#6536,#6537,#108,.T.);
#7479=EDGE_CURVE('',#6536,#6538,#2861,.T.);
#7480=EDGE_CURVE('',#6538,#6539,#8269,.T.);
#7481=EDGE_CURVE('',#6537,#6539,#2862,.T.);
#7482=EDGE_CURVE('',#6540,#6541,#8270,.T.);
#7483=EDGE_CURVE('',#6540,#6542,#2863,.T.);
#7484=EDGE_CURVE('',#6542,#6543,#8271,.T.);
#7485=EDGE_CURVE('',#6543,#6544,#109,.T.);
#7486=EDGE_CURVE('',#6544,#6545,#8272,.T.);
#7487=EDGE_CURVE('',#6541,#6545,#2864,.T.);
#7488=EDGE_CURVE('',#6546,#6547,#8273,.T.);
#7489=EDGE_CURVE('',#6546,#6548,#2865,.T.);
#7490=EDGE_CURVE('',#6548,#6549,#8274,.T.);
#7491=EDGE_CURVE('',#6547,#6549,#2866,.T.);
#7492=EDGE_CURVE('',#6550,#6547,#2867,.T.);
#7493=EDGE_CURVE('',#6550,#6546,#2868,.T.);
#7494=EDGE_CURVE('',#6551,#6552,#8275,.T.);
#7495=EDGE_CURVE('',#6551,#6553,#2869,.T.);
#7496=EDGE_CURVE('',#6553,#6554,#8276,.T.);
#7497=EDGE_CURVE('',#6552,#6554,#2870,.T.);
#7498=EDGE_CURVE('',#6555,#6552,#2871,.T.);
#7499=EDGE_CURVE('',#6555,#6551,#2872,.T.);
#7500=EDGE_CURVE('',#6556,#6557,#8277,.T.);
#7501=EDGE_CURVE('',#6556,#6558,#2873,.T.);
#7502=EDGE_CURVE('',#6558,#6559,#8278,.T.);
#7503=EDGE_CURVE('',#6557,#6559,#2874,.T.);
#7504=EDGE_CURVE('',#6560,#6556,#8279,.T.);
#7505=EDGE_CURVE('',#6560,#6561,#2875,.T.);
#7506=EDGE_CURVE('',#6561,#6558,#8280,.T.);
#7507=EDGE_CURVE('',#6562,#6563,#8281,.T.);
#7508=EDGE_CURVE('',#6562,#6564,#2876,.T.);
#7509=EDGE_CURVE('',#6564,#6565,#8282,.T.);
#7510=EDGE_CURVE('',#6563,#6565,#2877,.T.);
#7511=EDGE_CURVE('',#6563,#6566,#8283,.T.);
#7512=EDGE_CURVE('',#6565,#6567,#8284,.T.);
#7513=EDGE_CURVE('',#6566,#6567,#2878,.T.);
#7514=EDGE_CURVE('',#6513,#6512,#110,.T.);
#7515=EDGE_CURVE('',#6510,#6511,#111,.T.);
#7516=EDGE_CURVE('',#6568,#6569,#8285,.T.);
#7517=EDGE_CURVE('',#6568,#6570,#2879,.T.);
#7518=EDGE_CURVE('',#6570,#6571,#8286,.T.);
#7519=EDGE_CURVE('',#6571,#6572,#2880,.T.);
#7520=EDGE_CURVE('',#6566,#6572,#8287,.T.);
#7521=EDGE_CURVE('',#6567,#6573,#8288,.T.);
#7522=EDGE_CURVE('',#6574,#6573,#2881,.T.);
#7523=EDGE_CURVE('',#6575,#6574,#8289,.T.);
#7524=EDGE_CURVE('',#6575,#6519,#112,.T.);
#7525=EDGE_CURVE('',#6518,#6576,#113,.T.);
#7526=EDGE_CURVE('',#6577,#6576,#8290,.T.);
#7527=EDGE_CURVE('',#6577,#6520,#114,.T.);
#7528=EDGE_CURVE('',#6521,#6569,#115,.T.);
#7529=EDGE_CURVE('',#6578,#6579,#2882,.T.);
#7530=EDGE_CURVE('',#6578,#6579,#8291,.T.);
#7531=EDGE_CURVE('',#6580,#6581,#2883,.T.);
#7532=EDGE_CURVE('',#6580,#6568,#8292,.T.);
#7533=EDGE_CURVE('',#6543,#6569,#2884,.T.);
#7534=EDGE_CURVE('',#6581,#6542,#8293,.T.);
#7535=EDGE_CURVE('',#6582,#6583,#2885,.T.);
#7536=EDGE_CURVE('',#6582,#6584,#2886,.T.);
#7537=EDGE_CURVE('',#6584,#6585,#2887,.T.);
#7538=EDGE_CURVE('',#6583,#6585,#2888,.T.);
#7539=EDGE_CURVE('',#6529,#6528,#8294,.T.);
#7540=EDGE_CURVE('',#6525,#6524,#8295,.T.);
#7541=EDGE_CURVE('',#6505,#6504,#8296,.T.);
#7542=EDGE_CURVE('',#6501,#6500,#8297,.T.);
#7543=EDGE_CURVE('',#6586,#6587,#2889,.T.);
#7544=EDGE_CURVE('',#6545,#6586,#8298,.T.);
#7545=EDGE_CURVE('',#6575,#6544,#2890,.T.);
#7546=EDGE_CURVE('',#6574,#6587,#8299,.T.);
#7547=EDGE_CURVE('',#6582,#6588,#2891,.T.);
#7548=EDGE_CURVE('',#6588,#6589,#2892,.T.);
#7549=EDGE_CURVE('',#6584,#6589,#2893,.T.);
#7550=EDGE_CURVE('',#6465,#6464,#8300,.T.);
#7551=EDGE_CURVE('',#6470,#6469,#8301,.T.);
#7552=EDGE_CURVE('',#6583,#6590,#2894,.T.);
#7553=EDGE_CURVE('',#6588,#6590,#2895,.T.);
#7554=EDGE_CURVE('',#6541,#6540,#8302,.T.);
#7555=EDGE_CURVE('',#6585,#6591,#2896,.T.);
#7556=EDGE_CURVE('',#6590,#6591,#2897,.T.);
#7557=EDGE_CURVE('',#6455,#6454,#8303,.T.);
#7558=EDGE_CURVE('',#6460,#6459,#8304,.T.);
#7559=EDGE_CURVE('',#6591,#6589,#2898,.T.);
#7560=EDGE_CURVE('',#6559,#6570,#8305,.T.);
#7561=EDGE_CURVE('',#6592,#6561,#8306,.T.);
#7562=EDGE_CURVE('',#6573,#6592,#8307,.T.);
#7563=EDGE_CURVE('',#6571,#6564,#8308,.T.);
#7564=EDGE_CURVE('',#6475,#6474,#8309,.T.);
#7565=EDGE_CURVE('',#6480,#6479,#8310,.T.);
#7566=EDGE_CURVE('',#6485,#6484,#8311,.T.);
#7567=EDGE_CURVE('',#6490,#6489,#8312,.T.);
#7568=EDGE_CURVE('',#6499,#6498,#8313,.T.);
#7569=EDGE_CURVE('',#6515,#6514,#8314,.T.);
#7570=EDGE_CURVE('',#6523,#6522,#8315,.T.);
#7571=EDGE_CURVE('',#6539,#6538,#8316,.T.);
#7572=EDGE_CURVE('',#6580,#6496,#116,.T.);
#7573=EDGE_CURVE('',#6497,#6579,#117,.T.);
#7574=EDGE_CURVE('',#6578,#6495,#118,.T.);
#7575=EDGE_CURVE('',#6494,#6587,#119,.T.);
#7576=EDGE_CURVE('',#6592,#6593,#2899,.T.);
#7577=EDGE_CURVE('',#6557,#6593,#8317,.T.);
#7578=EDGE_CURVE('',#6534,#6535,#120,.T.);
#7579=EDGE_CURVE('',#6537,#6536,#121,.T.);
#7580=EDGE_CURVE('',#6577,#6576,#2900,.T.);
#7581=EDGE_CURVE('',#6572,#6562,#8318,.T.);
#7582=EDGE_CURVE('',#6554,#6553,#8319,.T.);
#7583=EDGE_CURVE('',#6593,#6560,#8320,.T.);
#7584=EDGE_CURVE('',#6549,#6548,#8321,.T.);
#7585=EDGE_CURVE('',#6552,#6551,#8322,.T.);
#7586=EDGE_CURVE('',#6547,#6546,#8323,.T.);
#7587=EDGE_CURVE('',#6586,#6581,#122,.T.);
#7588=EDGE_CURVE('',#6533,#6532,#8324,.T.);
#7589=EDGE_CURVE('',#6531,#6530,#8325,.T.);
#7590=EDGE_CURVE('',#6527,#6526,#8326,.T.);
#7591=EDGE_CURVE('',#6517,#6516,#8327,.T.);
#7592=EDGE_CURVE('',#6509,#6508,#8328,.T.);
#7593=EDGE_CURVE('',#6507,#6506,#8329,.T.);
#7594=EDGE_CURVE('',#6503,#6502,#8330,.T.);
#7595=EDGE_CURVE('',#6493,#6492,#8331,.T.);
#7596=EDGE_CURVE('',#6488,#6487,#8332,.T.);
#7597=EDGE_CURVE('',#6483,#6482,#8333,.T.);
#7598=EDGE_CURVE('',#6478,#6477,#8334,.T.);
#7599=EDGE_CURVE('',#6473,#6472,#8335,.T.);
#7600=EDGE_CURVE('',#6468,#6467,#8336,.T.);
#7601=EDGE_CURVE('',#6463,#6462,#8337,.T.);
#7602=EDGE_CURVE('',#6458,#6457,#8338,.T.);
#7603=EDGE_CURVE('',#6453,#6452,#8339,.T.);
#7604=EDGE_CURVE('',#6594,#6594,#8340,.T.);
#7605=EDGE_CURVE('',#6595,#6595,#8341,.T.);
#7606=EDGE_CURVE('',#6596,#6596,#8342,.T.);
#7607=EDGE_CURVE('',#6597,#6597,#8343,.T.);
#7608=EDGE_CURVE('',#6598,#6598,#8344,.T.);
#7609=EDGE_CURVE('',#6599,#6599,#8345,.T.);
#7610=EDGE_CURVE('',#6600,#6600,#8346,.T.);
#7611=EDGE_CURVE('',#6601,#6601,#8347,.T.);
#7612=EDGE_CURVE('',#6602,#6602,#8348,.T.);
#7613=EDGE_CURVE('',#6603,#6603,#8349,.T.);
#7614=EDGE_CURVE('',#6604,#6604,#8350,.T.);
#7615=EDGE_CURVE('',#6605,#6606,#8351,.T.);
#7616=EDGE_CURVE('',#6605,#6607,#2901,.T.);
#7617=EDGE_CURVE('',#6608,#6607,#8352,.T.);
#7618=EDGE_CURVE('',#6608,#6609,#2902,.T.);
#7619=EDGE_CURVE('',#6610,#6609,#8353,.T.);
#7620=EDGE_CURVE('',#6610,#6611,#2903,.T.);
#7621=EDGE_CURVE('',#6612,#6611,#8354,.T.);
#7622=EDGE_CURVE('',#6612,#6606,#2904,.T.);
#7623=EDGE_CURVE('',#6613,#6613,#8355,.T.);
#7624=EDGE_CURVE('',#6614,#6614,#8356,.T.);
#7625=EDGE_CURVE('',#6615,#6615,#8357,.T.);
#7626=EDGE_CURVE('',#6616,#6616,#8358,.T.);
#7627=EDGE_CURVE('',#6617,#6617,#8359,.T.);
#7628=EDGE_CURVE('',#6618,#6619,#2905,.T.);
#7629=EDGE_CURVE('',#6620,#6618,#8360,.T.);
#7630=EDGE_CURVE('',#6620,#6621,#2906,.T.);
#7631=EDGE_CURVE('',#6621,#6622,#8361,.T.);
#7632=EDGE_CURVE('',#6622,#6623,#2907,.T.);
#7633=EDGE_CURVE('',#6623,#6624,#8362,.T.);
#7634=EDGE_CURVE('',#6624,#6625,#2908,.T.);
#7635=EDGE_CURVE('',#6619,#6625,#8363,.T.);
#7636=EDGE_CURVE('',#6626,#6627,#2909,.T.);
#7637=EDGE_CURVE('',#6626,#6628,#8364,.T.);
#7638=EDGE_CURVE('',#6629,#6628,#2910,.T.);
#7639=EDGE_CURVE('',#6629,#6630,#8365,.T.);
#7640=EDGE_CURVE('',#6631,#6630,#2911,.T.);
#7641=EDGE_CURVE('',#6631,#6632,#8366,.T.);
#7642=EDGE_CURVE('',#6633,#6632,#2912,.T.);
#7643=EDGE_CURVE('',#6633,#6627,#8367,.T.);
#7644=EDGE_CURVE('',#6634,#6634,#8368,.T.);
#7645=EDGE_CURVE('',#6605,#6626,#2913,.T.);
#7646=EDGE_CURVE('',#6628,#6606,#2914,.T.);
#7647=EDGE_CURVE('',#6627,#6607,#2915,.T.);
#7648=EDGE_CURVE('',#6608,#6633,#2916,.T.);
#7649=EDGE_CURVE('',#6632,#6609,#2917,.T.);
#7650=EDGE_CURVE('',#6610,#6631,#2918,.T.);
#7651=EDGE_CURVE('',#6630,#6611,#2919,.T.);
#7652=EDGE_CURVE('',#6612,#6629,#2920,.T.);
#7653=EDGE_CURVE('',#6635,#6635,#8369,.T.);
#7654=EDGE_CURVE('',#6636,#6636,#8370,.T.);
#7655=EDGE_CURVE('',#6637,#6638,#8371,.T.);
#7656=EDGE_CURVE('',#6637,#6639,#2921,.T.);
#7657=EDGE_CURVE('',#6639,#6640,#8372,.T.);
#7658=EDGE_CURVE('',#6638,#6640,#2922,.T.);
#7659=EDGE_CURVE('',#6641,#6641,#8373,.T.);
#7660=EDGE_CURVE('',#6642,#6642,#8374,.T.);
#7661=EDGE_CURVE('',#6643,#6643,#8375,.T.);
#7662=EDGE_CURVE('',#6644,#6644,#8376,.T.);
#7663=EDGE_CURVE('',#6645,#6645,#8377,.T.);
#7664=EDGE_CURVE('',#6646,#6646,#8378,.T.);
#7665=EDGE_CURVE('',#6647,#6647,#8379,.T.);
#7666=EDGE_CURVE('',#6648,#6618,#2923,.T.);
#7667=EDGE_CURVE('',#6619,#6649,#2924,.T.);
#7668=EDGE_CURVE('',#6648,#6649,#2925,.T.);
#7669=EDGE_CURVE('',#6650,#6621,#2926,.T.);
#7670=EDGE_CURVE('',#6620,#6651,#2927,.T.);
#7671=EDGE_CURVE('',#6650,#6651,#2928,.T.);
#7672=EDGE_CURVE('',#6652,#6623,#2929,.T.);
#7673=EDGE_CURVE('',#6622,#6653,#2930,.T.);
#7674=EDGE_CURVE('',#6652,#6653,#2931,.T.);
#7675=EDGE_CURVE('',#6654,#6625,#2932,.T.);
#7676=EDGE_CURVE('',#6624,#6655,#2933,.T.);
#7677=EDGE_CURVE('',#6654,#6655,#2934,.T.);
#7678=EDGE_CURVE('',#6640,#6639,#8380,.T.);
#7679=EDGE_CURVE('',#6656,#6656,#8381,.T.);
#7680=EDGE_CURVE('',#6657,#6657,#8382,.T.);
#7681=EDGE_CURVE('',#6658,#6658,#8383,.T.);
#7682=EDGE_CURVE('',#6653,#6650,#8384,.T.);
#7683=EDGE_CURVE('',#6651,#6648,#8385,.T.);
#7684=EDGE_CURVE('',#6649,#6654,#8386,.T.);
#7685=EDGE_CURVE('',#6655,#6652,#8387,.T.);
#7686=EDGE_CURVE('',#6659,#6659,#8388,.T.);
#7687=EDGE_CURVE('',#6660,#6660,#8389,.T.);
#7688=EDGE_CURVE('',#6661,#6661,#8390,.T.);
#7689=EDGE_CURVE('',#6638,#6637,#8391,.T.);
#7690=EDGE_CURVE('',#6662,#6662,#8392,.T.);
#7691=EDGE_CURVE('',#6663,#6663,#8393,.T.);
#7692=EDGE_CURVE('',#6664,#6665,#8394,.T.);
#7693=EDGE_CURVE('',#6665,#6666,#2935,.T.);
#7694=EDGE_CURVE('',#6667,#6666,#8395,.T.);
#7695=EDGE_CURVE('',#6664,#6667,#2936,.T.);
#7696=EDGE_CURVE('',#6668,#6669,#8396,.T.);
#7697=EDGE_CURVE('',#6668,#6670,#2937,.T.);
#7698=EDGE_CURVE('',#6670,#6671,#8397,.T.);
#7699=EDGE_CURVE('',#6671,#6669,#2938,.T.);
#7700=EDGE_CURVE('',#6672,#6673,#8398,.T.);
#7701=EDGE_CURVE('',#6672,#6674,#2939,.T.);
#7702=EDGE_CURVE('',#6675,#6674,#8399,.T.);
#7703=EDGE_CURVE('',#6673,#6675,#2940,.T.);
#7704=EDGE_CURVE('',#6676,#6666,#2941,.T.);
#7705=EDGE_CURVE('',#6676,#6667,#2942,.T.);
#7706=EDGE_CURVE('',#6677,#6674,#2943,.T.);
#7707=EDGE_CURVE('',#6677,#6675,#2944,.T.);
#7708=EDGE_CURVE('',#6678,#6679,#8400,.T.);
#7709=EDGE_CURVE('',#6678,#6680,#2945,.T.);
#7710=EDGE_CURVE('',#6681,#6680,#8401,.T.);
#7711=EDGE_CURVE('',#6679,#6681,#2946,.T.);
#7712=EDGE_CURVE('',#6682,#6683,#8402,.T.);
#7713=EDGE_CURVE('',#6682,#6684,#2947,.T.);
#7714=EDGE_CURVE('',#6685,#6684,#8403,.T.);
#7715=EDGE_CURVE('',#6683,#6685,#2948,.T.);
#7716=EDGE_CURVE('',#6686,#6687,#8404,.T.);
#7717=EDGE_CURVE('',#6686,#6688,#2949,.T.);
#7718=EDGE_CURVE('',#6689,#6688,#8405,.T.);
#7719=EDGE_CURVE('',#6687,#6689,#2950,.T.);
#7720=EDGE_CURVE('',#6690,#6691,#8406,.T.);
#7721=EDGE_CURVE('',#6690,#6692,#2951,.T.);
#7722=EDGE_CURVE('',#6693,#6692,#8407,.T.);
#7723=EDGE_CURVE('',#6691,#6693,#2952,.T.);
#7724=EDGE_CURVE('',#6694,#6695,#8408,.T.);
#7725=EDGE_CURVE('',#6694,#6696,#2953,.T.);
#7726=EDGE_CURVE('',#6697,#6696,#8409,.T.);
#7727=EDGE_CURVE('',#6695,#6697,#2954,.T.);
#7728=EDGE_CURVE('',#6698,#6684,#2955,.T.);
#7729=EDGE_CURVE('',#6698,#6685,#2956,.T.);
#7730=EDGE_CURVE('',#6699,#6688,#2957,.T.);
#7731=EDGE_CURVE('',#6699,#6689,#2958,.T.);
#7732=EDGE_CURVE('',#6700,#6692,#2959,.T.);
#7733=EDGE_CURVE('',#6700,#6693,#2960,.T.);
#7734=EDGE_CURVE('',#6701,#6696,#2961,.T.);
#7735=EDGE_CURVE('',#6701,#6697,#2962,.T.);
#7736=EDGE_CURVE('',#6702,#6703,#2963,.T.);
#7737=EDGE_CURVE('',#6703,#6704,#2964,.T.);
#7738=EDGE_CURVE('',#6704,#6705,#2965,.T.);
#7739=EDGE_CURVE('',#6705,#6702,#2966,.T.);
#7740=EDGE_CURVE('',#6665,#6664,#8410,.T.);
#7741=EDGE_CURVE('',#6706,#6707,#2967,.T.);
#7742=EDGE_CURVE('',#6706,#6708,#2968,.T.);
#7743=EDGE_CURVE('',#6709,#6708,#2969,.T.);
#7744=EDGE_CURVE('',#6709,#6710,#2970,.T.);
#7745=EDGE_CURVE('',#6711,#6710,#2971,.T.);
#7746=EDGE_CURVE('',#6711,#6712,#2972,.T.);
#7747=EDGE_CURVE('',#6713,#6712,#2973,.T.);
#7748=EDGE_CURVE('',#6713,#6714,#2974,.T.);
#7749=EDGE_CURVE('',#6715,#6714,#2975,.T.);
#7750=EDGE_CURVE('',#6671,#6715,#2976,.T.);
#7751=EDGE_CURVE('',#6716,#6670,#8411,.T.);
#7752=EDGE_CURVE('',#6704,#6716,#2977,.T.);
#7753=EDGE_CURVE('',#6717,#6703,#2978,.T.);
#7754=EDGE_CURVE('',#6718,#6717,#8412,.T.);
#7755=EDGE_CURVE('',#6707,#6718,#2979,.T.);
#7756=EDGE_CURVE('',#6719,#6717,#2980,.T.);
#7757=EDGE_CURVE('',#6702,#6719,#2981,.T.);
#7758=EDGE_CURVE('',#6673,#6672,#8413,.T.);
#7759=EDGE_CURVE('',#6720,#6721,#2982,.T.);
#7760=EDGE_CURVE('',#6720,#6719,#8414,.T.);
#7761=EDGE_CURVE('',#6705,#6722,#2983,.T.);
#7762=EDGE_CURVE('',#6722,#6668,#8415,.T.);
#7763=EDGE_CURVE('',#6723,#6669,#2984,.T.);
#7764=EDGE_CURVE('',#6723,#6724,#2985,.T.);
#7765=EDGE_CURVE('',#6725,#6724,#2986,.T.);
#7766=EDGE_CURVE('',#6725,#6726,#2987,.T.);
#7767=EDGE_CURVE('',#6727,#6726,#2988,.T.);
#7768=EDGE_CURVE('',#6727,#6728,#2989,.T.);
#7769=EDGE_CURVE('',#6728,#6729,#2990,.T.);
#7770=EDGE_CURVE('',#6729,#6730,#2991,.T.);
#7771=EDGE_CURVE('',#6730,#6731,#2992,.T.);
#7772=EDGE_CURVE('',#6731,#6721,#2993,.T.);
#7773=EDGE_CURVE('',#6716,#6722,#2994,.T.);
#7774=EDGE_CURVE('',#6666,#6667,#8416,.T.);
#7775=EDGE_CURVE('',#6732,#6733,#2995,.T.);
#7776=EDGE_CURVE('',#6734,#6733,#2996,.T.);
#7777=EDGE_CURVE('',#6734,#6706,#2997,.T.);
#7778=EDGE_CURVE('',#6707,#6721,#2998,.T.);
#7779=EDGE_CURVE('',#6731,#6735,#2999,.T.);
#7780=EDGE_CURVE('',#6732,#6735,#3000,.T.);
#7781=EDGE_CURVE('',#6736,#6709,#3001,.T.);
#7782=EDGE_CURVE('',#6708,#6737,#3002,.T.);
#7783=EDGE_CURVE('',#6737,#6736,#3003,.T.);
#7784=EDGE_CURVE('',#6738,#6711,#3004,.T.);
#7785=EDGE_CURVE('',#6710,#6739,#3005,.T.);
#7786=EDGE_CURVE('',#6739,#6738,#3006,.T.);
#7787=EDGE_CURVE('',#6712,#6740,#3007,.T.);
#7788=EDGE_CURVE('',#6740,#6741,#3008,.T.);
#7789=EDGE_CURVE('',#6741,#6713,#3009,.T.);
#7790=EDGE_CURVE('',#6742,#6743,#3010,.T.);
#7791=EDGE_CURVE('',#6744,#6743,#3011,.T.);
#7792=EDGE_CURVE('',#6744,#6724,#3012,.T.);
#7793=EDGE_CURVE('',#6723,#6715,#3013,.T.);
#7794=EDGE_CURVE('',#6714,#6745,#3014,.T.);
#7795=EDGE_CURVE('',#6745,#6742,#3015,.T.);
#7796=EDGE_CURVE('',#6720,#6718,#3016,.T.);
#7797=EDGE_CURVE('',#6674,#6675,#8417,.T.);
#7798=EDGE_CURVE('',#6729,#6746,#3017,.T.);
#7799=EDGE_CURVE('',#6746,#6747,#3018,.T.);
#7800=EDGE_CURVE('',#6747,#6730,#3019,.T.);
#7801=EDGE_CURVE('',#6727,#6748,#3020,.T.);
#7802=EDGE_CURVE('',#6748,#6749,#3021,.T.);
#7803=EDGE_CURVE('',#6749,#6728,#3022,.T.);
#7804=EDGE_CURVE('',#6750,#6725,#3023,.T.);
#7805=EDGE_CURVE('',#6751,#6750,#3024,.T.);
#7806=EDGE_CURVE('',#6726,#6751,#3025,.T.);
#7807=EDGE_CURVE('',#6733,#6752,#3026,.T.);
#7808=EDGE_CURVE('',#6753,#6732,#3027,.T.);
#7809=EDGE_CURVE('',#6752,#6753,#3028,.T.);
#7810=EDGE_CURVE('',#6735,#6747,#3029,.T.);
#7811=EDGE_CURVE('',#6737,#6734,#3030,.T.);
#7812=EDGE_CURVE('',#6739,#6736,#3031,.T.);
#7813=EDGE_CURVE('',#6754,#6681,#3032,.T.);
#7814=EDGE_CURVE('',#6680,#6755,#8418,.T.);
#7815=EDGE_CURVE('',#6755,#6756,#3033,.T.);
#7816=EDGE_CURVE('',#6756,#6742,#3034,.T.);
#7817=EDGE_CURVE('',#6745,#6741,#3035,.T.);
#7818=EDGE_CURVE('',#6740,#6738,#3036,.T.);
#7819=EDGE_CURVE('',#6752,#6757,#3037,.T.);
#7820=EDGE_CURVE('',#6757,#6758,#3038,.T.);
#7821=EDGE_CURVE('',#6758,#6759,#3039,.T.);
#7822=EDGE_CURVE('',#6759,#6760,#3040,.T.);
#7823=EDGE_CURVE('',#6760,#6761,#3041,.T.);
#7824=EDGE_CURVE('',#6762,#6761,#3042,.T.);
#7825=EDGE_CURVE('',#6762,#6763,#3043,.T.);
#7826=EDGE_CURVE('',#6763,#6754,#3044,.T.);
#7827=EDGE_CURVE('',#6764,#6756,#3045,.T.);
#7828=EDGE_CURVE('',#6743,#6764,#3046,.T.);
#7829=EDGE_CURVE('',#6744,#6750,#3047,.T.);
#7830=EDGE_CURVE('',#6765,#6766,#3048,.T.);
#7831=EDGE_CURVE('',#6766,#6753,#3049,.T.);
#7832=EDGE_CURVE('',#6746,#6749,#3050,.T.);
#7833=EDGE_CURVE('',#6748,#6751,#3051,.T.);
#7834=EDGE_CURVE('',#6764,#6767,#3052,.T.);
#7835=EDGE_CURVE('',#6767,#6678,#8419,.T.);
#7836=EDGE_CURVE('',#6679,#6768,#3053,.T.);
#7837=EDGE_CURVE('',#6768,#6769,#3054,.T.);
#7838=EDGE_CURVE('',#6769,#6770,#3055,.T.);
#7839=EDGE_CURVE('',#6771,#6770,#3056,.T.);
#7840=EDGE_CURVE('',#6771,#6772,#3057,.T.);
#7841=EDGE_CURVE('',#6772,#6773,#3058,.T.);
#7842=EDGE_CURVE('',#6773,#6765,#3059,.T.);
#7843=EDGE_CURVE('',#6766,#6757,#3060,.T.);
#7844=EDGE_CURVE('',#6754,#6768,#3061,.T.);
#7845=EDGE_CURVE('',#6683,#6682,#8420,.T.);
#7846=EDGE_CURVE('',#6687,#6686,#8421,.T.);
#7847=EDGE_CURVE('',#6762,#6770,#3062,.T.);
#7848=EDGE_CURVE('',#6769,#6763,#3063,.T.);
#7849=EDGE_CURVE('',#6771,#6761,#3064,.T.);
#7850=EDGE_CURVE('',#6760,#6772,#3065,.T.);
#7851=EDGE_CURVE('',#6691,#6690,#8422,.T.);
#7852=EDGE_CURVE('',#6695,#6694,#8423,.T.);
#7853=EDGE_CURVE('',#6773,#6759,#3066,.T.);
#7854=EDGE_CURVE('',#6758,#6765,#3067,.T.);
#7855=EDGE_CURVE('',#6755,#6767,#3068,.T.);
#7856=EDGE_CURVE('',#6684,#6685,#8424,.T.);
#7857=EDGE_CURVE('',#6688,#6689,#8425,.T.);
#7858=EDGE_CURVE('',#6692,#6693,#8426,.T.);
#7859=EDGE_CURVE('',#6696,#6697,#8427,.T.);
#7860=EDGE_CURVE('',#6774,#6774,#8428,.T.);
#7861=EDGE_CURVE('',#6775,#6776,#8429,.T.);
#7862=EDGE_CURVE('',#6775,#6776,#123,.T.);
#7863=EDGE_CURVE('',#6777,#6777,#8430,.T.);
#7864=EDGE_CURVE('',#6778,#6778,#8431,.T.);
#7865=EDGE_CURVE('',#6779,#6780,#8432,.T.);
#7866=EDGE_CURVE('',#6779,#6781,#3069,.T.);
#7867=EDGE_CURVE('',#6781,#6782,#8433,.T.);
#7868=EDGE_CURVE('',#6780,#6782,#3070,.T.);
#7869=EDGE_CURVE('',#6783,#6784,#8434,.T.);
#7870=EDGE_CURVE('',#6783,#6785,#3071,.T.);
#7871=EDGE_CURVE('',#6785,#6786,#8435,.T.);
#7872=EDGE_CURVE('',#6784,#6786,#3072,.T.);
#7873=EDGE_CURVE('',#6787,#6788,#8436,.T.);
#7874=EDGE_CURVE('',#6787,#6789,#3073,.T.);
#7875=EDGE_CURVE('',#6789,#6790,#8437,.T.);
#7876=EDGE_CURVE('',#6788,#6790,#3074,.T.);
#7877=EDGE_CURVE('',#6791,#6792,#8438,.T.);
#7878=EDGE_CURVE('',#6791,#6793,#3075,.T.);
#7879=EDGE_CURVE('',#6793,#6794,#8439,.T.);
#7880=EDGE_CURVE('',#6792,#6794,#3076,.T.);
#7881=EDGE_CURVE('',#6795,#6796,#8440,.T.);
#7882=EDGE_CURVE('',#6795,#6797,#3077,.T.);
#7883=EDGE_CURVE('',#6797,#6798,#8441,.T.);
#7884=EDGE_CURVE('',#6796,#6798,#3078,.T.);
#7885=EDGE_CURVE('',#6799,#6800,#8442,.T.);
#7886=EDGE_CURVE('',#6799,#6801,#3079,.T.);
#7887=EDGE_CURVE('',#6801,#6802,#8443,.T.);
#7888=EDGE_CURVE('',#6800,#6802,#3080,.T.);
#7889=EDGE_CURVE('',#6803,#6804,#8444,.T.);
#7890=EDGE_CURVE('',#6803,#6805,#3081,.T.);
#7891=EDGE_CURVE('',#6805,#6806,#8445,.T.);
#7892=EDGE_CURVE('',#6804,#6806,#3082,.T.);
#7893=EDGE_CURVE('',#6807,#6808,#8446,.T.);
#7894=EDGE_CURVE('',#6807,#6809,#3083,.T.);
#7895=EDGE_CURVE('',#6809,#6810,#8447,.T.);
#7896=EDGE_CURVE('',#6808,#6810,#3084,.T.);
#7897=EDGE_CURVE('',#6811,#6812,#8448,.T.);
#7898=EDGE_CURVE('',#6812,#6813,#3085,.T.);
#7899=EDGE_CURVE('',#6813,#6814,#124,.T.);
#7900=EDGE_CURVE('',#6814,#6815,#3086,.T.);
#7901=EDGE_CURVE('',#6816,#6815,#8449,.T.);
#7902=EDGE_CURVE('',#6811,#6816,#3087,.T.);
#7903=EDGE_CURVE('',#6817,#6817,#8450,.T.);
#7904=EDGE_CURVE('',#6818,#6818,#8451,.T.);
#7905=EDGE_CURVE('',#6819,#6819,#8452,.T.);
#7906=EDGE_CURVE('',#6820,#6820,#8453,.T.);
#7907=EDGE_CURVE('',#6821,#6821,#8454,.T.);
#7908=EDGE_CURVE('',#6822,#6822,#8455,.T.);
#7909=EDGE_CURVE('',#6823,#6823,#8456,.T.);
#7910=EDGE_CURVE('',#6824,#6824,#8457,.T.);
#7911=EDGE_CURVE('',#6825,#6825,#8458,.T.);
#7912=EDGE_CURVE('',#6826,#6826,#8459,.T.);
#7913=EDGE_CURVE('',#6790,#6789,#8460,.T.);
#7914=EDGE_CURVE('',#6798,#6797,#8461,.T.);
#7915=EDGE_CURVE('',#6806,#6805,#8462,.T.);
#7916=EDGE_CURVE('',#6827,#6828,#3088,.T.);
#7917=EDGE_CURVE('',#6829,#6827,#3089,.T.);
#7918=EDGE_CURVE('',#6830,#6829,#3090,.T.);
#7919=EDGE_CURVE('',#6828,#6830,#3091,.T.);
#7920=EDGE_CURVE('',#6782,#6781,#8463,.T.);
#7921=EDGE_CURVE('',#6831,#6832,#3092,.T.);
#7922=EDGE_CURVE('',#6832,#6833,#125,.T.);
#7923=EDGE_CURVE('',#6833,#6834,#126,.T.);
#7924=EDGE_CURVE('',#6834,#6835,#3093,.T.);
#7925=EDGE_CURVE('',#6835,#6831,#127,.T.);
#7926=EDGE_CURVE('',#6836,#6837,#3094,.T.);
#7927=EDGE_CURVE('',#6838,#6837,#8464,.T.);
#7928=EDGE_CURVE('',#6838,#6839,#3095,.T.);
#7929=EDGE_CURVE('',#6839,#6840,#128,.T.);
#7930=EDGE_CURVE('',#6840,#6841,#3096,.T.);
#7931=EDGE_CURVE('',#6841,#6842,#129,.T.);
#7932=EDGE_CURVE('',#6842,#6843,#3097,.T.);
#7933=EDGE_CURVE('',#6843,#6844,#130,.T.);
#7934=EDGE_CURVE('',#6844,#6845,#3098,.T.);
#7935=EDGE_CURVE('',#6845,#6846,#131,.T.);
#7936=EDGE_CURVE('',#6846,#6847,#3099,.T.);
#7937=EDGE_CURVE('',#6847,#6848,#132,.T.);
#7938=EDGE_CURVE('',#6848,#6849,#3100,.T.);
#7939=EDGE_CURVE('',#6849,#6850,#133,.T.);
#7940=EDGE_CURVE('',#6850,#6851,#3101,.T.);
#7941=EDGE_CURVE('',#6851,#6852,#134,.T.);
#7942=EDGE_CURVE('',#6852,#6853,#3102,.T.);
#7943=EDGE_CURVE('',#6853,#6854,#135,.T.);
#7944=EDGE_CURVE('',#6854,#6855,#3103,.T.);
#7945=EDGE_CURVE('',#6855,#6856,#136,.T.);
#7946=EDGE_CURVE('',#6856,#6857,#3104,.T.);
#7947=EDGE_CURVE('',#6857,#6858,#137,.T.);
#7948=EDGE_CURVE('',#6858,#6776,#3105,.T.);
#7949=EDGE_CURVE('',#6775,#6859,#3106,.T.);
#7950=EDGE_CURVE('',#6859,#6836,#138,.T.);
#7951=EDGE_CURVE('',#6860,#6861,#3107,.T.);
#7952=EDGE_CURVE('',#6861,#6862,#139,.T.);
#7953=EDGE_CURVE('',#6862,#6863,#3108,.T.);
#7954=EDGE_CURVE('',#6863,#6864,#140,.T.);
#7955=EDGE_CURVE('',#6864,#6865,#3109,.T.);
#7956=EDGE_CURVE('',#6866,#6865,#8465,.T.);
#7957=EDGE_CURVE('',#6866,#6867,#3110,.T.);
#7958=EDGE_CURVE('',#6867,#6860,#141,.T.);
#7959=EDGE_CURVE('',#6868,#6830,#3111,.T.);
#7960=EDGE_CURVE('',#6869,#6868,#3112,.T.);
#7961=EDGE_CURVE('',#6828,#6869,#3113,.T.);
#7962=EDGE_CURVE('',#6870,#6871,#3114,.T.);
#7963=EDGE_CURVE('',#6870,#6872,#3115,.T.);
#7964=EDGE_CURVE('',#6838,#6872,#3116,.T.);
#7965=EDGE_CURVE('',#6873,#6837,#3117,.T.);
#7966=EDGE_CURVE('',#6873,#6874,#3118,.T.);
#7967=EDGE_CURVE('',#6875,#6874,#3119,.T.);
#7968=EDGE_CURVE('',#6812,#6875,#8466,.T.);
#7969=EDGE_CURVE('',#6811,#6876,#3120,.T.);
#7970=EDGE_CURVE('',#6827,#6876,#3121,.T.);
#7971=EDGE_CURVE('',#6877,#6869,#3122,.T.);
#7972=EDGE_CURVE('',#6871,#6877,#8467,.T.);
#7973=EDGE_CURVE('',#6829,#6878,#3123,.T.);
#7974=EDGE_CURVE('',#6878,#6876,#3124,.T.);
#7975=EDGE_CURVE('',#6879,#6880,#3125,.T.);
#7976=EDGE_CURVE('',#6880,#6881,#8468,.T.);
#7977=EDGE_CURVE('',#6881,#6868,#3126,.T.);
#7978=EDGE_CURVE('',#6878,#6816,#3127,.T.);
#7979=EDGE_CURVE('',#6815,#6882,#8469,.T.);
#7980=EDGE_CURVE('',#6882,#6883,#3128,.T.);
#7981=EDGE_CURVE('',#6883,#6884,#3129,.T.);
#7982=EDGE_CURVE('',#6884,#6866,#3130,.T.);
#7983=EDGE_CURVE('',#6865,#6885,#3131,.T.);
#7984=EDGE_CURVE('',#6885,#6879,#3132,.T.);
#7985=EDGE_CURVE('',#6877,#6881,#3133,.T.);
#7986=EDGE_CURVE('',#6886,#6887,#142,.T.);
#7987=EDGE_CURVE('',#6887,#6886,#143,.T.);
#7988=EDGE_CURVE('',#6871,#6880,#3134,.T.);
#7989=EDGE_CURVE('',#6870,#6879,#3135,.T.);
#7990=EDGE_CURVE('',#6840,#6839,#8470,.T.);
#7991=EDGE_CURVE('',#6885,#6872,#3136,.T.);
#7992=EDGE_CURVE('',#6864,#6807,#8471,.T.);
#7993=EDGE_CURVE('',#6808,#6863,#8472,.T.);
#7994=EDGE_CURVE('',#6862,#6799,#8473,.T.);
#7995=EDGE_CURVE('',#6800,#6861,#8474,.T.);
#7996=EDGE_CURVE('',#6860,#6867,#8475,.T.);
#7997=EDGE_CURVE('',#6873,#6884,#3137,.T.);
#7998=EDGE_CURVE('',#6836,#6859,#8476,.T.);
#7999=EDGE_CURVE('',#6858,#6857,#8477,.T.);
#8000=EDGE_CURVE('',#6856,#6855,#8478,.T.);
#8001=EDGE_CURVE('',#6854,#6853,#8479,.T.);
#8002=EDGE_CURVE('',#6852,#6851,#8480,.T.);
#8003=EDGE_CURVE('',#6850,#6849,#8481,.T.);
#8004=EDGE_CURVE('',#6848,#6847,#8482,.T.);
#8005=EDGE_CURVE('',#6846,#6845,#8483,.T.);
#8006=EDGE_CURVE('',#6844,#6843,#8484,.T.);
#8007=EDGE_CURVE('',#6842,#6841,#8485,.T.);
#8008=EDGE_CURVE('',#6834,#6888,#8486,.T.);
#8009=EDGE_CURVE('',#6888,#6783,#8487,.T.);
#8010=EDGE_CURVE('',#6784,#6832,#8488,.T.);
#8011=EDGE_CURVE('',#6831,#6835,#8489,.T.);
#8012=EDGE_CURVE('',#6889,#6890,#8490,.T.);
#8013=EDGE_CURVE('',#6890,#6791,#8491,.T.);
#8014=EDGE_CURVE('',#6792,#6891,#8492,.T.);
#8015=EDGE_CURVE('',#6892,#6891,#3138,.T.);
#8016=EDGE_CURVE('',#6892,#6893,#8493,.T.);
#8017=EDGE_CURVE('',#6889,#6893,#3139,.T.);
#8018=EDGE_CURVE('',#6875,#6882,#3140,.T.);
#8019=EDGE_CURVE('',#6883,#6874,#3141,.T.);
#8020=EDGE_CURVE('',#6814,#6813,#144,.T.);
#8021=EDGE_CURVE('',#6891,#6894,#145,.T.);
#8022=EDGE_CURVE('',#6894,#6889,#146,.T.);
#8023=EDGE_CURVE('',#6893,#6892,#147,.T.);
#8024=EDGE_CURVE('',#6890,#6894,#3142,.T.);
#8025=EDGE_CURVE('',#6888,#6833,#3143,.T.);
#8026=EDGE_CURVE('',#6810,#6809,#8494,.T.);
#8027=EDGE_CURVE('',#6804,#6803,#8495,.T.);
#8028=EDGE_CURVE('',#6802,#6801,#8496,.T.);
#8029=EDGE_CURVE('',#6796,#6795,#8497,.T.);
#8030=EDGE_CURVE('',#6794,#6793,#8498,.T.);
#8031=EDGE_CURVE('',#6788,#6787,#8499,.T.);
#8032=EDGE_CURVE('',#6786,#6785,#8500,.T.);
#8033=EDGE_CURVE('',#6780,#6779,#8501,.T.);
#8034=EDGE_CURVE('',#6895,#6895,#8502,.T.);
#8035=EDGE_CURVE('',#6896,#6896,#8503,.T.);
#8036=EDGE_CURVE('',#6897,#6897,#8504,.T.);
#8037=EDGE_CURVE('',#6898,#6898,#8505,.T.);
#8038=EDGE_CURVE('',#6899,#6899,#8506,.T.);
#8039=EDGE_CURVE('',#6900,#6900,#8507,.T.);
#8040=EDGE_CURVE('',#6901,#6901,#8508,.T.);
#8041=EDGE_CURVE('',#6902,#6902,#8509,.T.);
#8042=EDGE_CURVE('',#6903,#6903,#8510,.T.);
#8043=EDGE_CURVE('',#6904,#6904,#8511,.T.);
#8044=EDGE_CURVE('',#6905,#6905,#8512,.T.);
#8045=EDGE_CURVE('',#6906,#6906,#8513,.T.);
#8046=EDGE_CURVE('',#6907,#6907,#8514,.T.);
#8047=EDGE_CURVE('',#6908,#6908,#8515,.T.);
#8048=EDGE_CURVE('',#6909,#6909,#8516,.T.);
#8049=EDGE_CURVE('',#6910,#6910,#8517,.T.);
#8050=EDGE_CURVE('',#6911,#6911,#8518,.T.);
#8051=EDGE_CURVE('',#6912,#6912,#8519,.T.);
#8052=EDGE_CURVE('',#6913,#6913,#8520,.T.);
#8053=EDGE_CURVE('',#6914,#6914,#8521,.T.);
#8054=EDGE_CURVE('',#6915,#6915,#8522,.T.);
#8055=EDGE_CURVE('',#6916,#6916,#8523,.T.);
#8056=EDGE_CURVE('',#6917,#6917,#8524,.T.);
#8057=EDGE_CURVE('',#6918,#6918,#8525,.T.);
#8058=EDGE_CURVE('',#6919,#6919,#8526,.T.);
#8059=EDGE_CURVE('',#6920,#6920,#8527,.T.);
#8060=EDGE_CURVE('',#6921,#6921,#8528,.T.);
#8061=EDGE_CURVE('',#6922,#6922,#8529,.T.);
#8062=EDGE_CURVE('',#6923,#6923,#8530,.T.);
#8063=EDGE_CURVE('',#6924,#6924,#8531,.T.);
#8064=EDGE_CURVE('',#6925,#6925,#8532,.T.);
#8065=EDGE_CURVE('',#6926,#6927,#3144,.T.);
#8066=EDGE_CURVE('',#6927,#6928,#3145,.T.);
#8067=EDGE_CURVE('',#6928,#6929,#3146,.T.);
#8068=EDGE_CURVE('',#6929,#6930,#3147,.T.);
#8069=EDGE_CURVE('',#6931,#6930,#3148,.T.);
#8070=EDGE_CURVE('',#6932,#6931,#3149,.T.);
#8071=EDGE_CURVE('',#6932,#6933,#3150,.T.);
#8072=EDGE_CURVE('',#6933,#6926,#3151,.T.);
#8073=EDGE_CURVE('',#6934,#6935,#3152,.T.);
#8074=EDGE_CURVE('',#6935,#6936,#3153,.T.);
#8075=EDGE_CURVE('',#6936,#6937,#3154,.T.);
#8076=EDGE_CURVE('',#6937,#6938,#3155,.T.);
#8077=EDGE_CURVE('',#6939,#6938,#3156,.T.);
#8078=EDGE_CURVE('',#6940,#6939,#3157,.T.);
#8079=EDGE_CURVE('',#6940,#6941,#3158,.T.);
#8080=EDGE_CURVE('',#6941,#6934,#3159,.T.);
#8081=EDGE_CURVE('',#6942,#6943,#3160,.T.);
#8082=EDGE_CURVE('',#6943,#6944,#3161,.T.);
#8083=EDGE_CURVE('',#6944,#6945,#3162,.T.);
#8084=EDGE_CURVE('',#6946,#6945,#3163,.T.);
#8085=EDGE_CURVE('',#6947,#6946,#3164,.T.);
#8086=EDGE_CURVE('',#6947,#6948,#3165,.T.);
#8087=EDGE_CURVE('',#6948,#6949,#3166,.T.);
#8088=EDGE_CURVE('',#6949,#6942,#3167,.T.);
#8089=EDGE_CURVE('',#6950,#6951,#3168,.T.);
#8090=EDGE_CURVE('',#6951,#6952,#3169,.T.);
#8091=EDGE_CURVE('',#6952,#6953,#3170,.T.);
#8092=EDGE_CURVE('',#6954,#6953,#3171,.T.);
#8093=EDGE_CURVE('',#6955,#6954,#3172,.T.);
#8094=EDGE_CURVE('',#6955,#6956,#3173,.T.);
#8095=EDGE_CURVE('',#6956,#6957,#3174,.T.);
#8096=EDGE_CURVE('',#6957,#6950,#3175,.T.);
#8097=EDGE_CURVE('',#6957,#6927,#3176,.T.);
#8098=EDGE_CURVE('',#6926,#6935,#3177,.T.);
#8099=EDGE_CURVE('',#6934,#6942,#3178,.T.);
#8100=EDGE_CURVE('',#6949,#6950,#3179,.T.);
#8101=EDGE_CURVE('',#6951,#6948,#3180,.T.);
#8102=EDGE_CURVE('',#6943,#6941,#3181,.T.);
#8103=EDGE_CURVE('',#6928,#6956,#3182,.T.);
#8104=EDGE_CURVE('',#6936,#6933,#3183,.T.);
#8105=EDGE_CURVE('',#6958,#6958,#8533,.T.);
#8106=EDGE_CURVE('',#6955,#6929,#8534,.T.);
#8107=EDGE_CURVE('',#6959,#6959,#8535,.T.);
#8108=EDGE_CURVE('',#6947,#6952,#8536,.T.);
#8109=EDGE_CURVE('',#6960,#6960,#8537,.T.);
#8110=EDGE_CURVE('',#6940,#6944,#8538,.T.);
#8111=EDGE_CURVE('',#6961,#6961,#8539,.T.);
#8112=EDGE_CURVE('',#6932,#6937,#8540,.T.);
#8113=EDGE_CURVE('',#6931,#6938,#8541,.T.);
#8114=EDGE_CURVE('',#6939,#6945,#8542,.T.);
#8115=EDGE_CURVE('',#6946,#6953,#8543,.T.);
#8116=EDGE_CURVE('',#6954,#6930,#8544,.T.);
#8117=EDGE_CURVE('',#6962,#6962,#8545,.T.);
#8118=EDGE_CURVE('',#6963,#6963,#8546,.T.);
#8119=EDGE_CURVE('',#6964,#6964,#8547,.T.);
#8120=EDGE_CURVE('',#6965,#6965,#8548,.T.);
#8121=EDGE_CURVE('',#6966,#6966,#8549,.T.);
#8122=CIRCLE('',#8551,12.5);
#8123=CIRCLE('',#8552,13.5);
#8124=CIRCLE('',#8554,12.5);
#8125=CIRCLE('',#8555,13.5);
#8126=CIRCLE('',#8557,7.);
#8127=CIRCLE('',#8558,7.);
#8128=CIRCLE('',#8561,13.5);
#8129=CIRCLE('',#8562,13.5);
#8130=CIRCLE('',#8564,12.5);
#8131=CIRCLE('',#8565,7.);
#8132=CIRCLE('',#8567,12.5);
#8133=CIRCLE('',#8568,7.);
#8134=CIRCLE('',#8573,7.);
#8135=CIRCLE('',#8574,1.);
#8136=CIRCLE('',#8575,8.);
#8137=CIRCLE('',#8576,1.);
#8138=CIRCLE('',#8578,8.);
#8139=CIRCLE('',#8579,1.);
#8140=CIRCLE('',#8580,7.);
#8141=CIRCLE('',#8581,1.);
#8142=CIRCLE('',#8583,4.);
#8143=CIRCLE('',#8584,1.);
#8144=CIRCLE('',#8585,3.);
#8145=CIRCLE('',#8586,1.);
#8146=CIRCLE('',#8588,4.);
#8147=CIRCLE('',#8589,1.);
#8148=CIRCLE('',#8590,3.);
#8149=CIRCLE('',#8591,1.);
#8150=CIRCLE('',#8593,4.);
#8151=CIRCLE('',#8595,4.);
#8152=CIRCLE('',#8598,8.);
#8153=CIRCLE('',#8599,8.);
#8154=CIRCLE('',#8601,7.);
#8155=CIRCLE('',#8602,4.);
#8156=CIRCLE('',#8604,7.);
#8157=CIRCLE('',#8605,4.);
#8158=CIRCLE('',#8607,4.);
#8159=CIRCLE('',#8609,3.);
#8160=CIRCLE('',#8611,4.);
#8161=CIRCLE('',#8613,3.);
#8162=CIRCLE('',#8619,2.25);
#8163=CIRCLE('',#8620,11.);
#8164=CIRCLE('',#8621,2.25);
#8165=CIRCLE('',#8623,4.);
#8166=CIRCLE('',#8624,4.);
#8167=CIRCLE('',#8626,2.25);
#8168=CIRCLE('',#8628,4.);
#8169=CIRCLE('',#8629,4.);
#8170=CIRCLE('',#8631,2.25);
#8171=CIRCLE('',#8633,6.);
#8172=CIRCLE('',#8634,6.);
#8173=CIRCLE('',#8641,11.);
#8174=CIRCLE('',#8646,2.85);
#8175=CIRCLE('',#8647,2.85);
#8176=CIRCLE('',#8649,1.7);
#8177=CIRCLE('',#8650,1.7);
#8178=CIRCLE('',#8652,2.85);
#8179=CIRCLE('',#8653,2.85);
#8180=CIRCLE('',#8655,1.7);
#8181=CIRCLE('',#8656,1.7);
#8182=CIRCLE('',#8658,2.85);
#8183=CIRCLE('',#8659,2.85);
#8184=CIRCLE('',#8661,1.7);
#8185=CIRCLE('',#8662,1.7);
#8186=CIRCLE('',#8664,2.85);
#8187=CIRCLE('',#8665,2.85);
#8188=CIRCLE('',#8667,1.7);
#8189=CIRCLE('',#8668,1.7);
#8190=CIRCLE('',#8670,7.);
#8191=CIRCLE('',#8671,7.);
#8192=CIRCLE('',#8673,11.);
#8193=CIRCLE('',#8674,11.);
#8194=CIRCLE('',#8676,1.7);
#8195=CIRCLE('',#8677,1.7);
#8196=CIRCLE('',#8678,1.7);
#8197=CIRCLE('',#8679,1.7);
#8198=CIRCLE('',#8682,2.85);
#8199=CIRCLE('',#8683,2.85);
#8200=CIRCLE('',#8684,2.85);
#8201=CIRCLE('',#8685,2.85);
#8202=CIRCLE('',#8687,7.);
#8203=CIRCLE('',#8688,3.);
#8204=CIRCLE('',#8689,3.);
#8205=CIRCLE('',#8692,11.);
#8206=CIRCLE('',#8693,3.);
#8207=CIRCLE('',#8694,3.);
#8208=CIRCLE('',#8696,0.5);
#8209=CIRCLE('',#8698,0.5);
#8210=CIRCLE('',#8700,0.5);
#8211=CIRCLE('',#8701,0.5);
#8212=CIRCLE('',#8707,11.);
#8213=CIRCLE('',#8709,7.);
#8214=CIRCLE('',#8712,1.7);
#8215=CIRCLE('',#8714,2.85);
#8216=CIRCLE('',#8717,1.7);
#8217=CIRCLE('',#8719,2.85);
#8218=CIRCLE('',#8722,1.7);
#8219=CIRCLE('',#8724,2.85);
#8220=CIRCLE('',#8727,1.7);
#8221=CIRCLE('',#8729,2.85);
#8222=CIRCLE('',#8736,1.65);
#8223=CIRCLE('',#8737,1.65);
#8224=CIRCLE('',#8740,1.65);
#8225=CIRCLE('',#8741,1.65);
#8226=CIRCLE('',#8744,1.65);
#8227=CIRCLE('',#8745,1.65);
#8228=CIRCLE('',#8748,1.65);
#8229=CIRCLE('',#8749,1.65);
#8230=CIRCLE('',#8764,1.65);
#8231=CIRCLE('',#8765,1.65);
#8232=CIRCLE('',#8767,1.65);
#8233=CIRCLE('',#8768,1.65);
#8234=CIRCLE('',#8826,1.65);
#8235=CIRCLE('',#8829,1.65);
#8236=CIRCLE('',#8832,1.65);
#8237=CIRCLE('',#8835,1.65);
#8238=CIRCLE('',#8838,1.65);
#8239=CIRCLE('',#8839,1.65);
#8240=CIRCLE('',#8842,1.65);
#8241=CIRCLE('',#8843,1.65);
#8242=CIRCLE('',#8846,1.65);
#8243=CIRCLE('',#8847,1.65);
#8244=CIRCLE('',#8850,1.65);
#8245=CIRCLE('',#8851,1.65);
#8246=CIRCLE('',#8854,1.65);
#8247=CIRCLE('',#8855,1.65);
#8248=CIRCLE('',#8858,1.65);
#8249=CIRCLE('',#8859,1.65);
#8250=CIRCLE('',#8862,1.65);
#8251=CIRCLE('',#8863,1.65);
#8252=CIRCLE('',#8866,1.65);
#8253=CIRCLE('',#8867,1.65);
#8254=CIRCLE('',#8870,3.25);
#8255=CIRCLE('',#8872,3.25);
#8256=CIRCLE('',#8874,1.7);
#8257=CIRCLE('',#8875,1.7);
#8258=CIRCLE('',#8877,1.7);
#8259=CIRCLE('',#8878,1.7);
#8260=CIRCLE('',#8880,3.25);
#8261=CIRCLE('',#8882,3.25);
#8262=CIRCLE('',#8884,3.25);
#8263=CIRCLE('',#8886,3.25);
#8264=CIRCLE('',#8888,1.7);
#8265=CIRCLE('',#8889,1.7);
#8266=CIRCLE('',#8891,1.7);
#8267=CIRCLE('',#8892,1.7);
#8268=CIRCLE('',#8894,3.25);
#8269=CIRCLE('',#8896,3.25);
#8270=CIRCLE('',#8898,9.);
#8271=CIRCLE('',#8899,9.);
#8272=CIRCLE('',#8900,9.);
#8273=CIRCLE('',#8902,1.65);
#8274=CIRCLE('',#8903,1.65);
#8275=CIRCLE('',#8906,1.65);
#8276=CIRCLE('',#8907,1.65);
#8277=CIRCLE('',#8910,4.);
#8278=CIRCLE('',#8911,4.);
#8279=CIRCLE('',#8913,4.);
#8280=CIRCLE('',#8914,4.);
#8281=CIRCLE('',#8916,4.);
#8282=CIRCLE('',#8917,4.);
#8283=CIRCLE('',#8919,4.);
#8284=CIRCLE('',#8920,4.);
#8285=CIRCLE('',#8922,13.5);
#8286=CIRCLE('',#8923,13.5);
#8287=CIRCLE('',#8924,13.5);
#8288=CIRCLE('',#8925,13.5);
#8289=CIRCLE('',#8926,13.5);
#8290=CIRCLE('',#8927,13.5);
#8291=CIRCLE('',#8929,13.5);
#8292=CIRCLE('',#8931,13.5);
#8293=CIRCLE('',#8932,9.);
#8294=CIRCLE('',#8934,1.7);
#8295=CIRCLE('',#8935,1.7);
#8296=CIRCLE('',#8936,1.7);
#8297=CIRCLE('',#8937,1.7);
#8298=CIRCLE('',#8939,9.);
#8299=CIRCLE('',#8940,13.5);
#8300=CIRCLE('',#8942,1.65);
#8301=CIRCLE('',#8943,1.65);
#8302=CIRCLE('',#8945,9.);
#8303=CIRCLE('',#8947,1.65);
#8304=CIRCLE('',#8948,1.65);
#8305=CIRCLE('',#8950,13.5);
#8306=CIRCLE('',#8951,4.);
#8307=CIRCLE('',#8952,13.5);
#8308=CIRCLE('',#8953,4.);
#8309=CIRCLE('',#8955,1.65);
#8310=CIRCLE('',#8956,1.65);
#8311=CIRCLE('',#8957,1.65);
#8312=CIRCLE('',#8958,1.65);
#8313=CIRCLE('',#8959,3.25);
#8314=CIRCLE('',#8960,3.25);
#8315=CIRCLE('',#8961,3.25);
#8316=CIRCLE('',#8962,3.25);
#8317=CIRCLE('',#8964,13.5);
#8318=CIRCLE('',#8967,4.);
#8319=CIRCLE('',#8969,1.65);
#8320=CIRCLE('',#8971,4.);
#8321=CIRCLE('',#8973,1.65);
#8322=CIRCLE('',#8975,1.65);
#8323=CIRCLE('',#8978,1.65);
#8324=CIRCLE('',#8983,3.25);
#8325=CIRCLE('',#8985,1.7);
#8326=CIRCLE('',#8988,1.7);
#8327=CIRCLE('',#8990,3.25);
#8328=CIRCLE('',#8994,3.25);
#8329=CIRCLE('',#8996,1.7);
#8330=CIRCLE('',#8999,1.7);
#8331=CIRCLE('',#9001,3.25);
#8332=CIRCLE('',#9004,1.65);
#8333=CIRCLE('',#9007,1.65);
#8334=CIRCLE('',#9010,1.65);
#8335=CIRCLE('',#9013,1.65);
#8336=CIRCLE('',#9016,1.65);
#8337=CIRCLE('',#9019,1.65);
#8338=CIRCLE('',#9022,1.65);
#8339=CIRCLE('',#9025,1.65);
#8340=CIRCLE('',#9028,1.65);
#8341=CIRCLE('',#9029,1.65);
#8342=CIRCLE('',#9030,1.65);
#8343=CIRCLE('',#9031,1.65);
#8344=CIRCLE('',#9032,11.1);
#8345=CIRCLE('',#9033,3.25);
#8346=CIRCLE('',#9034,3.25);
#8347=CIRCLE('',#9035,3.25);
#8348=CIRCLE('',#9036,3.25);
#8349=CIRCLE('',#9037,2.25);
#8350=CIRCLE('',#9038,2.25);
#8351=CIRCLE('',#9039,3.);
#8352=CIRCLE('',#9040,3.);
#8353=CIRCLE('',#9041,3.);
#8354=CIRCLE('',#9042,3.);
#8355=CIRCLE('',#9044,1.65);
#8356=CIRCLE('',#9045,1.65);
#8357=CIRCLE('',#9046,1.65);
#8358=CIRCLE('',#9047,1.65);
#8359=CIRCLE('',#9048,4.);
#8360=CIRCLE('',#9049,3.);
#8361=CIRCLE('',#9050,3.);
#8362=CIRCLE('',#9051,3.);
#8363=CIRCLE('',#9052,3.);
#8364=CIRCLE('',#9053,3.);
#8365=CIRCLE('',#9054,3.);
#8366=CIRCLE('',#9055,3.);
#8367=CIRCLE('',#9056,3.);
#8368=CIRCLE('',#9057,4.);
#8369=CIRCLE('',#9067,4.);
#8370=CIRCLE('',#9069,4.);
#8371=CIRCLE('',#9071,19.);
#8372=CIRCLE('',#9072,19.);
#8373=CIRCLE('',#9074,3.25);
#8374=CIRCLE('',#9076,3.25);
#8375=CIRCLE('',#9078,1.65);
#8376=CIRCLE('',#9079,1.65);
#8377=CIRCLE('',#9081,3.25);
#8378=CIRCLE('',#9083,3.25);
#8379=CIRCLE('',#9085,11.1);
#8380=CIRCLE('',#9091,19.);
#8381=CIRCLE('',#9092,1.65);
#8382=CIRCLE('',#9093,1.65);
#8383=CIRCLE('',#9094,1.65);
#8384=CIRCLE('',#9095,3.);
#8385=CIRCLE('',#9096,3.);
#8386=CIRCLE('',#9097,3.);
#8387=CIRCLE('',#9098,3.);
#8388=CIRCLE('',#9100,1.65);
#8389=CIRCLE('',#9103,1.65);
#8390=CIRCLE('',#9107,1.65);
#8391=CIRCLE('',#9110,19.);
#8392=CIRCLE('',#9113,2.25);
#8393=CIRCLE('',#9116,2.25);
#8394=CIRCLE('',#9127,0.7);
#8395=CIRCLE('',#9128,0.7);
#8396=CIRCLE('',#9130,1.25);
#8397=CIRCLE('',#9131,1.25);
#8398=CIRCLE('',#9133,0.7);
#8399=CIRCLE('',#9134,0.7);
#8400=CIRCLE('',#9138,0.3);
#8401=CIRCLE('',#9139,0.3);
#8402=CIRCLE('',#9141,1.5);
#8403=CIRCLE('',#9142,1.5);
#8404=CIRCLE('',#9144,1.5);
#8405=CIRCLE('',#9145,1.5);
#8406=CIRCLE('',#9147,1.5);
#8407=CIRCLE('',#9148,1.5);
#8408=CIRCLE('',#9150,1.5);
#8409=CIRCLE('',#9151,1.5);
#8410=CIRCLE('',#9158,0.7);
#8411=CIRCLE('',#9159,1.25);
#8412=CIRCLE('',#9160,1.25);
#8413=CIRCLE('',#9163,0.7);
#8414=CIRCLE('',#9164,1.25);
#8415=CIRCLE('',#9165,1.25);
#8416=CIRCLE('',#9168,0.7);
#8417=CIRCLE('',#9177,0.7);
#8418=CIRCLE('',#9188,0.3);
#8419=CIRCLE('',#9196,0.3);
#8420=CIRCLE('',#9202,1.5);
#8421=CIRCLE('',#9203,1.5);
#8422=CIRCLE('',#9206,1.5);
#8423=CIRCLE('',#9207,1.5);
#8424=CIRCLE('',#9213,1.5);
#8425=CIRCLE('',#9215,1.5);
#8426=CIRCLE('',#9219,1.5);
#8427=CIRCLE('',#9221,1.5);
#8428=CIRCLE('',#9227,1.7);
#8429=CIRCLE('',#9228,1.7);
#8430=CIRCLE('',#9230,3.25);
#8431=CIRCLE('',#9231,3.25);
#8432=CIRCLE('',#9233,3.25);
#8433=CIRCLE('',#9234,3.25);
#8434=CIRCLE('',#9236,1.7);
#8435=CIRCLE('',#9237,1.7);
#8436=CIRCLE('',#9239,3.25);
#8437=CIRCLE('',#9240,3.25);
#8438=CIRCLE('',#9242,1.7);
#8439=CIRCLE('',#9243,1.7);
#8440=CIRCLE('',#9245,3.25);
#8441=CIRCLE('',#9246,3.25);
#8442=CIRCLE('',#9248,1.7);
#8443=CIRCLE('',#9249,1.7);
#8444=CIRCLE('',#9251,3.25);
#8445=CIRCLE('',#9252,3.25);
#8446=CIRCLE('',#9254,1.7);
#8447=CIRCLE('',#9255,1.7);
#8448=CIRCLE('',#9257,1.25);
#8449=CIRCLE('',#9258,1.25);
#8450=CIRCLE('',#9260,3.25);
#8451=CIRCLE('',#9261,3.25);
#8452=CIRCLE('',#9262,3.25);
#8453=CIRCLE('',#9263,3.25);
#8454=CIRCLE('',#9264,3.25);
#8455=CIRCLE('',#9265,3.25);
#8456=CIRCLE('',#9266,3.25);
#8457=CIRCLE('',#9267,3.25);
#8458=CIRCLE('',#9268,3.25);
#8459=CIRCLE('',#9269,3.25);
#8460=CIRCLE('',#9270,3.25);
#8461=CIRCLE('',#9271,3.25);
#8462=CIRCLE('',#9272,3.25);
#8463=CIRCLE('',#9273,3.25);
#8464=CIRCLE('',#9276,0.3);
#8465=CIRCLE('',#9278,0.3);
#8466=CIRCLE('',#9281,1.25);
#8467=CIRCLE('',#9282,1.25);
#8468=CIRCLE('',#9285,1.25);
#8469=CIRCLE('',#9286,1.25);
#8470=CIRCLE('',#9291,1.7);
#8471=CIRCLE('',#9292,1.7);
#8472=CIRCLE('',#9293,1.7);
#8473=CIRCLE('',#9294,1.7);
#8474=CIRCLE('',#9295,1.7);
#8475=CIRCLE('',#9296,4.31757861624976);
#8476=CIRCLE('',#9297,3.);
#8477=CIRCLE('',#9298,1.7);
#8478=CIRCLE('',#9299,1.7);
#8479=CIRCLE('',#9300,1.7);
#8480=CIRCLE('',#9301,1.7);
#8481=CIRCLE('',#9302,1.7);
#8482=CIRCLE('',#9303,1.7);
#8483=CIRCLE('',#9304,1.7);
#8484=CIRCLE('',#9305,1.7);
#8485=CIRCLE('',#9306,1.7);
#8486=CIRCLE('',#9307,4.76123644785077);
#8487=CIRCLE('',#9308,1.7);
#8488=CIRCLE('',#9309,1.7);
#8489=CIRCLE('',#9310,3.);
#8490=CIRCLE('',#9311,4.31757861624976);
#8491=CIRCLE('',#9312,1.7);
#8492=CIRCLE('',#9313,1.7);
#8493=CIRCLE('',#9314,4.76123644785077);
#8494=CIRCLE('',#9330,1.7);
#8495=CIRCLE('',#9332,3.25);
#8496=CIRCLE('',#9335,1.7);
#8497=CIRCLE('',#9337,3.25);
#8498=CIRCLE('',#9340,1.7);
#8499=CIRCLE('',#9342,3.25);
#8500=CIRCLE('',#9345,1.7);
#8501=CIRCLE('',#9347,3.25);
#8502=CIRCLE('',#9351,3.25);
#8503=CIRCLE('',#9353,1.7);
#8504=CIRCLE('',#9356,3.25);
#8505=CIRCLE('',#9358,1.7);
#8506=CIRCLE('',#9361,3.25);
#8507=CIRCLE('',#9363,1.7);
#8508=CIRCLE('',#9366,3.25);
#8509=CIRCLE('',#9368,1.7);
#8510=CIRCLE('',#9371,3.25);
#8511=CIRCLE('',#9373,1.7);
#8512=CIRCLE('',#9376,3.25);
#8513=CIRCLE('',#9378,1.7);
#8514=CIRCLE('',#9381,3.25);
#8515=CIRCLE('',#9383,1.7);
#8516=CIRCLE('',#9386,3.25);
#8517=CIRCLE('',#9388,1.7);
#8518=CIRCLE('',#9391,3.25);
#8519=CIRCLE('',#9393,1.7);
#8520=CIRCLE('',#9396,3.25);
#8521=CIRCLE('',#9398,1.7);
#8522=CIRCLE('',#9401,4.);
#8523=CIRCLE('',#9402,4.);
#8524=CIRCLE('',#9404,11.);
#8525=CIRCLE('',#9405,11.);
#8526=CIRCLE('',#9409,4.);
#8527=CIRCLE('',#9410,4.);
#8528=CIRCLE('',#9412,11.);
#8529=CIRCLE('',#9413,11.);
#8530=CIRCLE('',#9417,4.);
#8531=CIRCLE('',#9418,19.05);
#8532=CIRCLE('',#9420,19.05);
#8533=CIRCLE('',#9431,2.5);
#8534=CIRCLE('',#9432,3.);
#8535=CIRCLE('',#9434,2.5);
#8536=CIRCLE('',#9435,3.);
#8537=CIRCLE('',#9437,2.5);
#8538=CIRCLE('',#9438,3.);
#8539=CIRCLE('',#9440,2.5);
#8540=CIRCLE('',#9441,3.);
#8541=CIRCLE('',#9443,3.);
#8542=CIRCLE('',#9445,3.);
#8543=CIRCLE('',#9447,3.);
#8544=CIRCLE('',#9449,3.);
#8545=CIRCLE('',#9451,2.5);
#8546=CIRCLE('',#9453,2.5);
#8547=CIRCLE('',#9455,2.5);
#8548=CIRCLE('',#9457,2.5);
#8549=CIRCLE('',#9460,4.);
#8550=AXIS2_PLACEMENT_3D('',#11969,#9463,#9464);
#8551=AXIS2_PLACEMENT_3D('',#11970,#9465,#9466);
#8552=AXIS2_PLACEMENT_3D('',#11975,#9468,#9469);
#8553=AXIS2_PLACEMENT_3D('',#11978,#9471,#9472);
#8554=AXIS2_PLACEMENT_3D('',#11979,#9473,#9474);
#8555=AXIS2_PLACEMENT_3D('',#11984,#9476,#9477);
#8556=AXIS2_PLACEMENT_3D('',#11987,#9479,#9480);
#8557=AXIS2_PLACEMENT_3D('',#11988,#9481,#9482);
#8558=AXIS2_PLACEMENT_3D('',#11993,#9484,#9485);
#8559=AXIS2_PLACEMENT_3D('',#11996,#9487,#9488);
#8560=AXIS2_PLACEMENT_3D('',#11999,#9491,#9492);
#8561=AXIS2_PLACEMENT_3D('',#12000,#9493,#9494);
#8562=AXIS2_PLACEMENT_3D('',#12001,#9495,#9496);
#8563=AXIS2_PLACEMENT_3D('',#12002,#9497,#9498);
#8564=AXIS2_PLACEMENT_3D('',#12003,#9499,#9500);
#8565=AXIS2_PLACEMENT_3D('',#12004,#9501,#9502);
#8566=AXIS2_PLACEMENT_3D('',#12005,#9503,#9504);
#8567=AXIS2_PLACEMENT_3D('',#12006,#9505,#9506);
#8568=AXIS2_PLACEMENT_3D('',#12007,#9507,#9508);
#8569=AXIS2_PLACEMENT_3D('',#12008,#9509,#9510);
#8570=AXIS2_PLACEMENT_3D('',#12009,#9511,#9512);
#8571=AXIS2_PLACEMENT_3D('',#12010,#9513,#9514);
#8572=AXIS2_PLACEMENT_3D('',#12011,#9515,#9516);
#8573=AXIS2_PLACEMENT_3D('',#12012,#9517,#9518);
#8574=AXIS2_PLACEMENT_3D('',#12015,#9519,#9520);
#8575=AXIS2_PLACEMENT_3D('',#12017,#9521,#9522);
#8576=AXIS2_PLACEMENT_3D('',#12019,#9523,#9524);
#8577=AXIS2_PLACEMENT_3D('',#12020,#9525,#9526);
#8578=AXIS2_PLACEMENT_3D('',#12021,#9527,#9528);
#8579=AXIS2_PLACEMENT_3D('',#12024,#9529,#9530);
#8580=AXIS2_PLACEMENT_3D('',#12026,#9531,#9532);
#8581=AXIS2_PLACEMENT_3D('',#12028,#9533,#9534);
#8582=AXIS2_PLACEMENT_3D('',#12029,#9535,#9536);
#8583=AXIS2_PLACEMENT_3D('',#12030,#9537,#9538);
#8584=AXIS2_PLACEMENT_3D('',#12033,#9539,#9540);
#8585=AXIS2_PLACEMENT_3D('',#12035,#9541,#9542);
#8586=AXIS2_PLACEMENT_3D('',#12037,#9543,#9544);
#8587=AXIS2_PLACEMENT_3D('',#12038,#9545,#9546);
#8588=AXIS2_PLACEMENT_3D('',#12039,#9547,#9548);
#8589=AXIS2_PLACEMENT_3D('',#12042,#9549,#9550);
#8590=AXIS2_PLACEMENT_3D('',#12044,#9551,#9552);
#8591=AXIS2_PLACEMENT_3D('',#12046,#9553,#9554);
#8592=AXIS2_PLACEMENT_3D('',#12047,#9555,#9556);
#8593=AXIS2_PLACEMENT_3D('',#12050,#9558,#9559);
#8594=AXIS2_PLACEMENT_3D('',#12053,#9561,#9562);
#8595=AXIS2_PLACEMENT_3D('',#12056,#9564,#9565);
#8596=AXIS2_PLACEMENT_3D('',#12059,#9567,#9568);
#8597=AXIS2_PLACEMENT_3D('',#12062,#9571,#9572);
#8598=AXIS2_PLACEMENT_3D('',#12063,#9573,#9574);
#8599=AXIS2_PLACEMENT_3D('',#12064,#9575,#9576);
#8600=AXIS2_PLACEMENT_3D('',#12065,#9577,#9578);
#8601=AXIS2_PLACEMENT_3D('',#12066,#9579,#9580);
#8602=AXIS2_PLACEMENT_3D('',#12067,#9581,#9582);
#8603=AXIS2_PLACEMENT_3D('',#12068,#9583,#9584);
#8604=AXIS2_PLACEMENT_3D('',#12069,#9585,#9586);
#8605=AXIS2_PLACEMENT_3D('',#12070,#9587,#9588);
#8606=AXIS2_PLACEMENT_3D('',#12071,#9589,#9590);
#8607=AXIS2_PLACEMENT_3D('',#12072,#9591,#9592);
#8608=AXIS2_PLACEMENT_3D('',#12073,#9593,#9594);
#8609=AXIS2_PLACEMENT_3D('',#12074,#9595,#9596);
#8610=AXIS2_PLACEMENT_3D('',#12075,#9597,#9598);
#8611=AXIS2_PLACEMENT_3D('',#12076,#9599,#9600);
#8612=AXIS2_PLACEMENT_3D('',#12077,#9601,#9602);
#8613=AXIS2_PLACEMENT_3D('',#12078,#9603,#9604);
#8614=AXIS2_PLACEMENT_3D('',#12079,#9605,#9606);
#8615=AXIS2_PLACEMENT_3D('',#12080,#9607,#9608);
#8616=AXIS2_PLACEMENT_3D('',#12081,#9609,#9610);
#8617=AXIS2_PLACEMENT_3D('',#12082,#9611,#9612);
#8618=AXIS2_PLACEMENT_3D('',#12083,#9613,#9614);
#8619=AXIS2_PLACEMENT_3D('',#12084,#9615,#9616);
#8620=AXIS2_PLACEMENT_3D('',#12094,#9621,#9622);
#8621=AXIS2_PLACEMENT_3D('',#12096,#9623,#9624);
#8622=AXIS2_PLACEMENT_3D('',#12098,#9625,#9626);
#8623=AXIS2_PLACEMENT_3D('',#12099,#9627,#9628);
#8624=AXIS2_PLACEMENT_3D('',#12101,#9629,#9630);
#8625=AXIS2_PLACEMENT_3D('',#12103,#9631,#9632);
#8626=AXIS2_PLACEMENT_3D('',#12104,#9633,#9634);
#8627=AXIS2_PLACEMENT_3D('',#12106,#9635,#9636);
#8628=AXIS2_PLACEMENT_3D('',#12107,#9637,#9638);
#8629=AXIS2_PLACEMENT_3D('',#12109,#9639,#9640);
#8630=AXIS2_PLACEMENT_3D('',#12111,#9641,#9642);
#8631=AXIS2_PLACEMENT_3D('',#12112,#9643,#9644);
#8632=AXIS2_PLACEMENT_3D('',#12114,#9645,#9646);
#8633=AXIS2_PLACEMENT_3D('',#12115,#9647,#9648);
#8634=AXIS2_PLACEMENT_3D('',#12117,#9649,#9650);
#8635=AXIS2_PLACEMENT_3D('',#12119,#9651,#9652);
#8636=AXIS2_PLACEMENT_3D('',#12125,#9656,#9657);
#8637=AXIS2_PLACEMENT_3D('',#12129,#9660,#9661);
#8638=AXIS2_PLACEMENT_3D('',#12133,#9664,#9665);
#8639=AXIS2_PLACEMENT_3D('',#12135,#9667,#9668);
#8640=AXIS2_PLACEMENT_3D('',#12136,#9669,#9670);
#8641=AXIS2_PLACEMENT_3D('',#12137,#9671,#9672);
#8642=AXIS2_PLACEMENT_3D('',#12139,#9673,#9674);
#8643=AXIS2_PLACEMENT_3D('',#12140,#9675,#9676);
#8644=AXIS2_PLACEMENT_3D('',#12141,#9677,#9678);
#8645=AXIS2_PLACEMENT_3D('',#12142,#9679,#9680);
#8646=AXIS2_PLACEMENT_3D('',#12143,#9681,#9682);
#8647=AXIS2_PLACEMENT_3D('',#12148,#9684,#9685);
#8648=AXIS2_PLACEMENT_3D('',#12151,#9687,#9688);
#8649=AXIS2_PLACEMENT_3D('',#12152,#9689,#9690);
#8650=AXIS2_PLACEMENT_3D('',#12157,#9692,#9693);
#8651=AXIS2_PLACEMENT_3D('',#12160,#9695,#9696);
#8652=AXIS2_PLACEMENT_3D('',#12161,#9697,#9698);
#8653=AXIS2_PLACEMENT_3D('',#12166,#9700,#9701);
#8654=AXIS2_PLACEMENT_3D('',#12169,#9703,#9704);
#8655=AXIS2_PLACEMENT_3D('',#12170,#9705,#9706);
#8656=AXIS2_PLACEMENT_3D('',#12175,#9708,#9709);
#8657=AXIS2_PLACEMENT_3D('',#12178,#9711,#9712);
#8658=AXIS2_PLACEMENT_3D('',#12179,#9713,#9714);
#8659=AXIS2_PLACEMENT_3D('',#12184,#9716,#9717);
#8660=AXIS2_PLACEMENT_3D('',#12187,#9719,#9720);
#8661=AXIS2_PLACEMENT_3D('',#12188,#9721,#9722);
#8662=AXIS2_PLACEMENT_3D('',#12193,#9724,#9725);
#8663=AXIS2_PLACEMENT_3D('',#12196,#9727,#9728);
#8664=AXIS2_PLACEMENT_3D('',#12197,#9729,#9730);
#8665=AXIS2_PLACEMENT_3D('',#12202,#9732,#9733);
#8666=AXIS2_PLACEMENT_3D('',#12205,#9735,#9736);
#8667=AXIS2_PLACEMENT_3D('',#12206,#9737,#9738);
#8668=AXIS2_PLACEMENT_3D('',#12211,#9740,#9741);
#8669=AXIS2_PLACEMENT_3D('',#12214,#9743,#9744);
#8670=AXIS2_PLACEMENT_3D('',#12215,#9745,#9746);
#8671=AXIS2_PLACEMENT_3D('',#12220,#9748,#9749);
#8672=AXIS2_PLACEMENT_3D('',#12223,#9751,#9752);
#8673=AXIS2_PLACEMENT_3D('',#12224,#9753,#9754);
#8674=AXIS2_PLACEMENT_3D('',#12229,#9756,#9757);
#8675=AXIS2_PLACEMENT_3D('',#12232,#9759,#9760);
#8676=AXIS2_PLACEMENT_3D('',#12233,#9761,#9762);
#8677=AXIS2_PLACEMENT_3D('',#12234,#9763,#9764);
#8678=AXIS2_PLACEMENT_3D('',#12235,#9765,#9766);
#8679=AXIS2_PLACEMENT_3D('',#12236,#9767,#9768);
#8680=AXIS2_PLACEMENT_3D('',#12249,#9775,#9776);
#8681=AXIS2_PLACEMENT_3D('',#12255,#9780,#9781);
#8682=AXIS2_PLACEMENT_3D('',#12256,#9782,#9783);
#8683=AXIS2_PLACEMENT_3D('',#12257,#9784,#9785);
#8684=AXIS2_PLACEMENT_3D('',#12258,#9786,#9787);
#8685=AXIS2_PLACEMENT_3D('',#12259,#9788,#9789);
#8686=AXIS2_PLACEMENT_3D('',#12269,#9795,#9796);
#8687=AXIS2_PLACEMENT_3D('',#12270,#9797,#9798);
#8688=AXIS2_PLACEMENT_3D('',#12274,#9800,#9801);
#8689=AXIS2_PLACEMENT_3D('',#12282,#9805,#9806);
#8690=AXIS2_PLACEMENT_3D('',#12283,#9807,#9808);
#8691=AXIS2_PLACEMENT_3D('',#12289,#9812,#9813);
#8692=AXIS2_PLACEMENT_3D('',#12290,#9814,#9815);
#8693=AXIS2_PLACEMENT_3D('',#12294,#9817,#9818);
#8694=AXIS2_PLACEMENT_3D('',#12295,#9819,#9820);
#8695=AXIS2_PLACEMENT_3D('',#12305,#9826,#9827);
#8696=AXIS2_PLACEMENT_3D('',#12309,#9830,#9831);
#8697=AXIS2_PLACEMENT_3D('',#12310,#9832,#9833);
#8698=AXIS2_PLACEMENT_3D('',#12312,#9835,#9836);
#8699=AXIS2_PLACEMENT_3D('',#12315,#9838,#9839);
#8700=AXIS2_PLACEMENT_3D('',#12316,#9840,#9841);
#8701=AXIS2_PLACEMENT_3D('',#12321,#9844,#9845);
#8702=AXIS2_PLACEMENT_3D('',#12322,#9846,#9847);
#8703=AXIS2_PLACEMENT_3D('',#12325,#9850,#9851);
#8704=AXIS2_PLACEMENT_3D('',#12328,#9854,#9855);
#8705=AXIS2_PLACEMENT_3D('',#12329,#9856,#9857);
#8706=AXIS2_PLACEMENT_3D('',#12330,#9858,#9859);
#8707=AXIS2_PLACEMENT_3D('',#12331,#9860,#9861);
#8708=AXIS2_PLACEMENT_3D('',#12332,#9862,#9863);
#8709=AXIS2_PLACEMENT_3D('',#12333,#9864,#9865);
#8710=AXIS2_PLACEMENT_3D('',#12334,#9866,#9867);
#8711=AXIS2_PLACEMENT_3D('',#12335,#9868,#9869);
#8712=AXIS2_PLACEMENT_3D('',#12336,#9870,#9871);
#8713=AXIS2_PLACEMENT_3D('',#12337,#9872,#9873);
#8714=AXIS2_PLACEMENT_3D('',#12338,#9874,#9875);
#8715=AXIS2_PLACEMENT_3D('',#12339,#9876,#9877);
#8716=AXIS2_PLACEMENT_3D('',#12340,#9878,#9879);
#8717=AXIS2_PLACEMENT_3D('',#12341,#9880,#9881);
#8718=AXIS2_PLACEMENT_3D('',#12342,#9882,#9883);
#8719=AXIS2_PLACEMENT_3D('',#12343,#9884,#9885);
#8720=AXIS2_PLACEMENT_3D('',#12344,#9886,#9887);
#8721=AXIS2_PLACEMENT_3D('',#12345,#9888,#9889);
#8722=AXIS2_PLACEMENT_3D('',#12346,#9890,#9891);
#8723=AXIS2_PLACEMENT_3D('',#12347,#9892,#9893);
#8724=AXIS2_PLACEMENT_3D('',#12348,#9894,#9895);
#8725=AXIS2_PLACEMENT_3D('',#12349,#9896,#9897);
#8726=AXIS2_PLACEMENT_3D('',#12350,#9898,#9899);
#8727=AXIS2_PLACEMENT_3D('',#12351,#9900,#9901);
#8728=AXIS2_PLACEMENT_3D('',#12352,#9902,#9903);
#8729=AXIS2_PLACEMENT_3D('',#12353,#9904,#9905);
#8730=AXIS2_PLACEMENT_3D('',#12354,#9906,#9907);
#8731=AXIS2_PLACEMENT_3D('',#12355,#9908,#9909);
#8732=AXIS2_PLACEMENT_3D('',#12356,#9910,#9911);
#8733=AXIS2_PLACEMENT_3D('',#12357,#9912,#9913);
#8734=AXIS2_PLACEMENT_3D('',#12358,#9914,#9915);
#8735=AXIS2_PLACEMENT_3D('',#12359,#9916,#9917);
#8736=AXIS2_PLACEMENT_3D('',#12360,#9918,#9919);
#8737=AXIS2_PLACEMENT_3D('',#12365,#9921,#9922);
#8738=AXIS2_PLACEMENT_3D('',#12368,#9924,#9925);
#8739=AXIS2_PLACEMENT_3D('',#12372,#9928,#9929);
#8740=AXIS2_PLACEMENT_3D('',#12373,#9930,#9931);
#8741=AXIS2_PLACEMENT_3D('',#12378,#9933,#9934);
#8742=AXIS2_PLACEMENT_3D('',#12381,#9936,#9937);
#8743=AXIS2_PLACEMENT_3D('',#12385,#9940,#9941);
#8744=AXIS2_PLACEMENT_3D('',#12386,#9942,#9943);
#8745=AXIS2_PLACEMENT_3D('',#12391,#9945,#9946);
#8746=AXIS2_PLACEMENT_3D('',#12394,#9948,#9949);
#8747=AXIS2_PLACEMENT_3D('',#12398,#9952,#9953);
#8748=AXIS2_PLACEMENT_3D('',#12399,#9954,#9955);
#8749=AXIS2_PLACEMENT_3D('',#12404,#9957,#9958);
#8750=AXIS2_PLACEMENT_3D('',#12407,#9960,#9961);
#8751=AXIS2_PLACEMENT_3D('',#12411,#9964,#9965);
#8752=AXIS2_PLACEMENT_3D('',#12420,#9970,#9971);
#8753=AXIS2_PLACEMENT_3D('',#12429,#9976,#9977);
#8754=AXIS2_PLACEMENT_3D('',#12438,#9982,#9983);
#8755=AXIS2_PLACEMENT_3D('',#12447,#9988,#9989);
#8756=AXIS2_PLACEMENT_3D('',#12456,#9994,#9995);
#8757=AXIS2_PLACEMENT_3D('',#12465,#10000,#10001);
#8758=AXIS2_PLACEMENT_3D('',#12474,#10006,#10007);
#8759=AXIS2_PLACEMENT_3D('',#12480,#10011,#10012);
#8760=AXIS2_PLACEMENT_3D('',#12486,#10016,#10017);
#8761=AXIS2_PLACEMENT_3D('',#12495,#10022,#10023);
#8762=AXIS2_PLACEMENT_3D('',#12501,#10027,#10028);
#8763=AXIS2_PLACEMENT_3D('',#12507,#10032,#10033);
#8764=AXIS2_PLACEMENT_3D('',#12508,#10034,#10035);
#8765=AXIS2_PLACEMENT_3D('',#12509,#10036,#10037);
#8766=AXIS2_PLACEMENT_3D('',#12614,#10094,#10095);
#8767=AXIS2_PLACEMENT_3D('',#12615,#10096,#10097);
#8768=AXIS2_PLACEMENT_3D('',#12616,#10098,#10099);
#8769=AXIS2_PLACEMENT_3D('',#12721,#10156,#10157);
#8770=AXIS2_PLACEMENT_3D('',#12723,#10159,#10160);
#8771=AXIS2_PLACEMENT_3D('',#12724,#10161,#10162);
#8772=AXIS2_PLACEMENT_3D('',#12726,#10164,#10165);
#8773=AXIS2_PLACEMENT_3D('',#12728,#10167,#10168);
#8774=AXIS2_PLACEMENT_3D('',#12730,#10170,#10171);
#8775=AXIS2_PLACEMENT_3D('',#12732,#10173,#10174);
#8776=AXIS2_PLACEMENT_3D('',#12734,#10176,#10177);
#8777=AXIS2_PLACEMENT_3D('',#12736,#10179,#10180);
#8778=AXIS2_PLACEMENT_3D('',#12738,#10182,#10183);
#8779=AXIS2_PLACEMENT_3D('',#12739,#10184,#10185);
#8780=AXIS2_PLACEMENT_3D('',#12742,#10188,#10189);
#8781=AXIS2_PLACEMENT_3D('',#12745,#10192,#10193);
#8782=AXIS2_PLACEMENT_3D('',#12747,#10195,#10196);
#8783=AXIS2_PLACEMENT_3D('',#12749,#10198,#10199);
#8784=AXIS2_PLACEMENT_3D('',#12751,#10201,#10202);
#8785=AXIS2_PLACEMENT_3D('',#12753,#10204,#10205);
#8786=AXIS2_PLACEMENT_3D('',#12754,#10206,#10207);
#8787=AXIS2_PLACEMENT_3D('',#12756,#10209,#10210);
#8788=AXIS2_PLACEMENT_3D('',#12758,#10212,#10213);
#8789=AXIS2_PLACEMENT_3D('',#12760,#10215,#10216);
#8790=AXIS2_PLACEMENT_3D('',#12762,#10218,#10219);
#8791=AXIS2_PLACEMENT_3D('',#12764,#10221,#10222);
#8792=AXIS2_PLACEMENT_3D('',#12766,#10224,#10225);
#8793=AXIS2_PLACEMENT_3D('',#12767,#10226,#10227);
#8794=AXIS2_PLACEMENT_3D('',#12769,#10229,#10230);
#8795=AXIS2_PLACEMENT_3D('',#12771,#10232,#10233);
#8796=AXIS2_PLACEMENT_3D('',#12773,#10235,#10236);
#8797=AXIS2_PLACEMENT_3D('',#12775,#10238,#10239);
#8798=AXIS2_PLACEMENT_3D('',#12777,#10241,#10242);
#8799=AXIS2_PLACEMENT_3D('',#12779,#10244,#10245);
#8800=AXIS2_PLACEMENT_3D('',#12780,#10246,#10247);
#8801=AXIS2_PLACEMENT_3D('',#12782,#10249,#10250);
#8802=AXIS2_PLACEMENT_3D('',#12784,#10252,#10253);
#8803=AXIS2_PLACEMENT_3D('',#12787,#10256,#10257);
#8804=AXIS2_PLACEMENT_3D('',#12788,#10258,#10259);
#8805=AXIS2_PLACEMENT_3D('',#12790,#10261,#10262);
#8806=AXIS2_PLACEMENT_3D('',#12792,#10264,#10265);
#8807=AXIS2_PLACEMENT_3D('',#12793,#10266,#10267);
#8808=AXIS2_PLACEMENT_3D('',#12795,#10269,#10270);
#8809=AXIS2_PLACEMENT_3D('',#12797,#10272,#10273);
#8810=AXIS2_PLACEMENT_3D('',#12799,#10275,#10276);
#8811=AXIS2_PLACEMENT_3D('',#12801,#10278,#10279);
#8812=AXIS2_PLACEMENT_3D('',#12803,#10281,#10282);
#8813=AXIS2_PLACEMENT_3D('',#12805,#10284,#10285);
#8814=AXIS2_PLACEMENT_3D('',#12806,#10286,#10287);
#8815=AXIS2_PLACEMENT_3D('',#12808,#10289,#10290);
#8816=AXIS2_PLACEMENT_3D('',#12810,#10292,#10293);
#8817=AXIS2_PLACEMENT_3D('',#12812,#10295,#10296);
#8818=AXIS2_PLACEMENT_3D('',#12814,#10298,#10299);
#8819=AXIS2_PLACEMENT_3D('',#12816,#10301,#10302);
#8820=AXIS2_PLACEMENT_3D('',#12818,#10304,#10305);
#8821=AXIS2_PLACEMENT_3D('',#12819,#10306,#10307);
#8822=AXIS2_PLACEMENT_3D('',#12821,#10309,#10310);
#8823=AXIS2_PLACEMENT_3D('',#12822,#10311,#10312);
#8824=AXIS2_PLACEMENT_3D('',#12824,#10314,#10315);
#8825=AXIS2_PLACEMENT_3D('',#12825,#10316,#10317);
#8826=AXIS2_PLACEMENT_3D('',#12826,#10318,#10319);
#8827=AXIS2_PLACEMENT_3D('',#12827,#10320,#10321);
#8828=AXIS2_PLACEMENT_3D('',#12828,#10322,#10323);
#8829=AXIS2_PLACEMENT_3D('',#12829,#10324,#10325);
#8830=AXIS2_PLACEMENT_3D('',#12830,#10326,#10327);
#8831=AXIS2_PLACEMENT_3D('',#12831,#10328,#10329);
#8832=AXIS2_PLACEMENT_3D('',#12832,#10330,#10331);
#8833=AXIS2_PLACEMENT_3D('',#12833,#10332,#10333);
#8834=AXIS2_PLACEMENT_3D('',#12834,#10334,#10335);
#8835=AXIS2_PLACEMENT_3D('',#12835,#10336,#10337);
#8836=AXIS2_PLACEMENT_3D('',#12836,#10338,#10339);
#8837=AXIS2_PLACEMENT_3D('',#12837,#10340,#10341);
#8838=AXIS2_PLACEMENT_3D('',#12838,#10342,#10343);
#8839=AXIS2_PLACEMENT_3D('',#12843,#10345,#10346);
#8840=AXIS2_PLACEMENT_3D('',#12846,#10348,#10349);
#8841=AXIS2_PLACEMENT_3D('',#12850,#10352,#10353);
#8842=AXIS2_PLACEMENT_3D('',#12851,#10354,#10355);
#8843=AXIS2_PLACEMENT_3D('',#12856,#10357,#10358);
#8844=AXIS2_PLACEMENT_3D('',#12859,#10360,#10361);
#8845=AXIS2_PLACEMENT_3D('',#12863,#10364,#10365);
#8846=AXIS2_PLACEMENT_3D('',#12864,#10366,#10367);
#8847=AXIS2_PLACEMENT_3D('',#12869,#10369,#10370);
#8848=AXIS2_PLACEMENT_3D('',#12872,#10372,#10373);
#8849=AXIS2_PLACEMENT_3D('',#12876,#10376,#10377);
#8850=AXIS2_PLACEMENT_3D('',#12877,#10378,#10379);
#8851=AXIS2_PLACEMENT_3D('',#12882,#10381,#10382);
#8852=AXIS2_PLACEMENT_3D('',#12885,#10384,#10385);
#8853=AXIS2_PLACEMENT_3D('',#12889,#10388,#10389);
#8854=AXIS2_PLACEMENT_3D('',#12890,#10390,#10391);
#8855=AXIS2_PLACEMENT_3D('',#12895,#10393,#10394);
#8856=AXIS2_PLACEMENT_3D('',#12898,#10396,#10397);
#8857=AXIS2_PLACEMENT_3D('',#12902,#10400,#10401);
#8858=AXIS2_PLACEMENT_3D('',#12903,#10402,#10403);
#8859=AXIS2_PLACEMENT_3D('',#12908,#10405,#10406);
#8860=AXIS2_PLACEMENT_3D('',#12911,#10408,#10409);
#8861=AXIS2_PLACEMENT_3D('',#12915,#10412,#10413);
#8862=AXIS2_PLACEMENT_3D('',#12916,#10414,#10415);
#8863=AXIS2_PLACEMENT_3D('',#12921,#10417,#10418);
#8864=AXIS2_PLACEMENT_3D('',#12924,#10420,#10421);
#8865=AXIS2_PLACEMENT_3D('',#12928,#10424,#10425);
#8866=AXIS2_PLACEMENT_3D('',#12929,#10426,#10427);
#8867=AXIS2_PLACEMENT_3D('',#12934,#10429,#10430);
#8868=AXIS2_PLACEMENT_3D('',#12937,#10432,#10433);
#8869=AXIS2_PLACEMENT_3D('',#12941,#10436,#10437);
#8870=AXIS2_PLACEMENT_3D('',#12942,#10438,#10439);
#8871=AXIS2_PLACEMENT_3D('',#12963,#10442,#10443);
#8872=AXIS2_PLACEMENT_3D('',#12982,#10445,#10446);
#8873=AXIS2_PLACEMENT_3D('',#12985,#10448,#10449);
#8874=AXIS2_PLACEMENT_3D('',#12986,#10450,#10451);
#8875=AXIS2_PLACEMENT_3D('',#12991,#10453,#10454);
#8876=AXIS2_PLACEMENT_3D('',#12994,#10456,#10457);
#8877=AXIS2_PLACEMENT_3D('',#12995,#10458,#10459);
#8878=AXIS2_PLACEMENT_3D('',#13000,#10461,#10462);
#8879=AXIS2_PLACEMENT_3D('',#13003,#10464,#10465);
#8880=AXIS2_PLACEMENT_3D('',#13004,#10466,#10467);
#8881=AXIS2_PLACEMENT_3D('',#13025,#10470,#10471);
#8882=AXIS2_PLACEMENT_3D('',#13044,#10473,#10474);
#8883=AXIS2_PLACEMENT_3D('',#13047,#10476,#10477);
#8884=AXIS2_PLACEMENT_3D('',#13048,#10478,#10479);
#8885=AXIS2_PLACEMENT_3D('',#13069,#10482,#10483);
#8886=AXIS2_PLACEMENT_3D('',#13088,#10485,#10486);
#8887=AXIS2_PLACEMENT_3D('',#13091,#10488,#10489);
#8888=AXIS2_PLACEMENT_3D('',#13092,#10490,#10491);
#8889=AXIS2_PLACEMENT_3D('',#13097,#10493,#10494);
#8890=AXIS2_PLACEMENT_3D('',#13100,#10496,#10497);
#8891=AXIS2_PLACEMENT_3D('',#13101,#10498,#10499);
#8892=AXIS2_PLACEMENT_3D('',#13106,#10501,#10502);
#8893=AXIS2_PLACEMENT_3D('',#13109,#10504,#10505);
#8894=AXIS2_PLACEMENT_3D('',#13110,#10506,#10507);
#8895=AXIS2_PLACEMENT_3D('',#13131,#10510,#10511);
#8896=AXIS2_PLACEMENT_3D('',#13150,#10513,#10514);
#8897=AXIS2_PLACEMENT_3D('',#13153,#10516,#10517);
#8898=AXIS2_PLACEMENT_3D('',#13154,#10518,#10519);
#8899=AXIS2_PLACEMENT_3D('',#13159,#10521,#10522);
#8900=AXIS2_PLACEMENT_3D('',#13176,#10523,#10524);
#8901=AXIS2_PLACEMENT_3D('',#13179,#10526,#10527);
#8902=AXIS2_PLACEMENT_3D('',#13180,#10528,#10529);
#8903=AXIS2_PLACEMENT_3D('',#13185,#10531,#10532);
#8904=AXIS2_PLACEMENT_3D('',#13188,#10534,#10535);
#8905=AXIS2_PLACEMENT_3D('',#13192,#10538,#10539);
#8906=AXIS2_PLACEMENT_3D('',#13193,#10540,#10541);
#8907=AXIS2_PLACEMENT_3D('',#13198,#10543,#10544);
#8908=AXIS2_PLACEMENT_3D('',#13201,#10546,#10547);
#8909=AXIS2_PLACEMENT_3D('',#13205,#10550,#10551);
#8910=AXIS2_PLACEMENT_3D('',#13206,#10552,#10553);
#8911=AXIS2_PLACEMENT_3D('',#13211,#10555,#10556);
#8912=AXIS2_PLACEMENT_3D('',#13214,#10558,#10559);
#8913=AXIS2_PLACEMENT_3D('',#13215,#10560,#10561);
#8914=AXIS2_PLACEMENT_3D('',#13219,#10563,#10564);
#8915=AXIS2_PLACEMENT_3D('',#13220,#10565,#10566);
#8916=AXIS2_PLACEMENT_3D('',#13221,#10567,#10568);
#8917=AXIS2_PLACEMENT_3D('',#13226,#10570,#10571);
#8918=AXIS2_PLACEMENT_3D('',#13229,#10573,#10574);
#8919=AXIS2_PLACEMENT_3D('',#13230,#10575,#10576);
#8920=AXIS2_PLACEMENT_3D('',#13232,#10577,#10578);
#8921=AXIS2_PLACEMENT_3D('',#13235,#10580,#10581);
#8922=AXIS2_PLACEMENT_3D('',#13264,#10582,#10583);
#8923=AXIS2_PLACEMENT_3D('',#13269,#10585,#10586);
#8924=AXIS2_PLACEMENT_3D('',#13273,#10588,#10589);
#8925=AXIS2_PLACEMENT_3D('',#13274,#10590,#10591);
#8926=AXIS2_PLACEMENT_3D('',#13278,#10593,#10594);
#8927=AXIS2_PLACEMENT_3D('',#13289,#10595,#10596);
#8928=AXIS2_PLACEMENT_3D('',#13299,#10597,#10598);
#8929=AXIS2_PLACEMENT_3D('',#13303,#10600,#10601);
#8930=AXIS2_PLACEMENT_3D('',#13304,#10602,#10603);
#8931=AXIS2_PLACEMENT_3D('',#13308,#10605,#10606);
#8932=AXIS2_PLACEMENT_3D('',#13310,#10608,#10609);
#8933=AXIS2_PLACEMENT_3D('',#13311,#10610,#10611);
#8934=AXIS2_PLACEMENT_3D('',#13320,#10616,#10617);
#8935=AXIS2_PLACEMENT_3D('',#13321,#10618,#10619);
#8936=AXIS2_PLACEMENT_3D('',#13322,#10620,#10621);
#8937=AXIS2_PLACEMENT_3D('',#13323,#10622,#10623);
#8938=AXIS2_PLACEMENT_3D('',#13324,#10624,#10625);
#8939=AXIS2_PLACEMENT_3D('',#13328,#10627,#10628);
#8940=AXIS2_PLACEMENT_3D('',#13330,#10630,#10631);
#8941=AXIS2_PLACEMENT_3D('',#13331,#10632,#10633);
#8942=AXIS2_PLACEMENT_3D('',#13337,#10637,#10638);
#8943=AXIS2_PLACEMENT_3D('',#13338,#10639,#10640);
#8944=AXIS2_PLACEMENT_3D('',#13339,#10641,#10642);
#8945=AXIS2_PLACEMENT_3D('',#13343,#10645,#10646);
#8946=AXIS2_PLACEMENT_3D('',#13344,#10647,#10648);
#8947=AXIS2_PLACEMENT_3D('',#13348,#10651,#10652);
#8948=AXIS2_PLACEMENT_3D('',#13349,#10653,#10654);
#8949=AXIS2_PLACEMENT_3D('',#13350,#10655,#10656);
#8950=AXIS2_PLACEMENT_3D('',#13352,#10658,#10659);
#8951=AXIS2_PLACEMENT_3D('',#13353,#10660,#10661);
#8952=AXIS2_PLACEMENT_3D('',#13355,#10662,#10663);
#8953=AXIS2_PLACEMENT_3D('',#13356,#10664,#10665);
#8954=AXIS2_PLACEMENT_3D('',#13357,#10666,#10667);
#8955=AXIS2_PLACEMENT_3D('',#13358,#10668,#10669);
#8956=AXIS2_PLACEMENT_3D('',#13359,#10670,#10671);
#8957=AXIS2_PLACEMENT_3D('',#13360,#10672,#10673);
#8958=AXIS2_PLACEMENT_3D('',#13361,#10674,#10675);
#8959=AXIS2_PLACEMENT_3D('',#13362,#10676,#10677);
#8960=AXIS2_PLACEMENT_3D('',#13363,#10678,#10679);
#8961=AXIS2_PLACEMENT_3D('',#13364,#10680,#10681);
#8962=AXIS2_PLACEMENT_3D('',#13365,#10682,#10683);
#8963=AXIS2_PLACEMENT_3D('',#13366,#10684,#10685);
#8964=AXIS2_PLACEMENT_3D('',#13385,#10687,#10688);
#8965=AXIS2_PLACEMENT_3D('',#13414,#10689,#10690);
#8966=AXIS2_PLACEMENT_3D('',#13416,#10692,#10693);
#8967=AXIS2_PLACEMENT_3D('',#13417,#10694,#10695);
#8968=AXIS2_PLACEMENT_3D('',#13418,#10696,#10697);
#8969=AXIS2_PLACEMENT_3D('',#13419,#10698,#10699);
#8970=AXIS2_PLACEMENT_3D('',#13420,#10700,#10701);
#8971=AXIS2_PLACEMENT_3D('',#13421,#10702,#10703);
#8972=AXIS2_PLACEMENT_3D('',#13422,#10704,#10705);
#8973=AXIS2_PLACEMENT_3D('',#13423,#10706,#10707);
#8974=AXIS2_PLACEMENT_3D('',#13424,#10708,#10709);
#8975=AXIS2_PLACEMENT_3D('',#13425,#10710,#10711);
#8976=AXIS2_PLACEMENT_3D('',#13426,#10712,#10713);
#8977=AXIS2_PLACEMENT_3D('',#13427,#10714,#10715);
#8978=AXIS2_PLACEMENT_3D('',#13428,#10716,#10717);
#8979=AXIS2_PLACEMENT_3D('',#13429,#10718,#10719);
#8980=AXIS2_PLACEMENT_3D('',#13430,#10720,#10721);
#8981=AXIS2_PLACEMENT_3D('',#13445,#10722,#10723);
#8982=AXIS2_PLACEMENT_3D('',#13446,#10724,#10725);
#8983=AXIS2_PLACEMENT_3D('',#13447,#10726,#10727);
#8984=AXIS2_PLACEMENT_3D('',#13448,#10728,#10729);
#8985=AXIS2_PLACEMENT_3D('',#13449,#10730,#10731);
#8986=AXIS2_PLACEMENT_3D('',#13450,#10732,#10733);
#8987=AXIS2_PLACEMENT_3D('',#13451,#10734,#10735);
#8988=AXIS2_PLACEMENT_3D('',#13452,#10736,#10737);
#8989=AXIS2_PLACEMENT_3D('',#13453,#10738,#10739);
#8990=AXIS2_PLACEMENT_3D('',#13454,#10740,#10741);
#8991=AXIS2_PLACEMENT_3D('',#13455,#10742,#10743);
#8992=AXIS2_PLACEMENT_3D('',#13456,#10744,#10745);
#8993=AXIS2_PLACEMENT_3D('',#13457,#10746,#10747);
#8994=AXIS2_PLACEMENT_3D('',#13458,#10748,#10749);
#8995=AXIS2_PLACEMENT_3D('',#13459,#10750,#10751);
#8996=AXIS2_PLACEMENT_3D('',#13460,#10752,#10753);
#8997=AXIS2_PLACEMENT_3D('',#13461,#10754,#10755);
#8998=AXIS2_PLACEMENT_3D('',#13462,#10756,#10757);
#8999=AXIS2_PLACEMENT_3D('',#13463,#10758,#10759);
#9000=AXIS2_PLACEMENT_3D('',#13464,#10760,#10761);
#9001=AXIS2_PLACEMENT_3D('',#13465,#10762,#10763);
#9002=AXIS2_PLACEMENT_3D('',#13466,#10764,#10765);
#9003=AXIS2_PLACEMENT_3D('',#13467,#10766,#10767);
#9004=AXIS2_PLACEMENT_3D('',#13468,#10768,#10769);
#9005=AXIS2_PLACEMENT_3D('',#13469,#10770,#10771);
#9006=AXIS2_PLACEMENT_3D('',#13470,#10772,#10773);
#9007=AXIS2_PLACEMENT_3D('',#13471,#10774,#10775);
#9008=AXIS2_PLACEMENT_3D('',#13472,#10776,#10777);
#9009=AXIS2_PLACEMENT_3D('',#13473,#10778,#10779);
#9010=AXIS2_PLACEMENT_3D('',#13474,#10780,#10781);
#9011=AXIS2_PLACEMENT_3D('',#13475,#10782,#10783);
#9012=AXIS2_PLACEMENT_3D('',#13476,#10784,#10785);
#9013=AXIS2_PLACEMENT_3D('',#13477,#10786,#10787);
#9014=AXIS2_PLACEMENT_3D('',#13478,#10788,#10789);
#9015=AXIS2_PLACEMENT_3D('',#13479,#10790,#10791);
#9016=AXIS2_PLACEMENT_3D('',#13480,#10792,#10793);
#9017=AXIS2_PLACEMENT_3D('',#13481,#10794,#10795);
#9018=AXIS2_PLACEMENT_3D('',#13482,#10796,#10797);
#9019=AXIS2_PLACEMENT_3D('',#13483,#10798,#10799);
#9020=AXIS2_PLACEMENT_3D('',#13484,#10800,#10801);
#9021=AXIS2_PLACEMENT_3D('',#13485,#10802,#10803);
#9022=AXIS2_PLACEMENT_3D('',#13486,#10804,#10805);
#9023=AXIS2_PLACEMENT_3D('',#13487,#10806,#10807);
#9024=AXIS2_PLACEMENT_3D('',#13488,#10808,#10809);
#9025=AXIS2_PLACEMENT_3D('',#13489,#10810,#10811);
#9026=AXIS2_PLACEMENT_3D('',#13490,#10812,#10813);
#9027=AXIS2_PLACEMENT_3D('',#13491,#10814,#10815);
#9028=AXIS2_PLACEMENT_3D('',#13492,#10816,#10817);
#9029=AXIS2_PLACEMENT_3D('',#13494,#10818,#10819);
#9030=AXIS2_PLACEMENT_3D('',#13496,#10820,#10821);
#9031=AXIS2_PLACEMENT_3D('',#13498,#10822,#10823);
#9032=AXIS2_PLACEMENT_3D('',#13500,#10824,#10825);
#9033=AXIS2_PLACEMENT_3D('',#13502,#10826,#10827);
#9034=AXIS2_PLACEMENT_3D('',#13504,#10828,#10829);
#9035=AXIS2_PLACEMENT_3D('',#13506,#10830,#10831);
#9036=AXIS2_PLACEMENT_3D('',#13508,#10832,#10833);
#9037=AXIS2_PLACEMENT_3D('',#13510,#10834,#10835);
#9038=AXIS2_PLACEMENT_3D('',#13512,#10836,#10837);
#9039=AXIS2_PLACEMENT_3D('',#13514,#10838,#10839);
#9040=AXIS2_PLACEMENT_3D('',#13519,#10841,#10842);
#9041=AXIS2_PLACEMENT_3D('',#13523,#10844,#10845);
#9042=AXIS2_PLACEMENT_3D('',#13527,#10847,#10848);
#9043=AXIS2_PLACEMENT_3D('',#13530,#10850,#10851);
#9044=AXIS2_PLACEMENT_3D('',#13531,#10852,#10853);
#9045=AXIS2_PLACEMENT_3D('',#13533,#10854,#10855);
#9046=AXIS2_PLACEMENT_3D('',#13535,#10856,#10857);
#9047=AXIS2_PLACEMENT_3D('',#13537,#10858,#10859);
#9048=AXIS2_PLACEMENT_3D('',#13539,#10860,#10861);
#9049=AXIS2_PLACEMENT_3D('',#13544,#10863,#10864);
#9050=AXIS2_PLACEMENT_3D('',#13548,#10866,#10867);
#9051=AXIS2_PLACEMENT_3D('',#13552,#10869,#10870);
#9052=AXIS2_PLACEMENT_3D('',#13556,#10872,#10873);
#9053=AXIS2_PLACEMENT_3D('',#13560,#10875,#10876);
#9054=AXIS2_PLACEMENT_3D('',#13564,#10878,#10879);
#9055=AXIS2_PLACEMENT_3D('',#13568,#10881,#10882);
#9056=AXIS2_PLACEMENT_3D('',#13572,#10884,#10885);
#9057=AXIS2_PLACEMENT_3D('',#13573,#10886,#10887);
#9058=AXIS2_PLACEMENT_3D('',#13575,#10888,#10889);
#9059=AXIS2_PLACEMENT_3D('',#13578,#10892,#10893);
#9060=AXIS2_PLACEMENT_3D('',#13580,#10895,#10896);
#9061=AXIS2_PLACEMENT_3D('',#13582,#10898,#10899);
#9062=AXIS2_PLACEMENT_3D('',#13584,#10901,#10902);
#9063=AXIS2_PLACEMENT_3D('',#13586,#10904,#10905);
#9064=AXIS2_PLACEMENT_3D('',#13588,#10907,#10908);
#9065=AXIS2_PLACEMENT_3D('',#13590,#10910,#10911);
#9066=AXIS2_PLACEMENT_3D('',#13591,#10912,#10913);
#9067=AXIS2_PLACEMENT_3D('',#13592,#10914,#10915);
#9068=AXIS2_PLACEMENT_3D('',#13594,#10916,#10917);
#9069=AXIS2_PLACEMENT_3D('',#13595,#10918,#10919);
#9070=AXIS2_PLACEMENT_3D('',#13597,#10920,#10921);
#9071=AXIS2_PLACEMENT_3D('',#13598,#10922,#10923);
#9072=AXIS2_PLACEMENT_3D('',#13603,#10925,#10926);
#9073=AXIS2_PLACEMENT_3D('',#13606,#10928,#10929);
#9074=AXIS2_PLACEMENT_3D('',#13607,#10930,#10931);
#9075=AXIS2_PLACEMENT_3D('',#13609,#10932,#10933);
#9076=AXIS2_PLACEMENT_3D('',#13610,#10934,#10935);
#9077=AXIS2_PLACEMENT_3D('',#13612,#10936,#10937);
#9078=AXIS2_PLACEMENT_3D('',#13613,#10938,#10939);
#9079=AXIS2_PLACEMENT_3D('',#13615,#10940,#10941);
#9080=AXIS2_PLACEMENT_3D('',#13617,#10942,#10943);
#9081=AXIS2_PLACEMENT_3D('',#13618,#10944,#10945);
#9082=AXIS2_PLACEMENT_3D('',#13620,#10946,#10947);
#9083=AXIS2_PLACEMENT_3D('',#13621,#10948,#10949);
#9084=AXIS2_PLACEMENT_3D('',#13623,#10950,#10951);
#9085=AXIS2_PLACEMENT_3D('',#13624,#10952,#10953);
#9086=AXIS2_PLACEMENT_3D('',#13626,#10954,#10955);
#9087=AXIS2_PLACEMENT_3D('',#13632,#10959,#10960);
#9088=AXIS2_PLACEMENT_3D('',#13638,#10964,#10965);
#9089=AXIS2_PLACEMENT_3D('',#13644,#10969,#10970);
#9090=AXIS2_PLACEMENT_3D('',#13650,#10974,#10975);
#9091=AXIS2_PLACEMENT_3D('',#13651,#10976,#10977);
#9092=AXIS2_PLACEMENT_3D('',#13652,#10978,#10979);
#9093=AXIS2_PLACEMENT_3D('',#13654,#10980,#10981);
#9094=AXIS2_PLACEMENT_3D('',#13656,#10982,#10983);
#9095=AXIS2_PLACEMENT_3D('',#13658,#10984,#10985);
#9096=AXIS2_PLACEMENT_3D('',#13659,#10986,#10987);
#9097=AXIS2_PLACEMENT_3D('',#13660,#10988,#10989);
#9098=AXIS2_PLACEMENT_3D('',#13661,#10990,#10991);
#9099=AXIS2_PLACEMENT_3D('',#13662,#10992,#10993);
#9100=AXIS2_PLACEMENT_3D('',#13663,#10994,#10995);
#9101=AXIS2_PLACEMENT_3D('',#13665,#10996,#10997);
#9102=AXIS2_PLACEMENT_3D('',#13666,#10998,#10999);
#9103=AXIS2_PLACEMENT_3D('',#13667,#11000,#11001);
#9104=AXIS2_PLACEMENT_3D('',#13669,#11002,#11003);
#9105=AXIS2_PLACEMENT_3D('',#13670,#11004,#11005);
#9106=AXIS2_PLACEMENT_3D('',#13671,#11006,#11007);
#9107=AXIS2_PLACEMENT_3D('',#13672,#11008,#11009);
#9108=AXIS2_PLACEMENT_3D('',#13674,#11010,#11011);
#9109=AXIS2_PLACEMENT_3D('',#13675,#11012,#11013);
#9110=AXIS2_PLACEMENT_3D('',#13676,#11014,#11015);
#9111=AXIS2_PLACEMENT_3D('',#13677,#11016,#11017);
#9112=AXIS2_PLACEMENT_3D('',#13678,#11018,#11019);
#9113=AXIS2_PLACEMENT_3D('',#13679,#11020,#11021);
#9114=AXIS2_PLACEMENT_3D('',#13681,#11022,#11023);
#9115=AXIS2_PLACEMENT_3D('',#13682,#11024,#11025);
#9116=AXIS2_PLACEMENT_3D('',#13683,#11026,#11027);
#9117=AXIS2_PLACEMENT_3D('',#13685,#11028,#11029);
#9118=AXIS2_PLACEMENT_3D('',#13686,#11030,#11031);
#9119=AXIS2_PLACEMENT_3D('',#13687,#11032,#11033);
#9120=AXIS2_PLACEMENT_3D('',#13688,#11034,#11035);
#9121=AXIS2_PLACEMENT_3D('',#13689,#11036,#11037);
#9122=AXIS2_PLACEMENT_3D('',#13690,#11038,#11039);
#9123=AXIS2_PLACEMENT_3D('',#13691,#11040,#11041);
#9124=AXIS2_PLACEMENT_3D('',#13692,#11042,#11043);
#9125=AXIS2_PLACEMENT_3D('',#13693,#11044,#11045);
#9126=AXIS2_PLACEMENT_3D('',#13694,#11046,#11047);
#9127=AXIS2_PLACEMENT_3D('',#13695,#11048,#11049);
#9128=AXIS2_PLACEMENT_3D('',#13700,#11051,#11052);
#9129=AXIS2_PLACEMENT_3D('',#13703,#11054,#11055);
#9130=AXIS2_PLACEMENT_3D('',#13704,#11056,#11057);
#9131=AXIS2_PLACEMENT_3D('',#13709,#11059,#11060);
#9132=AXIS2_PLACEMENT_3D('',#13712,#11062,#11063);
#9133=AXIS2_PLACEMENT_3D('',#13713,#11064,#11065);
#9134=AXIS2_PLACEMENT_3D('',#13718,#11067,#11068);
#9135=AXIS2_PLACEMENT_3D('',#13721,#11070,#11071);
#9136=AXIS2_PLACEMENT_3D('',#13725,#11074,#11075);
#9137=AXIS2_PLACEMENT_3D('',#13729,#11078,#11079);
#9138=AXIS2_PLACEMENT_3D('',#13730,#11080,#11081);
#9139=AXIS2_PLACEMENT_3D('',#13735,#11083,#11084);
#9140=AXIS2_PLACEMENT_3D('',#13738,#11086,#11087);
#9141=AXIS2_PLACEMENT_3D('',#13739,#11088,#11089);
#9142=AXIS2_PLACEMENT_3D('',#13744,#11091,#11092);
#9143=AXIS2_PLACEMENT_3D('',#13747,#11094,#11095);
#9144=AXIS2_PLACEMENT_3D('',#13748,#11096,#11097);
#9145=AXIS2_PLACEMENT_3D('',#13753,#11099,#11100);
#9146=AXIS2_PLACEMENT_3D('',#13756,#11102,#11103);
#9147=AXIS2_PLACEMENT_3D('',#13757,#11104,#11105);
#9148=AXIS2_PLACEMENT_3D('',#13762,#11107,#11108);
#9149=AXIS2_PLACEMENT_3D('',#13765,#11110,#11111);
#9150=AXIS2_PLACEMENT_3D('',#13766,#11112,#11113);
#9151=AXIS2_PLACEMENT_3D('',#13771,#11115,#11116);
#9152=AXIS2_PLACEMENT_3D('',#13774,#11118,#11119);
#9153=AXIS2_PLACEMENT_3D('',#13778,#11122,#11123);
#9154=AXIS2_PLACEMENT_3D('',#13782,#11126,#11127);
#9155=AXIS2_PLACEMENT_3D('',#13786,#11130,#11131);
#9156=AXIS2_PLACEMENT_3D('',#13790,#11134,#11135);
#9157=AXIS2_PLACEMENT_3D('',#13799,#11140,#11141);
#9158=AXIS2_PLACEMENT_3D('',#13800,#11142,#11143);
#9159=AXIS2_PLACEMENT_3D('',#13821,#11154,#11155);
#9160=AXIS2_PLACEMENT_3D('',#13826,#11158,#11159);
#9161=AXIS2_PLACEMENT_3D('',#13829,#11161,#11162);
#9162=AXIS2_PLACEMENT_3D('',#13833,#11165,#11166);
#9163=AXIS2_PLACEMENT_3D('',#13834,#11167,#11168);
#9164=AXIS2_PLACEMENT_3D('',#13838,#11170,#11171);
#9165=AXIS2_PLACEMENT_3D('',#13841,#11173,#11174);
#9166=AXIS2_PLACEMENT_3D('',#13861,#11185,#11186);
#9167=AXIS2_PLACEMENT_3D('',#13863,#11188,#11189);
#9168=AXIS2_PLACEMENT_3D('',#13864,#11190,#11191);
#9169=AXIS2_PLACEMENT_3D('',#13865,#11192,#11193);
#9170=AXIS2_PLACEMENT_3D('',#13876,#11200,#11201);
#9171=AXIS2_PLACEMENT_3D('',#13882,#11205,#11206);
#9172=AXIS2_PLACEMENT_3D('',#13888,#11210,#11211);
#9173=AXIS2_PLACEMENT_3D('',#13894,#11215,#11216);
#9174=AXIS2_PLACEMENT_3D('',#13905,#11223,#11224);
#9175=AXIS2_PLACEMENT_3D('',#13906,#11225,#11226);
#9176=AXIS2_PLACEMENT_3D('',#13908,#11228,#11229);
#9177=AXIS2_PLACEMENT_3D('',#13909,#11230,#11231);
#9178=AXIS2_PLACEMENT_3D('',#13910,#11232,#11233);
#9179=AXIS2_PLACEMENT_3D('',#13916,#11237,#11238);
#9180=AXIS2_PLACEMENT_3D('',#13922,#11242,#11243);
#9181=AXIS2_PLACEMENT_3D('',#13928,#11247,#11248);
#9182=AXIS2_PLACEMENT_3D('',#13929,#11249,#11250);
#9183=AXIS2_PLACEMENT_3D('',#13935,#11254,#11255);
#9184=AXIS2_PLACEMENT_3D('',#13937,#11257,#11258);
#9185=AXIS2_PLACEMENT_3D('',#13938,#11259,#11260);
#9186=AXIS2_PLACEMENT_3D('',#13940,#11262,#11263);
#9187=AXIS2_PLACEMENT_3D('',#13942,#11265,#11266);
#9188=AXIS2_PLACEMENT_3D('',#13945,#11268,#11269);
#9189=AXIS2_PLACEMENT_3D('',#13967,#11282,#11283);
#9190=AXIS2_PLACEMENT_3D('',#13968,#11284,#11285);
#9191=AXIS2_PLACEMENT_3D('',#13969,#11286,#11287);
#9192=AXIS2_PLACEMENT_3D('',#13973,#11290,#11291);
#9193=AXIS2_PLACEMENT_3D('',#13974,#11292,#11293);
#9194=AXIS2_PLACEMENT_3D('',#13976,#11295,#11296);
#9195=AXIS2_PLACEMENT_3D('',#13977,#11297,#11298);
#9196=AXIS2_PLACEMENT_3D('',#13986,#11304,#11305);
#9197=AXIS2_PLACEMENT_3D('',#14000,#11313,#11314);
#9198=AXIS2_PLACEMENT_3D('',#14001,#11315,#11316);
#9199=AXIS2_PLACEMENT_3D('',#14002,#11317,#11318);
#9200=AXIS2_PLACEMENT_3D('',#14004,#11320,#11321);
#9201=AXIS2_PLACEMENT_3D('',#14006,#11323,#11324);
#9202=AXIS2_PLACEMENT_3D('',#14007,#11325,#11326);
#9203=AXIS2_PLACEMENT_3D('',#14008,#11327,#11328);
#9204=AXIS2_PLACEMENT_3D('',#14011,#11331,#11332);
#9205=AXIS2_PLACEMENT_3D('',#14014,#11335,#11336);
#9206=AXIS2_PLACEMENT_3D('',#14015,#11337,#11338);
#9207=AXIS2_PLACEMENT_3D('',#14016,#11339,#11340);
#9208=AXIS2_PLACEMENT_3D('',#14019,#11343,#11344);
#9209=AXIS2_PLACEMENT_3D('',#14021,#11346,#11347);
#9210=AXIS2_PLACEMENT_3D('',#14022,#11348,#11349);
#9211=AXIS2_PLACEMENT_3D('',#14023,#11350,#11351);
#9212=AXIS2_PLACEMENT_3D('',#14024,#11352,#11353);
#9213=AXIS2_PLACEMENT_3D('',#14025,#11354,#11355);
#9214=AXIS2_PLACEMENT_3D('',#14026,#11356,#11357);
#9215=AXIS2_PLACEMENT_3D('',#14027,#11358,#11359);
#9216=AXIS2_PLACEMENT_3D('',#14028,#11360,#11361);
#9217=AXIS2_PLACEMENT_3D('',#14029,#11362,#11363);
#9218=AXIS2_PLACEMENT_3D('',#14030,#11364,#11365);
#9219=AXIS2_PLACEMENT_3D('',#14031,#11366,#11367);
#9220=AXIS2_PLACEMENT_3D('',#14032,#11368,#11369);
#9221=AXIS2_PLACEMENT_3D('',#14033,#11370,#11371);
#9222=AXIS2_PLACEMENT_3D('',#14034,#11372,#11373);
#9223=AXIS2_PLACEMENT_3D('',#14035,#11374,#11375);
#9224=AXIS2_PLACEMENT_3D('',#14036,#11376,#11377);
#9225=AXIS2_PLACEMENT_3D('',#14037,#11378,#11379);
#9226=AXIS2_PLACEMENT_3D('',#14038,#11380,#11381);
#9227=AXIS2_PLACEMENT_3D('',#14039,#11382,#11383);
#9228=AXIS2_PLACEMENT_3D('',#14041,#11384,#11385);
#9229=AXIS2_PLACEMENT_3D('',#14087,#11386,#11387);
#9230=AXIS2_PLACEMENT_3D('',#14088,#11388,#11389);
#9231=AXIS2_PLACEMENT_3D('',#14090,#11390,#11391);
#9232=AXIS2_PLACEMENT_3D('',#14092,#11392,#11393);
#9233=AXIS2_PLACEMENT_3D('',#14093,#11394,#11395);
#9234=AXIS2_PLACEMENT_3D('',#14098,#11397,#11398);
#9235=AXIS2_PLACEMENT_3D('',#14101,#11400,#11401);
#9236=AXIS2_PLACEMENT_3D('',#14102,#11402,#11403);
#9237=AXIS2_PLACEMENT_3D('',#14107,#11405,#11406);
#9238=AXIS2_PLACEMENT_3D('',#14110,#11408,#11409);
#9239=AXIS2_PLACEMENT_3D('',#14111,#11410,#11411);
#9240=AXIS2_PLACEMENT_3D('',#14116,#11413,#11414);
#9241=AXIS2_PLACEMENT_3D('',#14119,#11416,#11417);
#9242=AXIS2_PLACEMENT_3D('',#14120,#11418,#11419);
#9243=AXIS2_PLACEMENT_3D('',#14125,#11421,#11422);
#9244=AXIS2_PLACEMENT_3D('',#14128,#11424,#11425);
#9245=AXIS2_PLACEMENT_3D('',#14129,#11426,#11427);
#9246=AXIS2_PLACEMENT_3D('',#14134,#11429,#11430);
#9247=AXIS2_PLACEMENT_3D('',#14137,#11432,#11433);
#9248=AXIS2_PLACEMENT_3D('',#14138,#11434,#11435);
#9249=AXIS2_PLACEMENT_3D('',#14143,#11437,#11438);
#9250=AXIS2_PLACEMENT_3D('',#14146,#11440,#11441);
#9251=AXIS2_PLACEMENT_3D('',#14147,#11442,#11443);
#9252=AXIS2_PLACEMENT_3D('',#14152,#11445,#11446);
#9253=AXIS2_PLACEMENT_3D('',#14155,#11448,#11449);
#9254=AXIS2_PLACEMENT_3D('',#14156,#11450,#11451);
#9255=AXIS2_PLACEMENT_3D('',#14161,#11453,#11454);
#9256=AXIS2_PLACEMENT_3D('',#14164,#11456,#11457);
#9257=AXIS2_PLACEMENT_3D('',#14165,#11458,#11459);
#9258=AXIS2_PLACEMENT_3D('',#14207,#11462,#11463);
#9259=AXIS2_PLACEMENT_3D('',#14210,#11465,#11466);
#9260=AXIS2_PLACEMENT_3D('',#14211,#11467,#11468);
#9261=AXIS2_PLACEMENT_3D('',#14213,#11469,#11470);
#9262=AXIS2_PLACEMENT_3D('',#14215,#11471,#11472);
#9263=AXIS2_PLACEMENT_3D('',#14217,#11473,#11474);
#9264=AXIS2_PLACEMENT_3D('',#14219,#11475,#11476);
#9265=AXIS2_PLACEMENT_3D('',#14221,#11477,#11478);
#9266=AXIS2_PLACEMENT_3D('',#14223,#11479,#11480);
#9267=AXIS2_PLACEMENT_3D('',#14225,#11481,#11482);
#9268=AXIS2_PLACEMENT_3D('',#14227,#11483,#11484);
#9269=AXIS2_PLACEMENT_3D('',#14229,#11485,#11486);
#9270=AXIS2_PLACEMENT_3D('',#14231,#11487,#11488);
#9271=AXIS2_PLACEMENT_3D('',#14232,#11489,#11490);
#9272=AXIS2_PLACEMENT_3D('',#14233,#11491,#11492);
#9273=AXIS2_PLACEMENT_3D('',#14242,#11497,#11498);
#9274=AXIS2_PLACEMENT_3D('',#14243,#11499,#11500);
#9275=AXIS2_PLACEMENT_3D('',#14320,#11503,#11504);
#9276=AXIS2_PLACEMENT_3D('',#14324,#11506,#11507);
#9277=AXIS2_PLACEMENT_3D('',#14820,#11520,#11521);
#9278=AXIS2_PLACEMENT_3D('',#14916,#11525,#11526);
#9279=AXIS2_PLACEMENT_3D('',#14951,#11528,#11529);
#9280=AXIS2_PLACEMENT_3D('',#14957,#11533,#11534);
#9281=AXIS2_PLACEMENT_3D('',#14970,#11541,#11542);
#9282=AXIS2_PLACEMENT_3D('',#14976,#11546,#11547);
#9283=AXIS2_PLACEMENT_3D('',#14977,#11548,#11549);
#9284=AXIS2_PLACEMENT_3D('',#14981,#11552,#11553);
#9285=AXIS2_PLACEMENT_3D('',#14985,#11555,#11556);
#9286=AXIS2_PLACEMENT_3D('',#14989,#11559,#11560);
#9287=AXIS2_PLACEMENT_3D('',#14999,#11566,#11567);
#9288=AXIS2_PLACEMENT_3D('',#15001,#11569,#11570);
#9289=AXIS2_PLACEMENT_3D('',#15073,#11572,#11573);
#9290=AXIS2_PLACEMENT_3D('',#15075,#11575,#11576);
#9291=AXIS2_PLACEMENT_3D('',#15076,#11577,#11578);
#9292=AXIS2_PLACEMENT_3D('',#15078,#11580,#11581);
#9293=AXIS2_PLACEMENT_3D('',#15079,#11582,#11583);
#9294=AXIS2_PLACEMENT_3D('',#15080,#11584,#11585);
#9295=AXIS2_PLACEMENT_3D('',#15081,#11586,#11587);
#9296=AXIS2_PLACEMENT_3D('',#15082,#11588,#11589);
#9297=AXIS2_PLACEMENT_3D('',#15084,#11591,#11592);
#9298=AXIS2_PLACEMENT_3D('',#15085,#11593,#11594);
#9299=AXIS2_PLACEMENT_3D('',#15086,#11595,#11596);
#9300=AXIS2_PLACEMENT_3D('',#15087,#11597,#11598);
#9301=AXIS2_PLACEMENT_3D('',#15088,#11599,#11600);
#9302=AXIS2_PLACEMENT_3D('',#15089,#11601,#11602);
#9303=AXIS2_PLACEMENT_3D('',#15090,#11603,#11604);
#9304=AXIS2_PLACEMENT_3D('',#15091,#11605,#11606);
#9305=AXIS2_PLACEMENT_3D('',#15092,#11607,#11608);
#9306=AXIS2_PLACEMENT_3D('',#15093,#11609,#11610);
#9307=AXIS2_PLACEMENT_3D('',#15094,#11611,#11612);
#9308=AXIS2_PLACEMENT_3D('',#15096,#11613,#11614);
#9309=AXIS2_PLACEMENT_3D('',#15097,#11615,#11616);
#9310=AXIS2_PLACEMENT_3D('',#15098,#11617,#11618);
#9311=AXIS2_PLACEMENT_3D('',#15099,#11619,#11620);
#9312=AXIS2_PLACEMENT_3D('',#15102,#11621,#11622);
#9313=AXIS2_PLACEMENT_3D('',#15103,#11623,#11624);
#9314=AXIS2_PLACEMENT_3D('',#15107,#11626,#11627);
#9315=AXIS2_PLACEMENT_3D('',#15110,#11629,#11630);
#9316=AXIS2_PLACEMENT_3D('',#15113,#11633,#11634);
#9317=AXIS2_PLACEMENT_3D('',#15148,#11635,#11636);
#9318=AXIS2_PLACEMENT_3D('',#15149,#11637,#11638);
#9319=AXIS2_PLACEMENT_3D('',#15150,#11639,#11640);
#9320=AXIS2_PLACEMENT_3D('',#15230,#11641,#11642);
#9321=AXIS2_PLACEMENT_3D('',#15231,#11643,#11644);
#9322=AXIS2_PLACEMENT_3D('',#15232,#11645,#11646);
#9323=AXIS2_PLACEMENT_3D('',#15234,#11648,#11649);
#9324=AXIS2_PLACEMENT_3D('',#15235,#11650,#11651);
#9325=AXIS2_PLACEMENT_3D('',#15236,#11652,#11653);
#9326=AXIS2_PLACEMENT_3D('',#15238,#11655,#11656);
#9327=AXIS2_PLACEMENT_3D('',#15239,#11657,#11658);
#9328=AXIS2_PLACEMENT_3D('',#15240,#11659,#11660);
#9329=AXIS2_PLACEMENT_3D('',#15241,#11661,#11662);
#9330=AXIS2_PLACEMENT_3D('',#15242,#11663,#11664);
#9331=AXIS2_PLACEMENT_3D('',#15243,#11665,#11666);
#9332=AXIS2_PLACEMENT_3D('',#15244,#11667,#11668);
#9333=AXIS2_PLACEMENT_3D('',#15245,#11669,#11670);
#9334=AXIS2_PLACEMENT_3D('',#15246,#11671,#11672);
#9335=AXIS2_PLACEMENT_3D('',#15247,#11673,#11674);
#9336=AXIS2_PLACEMENT_3D('',#15248,#11675,#11676);
#9337=AXIS2_PLACEMENT_3D('',#15249,#11677,#11678);
#9338=AXIS2_PLACEMENT_3D('',#15250,#11679,#11680);
#9339=AXIS2_PLACEMENT_3D('',#15251,#11681,#11682);
#9340=AXIS2_PLACEMENT_3D('',#15252,#11683,#11684);
#9341=AXIS2_PLACEMENT_3D('',#15253,#11685,#11686);
#9342=AXIS2_PLACEMENT_3D('',#15254,#11687,#11688);
#9343=AXIS2_PLACEMENT_3D('',#15255,#11689,#11690);
#9344=AXIS2_PLACEMENT_3D('',#15256,#11691,#11692);
#9345=AXIS2_PLACEMENT_3D('',#15257,#11693,#11694);
#9346=AXIS2_PLACEMENT_3D('',#15258,#11695,#11696);
#9347=AXIS2_PLACEMENT_3D('',#15259,#11697,#11698);
#9348=AXIS2_PLACEMENT_3D('',#15260,#11699,#11700);
#9349=AXIS2_PLACEMENT_3D('',#15261,#11701,#11702);
#9350=AXIS2_PLACEMENT_3D('',#15262,#11703,#11704);
#9351=AXIS2_PLACEMENT_3D('',#15263,#11705,#11706);
#9352=AXIS2_PLACEMENT_3D('',#15265,#11707,#11708);
#9353=AXIS2_PLACEMENT_3D('',#15266,#11709,#11710);
#9354=AXIS2_PLACEMENT_3D('',#15268,#11711,#11712);
#9355=AXIS2_PLACEMENT_3D('',#15269,#11713,#11714);
#9356=AXIS2_PLACEMENT_3D('',#15270,#11715,#11716);
#9357=AXIS2_PLACEMENT_3D('',#15272,#11717,#11718);
#9358=AXIS2_PLACEMENT_3D('',#15273,#11719,#11720);
#9359=AXIS2_PLACEMENT_3D('',#15275,#11721,#11722);
#9360=AXIS2_PLACEMENT_3D('',#15276,#11723,#11724);
#9361=AXIS2_PLACEMENT_3D('',#15277,#11725,#11726);
#9362=AXIS2_PLACEMENT_3D('',#15279,#11727,#11728);
#9363=AXIS2_PLACEMENT_3D('',#15280,#11729,#11730);
#9364=AXIS2_PLACEMENT_3D('',#15282,#11731,#11732);
#9365=AXIS2_PLACEMENT_3D('',#15283,#11733,#11734);
#9366=AXIS2_PLACEMENT_3D('',#15284,#11735,#11736);
#9367=AXIS2_PLACEMENT_3D('',#15286,#11737,#11738);
#9368=AXIS2_PLACEMENT_3D('',#15287,#11739,#11740);
#9369=AXIS2_PLACEMENT_3D('',#15289,#11741,#11742);
#9370=AXIS2_PLACEMENT_3D('',#15290,#11743,#11744);
#9371=AXIS2_PLACEMENT_3D('',#15291,#11745,#11746);
#9372=AXIS2_PLACEMENT_3D('',#15293,#11747,#11748);
#9373=AXIS2_PLACEMENT_3D('',#15294,#11749,#11750);
#9374=AXIS2_PLACEMENT_3D('',#15296,#11751,#11752);
#9375=AXIS2_PLACEMENT_3D('',#15297,#11753,#11754);
#9376=AXIS2_PLACEMENT_3D('',#15298,#11755,#11756);
#9377=AXIS2_PLACEMENT_3D('',#15300,#11757,#11758);
#9378=AXIS2_PLACEMENT_3D('',#15301,#11759,#11760);
#9379=AXIS2_PLACEMENT_3D('',#15303,#11761,#11762);
#9380=AXIS2_PLACEMENT_3D('',#15304,#11763,#11764);
#9381=AXIS2_PLACEMENT_3D('',#15305,#11765,#11766);
#9382=AXIS2_PLACEMENT_3D('',#15307,#11767,#11768);
#9383=AXIS2_PLACEMENT_3D('',#15308,#11769,#11770);
#9384=AXIS2_PLACEMENT_3D('',#15310,#11771,#11772);
#9385=AXIS2_PLACEMENT_3D('',#15311,#11773,#11774);
#9386=AXIS2_PLACEMENT_3D('',#15312,#11775,#11776);
#9387=AXIS2_PLACEMENT_3D('',#15314,#11777,#11778);
#9388=AXIS2_PLACEMENT_3D('',#15315,#11779,#11780);
#9389=AXIS2_PLACEMENT_3D('',#15317,#11781,#11782);
#9390=AXIS2_PLACEMENT_3D('',#15318,#11783,#11784);
#9391=AXIS2_PLACEMENT_3D('',#15319,#11785,#11786);
#9392=AXIS2_PLACEMENT_3D('',#15321,#11787,#11788);
#9393=AXIS2_PLACEMENT_3D('',#15322,#11789,#11790);
#9394=AXIS2_PLACEMENT_3D('',#15324,#11791,#11792);
#9395=AXIS2_PLACEMENT_3D('',#15325,#11793,#11794);
#9396=AXIS2_PLACEMENT_3D('',#15326,#11795,#11796);
#9397=AXIS2_PLACEMENT_3D('',#15328,#11797,#11798);
#9398=AXIS2_PLACEMENT_3D('',#15329,#11799,#11800);
#9399=AXIS2_PLACEMENT_3D('',#15331,#11801,#11802);
#9400=AXIS2_PLACEMENT_3D('',#15332,#11803,#11804);
#9401=AXIS2_PLACEMENT_3D('',#15333,#11805,#11806);
#9402=AXIS2_PLACEMENT_3D('',#15335,#11807,#11808);
#9403=AXIS2_PLACEMENT_3D('',#15337,#11809,#11810);
#9404=AXIS2_PLACEMENT_3D('',#15338,#11811,#11812);
#9405=AXIS2_PLACEMENT_3D('',#15340,#11813,#11814);
#9406=AXIS2_PLACEMENT_3D('',#15342,#11815,#11816);
#9407=AXIS2_PLACEMENT_3D('',#15343,#11817,#11818);
#9408=AXIS2_PLACEMENT_3D('',#15344,#11819,#11820);
#9409=AXIS2_PLACEMENT_3D('',#15345,#11821,#11822);
#9410=AXIS2_PLACEMENT_3D('',#15347,#11823,#11824);
#9411=AXIS2_PLACEMENT_3D('',#15349,#11825,#11826);
#9412=AXIS2_PLACEMENT_3D('',#15350,#11827,#11828);
#9413=AXIS2_PLACEMENT_3D('',#15352,#11829,#11830);
#9414=AXIS2_PLACEMENT_3D('',#15354,#11831,#11832);
#9415=AXIS2_PLACEMENT_3D('',#15355,#11833,#11834);
#9416=AXIS2_PLACEMENT_3D('',#15356,#11835,#11836);
#9417=AXIS2_PLACEMENT_3D('',#15357,#11837,#11838);
#9418=AXIS2_PLACEMENT_3D('',#15359,#11839,#11840);
#9419=AXIS2_PLACEMENT_3D('',#15361,#11841,#11842);
#9420=AXIS2_PLACEMENT_3D('',#15362,#11843,#11844);
#9421=AXIS2_PLACEMENT_3D('',#15364,#11845,#11846);
#9422=AXIS2_PLACEMENT_3D('',#15381,#11855,#11856);
#9423=AXIS2_PLACEMENT_3D('',#15398,#11865,#11866);
#9424=AXIS2_PLACEMENT_3D('',#15415,#11875,#11876);
#9425=AXIS2_PLACEMENT_3D('',#15432,#11885,#11886);
#9426=AXIS2_PLACEMENT_3D('',#15437,#11891,#11892);
#9427=AXIS2_PLACEMENT_3D('',#15439,#11894,#11895);
#9428=AXIS2_PLACEMENT_3D('',#15441,#11897,#11898);
#9429=AXIS2_PLACEMENT_3D('',#15443,#11900,#11901);
#9430=AXIS2_PLACEMENT_3D('',#15445,#11903,#11904);
#9431=AXIS2_PLACEMENT_3D('',#15446,#11905,#11906);
#9432=AXIS2_PLACEMENT_3D('',#15448,#11907,#11908);
#9433=AXIS2_PLACEMENT_3D('',#15449,#11909,#11910);
#9434=AXIS2_PLACEMENT_3D('',#15450,#11911,#11912);
#9435=AXIS2_PLACEMENT_3D('',#15452,#11913,#11914);
#9436=AXIS2_PLACEMENT_3D('',#15453,#11915,#11916);
#9437=AXIS2_PLACEMENT_3D('',#15454,#11917,#11918);
#9438=AXIS2_PLACEMENT_3D('',#15456,#11919,#11920);
#9439=AXIS2_PLACEMENT_3D('',#15457,#11921,#11922);
#9440=AXIS2_PLACEMENT_3D('',#15458,#11923,#11924);
#9441=AXIS2_PLACEMENT_3D('',#15460,#11925,#11926);
#9442=AXIS2_PLACEMENT_3D('',#15461,#11927,#11928);
#9443=AXIS2_PLACEMENT_3D('',#15462,#11929,#11930);
#9444=AXIS2_PLACEMENT_3D('',#15463,#11931,#11932);
#9445=AXIS2_PLACEMENT_3D('',#15464,#11933,#11934);
#9446=AXIS2_PLACEMENT_3D('',#15465,#11935,#11936);
#9447=AXIS2_PLACEMENT_3D('',#15466,#11937,#11938);
#9448=AXIS2_PLACEMENT_3D('',#15467,#11939,#11940);
#9449=AXIS2_PLACEMENT_3D('',#15468,#11941,#11942);
#9450=AXIS2_PLACEMENT_3D('',#15469,#11943,#11944);
#9451=AXIS2_PLACEMENT_3D('',#15470,#11945,#11946);
#9452=AXIS2_PLACEMENT_3D('',#15472,#11947,#11948);
#9453=AXIS2_PLACEMENT_3D('',#15473,#11949,#11950);
#9454=AXIS2_PLACEMENT_3D('',#15475,#11951,#11952);
#9455=AXIS2_PLACEMENT_3D('',#15476,#11953,#11954);
#9456=AXIS2_PLACEMENT_3D('',#15478,#11955,#11956);
#9457=AXIS2_PLACEMENT_3D('',#15479,#11957,#11958);
#9458=AXIS2_PLACEMENT_3D('',#15481,#11959,#11960);
#9459=AXIS2_PLACEMENT_3D('',#15482,#11961,#11962);
#9460=AXIS2_PLACEMENT_3D('',#15483,#11963,#11964);
#9461=AXIS2_PLACEMENT_3D('',#15485,#11965,#11966);
#9462=AXIS2_PLACEMENT_3D('',#15486,#11967,#11968);
#9463=DIRECTION('',(0.,0.,1.));
#9464=DIRECTION('',(1.,0.,0.));
#9465=DIRECTION('',(0.,0.,1.));
#9466=DIRECTION('',(1.,0.,0.));
#9467=DIRECTION('',(0.707106781186546,8.65956056235492E-17,-0.707106781186549));
#9468=DIRECTION('',(0.,0.,-1.));
#9469=DIRECTION('',(1.,0.,0.));
#9470=DIRECTION('',(-0.707106781186546,0.,-0.707106781186549));
#9471=DIRECTION('',(0.,0.,-1.));
#9472=DIRECTION('',(-1.,0.,0.));
#9473=DIRECTION('',(0.,0.,-1.));
#9474=DIRECTION('',(1.,0.,0.));
#9475=DIRECTION('',(-0.70710678118655,8.65956056235496E-17,0.707106781186545));
#9476=DIRECTION('',(0.,0.,1.));
#9477=DIRECTION('',(1.,0.,0.));
#9478=DIRECTION('',(0.70710678118655,0.,0.707106781186545));
#9479=DIRECTION('',(0.,0.,1.));
#9480=DIRECTION('',(1.,0.,-2.73858664189726E-17));
#9481=DIRECTION('',(0.,0.,1.));
#9482=DIRECTION('',(1.,0.,0.));
#9483=DIRECTION('',(0.,0.,1.));
#9484=DIRECTION('',(0.,0.,1.));
#9485=DIRECTION('',(1.,0.,0.));
#9486=DIRECTION('',(0.,0.,1.));
#9487=DIRECTION('',(0.,0.,1.));
#9488=DIRECTION('',(1.,0.,0.));
#9489=DIRECTION('',(0.,0.,-1.));
#9490=DIRECTION('',(0.,0.,-1.));
#9491=DIRECTION('',(0.,0.,-1.));
#9492=DIRECTION('',(-1.,0.,0.));
#9493=DIRECTION('',(0.,0.,-1.));
#9494=DIRECTION('',(1.,0.,0.));
#9495=DIRECTION('',(0.,0.,1.));
#9496=DIRECTION('',(1.,0.,0.));
#9497=DIRECTION('',(0.,0.,-1.));
#9498=DIRECTION('',(-1.,0.,0.));
#9499=DIRECTION('',(0.,0.,1.));
#9500=DIRECTION('',(1.,0.,0.));
#9501=DIRECTION('',(0.,0.,1.));
#9502=DIRECTION('',(1.,0.,0.));
#9503=DIRECTION('',(0.,0.,1.));
#9504=DIRECTION('',(1.,0.,0.));
#9505=DIRECTION('',(0.,0.,-1.));
#9506=DIRECTION('',(1.,0.,0.));
#9507=DIRECTION('',(0.,0.,1.));
#9508=DIRECTION('',(1.,0.,0.));
#9509=DIRECTION('',(0.,0.,1.));
#9510=DIRECTION('',(1.,0.,0.));
#9511=DIRECTION('',(0.,0.,1.));
#9512=DIRECTION('',(1.,0.,0.));
#9513=DIRECTION('',(0.,0.,1.));
#9514=DIRECTION('',(1.,0.,-2.73858664189726E-17));
#9515=DIRECTION('',(0.,0.,-1.));
#9516=DIRECTION('',(-1.,0.,0.));
#9517=DIRECTION('',(0.,0.,-1.));
#9518=DIRECTION('',(-1.,0.,0.));
#9519=DIRECTION('',(0.0944166649157771,0.995532768614967,0.));
#9520=DIRECTION('',(-0.995532768614968,0.0944166649157786,0.));
#9521=DIRECTION('',(0.,0.,1.));
#9522=DIRECTION('',(-1.,0.,0.));
#9523=DIRECTION('',(-0.0944166649157771,-0.995532768614967,0.));
#9524=DIRECTION('',(0.995532768614967,-0.0944166649157786,0.));
#9525=DIRECTION('',(0.,0.,-1.));
#9526=DIRECTION('',(1.,0.,0.));
#9527=DIRECTION('',(0.,0.,-1.));
#9528=DIRECTION('',(1.,0.,0.));
#9529=DIRECTION('',(0.0944166649157771,0.995532768614967,0.));
#9530=DIRECTION('',(0.995532768614968,-0.0944166649157786,0.));
#9531=DIRECTION('',(0.,0.,1.));
#9532=DIRECTION('',(1.,0.,0.));
#9533=DIRECTION('',(-0.0944166649157771,-0.995532768614967,0.));
#9534=DIRECTION('',(-0.995532768614967,0.0944166649157786,0.));
#9535=DIRECTION('',(0.,0.,1.));
#9536=DIRECTION('',(-1.,0.,0.));
#9537=DIRECTION('',(0.,0.,-1.));
#9538=DIRECTION('',(1.,0.,0.));
#9539=DIRECTION('',(0.094416664915774,0.995532768614967,0.));
#9540=DIRECTION('',(0.995532768614968,-0.0944166649157752,0.));
#9541=DIRECTION('',(0.,0.,1.));
#9542=DIRECTION('',(1.,0.,0.));
#9543=DIRECTION('',(-0.0944166649157752,-0.995532768614967,0.));
#9544=DIRECTION('',(-0.995532768614967,0.0944166649157752,0.));
#9545=DIRECTION('',(0.,0.,1.));
#9546=DIRECTION('',(1.,0.,0.));
#9547=DIRECTION('',(0.,0.,1.));
#9548=DIRECTION('',(-1.,0.,0.));
#9549=DIRECTION('',(0.0944166649157763,0.995532768614967,0.));
#9550=DIRECTION('',(0.995532768614967,-0.0944166649157752,0.));
#9551=DIRECTION('',(0.,0.,-1.));
#9552=DIRECTION('',(-1.,0.,0.));
#9553=DIRECTION('',(-0.0944166649157775,-0.995532768614967,0.));
#9554=DIRECTION('',(-0.995532768614967,0.0944166649157786,0.));
#9555=DIRECTION('',(0.,0.,-1.));
#9556=DIRECTION('',(1.,0.,0.));
#9557=DIRECTION('',(0.,0.,1.));
#9558=DIRECTION('',(0.,0.,-1.));
#9559=DIRECTION('',(-1.,0.,0.));
#9560=DIRECTION('',(0.,0.,1.));
#9561=DIRECTION('',(0.,0.,1.));
#9562=DIRECTION('',(0.995532768614967,-0.0944166649157769,0.));
#9563=DIRECTION('',(0.,0.,-1.));
#9564=DIRECTION('',(0.,0.,1.));
#9565=DIRECTION('',(1.,0.,0.));
#9566=DIRECTION('',(0.,0.,-1.));
#9567=DIRECTION('',(0.,0.,-1.));
#9568=DIRECTION('',(-0.995532768614967,0.0944166649157769,0.));
#9569=DIRECTION('',(0.,0.,-1.));
#9570=DIRECTION('',(0.,0.,-1.));
#9571=DIRECTION('',(0.,0.,-1.));
#9572=DIRECTION('',(-0.995532768614967,0.0944166649157773,0.));
#9573=DIRECTION('',(0.,0.,-1.));
#9574=DIRECTION('',(1.,0.,0.));
#9575=DIRECTION('',(0.,0.,1.));
#9576=DIRECTION('',(-1.,0.,0.));
#9577=DIRECTION('',(0.,0.,-1.));
#9578=DIRECTION('',(-0.995532768614967,0.0944166649157773,0.));
#9579=DIRECTION('',(0.,0.,1.));
#9580=DIRECTION('',(1.,0.,0.));
#9581=DIRECTION('',(0.,0.,1.));
#9582=DIRECTION('',(1.,0.,0.));
#9583=DIRECTION('',(0.,0.,1.));
#9584=DIRECTION('',(0.995532768614967,-0.0944166649157773,0.));
#9585=DIRECTION('',(0.,0.,-1.));
#9586=DIRECTION('',(-1.,0.,0.));
#9587=DIRECTION('',(0.,0.,-1.));
#9588=DIRECTION('',(-1.,0.,0.));
#9589=DIRECTION('',(0.,0.,-1.));
#9590=DIRECTION('',(-1.,0.,0.));
#9591=DIRECTION('',(0.,0.,-1.));
#9592=DIRECTION('',(1.,0.,0.));
#9593=DIRECTION('',(0.,0.,-1.));
#9594=DIRECTION('',(-0.995532768614967,0.0944166649157769,0.));
#9595=DIRECTION('',(0.,0.,1.));
#9596=DIRECTION('',(1.,0.,0.));
#9597=DIRECTION('',(0.,0.,1.));
#9598=DIRECTION('',(0.995532768614967,-0.0944166649157773,0.));
#9599=DIRECTION('',(0.,0.,1.));
#9600=DIRECTION('',(-1.,0.,0.));
#9601=DIRECTION('',(0.,0.,1.));
#9602=DIRECTION('',(0.995532768614967,-0.0944166649157769,0.));
#9603=DIRECTION('',(0.,0.,-1.));
#9604=DIRECTION('',(-1.,0.,0.));
#9605=DIRECTION('',(0.,0.,-1.));
#9606=DIRECTION('',(-0.995532768614967,0.0944166649157773,0.));
#9607=DIRECTION('',(0.,0.,-1.));
#9608=DIRECTION('',(1.,0.,0.));
#9609=DIRECTION('',(0.,0.,1.));
#9610=DIRECTION('',(1.,0.,0.));
#9611=DIRECTION('',(0.,0.,1.));
#9612=DIRECTION('',(-1.,0.,0.));
#9613=DIRECTION('',(0.,0.,-1.));
#9614=DIRECTION('',(1.,0.,0.));
#9615=DIRECTION('',(0.,0.,-1.));
#9616=DIRECTION('',(-0.999999999999999,0.,0.));
#9617=DIRECTION('',(1.,0.,0.));
#9618=DIRECTION('',(0.,1.,0.));
#9619=DIRECTION('',(-1.,0.,0.));
#9620=DIRECTION('',(0.,-1.,0.));
#9621=DIRECTION('',(0.,0.,-1.));
#9622=DIRECTION('',(-1.,0.,0.));
#9623=DIRECTION('',(0.,0.,-1.));
#9624=DIRECTION('',(-1.,0.,0.));
#9625=DIRECTION('',(0.,0.,-1.));
#9626=DIRECTION('',(-1.,0.,0.));
#9627=DIRECTION('',(0.,0.,-1.));
#9628=DIRECTION('',(-1.,0.,0.));
#9629=DIRECTION('',(0.,0.,-1.));
#9630=DIRECTION('',(-1.,0.,0.));
#9631=DIRECTION('',(0.,0.,-1.));
#9632=DIRECTION('',(-1.,0.,0.));
#9633=DIRECTION('',(0.,0.,-1.));
#9634=DIRECTION('',(-1.,0.,0.));
#9635=DIRECTION('',(0.,0.,-1.));
#9636=DIRECTION('',(-1.,0.,0.));
#9637=DIRECTION('',(0.,0.,-1.));
#9638=DIRECTION('',(-1.,0.,0.));
#9639=DIRECTION('',(0.,0.,-1.));
#9640=DIRECTION('',(-1.,0.,0.));
#9641=DIRECTION('',(0.,0.,-1.));
#9642=DIRECTION('',(-1.,0.,0.));
#9643=DIRECTION('',(0.,0.,-1.));
#9644=DIRECTION('',(-0.999999999999999,0.,0.));
#9645=DIRECTION('',(0.,0.,-1.));
#9646=DIRECTION('',(-0.999999999999999,0.,0.));
#9647=DIRECTION('',(0.,0.,1.));
#9648=DIRECTION('',(1.,0.,0.));
#9649=DIRECTION('',(0.,0.,-1.));
#9650=DIRECTION('',(-1.,0.,0.));
#9651=DIRECTION('',(0.,0.,1.));
#9652=DIRECTION('',(1.,0.,0.));
#9653=DIRECTION('',(0.,0.,-1.));
#9654=DIRECTION('',(0.,-1.,0.));
#9655=DIRECTION('',(0.,0.,1.));
#9656=DIRECTION('',(-1.,0.,0.));
#9657=DIRECTION('',(0.,0.,1.));
#9658=DIRECTION('',(1.,0.,0.));
#9659=DIRECTION('',(0.,0.,-1.));
#9660=DIRECTION('',(0.,-1.,0.));
#9661=DIRECTION('',(0.,0.,-1.));
#9662=DIRECTION('',(0.,-1.,0.));
#9663=DIRECTION('',(0.,0.,-1.));
#9664=DIRECTION('',(1.,0.,0.));
#9665=DIRECTION('',(0.,0.,-1.));
#9666=DIRECTION('',(-1.,0.,0.));
#9667=DIRECTION('',(0.,1.,0.));
#9668=DIRECTION('',(0.,0.,1.));
#9669=DIRECTION('',(0.,0.,-1.));
#9670=DIRECTION('',(-1.,0.,0.));
#9671=DIRECTION('',(0.,0.,1.));
#9672=DIRECTION('',(1.,0.,0.));
#9673=DIRECTION('',(0.,0.,1.));
#9674=DIRECTION('',(1.,0.,0.));
#9675=DIRECTION('',(0.,0.,1.));
#9676=DIRECTION('',(1.,0.,0.));
#9677=DIRECTION('',(0.,0.,1.));
#9678=DIRECTION('',(1.,0.,0.));
#9679=DIRECTION('',(0.,0.,1.));
#9680=DIRECTION('',(1.,0.,0.));
#9681=DIRECTION('',(0.,1.,0.));
#9682=DIRECTION('',(-1.,0.,0.));
#9683=DIRECTION('',(0.,-1.,0.));
#9684=DIRECTION('',(0.,1.,0.));
#9685=DIRECTION('',(-1.,0.,0.));
#9686=DIRECTION('',(0.,-1.,0.));
#9687=DIRECTION('',(0.,1.,0.));
#9688=DIRECTION('',(-1.,0.,0.));
#9689=DIRECTION('',(0.,1.,0.));
#9690=DIRECTION('',(0.,0.,1.00000000000002));
#9691=DIRECTION('',(0.,-1.,0.));
#9692=DIRECTION('',(0.,1.,0.));
#9693=DIRECTION('',(-1.,0.,0.));
#9694=DIRECTION('',(0.,-1.,0.));
#9695=DIRECTION('',(0.,1.,0.));
#9696=DIRECTION('',(-1.,0.,0.));
#9697=DIRECTION('',(0.,1.,0.));
#9698=DIRECTION('',(-1.,0.,0.));
#9699=DIRECTION('',(0.,-1.,0.));
#9700=DIRECTION('',(0.,1.,0.));
#9701=DIRECTION('',(-1.,0.,0.));
#9702=DIRECTION('',(0.,-1.,0.));
#9703=DIRECTION('',(0.,1.,0.));
#9704=DIRECTION('',(-1.,0.,0.));
#9705=DIRECTION('',(0.,1.,0.));
#9706=DIRECTION('',(0.,0.,0.999999999999988));
#9707=DIRECTION('',(0.,-1.,0.));
#9708=DIRECTION('',(0.,1.,0.));
#9709=DIRECTION('',(-1.,0.,0.));
#9710=DIRECTION('',(0.,-1.,0.));
#9711=DIRECTION('',(0.,1.,0.));
#9712=DIRECTION('',(-1.,0.,0.));
#9713=DIRECTION('',(0.,1.,0.));
#9714=DIRECTION('',(-1.,0.,0.));
#9715=DIRECTION('',(0.,-1.,0.));
#9716=DIRECTION('',(0.,1.,0.));
#9717=DIRECTION('',(-1.,0.,0.));
#9718=DIRECTION('',(0.,-1.,0.));
#9719=DIRECTION('',(0.,1.,0.));
#9720=DIRECTION('',(-1.,0.,0.));
#9721=DIRECTION('',(0.,1.,0.));
#9722=DIRECTION('',(0.,0.,0.999999999999988));
#9723=DIRECTION('',(0.,-1.,0.));
#9724=DIRECTION('',(0.,1.,0.));
#9725=DIRECTION('',(-1.,0.,0.));
#9726=DIRECTION('',(0.,-1.,0.));
#9727=DIRECTION('',(0.,1.,0.));
#9728=DIRECTION('',(-1.,0.,0.));
#9729=DIRECTION('',(0.,1.,0.));
#9730=DIRECTION('',(-1.,0.,0.));
#9731=DIRECTION('',(0.,-1.,0.));
#9732=DIRECTION('',(0.,1.,0.));
#9733=DIRECTION('',(-1.,0.,0.));
#9734=DIRECTION('',(0.,-1.,0.));
#9735=DIRECTION('',(0.,1.,0.));
#9736=DIRECTION('',(-1.,0.,0.));
#9737=DIRECTION('',(0.,1.,0.));
#9738=DIRECTION('',(0.,0.,1.00000000000002));
#9739=DIRECTION('',(0.,-1.,0.));
#9740=DIRECTION('',(0.,1.,0.));
#9741=DIRECTION('',(-1.,0.,0.));
#9742=DIRECTION('',(0.,-1.,0.));
#9743=DIRECTION('',(0.,1.,0.));
#9744=DIRECTION('',(-1.,0.,0.));
#9745=DIRECTION('',(0.,0.,1.));
#9746=DIRECTION('',(1.,0.,0.));
#9747=DIRECTION('',(0.,0.,1.));
#9748=DIRECTION('',(0.,0.,-1.));
#9749=DIRECTION('',(-1.,0.,0.));
#9750=DIRECTION('',(0.,0.,1.));
#9751=DIRECTION('',(0.,0.,-1.));
#9752=DIRECTION('',(-1.,0.,0.));
#9753=DIRECTION('',(0.,0.,-1.));
#9754=DIRECTION('',(-1.,0.,0.));
#9755=DIRECTION('',(0.,0.,1.));
#9756=DIRECTION('',(0.,0.,-1.));
#9757=DIRECTION('',(-1.,0.,0.));
#9758=DIRECTION('',(0.,0.,1.));
#9759=DIRECTION('',(0.,0.,-1.));
#9760=DIRECTION('',(-1.,0.,0.));
#9761=DIRECTION('',(0.,1.,0.));
#9762=DIRECTION('',(0.,0.,1.00000000000002));
#9763=DIRECTION('',(0.,1.,0.));
#9764=DIRECTION('',(0.,0.,0.999999999999988));
#9765=DIRECTION('',(0.,1.,0.));
#9766=DIRECTION('',(0.,0.,0.999999999999988));
#9767=DIRECTION('',(0.,1.,0.));
#9768=DIRECTION('',(0.,0.,1.00000000000002));
#9769=DIRECTION('',(1.,0.,0.));
#9770=DIRECTION('',(-0.707106781186542,0.,-0.707106781186552));
#9771=DIRECTION('',(-2.85551189461203E-16,0.,1.));
#9772=DIRECTION('',(1.,0.,0.));
#9773=DIRECTION('',(1.42775594730601E-16,0.,-1.));
#9774=DIRECTION('',(-0.707106781186551,0.,0.707106781186544));
#9775=DIRECTION('',(0.,1.,0.));
#9776=DIRECTION('',(-1.,0.,0.));
#9777=DIRECTION('',(1.,0.,0.));
#9778=DIRECTION('',(0.,-1.,0.));
#9779=DIRECTION('',(0.,1.,0.));
#9780=DIRECTION('',(0.,0.,1.));
#9781=DIRECTION('',(1.,0.,0.));
#9782=DIRECTION('',(0.,1.,0.));
#9783=DIRECTION('',(-1.,0.,0.));
#9784=DIRECTION('',(0.,1.,0.));
#9785=DIRECTION('',(-1.,0.,0.));
#9786=DIRECTION('',(0.,1.,0.));
#9787=DIRECTION('',(-1.,0.,0.));
#9788=DIRECTION('',(0.,1.,0.));
#9789=DIRECTION('',(-1.,0.,0.));
#9790=DIRECTION('',(2.85551189461203E-16,0.,-1.));
#9791=DIRECTION('',(0.707106781186542,0.,0.707106781186552));
#9792=DIRECTION('',(0.707106781186551,0.,-0.707106781186544));
#9793=DIRECTION('',(-1.42775594730601E-16,0.,1.));
#9794=DIRECTION('',(-1.,0.,0.));
#9795=DIRECTION('',(0.,1.,0.));
#9796=DIRECTION('',(-1.,0.,0.));
#9797=DIRECTION('',(0.,0.,1.));
#9798=DIRECTION('',(1.,0.,0.));
#9799=DIRECTION('',(1.,0.,0.));
#9800=DIRECTION('',(0.,0.,1.));
#9801=DIRECTION('',(1.,0.,0.));
#9802=DIRECTION('',(0.,-1.,0.));
#9803=DIRECTION('',(1.,0.,0.));
#9804=DIRECTION('',(0.,-1.,0.));
#9805=DIRECTION('',(0.,0.,1.));
#9806=DIRECTION('',(1.,0.,0.));
#9807=DIRECTION('',(0.,0.,1.));
#9808=DIRECTION('',(1.,0.,0.));
#9809=DIRECTION('',(1.,0.,0.));
#9810=DIRECTION('',(0.,0.,1.));
#9811=DIRECTION('',(0.,0.,-1.));
#9812=DIRECTION('',(0.,1.,0.));
#9813=DIRECTION('',(-1.,0.,0.));
#9814=DIRECTION('',(0.,0.,-1.));
#9815=DIRECTION('',(-1.,0.,0.));
#9816=DIRECTION('',(0.,-1.,0.));
#9817=DIRECTION('',(0.,0.,-1.));
#9818=DIRECTION('',(1.,0.,0.));
#9819=DIRECTION('',(0.,0.,-1.));
#9820=DIRECTION('',(1.,0.,0.));
#9821=DIRECTION('',(0.,-1.,0.));
#9822=DIRECTION('',(-1.,3.65165315038521E-16,0.));
#9823=DIRECTION('',(0.,-1.,0.));
#9824=DIRECTION('',(0.,1.,0.));
#9825=DIRECTION('',(-1.,-1.20466908053945E-16,0.));
#9826=DIRECTION('',(0.,0.,1.));
#9827=DIRECTION('',(1.,0.,0.));
#9828=DIRECTION('',(0.,0.,-1.));
#9829=DIRECTION('',(0.,0.,1.));
#9830=DIRECTION('',(1.,0.,0.));
#9831=DIRECTION('',(0.,0.,-1.));
#9832=DIRECTION('',(1.,0.,0.));
#9833=DIRECTION('',(0.,0.,-1.));
#9834=DIRECTION('',(0.,0.,1.));
#9835=DIRECTION('',(-1.,0.,0.));
#9836=DIRECTION('',(0.,0.,-1.));
#9837=DIRECTION('',(0.,0.,1.));
#9838=DIRECTION('',(1.,0.,0.));
#9839=DIRECTION('',(0.,0.,-1.));
#9840=DIRECTION('',(1.,0.,1.42775594730601E-16));
#9841=DIRECTION('',(0.,0.,1.));
#9842=DIRECTION('',(1.,0.,0.));
#9843=DIRECTION('',(1.,0.,0.));
#9844=DIRECTION('',(-1.,0.,-2.85551189461203E-16));
#9845=DIRECTION('',(0.,0.,-1.));
#9846=DIRECTION('',(-1.,0.,0.));
#9847=DIRECTION('',(0.,0.,1.));
#9848=DIRECTION('',(0.,-1.,0.));
#9849=DIRECTION('',(0.,0.,1.));
#9850=DIRECTION('',(-1.,0.,-1.42775594730601E-16));
#9851=DIRECTION('',(-1.42247325030098E-16,0.,1.));
#9852=DIRECTION('',(0.,1.,0.));
#9853=DIRECTION('',(0.,0.,1.));
#9854=DIRECTION('',(1.,0.,2.85551189461203E-16));
#9855=DIRECTION('',(2.86229373536173E-16,0.,-1.));
#9856=DIRECTION('',(-1.20466908053945E-16,1.,0.));
#9857=DIRECTION('',(-1.,-1.196959198424E-16,0.));
#9858=DIRECTION('',(3.65165315038521E-16,1.,0.));
#9859=DIRECTION('',(-1.,3.66026653431106E-16,0.));
#9860=DIRECTION('',(0.,0.,-1.));
#9861=DIRECTION('',(-1.,0.,0.));
#9862=DIRECTION('',(0.,0.,-1.));
#9863=DIRECTION('',(-1.,0.,0.));
#9864=DIRECTION('',(0.,0.,-1.));
#9865=DIRECTION('',(-1.,0.,0.));
#9866=DIRECTION('',(0.,0.,-1.));
#9867=DIRECTION('',(-1.,0.,0.));
#9868=DIRECTION('',(0.,0.,-1.));
#9869=DIRECTION('',(-1.,0.,0.));
#9870=DIRECTION('',(0.,1.,0.));
#9871=DIRECTION('',(-1.,0.,0.));
#9872=DIRECTION('',(0.,1.,0.));
#9873=DIRECTION('',(-1.,0.,0.));
#9874=DIRECTION('',(0.,1.,0.));
#9875=DIRECTION('',(-1.,0.,0.));
#9876=DIRECTION('',(0.,-1.,0.));
#9877=DIRECTION('',(1.,0.,0.));
#9878=DIRECTION('',(0.,1.,0.));
#9879=DIRECTION('',(-1.,0.,0.));
#9880=DIRECTION('',(0.,1.,0.));
#9881=DIRECTION('',(-1.,0.,0.));
#9882=DIRECTION('',(0.,1.,0.));
#9883=DIRECTION('',(-1.,0.,0.));
#9884=DIRECTION('',(0.,1.,0.));
#9885=DIRECTION('',(-1.,0.,0.));
#9886=DIRECTION('',(0.,-1.,0.));
#9887=DIRECTION('',(1.,0.,0.));
#9888=DIRECTION('',(0.,1.,0.));
#9889=DIRECTION('',(-1.,0.,0.));
#9890=DIRECTION('',(0.,1.,0.));
#9891=DIRECTION('',(-1.,0.,0.));
#9892=DIRECTION('',(0.,1.,0.));
#9893=DIRECTION('',(-1.,0.,0.));
#9894=DIRECTION('',(0.,1.,0.));
#9895=DIRECTION('',(-1.,0.,0.));
#9896=DIRECTION('',(0.,-1.,0.));
#9897=DIRECTION('',(1.,0.,0.));
#9898=DIRECTION('',(0.,1.,0.));
#9899=DIRECTION('',(-1.,0.,0.));
#9900=DIRECTION('',(0.,1.,0.));
#9901=DIRECTION('',(-1.,0.,0.));
#9902=DIRECTION('',(0.,1.,0.));
#9903=DIRECTION('',(-1.,0.,0.));
#9904=DIRECTION('',(0.,1.,0.));
#9905=DIRECTION('',(-1.,0.,0.));
#9906=DIRECTION('',(0.,-1.,0.));
#9907=DIRECTION('',(1.,0.,0.));
#9908=DIRECTION('',(0.,1.,0.));
#9909=DIRECTION('',(-1.,0.,0.));
#9910=DIRECTION('',(0.,0.,-1.));
#9911=DIRECTION('',(-1.,0.,0.));
#9912=DIRECTION('',(0.,0.,1.));
#9913=DIRECTION('',(1.,0.,0.));
#9914=DIRECTION('',(-0.707106781186552,0.,0.707106781186542));
#9915=DIRECTION('',(0.,1.,0.));
#9916=DIRECTION('',(0.707106781186544,0.,0.707106781186551));
#9917=DIRECTION('',(0.,1.,0.));
#9918=DIRECTION('',(0.,0.,-1.));
#9919=DIRECTION('',(-1.,0.,0.));
#9920=DIRECTION('',(0.,0.,-1.));
#9921=DIRECTION('',(0.,0.,-1.));
#9922=DIRECTION('',(-1.,0.,0.));
#9923=DIRECTION('',(0.,0.,-1.));
#9924=DIRECTION('',(0.,0.,-1.));
#9925=DIRECTION('',(-1.,0.,0.));
#9926=DIRECTION('',(-0.857167300702109,0.,-0.515038074910059));
#9927=DIRECTION('',(0.857167300702109,1.04972719113861E-16,-0.515038074910059));
#9928=DIRECTION('',(0.,0.,-1.));
#9929=DIRECTION('',(-1.,0.,-1.6660714579868E-17));
#9930=DIRECTION('',(0.,0.,-1.));
#9931=DIRECTION('',(-0.999999999999999,0.,0.));
#9932=DIRECTION('',(0.,0.,-1.));
#9933=DIRECTION('',(0.,0.,-1.));
#9934=DIRECTION('',(-0.999999999999999,0.,0.));
#9935=DIRECTION('',(0.,0.,-1.));
#9936=DIRECTION('',(0.,0.,-1.));
#9937=DIRECTION('',(-0.999999999999999,0.,0.));
#9938=DIRECTION('',(-0.857167300702109,0.,-0.515038074910059));
#9939=DIRECTION('',(0.857167300702109,1.04972719113861E-16,-0.515038074910059));
#9940=DIRECTION('',(0.,0.,-1.));
#9941=DIRECTION('',(-1.,0.,-1.6660714579868E-17));
#9942=DIRECTION('',(0.,0.,1.));
#9943=DIRECTION('',(1.,0.,0.));
#9944=DIRECTION('',(0.,0.,1.));
#9945=DIRECTION('',(0.,0.,1.));
#9946=DIRECTION('',(-1.,0.,0.));
#9947=DIRECTION('',(0.,0.,1.));
#9948=DIRECTION('',(0.,0.,1.));
#9949=DIRECTION('',(1.,0.,0.));
#9950=DIRECTION('',(0.857167300702107,0.,0.515038074910063));
#9951=DIRECTION('',(-0.857167300702107,1.04972719113861E-16,0.515038074910063));
#9952=DIRECTION('',(0.,0.,1.));
#9953=DIRECTION('',(1.,0.,0.));
#9954=DIRECTION('',(0.,0.,1.));
#9955=DIRECTION('',(0.999999999999999,0.,0.));
#9956=DIRECTION('',(0.,0.,1.));
#9957=DIRECTION('',(0.,0.,1.));
#9958=DIRECTION('',(-0.999999999999999,0.,0.));
#9959=DIRECTION('',(0.,0.,1.));
#9960=DIRECTION('',(0.,0.,1.));
#9961=DIRECTION('',(0.999999999999999,0.,0.));
#9962=DIRECTION('',(0.857167300702107,0.,0.515038074910063));
#9963=DIRECTION('',(-0.857167300702107,1.04972719113861E-16,0.515038074910063));
#9964=DIRECTION('',(0.,0.,1.));
#9965=DIRECTION('',(1.,0.,0.));
#9966=DIRECTION('',(0.,1.,0.));
#9967=DIRECTION('',(0.,0.,-1.));
#9968=DIRECTION('',(0.,1.,0.));
#9969=DIRECTION('',(0.,0.,-1.));
#9970=DIRECTION('',(-1.,0.,0.));
#9971=DIRECTION('',(0.,0.,1.));
#9972=DIRECTION('',(0.,-1.,0.));
#9973=DIRECTION('',(0.,0.,-1.));
#9974=DIRECTION('',(0.,-1.,0.));
#9975=DIRECTION('',(0.,0.,-1.));
#9976=DIRECTION('',(1.,0.,0.));
#9977=DIRECTION('',(0.,0.,-1.));
#9978=DIRECTION('',(1.,0.,0.));
#9979=DIRECTION('',(0.,0.,-1.));
#9980=DIRECTION('',(1.,0.,0.));
#9981=DIRECTION('',(0.,0.,1.));
#9982=DIRECTION('',(0.,1.,0.));
#9983=DIRECTION('',(0.,0.,1.));
#9984=DIRECTION('',(1.,0.,0.));
#9985=DIRECTION('',(0.,0.,-1.));
#9986=DIRECTION('',(1.,0.,0.));
#9987=DIRECTION('',(0.,0.,-1.));
#9988=DIRECTION('',(0.,1.,0.));
#9989=DIRECTION('',(0.,0.,1.));
#9990=DIRECTION('',(1.,0.,0.));
#9991=DIRECTION('',(0.,0.,-1.));
#9992=DIRECTION('',(1.,0.,0.));
#9993=DIRECTION('',(0.,0.,1.));
#9994=DIRECTION('',(0.,1.,0.));
#9995=DIRECTION('',(-1.,0.,0.));
#9996=DIRECTION('',(1.,0.,0.));
#9997=DIRECTION('',(0.,0.,-1.));
#9998=DIRECTION('',(1.,0.,0.));
#9999=DIRECTION('',(0.,0.,1.));
#10000=DIRECTION('',(0.,1.,0.));
#10001=DIRECTION('',(-1.,0.,0.));
#10002=DIRECTION('',(1.,0.,0.));
#10003=DIRECTION('',(0.,0.,1.));
#10004=DIRECTION('',(1.,0.,0.));
#10005=DIRECTION('',(0.,0.,-1.));
#10006=DIRECTION('',(0.,1.,0.));
#10007=DIRECTION('',(-1.,0.,0.));
#10008=DIRECTION('',(-1.,0.,0.));
#10009=DIRECTION('',(0.,0.,1.));
#10010=DIRECTION('',(-1.,0.,0.));
#10011=DIRECTION('',(0.,-1.,0.));
#10012=DIRECTION('',(0.,0.,-1.));
#10013=DIRECTION('',(0.,1.,0.));
#10014=DIRECTION('',(0.,0.,1.));
#10015=DIRECTION('',(0.,1.,0.));
#10016=DIRECTION('',(-1.,0.,0.));
#10017=DIRECTION('',(0.,0.,1.));
#10018=DIRECTION('',(-1.,0.,0.));
#10019=DIRECTION('',(0.,0.,-1.));
#10020=DIRECTION('',(-1.,0.,0.));
#10021=DIRECTION('',(0.,0.,-1.));
#10022=DIRECTION('',(0.,-1.,0.));
#10023=DIRECTION('',(0.,0.,-1.));
#10024=DIRECTION('',(0.,-1.,0.));
#10025=DIRECTION('',(0.,0.,1.));
#10026=DIRECTION('',(0.,-1.,0.));
#10027=DIRECTION('',(1.,0.,0.));
#10028=DIRECTION('',(0.,0.,-1.));
#10029=DIRECTION('',(1.,0.,0.));
#10030=DIRECTION('',(0.,0.,1.));
#10031=DIRECTION('',(1.,0.,0.));
#10032=DIRECTION('',(0.,1.,0.));
#10033=DIRECTION('',(0.,0.,1.));
#10034=DIRECTION('',(0.,0.,1.));
#10035=DIRECTION('',(-1.,0.,0.));
#10036=DIRECTION('',(0.,0.,1.));
#10037=DIRECTION('',(-0.999999999999999,0.,0.));
#10038=DIRECTION('',(0.,1.,0.));
#10039=DIRECTION('',(1.,0.,0.));
#10040=DIRECTION('',(-8.97676241395909E-17,1.,0.));
#10041=DIRECTION('',(-1.,0.,0.));
#10042=DIRECTION('',(0.0225462495189843,0.99974580100775,0.));
#10043=DIRECTION('',(0.999999999693587,2.47553272937397E-5,0.));
#10044=DIRECTION('',(0.0198955922384482,-0.999802063115236,0.));
#10045=DIRECTION('',(-1.,-5.05557066456128E-16,0.));
#10046=DIRECTION('',(0.,-1.,0.));
#10047=DIRECTION('',(1.,0.,0.));
#10048=DIRECTION('',(0.,-1.,0.));
#10049=DIRECTION('',(0.,1.,0.));
#10050=DIRECTION('',(-1.,-1.31418445149776E-16,0.));
#10051=DIRECTION('',(0.,1.,0.));
#10052=DIRECTION('',(1.,0.,0.));
#10053=DIRECTION('',(0.,-1.,0.));
#10054=DIRECTION('',(-1.,0.,0.));
#10055=DIRECTION('',(0.,-1.,0.));
#10056=DIRECTION('',(-8.50354645086671E-17,-1.,0.));
#10057=DIRECTION('',(-1.,0.,0.));
#10058=DIRECTION('',(0.,-1.,0.));
#10059=DIRECTION('',(-1.,0.,0.));
#10060=DIRECTION('',(0.,1.,0.));
#10061=DIRECTION('',(1.,0.,0.));
#10062=DIRECTION('',(0.,-1.,0.));
#10063=DIRECTION('',(1.,0.,0.));
#10064=DIRECTION('',(0.,-1.,0.));
#10065=DIRECTION('',(1.,0.,0.));
#10066=DIRECTION('',(0.,-1.,0.));
#10067=DIRECTION('',(-1.,2.31296463463578E-16,0.));
#10068=DIRECTION('',(5.25673780599033E-16,1.,0.));
#10069=DIRECTION('',(1.,0.,0.));
#10070=DIRECTION('',(0.,1.,0.));
#10071=DIRECTION('',(0.,-1.,0.));
#10072=DIRECTION('',(1.,0.,0.));
#10073=DIRECTION('',(5.25673780599033E-16,-1.,0.));
#10074=DIRECTION('',(-1.,-2.31296463463578E-16,0.));
#10075=DIRECTION('',(0.,1.,0.));
#10076=DIRECTION('',(1.,0.,0.));
#10077=DIRECTION('',(0.,1.,0.));
#10078=DIRECTION('',(1.,0.,0.));
#10079=DIRECTION('',(0.,1.,0.));
#10080=DIRECTION('',(1.,0.,0.));
#10081=DIRECTION('',(0.,-1.,0.));
#10082=DIRECTION('',(-1.,0.,0.));
#10083=DIRECTION('',(0.,1.,0.));
#10084=DIRECTION('',(-1.,0.,0.));
#10085=DIRECTION('',(8.50354645086671E-17,1.,0.));
#10086=DIRECTION('',(1.,0.,0.));
#10087=DIRECTION('',(0.,1.,0.));
#10088=DIRECTION('',(-1.,0.,0.));
#10089=DIRECTION('',(0.,1.,0.));
#10090=DIRECTION('',(1.,0.,0.));
#10091=DIRECTION('',(0.,-1.,0.));
#10092=DIRECTION('',(-1.,1.31418445149776E-16,0.));
#10093=DIRECTION('',(0.,-1.,0.));
#10094=DIRECTION('',(0.,0.,-1.));
#10095=DIRECTION('',(-1.,0.,0.));
#10096=DIRECTION('',(0.,0.,-1.));
#10097=DIRECTION('',(-1.,0.,0.));
#10098=DIRECTION('',(0.,0.,-1.));
#10099=DIRECTION('',(-0.999999999999999,0.,0.));
#10100=DIRECTION('',(0.,1.,0.));
#10101=DIRECTION('',(0.,-1.,0.));
#10102=DIRECTION('',(-1.,1.31418445149776E-16,0.));
#10103=DIRECTION('',(0.,-1.,0.));
#10104=DIRECTION('',(1.,0.,0.));
#10105=DIRECTION('',(0.,1.,0.));
#10106=DIRECTION('',(-1.,0.,0.));
#10107=DIRECTION('',(0.,1.,0.));
#10108=DIRECTION('',(1.,0.,0.));
#10109=DIRECTION('',(8.50354645086671E-17,1.,0.));
#10110=DIRECTION('',(1.,0.,0.));
#10111=DIRECTION('',(0.,1.,0.));
#10112=DIRECTION('',(-1.,0.,0.));
#10113=DIRECTION('',(0.,-1.,0.));
#10114=DIRECTION('',(1.,0.,0.));
#10115=DIRECTION('',(0.,1.,0.));
#10116=DIRECTION('',(1.,0.,0.));
#10117=DIRECTION('',(0.,-1.,0.));
#10118=DIRECTION('',(1.,0.,0.));
#10119=DIRECTION('',(0.,1.,0.));
#10120=DIRECTION('',(-1.,-2.31296463463578E-16,0.));
#10121=DIRECTION('',(5.25673780599033E-16,-1.,0.));
#10122=DIRECTION('',(1.,0.,0.));
#10123=DIRECTION('',(0.,-1.,0.));
#10124=DIRECTION('',(0.,-1.,0.));
#10125=DIRECTION('',(1.,0.,0.));
#10126=DIRECTION('',(5.25673780599033E-16,1.,0.));
#10127=DIRECTION('',(-1.,2.31296463463578E-16,0.));
#10128=DIRECTION('',(0.,-1.,0.));
#10129=DIRECTION('',(1.,0.,0.));
#10130=DIRECTION('',(0.,-1.,0.));
#10131=DIRECTION('',(-1.,0.,0.));
#10132=DIRECTION('',(0.,-1.,0.));
#10133=DIRECTION('',(1.,0.,0.));
#10134=DIRECTION('',(0.,1.,0.));
#10135=DIRECTION('',(-1.,0.,0.));
#10136=DIRECTION('',(0.,-1.,0.));
#10137=DIRECTION('',(-1.,0.,0.));
#10138=DIRECTION('',(8.50354645086671E-17,1.,0.));
#10139=DIRECTION('',(0.,-1.,0.));
#10140=DIRECTION('',(-1.,0.,0.));
#10141=DIRECTION('',(0.,-1.,0.));
#10142=DIRECTION('',(1.,0.,0.));
#10143=DIRECTION('',(0.,1.,0.));
#10144=DIRECTION('',(-1.,-1.31418445149776E-16,0.));
#10145=DIRECTION('',(0.,1.,0.));
#10146=DIRECTION('',(0.,-1.,0.));
#10147=DIRECTION('',(1.,0.,0.));
#10148=DIRECTION('',(0.,-1.,0.));
#10149=DIRECTION('',(-1.,-5.05557066456128E-16,0.));
#10150=DIRECTION('',(0.0198955922384483,-0.999802063115235,0.));
#10151=DIRECTION('',(0.999999999693587,2.47553272937397E-5,0.));
#10152=DIRECTION('',(0.0225462495189843,0.99974580100775,0.));
#10153=DIRECTION('',(-1.,0.,0.));
#10154=DIRECTION('',(-8.97676241395909E-17,1.,0.));
#10155=DIRECTION('',(1.,0.,0.));
#10156=DIRECTION('',(0.,0.,-1.));
#10157=DIRECTION('',(-1.,0.,0.));
#10158=DIRECTION('',(0.,0.,1.));
#10159=DIRECTION('',(1.,-8.50354645086671E-17,0.));
#10160=DIRECTION('',(8.67361737988404E-17,1.,0.));
#10161=DIRECTION('',(-1.,8.50354645086671E-17,0.));
#10162=DIRECTION('',(-8.50014503228635E-17,-1.,0.));
#10163=DIRECTION('',(0.,0.,1.));
#10164=DIRECTION('',(0.,1.,0.));
#10165=DIRECTION('',(-1.,0.,0.));
#10166=DIRECTION('',(0.,0.,1.));
#10167=DIRECTION('',(-1.,0.,0.));
#10168=DIRECTION('',(0.,0.,1.));
#10169=DIRECTION('',(0.,0.,1.));
#10170=DIRECTION('',(1.,0.,0.));
#10171=DIRECTION('',(0.,0.,-1.));
#10172=DIRECTION('',(0.,0.,1.));
#10173=DIRECTION('',(0.,1.,0.));
#10174=DIRECTION('',(0.,0.,1.));
#10175=DIRECTION('',(0.,0.,1.));
#10176=DIRECTION('',(1.,0.,0.));
#10177=DIRECTION('',(0.,0.,-1.));
#10178=DIRECTION('',(0.,0.,1.));
#10179=DIRECTION('',(0.,-1.,0.));
#10180=DIRECTION('',(0.,0.,-1.));
#10181=DIRECTION('',(0.,0.,1.));
#10182=DIRECTION('',(-1.,0.,0.));
#10183=DIRECTION('',(0.,0.,1.));
#10184=DIRECTION('',(1.31418445149776E-16,1.,0.));
#10185=DIRECTION('',(-1.,1.31405303305243E-16,0.));
#10186=DIRECTION('',(0.,0.,1.));
#10187=DIRECTION('',(0.,0.,1.));
#10188=DIRECTION('',(-1.,0.,0.));
#10189=DIRECTION('',(0.,0.,1.));
#10190=DIRECTION('',(0.,0.,-1.));
#10191=DIRECTION('',(0.,0.,1.));
#10192=DIRECTION('',(1.,8.97676241395909E-17,0.));
#10193=DIRECTION('',(-8.93382590128056E-17,1.,0.));
#10194=DIRECTION('',(0.,0.,1.));
#10195=DIRECTION('',(0.,1.,0.));
#10196=DIRECTION('',(0.,0.,1.));
#10197=DIRECTION('',(0.,0.,1.));
#10198=DIRECTION('',(0.99974580100775,-0.0225462495189843,0.));
#10199=DIRECTION('',(0.0225462495189843,0.99974580100775,0.));
#10200=DIRECTION('',(0.,0.,1.));
#10201=DIRECTION('',(2.47553272937397E-5,-0.999999999693587,0.));
#10202=DIRECTION('',(0.999999999693587,2.47553272937394E-5,0.));
#10203=DIRECTION('',(0.,0.,1.));
#10204=DIRECTION('',(-0.999802063115235,-0.0198955922384482,0.));
#10205=DIRECTION('',(0.0198955922384482,-0.999802063115235,0.));
#10206=DIRECTION('',(-5.05557066456128E-16,1.,0.));
#10207=DIRECTION('',(-1.,-5.05671893247239E-16,0.));
#10208=DIRECTION('',(0.,0.,1.));
#10209=DIRECTION('',(-1.,0.,0.));
#10210=DIRECTION('',(0.,0.,1.));
#10211=DIRECTION('',(0.,0.,1.));
#10212=DIRECTION('',(1.,0.,0.));
#10213=DIRECTION('',(0.,0.,-1.));
#10214=DIRECTION('',(0.,0.,1.));
#10215=DIRECTION('',(-1.31418445149776E-16,1.,0.));
#10216=DIRECTION('',(-1.,-1.31405303305243E-16,0.));
#10217=DIRECTION('',(0.,0.,1.));
#10218=DIRECTION('',(1.,0.,0.));
#10219=DIRECTION('',(0.,0.,-1.));
#10220=DIRECTION('',(0.,0.,1.));
#10221=DIRECTION('',(0.,-1.,0.));
#10222=DIRECTION('',(0.,0.,-1.));
#10223=DIRECTION('',(0.,0.,1.));
#10224=DIRECTION('',(-1.,0.,0.));
#10225=DIRECTION('',(0.,0.,1.));
#10226=DIRECTION('',(0.,1.,0.));
#10227=DIRECTION('',(0.,0.,1.));
#10228=DIRECTION('',(0.,0.,1.));
#10229=DIRECTION('',(0.,-1.,0.));
#10230=DIRECTION('',(0.,0.,-1.));
#10231=DIRECTION('',(0.,0.,1.));
#10232=DIRECTION('',(0.,1.,0.));
#10233=DIRECTION('',(0.,0.,1.));
#10234=DIRECTION('',(0.,0.,1.));
#10235=DIRECTION('',(-1.,0.,0.));
#10236=DIRECTION('',(0.,0.,1.));
#10237=DIRECTION('',(0.,0.,1.));
#10238=DIRECTION('',(0.,1.,0.));
#10239=DIRECTION('',(0.,0.,1.));
#10240=DIRECTION('',(0.,0.,1.));
#10241=DIRECTION('',(1.,0.,0.));
#10242=DIRECTION('',(0.,0.,-1.));
#10243=DIRECTION('',(0.,0.,1.));
#10244=DIRECTION('',(0.,-1.,0.));
#10245=DIRECTION('',(0.,0.,-1.));
#10246=DIRECTION('',(-1.,0.,0.));
#10247=DIRECTION('',(0.,0.,1.));
#10248=DIRECTION('',(0.,0.,1.));
#10249=DIRECTION('',(0.,1.,0.));
#10250=DIRECTION('',(0.,0.,1.));
#10251=DIRECTION('',(0.,0.,1.));
#10252=DIRECTION('',(0.,-1.,0.));
#10253=DIRECTION('',(0.,0.,-1.));
#10254=DIRECTION('',(0.,0.,1.));
#10255=DIRECTION('',(0.,0.,1.));
#10256=DIRECTION('',(0.,1.,0.));
#10257=DIRECTION('',(0.,0.,1.));
#10258=DIRECTION('',(1.,0.,0.));
#10259=DIRECTION('',(0.,0.,-1.));
#10260=DIRECTION('',(0.,0.,1.));
#10261=DIRECTION('',(1.,0.,0.));
#10262=DIRECTION('',(0.,0.,-1.));
#10263=DIRECTION('',(0.,0.,1.));
#10264=DIRECTION('',(0.,-1.,0.));
#10265=DIRECTION('',(0.,0.,-1.));
#10266=DIRECTION('',(-1.,0.,0.));
#10267=DIRECTION('',(0.,0.,1.));
#10268=DIRECTION('',(0.,0.,1.));
#10269=DIRECTION('',(1.,0.,0.));
#10270=DIRECTION('',(0.,0.,-1.));
#10271=DIRECTION('',(0.,0.,1.));
#10272=DIRECTION('',(-1.,0.,0.));
#10273=DIRECTION('',(0.,0.,1.));
#10274=DIRECTION('',(0.,0.,1.));
#10275=DIRECTION('',(0.,-1.,0.));
#10276=DIRECTION('',(0.,0.,-1.));
#10277=DIRECTION('',(0.,0.,1.));
#10278=DIRECTION('',(-1.,-5.25673780599033E-16,0.));
#10279=DIRECTION('',(5.25621213220973E-16,-1.,0.));
#10280=DIRECTION('',(0.,0.,1.));
#10281=DIRECTION('',(-2.31296463463578E-16,1.,0.));
#10282=DIRECTION('',(-1.,-2.30718222304915E-16,0.));
#10283=DIRECTION('',(0.,0.,1.));
#10284=DIRECTION('',(1.,0.,0.));
#10285=DIRECTION('',(0.,0.,-1.));
#10286=DIRECTION('',(0.,-1.,0.));
#10287=DIRECTION('',(0.,0.,-1.));
#10288=DIRECTION('',(0.,0.,1.));
#10289=DIRECTION('',(1.,0.,0.));
#10290=DIRECTION('',(0.,0.,-1.));
#10291=DIRECTION('',(0.,0.,1.));
#10292=DIRECTION('',(-1.,0.,0.));
#10293=DIRECTION('',(0.,0.,1.));
#10294=DIRECTION('',(0.,0.,1.));
#10295=DIRECTION('',(0.,-1.,0.));
#10296=DIRECTION('',(0.,0.,-1.));
#10297=DIRECTION('',(0.,0.,1.));
#10298=DIRECTION('',(-1.,0.,0.));
#10299=DIRECTION('',(0.,0.,1.));
#10300=DIRECTION('',(0.,0.,1.));
#10301=DIRECTION('',(2.31296463463578E-16,1.,0.));
#10302=DIRECTION('',(-1.,2.30718222304915E-16,0.));
#10303=DIRECTION('',(0.,0.,1.));
#10304=DIRECTION('',(1.,-5.25673780599033E-16,0.));
#10305=DIRECTION('',(5.25621213220973E-16,1.,0.));
#10306=DIRECTION('',(0.,-1.,0.));
#10307=DIRECTION('',(0.,0.,-1.));
#10308=DIRECTION('',(0.,0.,1.));
#10309=DIRECTION('',(0.,-1.,0.));
#10310=DIRECTION('',(0.,0.,-1.));
#10311=DIRECTION('',(1.,0.,0.));
#10312=DIRECTION('',(0.,0.,-1.));
#10313=DIRECTION('',(0.,0.,1.));
#10314=DIRECTION('',(-1.,0.,0.));
#10315=DIRECTION('',(0.,0.,1.));
#10316=DIRECTION('',(0.,-1.,0.));
#10317=DIRECTION('',(0.,0.,-1.));
#10318=DIRECTION('',(0.,0.,1.));
#10319=DIRECTION('',(0.999999999999999,0.,0.));
#10320=DIRECTION('',(0.,0.,1.));
#10321=DIRECTION('',(1.,0.,0.));
#10322=DIRECTION('',(0.,0.,1.));
#10323=DIRECTION('',(0.999999999999999,0.,0.));
#10324=DIRECTION('',(0.,0.,1.));
#10325=DIRECTION('',(1.,0.,0.));
#10326=DIRECTION('',(0.,0.,1.));
#10327=DIRECTION('',(1.,0.,0.));
#10328=DIRECTION('',(0.,0.,1.));
#10329=DIRECTION('',(1.,0.,0.));
#10330=DIRECTION('',(0.,0.,-1.));
#10331=DIRECTION('',(-0.999999999999999,0.,0.));
#10332=DIRECTION('',(0.,0.,-1.));
#10333=DIRECTION('',(-1.,0.,-1.6660714579868E-17));
#10334=DIRECTION('',(0.,0.,-1.));
#10335=DIRECTION('',(-0.999999999999999,0.,0.));
#10336=DIRECTION('',(0.,0.,-1.));
#10337=DIRECTION('',(-1.,0.,0.));
#10338=DIRECTION('',(0.,0.,-1.));
#10339=DIRECTION('',(-1.,0.,-1.6660714579868E-17));
#10340=DIRECTION('',(0.,0.,-1.));
#10341=DIRECTION('',(-1.,0.,0.));
#10342=DIRECTION('',(-1.,0.,0.));
#10343=DIRECTION('',(0.,0.999999999999999,0.));
#10344=DIRECTION('',(-1.,0.,0.));
#10345=DIRECTION('',(-1.,0.,0.));
#10346=DIRECTION('',(0.,0.999999999999999,0.));
#10347=DIRECTION('',(-1.,0.,0.));
#10348=DIRECTION('',(-1.,0.,0.));
#10349=DIRECTION('',(0.,0.999999999999999,0.));
#10350=DIRECTION('',(-0.515038074910059,0.857167300702109,0.));
#10351=DIRECTION('',(-0.515038074910059,-0.857167300702109,-1.04972719113861E-16));
#10352=DIRECTION('',(-1.,0.,0.));
#10353=DIRECTION('',(5.20647330620875E-19,1.,0.));
#10354=DIRECTION('',(-1.,0.,0.));
#10355=DIRECTION('',(0.,0.999999999999999,0.));
#10356=DIRECTION('',(-1.,0.,0.));
#10357=DIRECTION('',(-1.,0.,0.));
#10358=DIRECTION('',(0.,0.999999999999999,0.));
#10359=DIRECTION('',(-1.,0.,0.));
#10360=DIRECTION('',(-1.,0.,0.));
#10361=DIRECTION('',(0.,0.999999999999999,0.));
#10362=DIRECTION('',(-0.515038074910059,0.857167300702109,0.));
#10363=DIRECTION('',(-0.515038074910059,-0.857167300702109,-1.04972719113861E-16));
#10364=DIRECTION('',(-1.,0.,0.));
#10365=DIRECTION('',(5.20647330620875E-19,1.,0.));
#10366=DIRECTION('',(1.,0.,0.));
#10367=DIRECTION('',(0.,-0.999999999999999,0.));
#10368=DIRECTION('',(1.,0.,0.));
#10369=DIRECTION('',(1.,0.,0.));
#10370=DIRECTION('',(0.,-0.999999999999999,0.));
#10371=DIRECTION('',(1.,0.,0.));
#10372=DIRECTION('',(1.,0.,0.));
#10373=DIRECTION('',(0.,-0.999999999999999,0.));
#10374=DIRECTION('',(0.515038074910059,-0.857167300702109,0.));
#10375=DIRECTION('',(0.515038074910059,0.857167300702109,-1.04972719113861E-16));
#10376=DIRECTION('',(1.,0.,0.));
#10377=DIRECTION('',(4.89408490783623E-17,-1.,0.));
#10378=DIRECTION('',(1.,0.,0.));
#10379=DIRECTION('',(0.,-0.999999999999999,0.));
#10380=DIRECTION('',(1.,0.,0.));
#10381=DIRECTION('',(1.,0.,0.));
#10382=DIRECTION('',(0.,-0.999999999999999,0.));
#10383=DIRECTION('',(1.,0.,0.));
#10384=DIRECTION('',(1.,0.,0.));
#10385=DIRECTION('',(0.,-0.999999999999999,0.));
#10386=DIRECTION('',(0.515038074910059,-0.857167300702109,0.));
#10387=DIRECTION('',(0.515038074910059,0.857167300702109,-1.04972719113861E-16));
#10388=DIRECTION('',(1.,0.,0.));
#10389=DIRECTION('',(4.89408490783623E-17,-1.,0.));
#10390=DIRECTION('',(0.,1.,0.));
#10391=DIRECTION('',(0.999999999999999,0.,0.));
#10392=DIRECTION('',(0.,1.,0.));
#10393=DIRECTION('',(0.,1.,0.));
#10394=DIRECTION('',(0.999999999999999,0.,0.));
#10395=DIRECTION('',(0.,1.,0.));
#10396=DIRECTION('',(0.,1.,0.));
#10397=DIRECTION('',(0.999999999999999,0.,0.));
#10398=DIRECTION('',(0.85716730070211,0.515038074910058,0.));
#10399=DIRECTION('',(-0.85716730070211,0.515038074910058,-1.04972719113862E-16));
#10400=DIRECTION('',(0.,1.,0.));
#10401=DIRECTION('',(1.,-4.16517864496699E-17,0.));
#10402=DIRECTION('',(0.,1.,0.));
#10403=DIRECTION('',(1.,0.,0.));
#10404=DIRECTION('',(0.,1.,0.));
#10405=DIRECTION('',(0.,1.,0.));
#10406=DIRECTION('',(1.,0.,0.));
#10407=DIRECTION('',(0.,1.,0.));
#10408=DIRECTION('',(0.,1.,0.));
#10409=DIRECTION('',(1.,0.,0.));
#10410=DIRECTION('',(0.85716730070211,0.515038074910058,0.));
#10411=DIRECTION('',(-0.85716730070211,0.515038074910058,-1.04972719113862E-16));
#10412=DIRECTION('',(0.,1.,0.));
#10413=DIRECTION('',(1.,-4.16517864496699E-17,0.));
#10414=DIRECTION('',(0.,1.,0.));
#10415=DIRECTION('',(1.,0.,0.));
#10416=DIRECTION('',(0.,1.,0.));
#10417=DIRECTION('',(0.,1.,0.));
#10418=DIRECTION('',(1.,0.,0.));
#10419=DIRECTION('',(0.,1.,0.));
#10420=DIRECTION('',(0.,1.,0.));
#10421=DIRECTION('',(1.,0.,0.));
#10422=DIRECTION('',(0.85716730070211,0.515038074910058,0.));
#10423=DIRECTION('',(-0.85716730070211,0.515038074910058,-1.04972719113862E-16));
#10424=DIRECTION('',(0.,1.,0.));
#10425=DIRECTION('',(1.,-4.16517864496699E-17,0.));
#10426=DIRECTION('',(0.,1.,0.));
#10427=DIRECTION('',(0.999999999999999,0.,0.));
#10428=DIRECTION('',(0.,1.,0.));
#10429=DIRECTION('',(0.,1.,0.));
#10430=DIRECTION('',(0.999999999999999,0.,0.));
#10431=DIRECTION('',(0.,1.,0.));
#10432=DIRECTION('',(0.,1.,0.));
#10433=DIRECTION('',(0.999999999999999,0.,0.));
#10434=DIRECTION('',(0.85716730070211,0.515038074910058,0.));
#10435=DIRECTION('',(-0.85716730070211,0.515038074910058,-1.04972719113862E-16));
#10436=DIRECTION('',(0.,1.,0.));
#10437=DIRECTION('',(1.,-4.16517864496699E-17,0.));
#10438=DIRECTION('',(0.,1.,0.));
#10439=DIRECTION('',(1.,0.,0.));
#10440=DIRECTION('',(0.,1.,0.));
#10441=DIRECTION('',(0.,1.,0.));
#10442=DIRECTION('',(0.,1.,0.));
#10443=DIRECTION('',(1.,0.,0.));
#10444=DIRECTION('',(0.,1.,0.));
#10445=DIRECTION('',(0.,1.,0.));
#10446=DIRECTION('',(1.,0.,0.));
#10447=DIRECTION('',(0.,1.,0.));
#10448=DIRECTION('',(0.,1.,0.));
#10449=DIRECTION('',(1.,0.,0.));
#10450=DIRECTION('',(0.,1.,0.));
#10451=DIRECTION('',(1.,0.,0.));
#10452=DIRECTION('',(0.,1.,0.));
#10453=DIRECTION('',(0.,1.,0.));
#10454=DIRECTION('',(1.,0.,0.));
#10455=DIRECTION('',(0.,1.,0.));
#10456=DIRECTION('',(0.,1.,0.));
#10457=DIRECTION('',(1.,0.,0.));
#10458=DIRECTION('',(0.,1.,0.));
#10459=DIRECTION('',(1.,0.,0.));
#10460=DIRECTION('',(0.,1.,0.));
#10461=DIRECTION('',(0.,1.,0.));
#10462=DIRECTION('',(1.,0.,0.));
#10463=DIRECTION('',(0.,1.,0.));
#10464=DIRECTION('',(0.,1.,0.));
#10465=DIRECTION('',(1.,0.,0.));
#10466=DIRECTION('',(0.,1.,0.));
#10467=DIRECTION('',(1.,0.,0.));
#10468=DIRECTION('',(0.,1.,0.));
#10469=DIRECTION('',(0.,1.,0.));
#10470=DIRECTION('',(0.,1.,0.));
#10471=DIRECTION('',(1.,0.,0.));
#10472=DIRECTION('',(0.,1.,0.));
#10473=DIRECTION('',(0.,1.,0.));
#10474=DIRECTION('',(1.,0.,0.));
#10475=DIRECTION('',(0.,1.,0.));
#10476=DIRECTION('',(0.,1.,0.));
#10477=DIRECTION('',(1.,0.,0.));
#10478=DIRECTION('',(0.,1.,0.));
#10479=DIRECTION('',(1.,0.,0.));
#10480=DIRECTION('',(0.,1.,0.));
#10481=DIRECTION('',(0.,1.,0.));
#10482=DIRECTION('',(0.,1.,0.));
#10483=DIRECTION('',(1.,0.,0.));
#10484=DIRECTION('',(0.,1.,0.));
#10485=DIRECTION('',(0.,1.,0.));
#10486=DIRECTION('',(1.,0.,0.));
#10487=DIRECTION('',(0.,1.,0.));
#10488=DIRECTION('',(0.,1.,0.));
#10489=DIRECTION('',(1.,0.,0.));
#10490=DIRECTION('',(0.,1.,0.));
#10491=DIRECTION('',(1.,0.,0.));
#10492=DIRECTION('',(0.,1.,0.));
#10493=DIRECTION('',(0.,1.,0.));
#10494=DIRECTION('',(1.,0.,0.));
#10495=DIRECTION('',(0.,1.,0.));
#10496=DIRECTION('',(0.,1.,0.));
#10497=DIRECTION('',(1.,0.,0.));
#10498=DIRECTION('',(0.,1.,0.));
#10499=DIRECTION('',(1.,0.,0.));
#10500=DIRECTION('',(0.,1.,0.));
#10501=DIRECTION('',(0.,1.,0.));
#10502=DIRECTION('',(1.,0.,0.));
#10503=DIRECTION('',(0.,1.,0.));
#10504=DIRECTION('',(0.,1.,0.));
#10505=DIRECTION('',(1.,0.,0.));
#10506=DIRECTION('',(0.,1.,0.));
#10507=DIRECTION('',(1.,0.,0.));
#10508=DIRECTION('',(0.,1.,0.));
#10509=DIRECTION('',(0.,1.,0.));
#10510=DIRECTION('',(0.,1.,0.));
#10511=DIRECTION('',(1.,0.,0.));
#10512=DIRECTION('',(0.,1.,0.));
#10513=DIRECTION('',(0.,1.,0.));
#10514=DIRECTION('',(1.,0.,0.));
#10515=DIRECTION('',(0.,1.,0.));
#10516=DIRECTION('',(0.,1.,0.));
#10517=DIRECTION('',(1.,0.,0.));
#10518=DIRECTION('',(0.,0.,1.));
#10519=DIRECTION('',(0.,-1.,0.));
#10520=DIRECTION('',(0.,0.,1.));
#10521=DIRECTION('',(0.,0.,1.));
#10522=DIRECTION('',(0.,-1.,0.));
#10523=DIRECTION('',(0.,0.,1.));
#10524=DIRECTION('',(0.,-1.,0.));
#10525=DIRECTION('',(0.,0.,1.));
#10526=DIRECTION('',(0.,0.,1.));
#10527=DIRECTION('',(0.,-1.,0.));
#10528=DIRECTION('',(0.,0.,1.));
#10529=DIRECTION('',(0.,-0.999999999999999,0.));
#10530=DIRECTION('',(0.,0.,1.));
#10531=DIRECTION('',(0.,0.,1.));
#10532=DIRECTION('',(0.,-0.999999999999999,0.));
#10533=DIRECTION('',(0.,0.,1.));
#10534=DIRECTION('',(0.,0.,1.));
#10535=DIRECTION('',(0.,-0.999999999999999,0.));
#10536=DIRECTION('',(0.,-0.857167300702109,0.515038074910059));
#10537=DIRECTION('',(1.04972719113861E-16,0.857167300702109,0.515038074910059));
#10538=DIRECTION('',(0.,0.,1.));
#10539=DIRECTION('',(0.,-1.,0.));
#10540=DIRECTION('',(0.,0.,1.));
#10541=DIRECTION('',(0.,-0.999999999999999,0.));
#10542=DIRECTION('',(0.,0.,1.));
#10543=DIRECTION('',(0.,0.,1.));
#10544=DIRECTION('',(0.,-0.999999999999999,0.));
#10545=DIRECTION('',(0.,0.,1.));
#10546=DIRECTION('',(0.,0.,1.));
#10547=DIRECTION('',(0.,-0.999999999999999,0.));
#10548=DIRECTION('',(0.,-0.857167300702109,0.515038074910059));
#10549=DIRECTION('',(1.04972719113861E-16,0.857167300702109,0.515038074910059));
#10550=DIRECTION('',(0.,0.,1.));
#10551=DIRECTION('',(0.,-1.,0.));
#10552=DIRECTION('',(0.,0.,1.));
#10553=DIRECTION('',(0.,-1.,0.));
#10554=DIRECTION('',(0.,0.,1.));
#10555=DIRECTION('',(0.,0.,1.));
#10556=DIRECTION('',(0.,-1.,0.));
#10557=DIRECTION('',(0.,0.,1.));
#10558=DIRECTION('',(0.,0.,1.));
#10559=DIRECTION('',(0.,-1.,0.));
#10560=DIRECTION('',(0.,0.,1.));
#10561=DIRECTION('',(0.,-1.,0.));
#10562=DIRECTION('',(0.,0.,1.));
#10563=DIRECTION('',(0.,0.,1.));
#10564=DIRECTION('',(0.,-1.,0.));
#10565=DIRECTION('',(0.,0.,1.));
#10566=DIRECTION('',(0.,-1.,0.));
#10567=DIRECTION('',(0.,0.,1.));
#10568=DIRECTION('',(0.,-1.,0.));
#10569=DIRECTION('',(0.,0.,1.));
#10570=DIRECTION('',(0.,0.,1.));
#10571=DIRECTION('',(0.,-1.,0.));
#10572=DIRECTION('',(0.,0.,1.));
#10573=DIRECTION('',(0.,0.,1.));
#10574=DIRECTION('',(0.,-1.,0.));
#10575=DIRECTION('',(0.,0.,1.));
#10576=DIRECTION('',(0.,-1.,0.));
#10577=DIRECTION('',(0.,0.,1.));
#10578=DIRECTION('',(0.,-1.,0.));
#10579=DIRECTION('',(0.,0.,1.));
#10580=DIRECTION('',(0.,0.,1.));
#10581=DIRECTION('',(0.,-1.,0.));
#10582=DIRECTION('',(0.,0.,1.));
#10583=DIRECTION('',(0.,-1.,0.));
#10584=DIRECTION('',(0.,0.,1.));
#10585=DIRECTION('',(0.,0.,1.));
#10586=DIRECTION('',(0.,-1.,0.));
#10587=DIRECTION('',(0.,0.,-1.));
#10588=DIRECTION('',(0.,0.,-1.));
#10589=DIRECTION('',(0.,-1.,0.));
#10590=DIRECTION('',(0.,0.,1.));
#10591=DIRECTION('',(0.,-1.,0.));
#10592=DIRECTION('',(0.,0.,1.));
#10593=DIRECTION('',(0.,0.,1.));
#10594=DIRECTION('',(0.,-1.,0.));
#10595=DIRECTION('',(0.,0.,1.));
#10596=DIRECTION('',(0.,-1.,0.));
#10597=DIRECTION('',(0.,0.,1.));
#10598=DIRECTION('',(0.,-1.,0.));
#10599=DIRECTION('',(0.,1.,0.));
#10600=DIRECTION('',(0.,0.,1.));
#10601=DIRECTION('',(0.,-1.,0.));
#10602=DIRECTION('',(0.,0.,1.));
#10603=DIRECTION('',(0.,-1.,0.));
#10604=DIRECTION('',(0.,-1.,0.));
#10605=DIRECTION('',(0.,0.,1.));
#10606=DIRECTION('',(0.,-1.,0.));
#10607=DIRECTION('',(0.,1.,0.));
#10608=DIRECTION('',(0.,0.,1.));
#10609=DIRECTION('',(0.,-1.,0.));
#10610=DIRECTION('',(0.,0.,1.));
#10611=DIRECTION('',(0.,-1.,0.));
#10612=DIRECTION('',(-1.,0.,0.));
#10613=DIRECTION('',(0.,0.,1.));
#10614=DIRECTION('',(-1.,0.,0.));
#10615=DIRECTION('',(0.,0.,1.));
#10616=DIRECTION('',(0.,1.,0.));
#10617=DIRECTION('',(1.,0.,0.));
#10618=DIRECTION('',(0.,1.,0.));
#10619=DIRECTION('',(1.,0.,0.));
#10620=DIRECTION('',(0.,1.,0.));
#10621=DIRECTION('',(1.,0.,0.));
#10622=DIRECTION('',(0.,1.,0.));
#10623=DIRECTION('',(1.,0.,0.));
#10624=DIRECTION('',(0.,-1.,0.));
#10625=DIRECTION('',(-1.,0.,0.));
#10626=DIRECTION('',(0.,-1.,0.));
#10627=DIRECTION('',(0.,0.,1.));
#10628=DIRECTION('',(0.,-1.,0.));
#10629=DIRECTION('',(0.,1.,0.));
#10630=DIRECTION('',(0.,0.,1.));
#10631=DIRECTION('',(0.,-1.,0.));
#10632=DIRECTION('',(0.,0.,1.));
#10633=DIRECTION('',(0.,-1.,0.));
#10634=DIRECTION('',(0.,1.,0.));
#10635=DIRECTION('',(0.,0.,1.));
#10636=DIRECTION('',(0.,1.,0.));
#10637=DIRECTION('',(1.,0.,0.));
#10638=DIRECTION('',(0.,-0.999999999999999,0.));
#10639=DIRECTION('',(1.,0.,0.));
#10640=DIRECTION('',(0.,-0.999999999999999,0.));
#10641=DIRECTION('',(-1.,0.,0.));
#10642=DIRECTION('',(0.,1.,0.));
#10643=DIRECTION('',(0.,1.,0.));
#10644=DIRECTION('',(-1.,0.,0.));
#10645=DIRECTION('',(0.,0.,1.));
#10646=DIRECTION('',(0.,-1.,0.));
#10647=DIRECTION('',(0.,0.,1.));
#10648=DIRECTION('',(0.,-1.,0.));
#10649=DIRECTION('',(0.,1.,0.));
#10650=DIRECTION('',(0.,0.,1.));
#10651=DIRECTION('',(-1.,0.,0.));
#10652=DIRECTION('',(0.,0.999999999999999,0.));
#10653=DIRECTION('',(-1.,0.,0.));
#10654=DIRECTION('',(0.,0.999999999999999,0.));
#10655=DIRECTION('',(1.,0.,0.));
#10656=DIRECTION('',(0.,-1.,0.));
#10657=DIRECTION('',(1.,0.,0.));
#10658=DIRECTION('',(0.,0.,1.));
#10659=DIRECTION('',(0.,-1.,0.));
#10660=DIRECTION('',(0.,0.,1.));
#10661=DIRECTION('',(0.,-1.,0.));
#10662=DIRECTION('',(0.,0.,1.));
#10663=DIRECTION('',(0.,-1.,0.));
#10664=DIRECTION('',(0.,0.,1.));
#10665=DIRECTION('',(0.,-1.,0.));
#10666=DIRECTION('',(0.,0.,-1.));
#10667=DIRECTION('',(0.,1.,0.));
#10668=DIRECTION('',(0.,1.,0.));
#10669=DIRECTION('',(0.999999999999999,0.,0.));
#10670=DIRECTION('',(0.,1.,0.));
#10671=DIRECTION('',(1.,0.,0.));
#10672=DIRECTION('',(0.,1.,0.));
#10673=DIRECTION('',(1.,0.,0.));
#10674=DIRECTION('',(0.,1.,0.));
#10675=DIRECTION('',(0.999999999999999,0.,0.));
#10676=DIRECTION('',(0.,1.,0.));
#10677=DIRECTION('',(1.,0.,0.));
#10678=DIRECTION('',(0.,1.,0.));
#10679=DIRECTION('',(1.,0.,0.));
#10680=DIRECTION('',(0.,1.,0.));
#10681=DIRECTION('',(1.,0.,0.));
#10682=DIRECTION('',(0.,1.,0.));
#10683=DIRECTION('',(1.,0.,0.));
#10684=DIRECTION('',(0.,-1.,0.));
#10685=DIRECTION('',(-1.,0.,0.));
#10686=DIRECTION('',(0.,0.,-1.));
#10687=DIRECTION('',(0.,0.,-1.));
#10688=DIRECTION('',(7.09951644797916E-15,-1.,0.));
#10689=DIRECTION('',(0.,0.,1.));
#10690=DIRECTION('',(0.,-1.,0.));
#10691=DIRECTION('',(0.,-1.,0.));
#10692=DIRECTION('',(0.,0.,1.));
#10693=DIRECTION('',(0.,-1.,0.));
#10694=DIRECTION('',(0.,0.,1.));
#10695=DIRECTION('',(0.,-1.,0.));
#10696=DIRECTION('',(0.,0.,1.));
#10697=DIRECTION('',(0.,-1.,0.));
#10698=DIRECTION('',(0.,0.,1.));
#10699=DIRECTION('',(0.,-0.999999999999999,0.));
#10700=DIRECTION('',(0.,0.,1.));
#10701=DIRECTION('',(0.,-1.,0.));
#10702=DIRECTION('',(0.,0.,1.));
#10703=DIRECTION('',(0.,-1.,0.));
#10704=DIRECTION('',(0.,0.,1.));
#10705=DIRECTION('',(0.,-1.,0.));
#10706=DIRECTION('',(0.,0.,1.));
#10707=DIRECTION('',(0.,-0.999999999999999,0.));
#10708=DIRECTION('',(0.,0.,1.));
#10709=DIRECTION('',(0.,-1.,0.));
#10710=DIRECTION('',(0.,0.,1.));
#10711=DIRECTION('',(0.,-0.999999999999999,0.));
#10712=DIRECTION('',(0.,0.,1.));
#10713=DIRECTION('',(0.,-1.,0.));
#10714=DIRECTION('',(0.,0.,1.));
#10715=DIRECTION('',(0.,-0.999999999999999,0.));
#10716=DIRECTION('',(0.,0.,1.));
#10717=DIRECTION('',(0.,-0.999999999999999,0.));
#10718=DIRECTION('',(0.,0.,1.));
#10719=DIRECTION('',(0.,-1.,0.));
#10720=DIRECTION('',(0.,0.,1.));
#10721=DIRECTION('',(0.,-0.999999999999999,0.));
#10722=DIRECTION('',(0.,0.,1.));
#10723=DIRECTION('',(0.,-1.,0.));
#10724=DIRECTION('',(0.,1.,0.));
#10725=DIRECTION('',(1.,0.,0.));
#10726=DIRECTION('',(0.,1.,0.));
#10727=DIRECTION('',(1.,0.,0.));
#10728=DIRECTION('',(0.,1.,0.));
#10729=DIRECTION('',(1.,0.,0.));
#10730=DIRECTION('',(0.,1.,0.));
#10731=DIRECTION('',(1.,0.,0.));
#10732=DIRECTION('',(0.,1.,0.));
#10733=DIRECTION('',(1.,0.,0.));
#10734=DIRECTION('',(0.,-1.,0.));
#10735=DIRECTION('',(-1.,0.,0.));
#10736=DIRECTION('',(0.,1.,0.));
#10737=DIRECTION('',(1.,0.,0.));
#10738=DIRECTION('',(0.,1.,0.));
#10739=DIRECTION('',(1.,0.,0.));
#10740=DIRECTION('',(0.,1.,0.));
#10741=DIRECTION('',(1.,0.,0.));
#10742=DIRECTION('',(0.,-1.,0.));
#10743=DIRECTION('',(-1.,0.,0.));
#10744=DIRECTION('',(0.,1.,0.));
#10745=DIRECTION('',(1.,0.,0.));
#10746=DIRECTION('',(0.,1.,0.));
#10747=DIRECTION('',(1.,0.,0.));
#10748=DIRECTION('',(0.,1.,0.));
#10749=DIRECTION('',(1.,0.,0.));
#10750=DIRECTION('',(0.,1.,0.));
#10751=DIRECTION('',(1.,0.,0.));
#10752=DIRECTION('',(0.,1.,0.));
#10753=DIRECTION('',(1.,0.,0.));
#10754=DIRECTION('',(0.,1.,0.));
#10755=DIRECTION('',(1.,0.,0.));
#10756=DIRECTION('',(0.,-1.,0.));
#10757=DIRECTION('',(-1.,0.,0.));
#10758=DIRECTION('',(0.,1.,0.));
#10759=DIRECTION('',(1.,0.,0.));
#10760=DIRECTION('',(0.,1.,0.));
#10761=DIRECTION('',(1.,0.,0.));
#10762=DIRECTION('',(0.,1.,0.));
#10763=DIRECTION('',(1.,0.,0.));
#10764=DIRECTION('',(0.,-1.,0.));
#10765=DIRECTION('',(-1.,0.,0.));
#10766=DIRECTION('',(0.,1.,0.));
#10767=DIRECTION('',(1.,0.,0.));
#10768=DIRECTION('',(0.,1.,0.));
#10769=DIRECTION('',(0.999999999999999,0.,0.));
#10770=DIRECTION('',(0.,1.,0.));
#10771=DIRECTION('',(1.,-4.16517864496699E-17,0.));
#10772=DIRECTION('',(0.,1.,0.));
#10773=DIRECTION('',(0.999999999999999,0.,0.));
#10774=DIRECTION('',(0.,1.,0.));
#10775=DIRECTION('',(1.,0.,0.));
#10776=DIRECTION('',(0.,1.,0.));
#10777=DIRECTION('',(1.,-4.16517864496699E-17,0.));
#10778=DIRECTION('',(0.,1.,0.));
#10779=DIRECTION('',(1.,0.,0.));
#10780=DIRECTION('',(0.,1.,0.));
#10781=DIRECTION('',(1.,0.,0.));
#10782=DIRECTION('',(0.,1.,0.));
#10783=DIRECTION('',(1.,-4.16517864496699E-17,0.));
#10784=DIRECTION('',(0.,1.,0.));
#10785=DIRECTION('',(1.,0.,0.));
#10786=DIRECTION('',(0.,1.,0.));
#10787=DIRECTION('',(0.999999999999999,0.,0.));
#10788=DIRECTION('',(0.,1.,0.));
#10789=DIRECTION('',(1.,-4.16517864496699E-17,0.));
#10790=DIRECTION('',(0.,1.,0.));
#10791=DIRECTION('',(0.999999999999999,0.,0.));
#10792=DIRECTION('',(1.,0.,0.));
#10793=DIRECTION('',(0.,-0.999999999999999,0.));
#10794=DIRECTION('',(1.,0.,0.));
#10795=DIRECTION('',(4.89408490783623E-17,-1.,0.));
#10796=DIRECTION('',(1.,0.,0.));
#10797=DIRECTION('',(0.,-0.999999999999999,0.));
#10798=DIRECTION('',(1.,0.,0.));
#10799=DIRECTION('',(0.,-0.999999999999999,0.));
#10800=DIRECTION('',(1.,0.,0.));
#10801=DIRECTION('',(4.89408490783623E-17,-1.,0.));
#10802=DIRECTION('',(1.,0.,0.));
#10803=DIRECTION('',(0.,-0.999999999999999,0.));
#10804=DIRECTION('',(-1.,0.,0.));
#10805=DIRECTION('',(0.,0.999999999999999,0.));
#10806=DIRECTION('',(-1.,0.,0.));
#10807=DIRECTION('',(5.20647330620875E-19,1.,0.));
#10808=DIRECTION('',(-1.,0.,0.));
#10809=DIRECTION('',(0.,0.999999999999999,0.));
#10810=DIRECTION('',(-1.,0.,0.));
#10811=DIRECTION('',(0.,0.999999999999999,0.));
#10812=DIRECTION('',(-1.,0.,0.));
#10813=DIRECTION('',(5.20647330620875E-19,1.,0.));
#10814=DIRECTION('',(-1.,0.,0.));
#10815=DIRECTION('',(0.,0.999999999999999,0.));
#10816=DIRECTION('',(0.,0.,-1.));
#10817=DIRECTION('',(-0.999999999999999,0.,0.));
#10818=DIRECTION('',(0.,0.,-1.));
#10819=DIRECTION('',(-0.999999999999999,0.,0.));
#10820=DIRECTION('',(0.,0.,-1.));
#10821=DIRECTION('',(-0.999999999999999,0.,0.));
#10822=DIRECTION('',(0.,0.,-1.));
#10823=DIRECTION('',(-0.999999999999999,0.,0.));
#10824=DIRECTION('',(0.,0.,-1.));
#10825=DIRECTION('',(-1.,0.,0.));
#10826=DIRECTION('',(0.,0.,-1.));
#10827=DIRECTION('',(-1.,0.,0.));
#10828=DIRECTION('',(0.,0.,-1.));
#10829=DIRECTION('',(-1.,0.,0.));
#10830=DIRECTION('',(0.,0.,-1.));
#10831=DIRECTION('',(-1.,0.,0.));
#10832=DIRECTION('',(0.,0.,-1.));
#10833=DIRECTION('',(-1.,0.,0.));
#10834=DIRECTION('',(0.,0.,-1.));
#10835=DIRECTION('',(-1.,0.,0.));
#10836=DIRECTION('',(0.,0.,-1.));
#10837=DIRECTION('',(-1.,0.,0.));
#10838=DIRECTION('',(0.,0.,1.));
#10839=DIRECTION('',(-1.,0.,0.));
#10840=DIRECTION('',(-1.,0.,0.));
#10841=DIRECTION('',(0.,0.,1.));
#10842=DIRECTION('',(-1.,0.,0.));
#10843=DIRECTION('',(0.,1.,0.));
#10844=DIRECTION('',(0.,0.,1.));
#10845=DIRECTION('',(-1.,0.,0.));
#10846=DIRECTION('',(1.,0.,0.));
#10847=DIRECTION('',(0.,0.,1.));
#10848=DIRECTION('',(-1.,0.,0.));
#10849=DIRECTION('',(0.,-1.,0.));
#10850=DIRECTION('',(0.,0.,-1.));
#10851=DIRECTION('',(-1.,0.,0.));
#10852=DIRECTION('',(0.,0.,-1.));
#10853=DIRECTION('',(-0.999999999999999,0.,0.));
#10854=DIRECTION('',(0.,0.,-1.));
#10855=DIRECTION('',(-0.999999999999999,0.,0.));
#10856=DIRECTION('',(0.,0.,-1.));
#10857=DIRECTION('',(-0.999999999999999,0.,0.));
#10858=DIRECTION('',(0.,0.,-1.));
#10859=DIRECTION('',(-0.999999999999999,0.,0.));
#10860=DIRECTION('',(0.,0.,-1.));
#10861=DIRECTION('',(-1.,0.,0.));
#10862=DIRECTION('',(-1.65211759616839E-16,1.,0.));
#10863=DIRECTION('',(0.,0.,1.));
#10864=DIRECTION('',(-1.,0.,0.));
#10865=DIRECTION('',(-1.,0.,0.));
#10866=DIRECTION('',(0.,0.,-1.));
#10867=DIRECTION('',(-1.,0.,0.));
#10868=DIRECTION('',(-8.26058798084194E-17,1.,0.));
#10869=DIRECTION('',(0.,0.,-1.));
#10870=DIRECTION('',(-1.,0.,0.));
#10871=DIRECTION('',(1.,0.,0.));
#10872=DIRECTION('',(0.,0.,1.));
#10873=DIRECTION('',(-1.,0.,0.));
#10874=DIRECTION('',(-1.,0.,0.));
#10875=DIRECTION('',(0.,0.,1.));
#10876=DIRECTION('',(-1.,0.,0.));
#10877=DIRECTION('',(0.,-1.,0.));
#10878=DIRECTION('',(0.,0.,1.));
#10879=DIRECTION('',(-1.,0.,0.));
#10880=DIRECTION('',(1.,0.,0.));
#10881=DIRECTION('',(0.,0.,1.));
#10882=DIRECTION('',(-1.,0.,0.));
#10883=DIRECTION('',(0.,1.,0.));
#10884=DIRECTION('',(0.,0.,1.));
#10885=DIRECTION('',(-1.,0.,0.));
#10886=DIRECTION('',(0.,0.,-1.));
#10887=DIRECTION('',(-1.,0.,0.));
#10888=DIRECTION('',(0.,0.,-1.));
#10889=DIRECTION('',(-1.,0.,0.));
#10890=DIRECTION('',(0.,0.,1.));
#10891=DIRECTION('',(0.,0.,-1.));
#10892=DIRECTION('',(0.,0.,-1.));
#10893=DIRECTION('',(-1.,0.,0.));
#10894=DIRECTION('',(0.,0.,-1.));
#10895=DIRECTION('',(0.,1.,0.));
#10896=DIRECTION('',(0.,0.,1.));
#10897=DIRECTION('',(0.,0.,1.));
#10898=DIRECTION('',(0.,0.,-1.));
#10899=DIRECTION('',(-1.,0.,0.));
#10900=DIRECTION('',(0.,0.,-1.));
#10901=DIRECTION('',(1.,0.,0.));
#10902=DIRECTION('',(0.,0.,-1.));
#10903=DIRECTION('',(0.,0.,1.));
#10904=DIRECTION('',(0.,0.,-1.));
#10905=DIRECTION('',(-1.,0.,0.));
#10906=DIRECTION('',(0.,0.,-1.));
#10907=DIRECTION('',(0.,-1.,0.));
#10908=DIRECTION('',(0.,0.,-1.));
#10909=DIRECTION('',(0.,0.,1.));
#10910=DIRECTION('',(0.,0.,-1.));
#10911=DIRECTION('',(-1.,0.,0.));
#10912=DIRECTION('',(-1.,0.,0.));
#10913=DIRECTION('',(0.,0.,1.));
#10914=DIRECTION('',(0.,0.,1.));
#10915=DIRECTION('',(1.,0.,0.));
#10916=DIRECTION('',(0.,0.,1.));
#10917=DIRECTION('',(1.,0.,0.));
#10918=DIRECTION('',(0.,0.,1.));
#10919=DIRECTION('',(1.,0.,0.));
#10920=DIRECTION('',(0.,0.,1.));
#10921=DIRECTION('',(1.,0.,0.));
#10922=DIRECTION('',(0.,0.,1.));
#10923=DIRECTION('',(1.,0.,0.));
#10924=DIRECTION('',(0.,0.,1.));
#10925=DIRECTION('',(0.,0.,1.));
#10926=DIRECTION('',(1.,0.,0.));
#10927=DIRECTION('',(0.,0.,1.));
#10928=DIRECTION('',(0.,0.,1.));
#10929=DIRECTION('',(1.,0.,0.));
#10930=DIRECTION('',(0.,0.,-1.));
#10931=DIRECTION('',(-1.,0.,0.));
#10932=DIRECTION('',(0.,0.,-1.));
#10933=DIRECTION('',(-1.,0.,0.));
#10934=DIRECTION('',(0.,0.,-1.));
#10935=DIRECTION('',(-1.,0.,0.));
#10936=DIRECTION('',(0.,0.,-1.));
#10937=DIRECTION('',(-1.,0.,0.));
#10938=DIRECTION('',(0.,0.,-1.));
#10939=DIRECTION('',(-0.999999999999999,0.,0.));
#10940=DIRECTION('',(0.,0.,1.));
#10941=DIRECTION('',(0.999999999999999,0.,0.));
#10942=DIRECTION('',(0.,0.,-1.));
#10943=DIRECTION('',(-0.999999999999999,0.,0.));
#10944=DIRECTION('',(0.,0.,-1.));
#10945=DIRECTION('',(-1.,0.,0.));
#10946=DIRECTION('',(0.,0.,-1.));
#10947=DIRECTION('',(-1.,0.,0.));
#10948=DIRECTION('',(0.,0.,-1.));
#10949=DIRECTION('',(-1.,0.,0.));
#10950=DIRECTION('',(0.,0.,-1.));
#10951=DIRECTION('',(-1.,0.,0.));
#10952=DIRECTION('',(0.,0.,1.));
#10953=DIRECTION('',(1.,0.,0.));
#10954=DIRECTION('',(0.,0.,1.));
#10955=DIRECTION('',(1.,0.,0.));
#10956=DIRECTION('',(0.,0.,1.));
#10957=DIRECTION('',(0.,0.,-1.));
#10958=DIRECTION('',(-1.65211759616839E-16,1.,0.));
#10959=DIRECTION('',(1.,1.65211759616839E-16,0.));
#10960=DIRECTION('',(-1.66533453693773E-16,1.,0.));
#10961=DIRECTION('',(0.,0.,1.));
#10962=DIRECTION('',(0.,0.,-1.));
#10963=DIRECTION('',(1.,0.,0.));
#10964=DIRECTION('',(0.,-1.,0.));
#10965=DIRECTION('',(0.,0.,-1.));
#10966=DIRECTION('',(0.,0.,1.));
#10967=DIRECTION('',(0.,0.,-1.));
#10968=DIRECTION('',(8.26058798084194E-17,-1.,0.));
#10969=DIRECTION('',(-1.,-8.26058798084194E-17,0.));
#10970=DIRECTION('',(8.32667268468867E-17,-1.,0.));
#10971=DIRECTION('',(0.,0.,1.));
#10972=DIRECTION('',(0.,0.,-1.));
#10973=DIRECTION('',(-1.,0.,0.));
#10974=DIRECTION('',(0.,1.,0.));
#10975=DIRECTION('',(0.,0.,1.));
#10976=DIRECTION('',(0.,0.,1.));
#10977=DIRECTION('',(1.,0.,0.));
#10978=DIRECTION('',(0.,0.,1.));
#10979=DIRECTION('',(1.,0.,0.));
#10980=DIRECTION('',(0.,0.,1.));
#10981=DIRECTION('',(0.999999999999999,0.,0.));
#10982=DIRECTION('',(0.,0.,1.));
#10983=DIRECTION('',(1.,0.,0.));
#10984=DIRECTION('',(0.,0.,1.));
#10985=DIRECTION('',(1.,0.,0.));
#10986=DIRECTION('',(0.,0.,1.));
#10987=DIRECTION('',(1.,0.,0.));
#10988=DIRECTION('',(0.,0.,1.));
#10989=DIRECTION('',(1.,0.,0.));
#10990=DIRECTION('',(0.,0.,1.));
#10991=DIRECTION('',(1.,0.,0.));
#10992=DIRECTION('',(0.,0.,1.));
#10993=DIRECTION('',(1.,0.,0.));
#10994=DIRECTION('',(0.,0.,-1.));
#10995=DIRECTION('',(-1.,0.,0.));
#10996=DIRECTION('',(0.,0.,-1.));
#10997=DIRECTION('',(-1.,0.,0.));
#10998=DIRECTION('',(0.,0.,1.));
#10999=DIRECTION('',(1.,0.,0.));
#11000=DIRECTION('',(0.,0.,-1.));
#11001=DIRECTION('',(-0.999999999999999,0.,0.));
#11002=DIRECTION('',(0.,0.,-1.));
#11003=DIRECTION('',(-0.999999999999999,0.,0.));
#11004=DIRECTION('',(0.,0.,1.));
#11005=DIRECTION('',(1.,0.,0.));
#11006=DIRECTION('',(0.,0.,1.));
#11007=DIRECTION('',(1.,0.,0.));
#11008=DIRECTION('',(0.,0.,-1.));
#11009=DIRECTION('',(-1.,0.,0.));
#11010=DIRECTION('',(0.,0.,-1.));
#11011=DIRECTION('',(-1.,0.,0.));
#11012=DIRECTION('',(0.,0.,1.));
#11013=DIRECTION('',(1.,0.,0.));
#11014=DIRECTION('',(0.,0.,1.));
#11015=DIRECTION('',(1.,0.,0.));
#11016=DIRECTION('',(0.,0.,1.));
#11017=DIRECTION('',(1.,0.,0.));
#11018=DIRECTION('',(0.,0.,1.));
#11019=DIRECTION('',(1.,0.,0.));
#11020=DIRECTION('',(0.,0.,1.));
#11021=DIRECTION('',(1.,0.,0.));
#11022=DIRECTION('',(0.,0.,1.));
#11023=DIRECTION('',(1.,0.,0.));
#11024=DIRECTION('',(0.,0.,-1.));
#11025=DIRECTION('',(-1.,0.,0.));
#11026=DIRECTION('',(0.,0.,1.));
#11027=DIRECTION('',(1.,0.,0.));
#11028=DIRECTION('',(0.,0.,1.));
#11029=DIRECTION('',(1.,0.,0.));
#11030=DIRECTION('',(0.,0.,-1.));
#11031=DIRECTION('',(-1.,0.,0.));
#11032=DIRECTION('',(0.,0.,-1.));
#11033=DIRECTION('',(-1.,0.,0.));
#11034=DIRECTION('',(0.,0.,-1.));
#11035=DIRECTION('',(-1.,0.,0.));
#11036=DIRECTION('',(0.,0.,-1.));
#11037=DIRECTION('',(-1.,0.,0.));
#11038=DIRECTION('',(0.,0.,-1.));
#11039=DIRECTION('',(-1.,0.,0.));
#11040=DIRECTION('',(0.,0.,-1.));
#11041=DIRECTION('',(0.999999999999999,0.,0.));
#11042=DIRECTION('',(0.,0.,-1.));
#11043=DIRECTION('',(0.999999999999999,0.,0.));
#11044=DIRECTION('',(0.,0.,-1.));
#11045=DIRECTION('',(0.999999999999999,0.,0.));
#11046=DIRECTION('',(0.,0.,-1.));
#11047=DIRECTION('',(0.999999999999999,0.,0.));
#11048=DIRECTION('',(0.,0.,-1.));
#11049=DIRECTION('',(1.,0.,0.));
#11050=DIRECTION('',(0.,0.,1.));
#11051=DIRECTION('',(0.,0.,-1.));
#11052=DIRECTION('',(1.,0.,0.));
#11053=DIRECTION('',(0.,0.,1.));
#11054=DIRECTION('',(0.,0.,1.));
#11055=DIRECTION('',(1.,0.,0.));
#11056=DIRECTION('',(0.,0.,1.));
#11057=DIRECTION('',(-0.999999999999999,0.,0.));
#11058=DIRECTION('',(0.,0.,-1.));
#11059=DIRECTION('',(0.,0.,1.));
#11060=DIRECTION('',(-0.999999999999999,0.,0.));
#11061=DIRECTION('',(0.,0.,1.));
#11062=DIRECTION('',(0.,0.,-1.));
#11063=DIRECTION('',(-0.999999999999999,0.,0.));
#11064=DIRECTION('',(0.,0.,-1.));
#11065=DIRECTION('',(-1.,0.,0.));
#11066=DIRECTION('',(0.,0.,-1.));
#11067=DIRECTION('',(0.,0.,1.));
#11068=DIRECTION('',(-1.,0.,0.));
#11069=DIRECTION('',(0.,0.,-1.));
#11070=DIRECTION('',(0.,0.,-1.));
#11071=DIRECTION('',(-1.,0.,0.));
#11072=DIRECTION('',(-0.857167300610757,0.,-0.515038075062095));
#11073=DIRECTION('',(0.857167300610757,1.04972719102674E-16,-0.515038075062095));
#11074=DIRECTION('',(0.,0.,-1.));
#11075=DIRECTION('',(-1.,0.,2.50053312256994E-17));
#11076=DIRECTION('',(0.857167300610757,0.,0.515038075062095));
#11077=DIRECTION('',(-0.857167300610757,1.04972719102674E-16,0.515038075062095));
#11078=DIRECTION('',(0.,0.,1.));
#11079=DIRECTION('',(1.,0.,-6.66808832685318E-17));
#11080=DIRECTION('',(0.,0.,-1.));
#11081=DIRECTION('',(-1.00000000000001,0.,0.));
#11082=DIRECTION('',(0.,0.,-1.));
#11083=DIRECTION('',(0.,0.,1.));
#11084=DIRECTION('',(-1.00000000000001,0.,0.));
#11085=DIRECTION('',(0.,0.,-1.));
#11086=DIRECTION('',(0.,0.,-1.));
#11087=DIRECTION('',(-1.00000000000001,0.,0.));
#11088=DIRECTION('',(0.,-1.,0.));
#11089=DIRECTION('',(0.,0.,-1.));
#11090=DIRECTION('',(0.,-1.,0.));
#11091=DIRECTION('',(0.,1.,0.));
#11092=DIRECTION('',(0.,0.,-1.));
#11093=DIRECTION('',(0.,-1.,0.));
#11094=DIRECTION('',(0.,-1.,0.));
#11095=DIRECTION('',(0.,0.,-1.));
#11096=DIRECTION('',(0.,-1.,0.));
#11097=DIRECTION('',(0.,0.,-1.));
#11098=DIRECTION('',(0.,-1.,0.));
#11099=DIRECTION('',(0.,1.,0.));
#11100=DIRECTION('',(0.,0.,-1.));
#11101=DIRECTION('',(0.,-1.,0.));
#11102=DIRECTION('',(0.,-1.,0.));
#11103=DIRECTION('',(0.,0.,-1.));
#11104=DIRECTION('',(0.,-1.,0.));
#11105=DIRECTION('',(0.,0.,-1.));
#11106=DIRECTION('',(0.,-1.,0.));
#11107=DIRECTION('',(0.,1.,0.));
#11108=DIRECTION('',(0.,0.,-1.));
#11109=DIRECTION('',(0.,-1.,0.));
#11110=DIRECTION('',(0.,-1.,0.));
#11111=DIRECTION('',(0.,0.,-1.));
#11112=DIRECTION('',(0.,-1.,0.));
#11113=DIRECTION('',(0.,0.,-1.));
#11114=DIRECTION('',(0.,-1.,0.));
#11115=DIRECTION('',(0.,1.,0.));
#11116=DIRECTION('',(0.,0.,-1.));
#11117=DIRECTION('',(0.,-1.,0.));
#11118=DIRECTION('',(0.,-1.,0.));
#11119=DIRECTION('',(0.,0.,-1.));
#11120=DIRECTION('',(0.,0.515038074908208,0.857167300703222));
#11121=DIRECTION('',(1.04972719113998E-16,0.515038074908208,-0.857167300703222));
#11122=DIRECTION('',(0.,1.,0.));
#11123=DIRECTION('',(0.,8.33110742135225E-18,1.));
#11124=DIRECTION('',(0.,0.515038074903619,0.857167300705979));
#11125=DIRECTION('',(1.04972719114335E-16,0.515038074903619,-0.857167300705979));
#11126=DIRECTION('',(0.,1.,0.));
#11127=DIRECTION('',(0.,8.33110742125121E-18,1.));
#11128=DIRECTION('',(0.,0.515038074908208,0.857167300703222));
#11129=DIRECTION('',(1.04972719113998E-16,0.515038074908208,-0.857167300703222));
#11130=DIRECTION('',(0.,1.,0.));
#11131=DIRECTION('',(0.,8.33110742135225E-18,1.));
#11132=DIRECTION('',(0.,0.515038074903619,0.857167300705979));
#11133=DIRECTION('',(1.04972719114335E-16,0.515038074903619,-0.857167300705979));
#11134=DIRECTION('',(0.,1.,0.));
#11135=DIRECTION('',(0.,8.33110742125121E-18,1.));
#11136=DIRECTION('',(0.,0.,-1.));
#11137=DIRECTION('',(1.,0.,0.));
#11138=DIRECTION('',(0.,0.,1.));
#11139=DIRECTION('',(-1.,0.,0.));
#11140=DIRECTION('',(0.,-1.,0.));
#11141=DIRECTION('',(0.,0.,-1.));
#11142=DIRECTION('',(0.,0.,-1.));
#11143=DIRECTION('',(1.,0.,0.));
#11144=DIRECTION('',(1.,0.,0.));
#11145=DIRECTION('',(-0.707106781186498,0.707106781186598,0.));
#11146=DIRECTION('',(0.,-1.,0.));
#11147=DIRECTION('',(0.707106781186547,0.707106781186547,0.));
#11148=DIRECTION('',(-1.,0.,0.));
#11149=DIRECTION('',(0.707106781186547,-0.707106781186547,0.));
#11150=DIRECTION('',(0.,1.,0.));
#11151=DIRECTION('',(-0.707106781186547,-0.707106781186547,0.));
#11152=DIRECTION('',(1.,0.,0.));
#11153=DIRECTION('',(0.,-1.,0.));
#11154=DIRECTION('',(0.,0.,1.));
#11155=DIRECTION('',(-0.999999999999999,0.,0.));
#11156=DIRECTION('',(0.,-1.,0.));
#11157=DIRECTION('',(0.,1.,0.));
#11158=DIRECTION('',(0.,0.,1.));
#11159=DIRECTION('',(-1.,0.,0.));
#11160=DIRECTION('',(0.,1.,0.));
#11161=DIRECTION('',(0.,0.,1.));
#11162=DIRECTION('',(1.,0.,0.));
#11163=DIRECTION('',(0.,0.,-1.));
#11164=DIRECTION('',(0.,-1.,0.));
#11165=DIRECTION('',(1.,0.,0.));
#11166=DIRECTION('',(0.,0.,-1.));
#11167=DIRECTION('',(0.,0.,-1.));
#11168=DIRECTION('',(-1.,0.,0.));
#11169=DIRECTION('',(0.,-1.,0.));
#11170=DIRECTION('',(0.,0.,1.));
#11171=DIRECTION('',(-1.,0.,0.));
#11172=DIRECTION('',(0.,-1.,0.));
#11173=DIRECTION('',(0.,0.,1.));
#11174=DIRECTION('',(-0.999999999999999,0.,0.));
#11175=DIRECTION('',(0.,1.,0.));
#11176=DIRECTION('',(1.,0.,0.));
#11177=DIRECTION('',(-0.707106781186547,-0.707106781186547,0.));
#11178=DIRECTION('',(0.,1.,0.));
#11179=DIRECTION('',(0.707106781186547,-0.707106781186547,0.));
#11180=DIRECTION('',(-1.,0.,0.));
#11181=DIRECTION('',(-0.707106781186547,-0.707106781186547,0.));
#11182=DIRECTION('',(0.,-1.,0.));
#11183=DIRECTION('',(0.707106781186498,-0.707106781186598,0.));
#11184=DIRECTION('',(1.,0.,0.));
#11185=DIRECTION('',(0.,0.,1.));
#11186=DIRECTION('',(1.,0.,0.));
#11187=DIRECTION('',(0.,0.,1.));
#11188=DIRECTION('',(-1.,0.,0.));
#11189=DIRECTION('',(0.,0.,1.));
#11190=DIRECTION('',(0.,0.,-1.));
#11191=DIRECTION('',(1.,0.,0.));
#11192=DIRECTION('',(0.,0.,1.));
#11193=DIRECTION('',(1.,0.,0.));
#11194=DIRECTION('',(0.,0.,-1.));
#11195=DIRECTION('',(-1.,0.,0.));
#11196=DIRECTION('',(0.,0.,-1.));
#11197=DIRECTION('',(0.,0.,1.));
#11198=DIRECTION('',(0.,0.,-1.));
#11199=DIRECTION('',(1.,0.,0.));
#11200=DIRECTION('',(0.,-1.,0.));
#11201=DIRECTION('',(0.,0.,-1.));
#11202=DIRECTION('',(0.,0.,-1.));
#11203=DIRECTION('',(0.,0.,1.));
#11204=DIRECTION('',(0.,1.,0.));
#11205=DIRECTION('',(-1.,0.,0.));
#11206=DIRECTION('',(0.,0.,1.));
#11207=DIRECTION('',(0.,0.,-1.));
#11208=DIRECTION('',(0.,0.,1.));
#11209=DIRECTION('',(1.,0.,0.));
#11210=DIRECTION('',(0.,1.,0.));
#11211=DIRECTION('',(0.,0.,1.));
#11212=DIRECTION('',(0.,0.,1.));
#11213=DIRECTION('',(0.,-1.,0.));
#11214=DIRECTION('',(0.,0.,-1.));
#11215=DIRECTION('',(1.,0.,0.));
#11216=DIRECTION('',(0.,0.,-1.));
#11217=DIRECTION('',(0.,0.,1.));
#11218=DIRECTION('',(1.,0.,0.));
#11219=DIRECTION('',(0.,0.,1.));
#11220=DIRECTION('',(0.,0.,-1.));
#11221=DIRECTION('',(0.,0.,1.));
#11222=DIRECTION('',(1.,0.,0.));
#11223=DIRECTION('',(0.,-1.,0.));
#11224=DIRECTION('',(0.,0.,-1.));
#11225=DIRECTION('',(0.,0.,-1.));
#11226=DIRECTION('',(-0.999999999999999,0.,0.));
#11227=DIRECTION('',(0.,0.,-1.));
#11228=DIRECTION('',(0.,0.,-1.));
#11229=DIRECTION('',(-1.,0.,0.));
#11230=DIRECTION('',(0.,0.,1.));
#11231=DIRECTION('',(-1.,0.,0.));
#11232=DIRECTION('',(0.,0.,-1.));
#11233=DIRECTION('',(-1.,0.,0.));
#11234=DIRECTION('',(0.,0.,-1.));
#11235=DIRECTION('',(0.,-1.,0.));
#11236=DIRECTION('',(0.,0.,1.));
#11237=DIRECTION('',(-1.,0.,0.));
#11238=DIRECTION('',(0.,0.,1.));
#11239=DIRECTION('',(0.,0.,-1.));
#11240=DIRECTION('',(-1.,0.,0.));
#11241=DIRECTION('',(0.,0.,1.));
#11242=DIRECTION('',(0.,1.,0.));
#11243=DIRECTION('',(0.,0.,1.));
#11244=DIRECTION('',(0.,0.,1.));
#11245=DIRECTION('',(0.,-1.,0.));
#11246=DIRECTION('',(0.,0.,-1.));
#11247=DIRECTION('',(-1.,0.,0.));
#11248=DIRECTION('',(0.,0.,1.));
#11249=DIRECTION('',(0.,0.,-1.));
#11250=DIRECTION('',(-1.,0.,2.50053312256994E-17));
#11251=DIRECTION('',(-0.707106781186547,0.707106781186547,0.));
#11252=DIRECTION('',(0.707106781186547,-0.707106781186547,0.));
#11253=DIRECTION('',(0.,0.,1.));
#11254=DIRECTION('',(0.707106781186547,0.707106781186547,0.));
#11255=DIRECTION('',(-0.707106781186547,0.707106781186547,0.));
#11256=DIRECTION('',(-0.707106781186498,0.707106781186598,0.));
#11257=DIRECTION('',(0.707106781186598,0.707106781186498,0.));
#11258=DIRECTION('',(-0.707106781186498,0.707106781186598,0.));
#11259=DIRECTION('',(1.,0.,0.));
#11260=DIRECTION('',(0.,0.,-1.));
#11261=DIRECTION('',(0.707106781186498,-0.707106781186598,0.));
#11262=DIRECTION('',(0.707106781186598,0.707106781186498,0.));
#11263=DIRECTION('',(-0.707106781186498,0.707106781186598,0.));
#11264=DIRECTION('',(-0.707106781186547,-0.707106781186547,0.));
#11265=DIRECTION('',(0.707106781186547,-0.707106781186547,0.));
#11266=DIRECTION('',(0.707106781186547,0.707106781186547,0.));
#11267=DIRECTION('',(0.,-1.,0.));
#11268=DIRECTION('',(0.,0.,1.));
#11269=DIRECTION('',(-1.00000000000001,0.,0.));
#11270=DIRECTION('',(0.,-1.,0.));
#11271=DIRECTION('',(-0.707106781186546,-0.707106781186549,0.));
#11272=DIRECTION('',(0.707106781186547,0.707106781186547,0.));
#11273=DIRECTION('',(-0.707106781186547,0.707106781186547,0.));
#11274=DIRECTION('',(0.,1.,0.));
#11275=DIRECTION('',(0.707106781186547,0.707106781186547,0.));
#11276=DIRECTION('',(1.,0.,0.));
#11277=DIRECTION('',(0.,-1.,0.));
#11278=DIRECTION('',(1.,0.,0.));
#11279=DIRECTION('',(0.,-1.,0.));
#11280=DIRECTION('',(1.,0.,0.));
#11281=DIRECTION('',(0.707106781186547,-0.707106781186547,0.));
#11282=DIRECTION('',(0.,0.,-1.));
#11283=DIRECTION('',(-1.,0.,0.));
#11284=DIRECTION('',(-0.707106781186547,-0.707106781186547,0.));
#11285=DIRECTION('',(0.707106781186547,-0.707106781186547,0.));
#11286=DIRECTION('',(-0.707106781186547,0.707106781186547,0.));
#11287=DIRECTION('',(-0.707106781186547,-0.707106781186547,0.));
#11288=DIRECTION('',(0.,0.,-1.));
#11289=DIRECTION('',(0.707106781186547,0.707106781186547,0.));
#11290=DIRECTION('',(-0.707106781186547,0.707106781186547,0.));
#11291=DIRECTION('',(-0.707106781186547,-0.707106781186547,0.));
#11292=DIRECTION('',(-1.,0.,0.));
#11293=DIRECTION('',(0.,0.,1.));
#11294=DIRECTION('',(0.707106781186547,0.707106781186547,0.));
#11295=DIRECTION('',(0.707106781186547,-0.707106781186547,0.));
#11296=DIRECTION('',(0.707106781186547,0.707106781186547,0.));
#11297=DIRECTION('',(0.,0.,1.));
#11298=DIRECTION('',(1.,0.,-6.66808832685318E-17));
#11299=DIRECTION('',(-0.707106781186547,-0.707106781186547,0.));
#11300=DIRECTION('',(0.,-1.,0.));
#11301=DIRECTION('',(0.707106781186547,0.707106781186547,0.));
#11302=DIRECTION('',(0.707106781186545,-0.707106781186551,0.));
#11303=DIRECTION('',(0.,1.,0.));
#11304=DIRECTION('',(0.,0.,-1.));
#11305=DIRECTION('',(-1.00000000000001,0.,0.));
#11306=DIRECTION('',(0.,1.,0.));
#11307=DIRECTION('',(-0.707106781186547,0.707106781186547,0.));
#11308=DIRECTION('',(-1.,0.,0.));
#11309=DIRECTION('',(0.,1.,0.));
#11310=DIRECTION('',(-1.,0.,0.));
#11311=DIRECTION('',(0.,1.,0.));
#11312=DIRECTION('',(-1.,0.,0.));
#11313=DIRECTION('',(0.,0.,1.));
#11314=DIRECTION('',(1.,0.,0.));
#11315=DIRECTION('',(0.707106781186547,-0.707106781186547,0.));
#11316=DIRECTION('',(0.707106781186547,0.707106781186547,0.));
#11317=DIRECTION('',(0.707106781186547,0.707106781186547,0.));
#11318=DIRECTION('',(-0.707106781186547,0.707106781186547,0.));
#11319=DIRECTION('',(0.,0.,-1.));
#11320=DIRECTION('',(-1.,0.,0.));
#11321=DIRECTION('',(0.,0.,1.));
#11322=DIRECTION('',(0.,0.,1.));
#11323=DIRECTION('',(1.,0.,0.));
#11324=DIRECTION('',(0.,0.,-1.));
#11325=DIRECTION('',(0.,-1.,0.));
#11326=DIRECTION('',(0.,0.,-1.));
#11327=DIRECTION('',(0.,-1.,0.));
#11328=DIRECTION('',(0.,0.,-1.));
#11329=DIRECTION('',(0.,0.,1.));
#11330=DIRECTION('',(0.,0.,-1.));
#11331=DIRECTION('',(0.,1.,0.));
#11332=DIRECTION('',(0.,0.,1.));
#11333=DIRECTION('',(0.,0.,-1.));
#11334=DIRECTION('',(0.,0.,1.));
#11335=DIRECTION('',(0.,1.,0.));
#11336=DIRECTION('',(0.,0.,1.));
#11337=DIRECTION('',(0.,-1.,0.));
#11338=DIRECTION('',(0.,0.,-1.));
#11339=DIRECTION('',(0.,-1.,0.));
#11340=DIRECTION('',(0.,0.,-1.));
#11341=DIRECTION('',(0.,0.,-1.));
#11342=DIRECTION('',(0.,0.,1.));
#11343=DIRECTION('',(0.,1.,0.));
#11344=DIRECTION('',(0.,0.,1.));
#11345=DIRECTION('',(0.,0.,1.));
#11346=DIRECTION('',(1.,0.,0.));
#11347=DIRECTION('',(0.,0.,-1.));
#11348=DIRECTION('',(0.707106781186547,-0.707106781186547,0.));
#11349=DIRECTION('',(0.707106781186547,0.707106781186547,0.));
#11350=DIRECTION('',(0.,0.,-1.));
#11351=DIRECTION('',(-1.00000000000001,0.,0.));
#11352=DIRECTION('',(-0.707106781186547,-0.707106781186547,0.));
#11353=DIRECTION('',(0.707106781186547,-0.707106781186547,0.));
#11354=DIRECTION('',(0.,1.,0.));
#11355=DIRECTION('',(0.,0.,-1.));
#11356=DIRECTION('',(0.,-1.,0.));
#11357=DIRECTION('',(0.,0.,-1.));
#11358=DIRECTION('',(0.,1.,0.));
#11359=DIRECTION('',(0.,0.,-1.));
#11360=DIRECTION('',(0.,-1.,0.));
#11361=DIRECTION('',(0.,0.,-1.));
#11362=DIRECTION('',(-1.,0.,0.));
#11363=DIRECTION('',(0.,0.,1.));
#11364=DIRECTION('',(-1.,0.,0.));
#11365=DIRECTION('',(0.,0.,1.));
#11366=DIRECTION('',(0.,1.,0.));
#11367=DIRECTION('',(0.,0.,-1.));
#11368=DIRECTION('',(0.,-1.,0.));
#11369=DIRECTION('',(0.,0.,-1.));
#11370=DIRECTION('',(0.,1.,0.));
#11371=DIRECTION('',(0.,0.,-1.));
#11372=DIRECTION('',(0.,-1.,0.));
#11373=DIRECTION('',(0.,0.,-1.));
#11374=DIRECTION('',(0.,1.,0.));
#11375=DIRECTION('',(0.,8.33110742135225E-18,1.));
#11376=DIRECTION('',(0.,1.,0.));
#11377=DIRECTION('',(0.,8.33110742125121E-18,1.));
#11378=DIRECTION('',(0.,1.,0.));
#11379=DIRECTION('',(0.,8.33110742135225E-18,1.));
#11380=DIRECTION('',(0.,1.,0.));
#11381=DIRECTION('',(0.,8.33110742125121E-18,1.));
#11382=DIRECTION('',(0.,1.,0.));
#11383=DIRECTION('',(0.,0.,1.));
#11384=DIRECTION('',(0.,1.,0.));
#11385=DIRECTION('',(0.,0.,1.));
#11386=DIRECTION('',(0.,1.,0.));
#11387=DIRECTION('',(0.,0.,1.));
#11388=DIRECTION('',(0.,1.,0.));
#11389=DIRECTION('',(0.,0.,1.));
#11390=DIRECTION('',(0.,1.,0.));
#11391=DIRECTION('',(0.,0.,1.));
#11392=DIRECTION('',(0.,1.,0.));
#11393=DIRECTION('',(0.,0.,1.));
#11394=DIRECTION('',(0.,1.,0.));
#11395=DIRECTION('',(0.,0.,1.));
#11396=DIRECTION('',(0.,1.,0.));
#11397=DIRECTION('',(0.,1.,0.));
#11398=DIRECTION('',(0.,0.,1.));
#11399=DIRECTION('',(0.,1.,0.));
#11400=DIRECTION('',(0.,1.,0.));
#11401=DIRECTION('',(0.,0.,1.));
#11402=DIRECTION('',(0.,1.,0.));
#11403=DIRECTION('',(0.,0.,1.));
#11404=DIRECTION('',(0.,1.,0.));
#11405=DIRECTION('',(0.,1.,0.));
#11406=DIRECTION('',(0.,0.,1.));
#11407=DIRECTION('',(0.,1.,0.));
#11408=DIRECTION('',(0.,1.,0.));
#11409=DIRECTION('',(0.,0.,1.));
#11410=DIRECTION('',(0.,1.,0.));
#11411=DIRECTION('',(0.,0.,1.));
#11412=DIRECTION('',(0.,1.,0.));
#11413=DIRECTION('',(0.,1.,0.));
#11414=DIRECTION('',(0.,0.,1.));
#11415=DIRECTION('',(0.,1.,0.));
#11416=DIRECTION('',(0.,1.,0.));
#11417=DIRECTION('',(0.,0.,1.));
#11418=DIRECTION('',(0.,1.,0.));
#11419=DIRECTION('',(0.,0.,1.));
#11420=DIRECTION('',(0.,1.,0.));
#11421=DIRECTION('',(0.,1.,0.));
#11422=DIRECTION('',(0.,0.,1.));
#11423=DIRECTION('',(0.,1.,0.));
#11424=DIRECTION('',(0.,1.,0.));
#11425=DIRECTION('',(0.,0.,1.));
#11426=DIRECTION('',(0.,1.,0.));
#11427=DIRECTION('',(0.,0.,1.));
#11428=DIRECTION('',(0.,1.,0.));
#11429=DIRECTION('',(0.,1.,0.));
#11430=DIRECTION('',(0.,0.,1.));
#11431=DIRECTION('',(0.,1.,0.));
#11432=DIRECTION('',(0.,1.,0.));
#11433=DIRECTION('',(0.,0.,1.));
#11434=DIRECTION('',(0.,1.,0.));
#11435=DIRECTION('',(0.,0.,1.));
#11436=DIRECTION('',(0.,1.,0.));
#11437=DIRECTION('',(0.,1.,0.));
#11438=DIRECTION('',(0.,0.,1.));
#11439=DIRECTION('',(0.,1.,0.));
#11440=DIRECTION('',(0.,1.,0.));
#11441=DIRECTION('',(0.,0.,1.));
#11442=DIRECTION('',(0.,1.,0.));
#11443=DIRECTION('',(0.,0.,1.));
#11444=DIRECTION('',(0.,1.,0.));
#11445=DIRECTION('',(0.,1.,0.));
#11446=DIRECTION('',(0.,0.,1.));
#11447=DIRECTION('',(0.,1.,0.));
#11448=DIRECTION('',(0.,1.,0.));
#11449=DIRECTION('',(0.,0.,1.));
#11450=DIRECTION('',(0.,1.,0.));
#11451=DIRECTION('',(0.,0.,0.999999999999996));
#11452=DIRECTION('',(0.,1.,0.));
#11453=DIRECTION('',(0.,1.,0.));
#11454=DIRECTION('',(0.,0.,0.999999999999996));
#11455=DIRECTION('',(0.,1.,0.));
#11456=DIRECTION('',(0.,1.,0.));
#11457=DIRECTION('',(0.,0.,0.999999999999996));
#11458=DIRECTION('',(0.,0.,1.));
#11459=DIRECTION('',(0.999999999999999,0.,0.));
#11460=DIRECTION('',(0.,0.,-1.));
#11461=DIRECTION('',(0.,0.,-1.));
#11462=DIRECTION('',(0.,0.,1.));
#11463=DIRECTION('',(-0.999999999999999,0.,0.));
#11464=DIRECTION('',(0.,0.,-1.));
#11465=DIRECTION('',(0.,0.,-1.));
#11466=DIRECTION('',(-0.999999999999999,0.,0.));
#11467=DIRECTION('',(0.,-1.,0.));
#11468=DIRECTION('',(0.,0.,0.999999999999992));
#11469=DIRECTION('',(0.,-1.,0.));
#11470=DIRECTION('',(0.,0.,0.999999999999992));
#11471=DIRECTION('',(0.,-1.,0.));
#11472=DIRECTION('',(0.,0.,0.999999999999992));
#11473=DIRECTION('',(0.,-1.,0.));
#11474=DIRECTION('',(0.,0.,0.999999999999992));
#11475=DIRECTION('',(0.,-1.,0.));
#11476=DIRECTION('',(0.,0.,0.999999999999992));
#11477=DIRECTION('',(0.,-1.,0.));
#11478=DIRECTION('',(0.,0.,0.999999999999992));
#11479=DIRECTION('',(0.,-1.,0.));
#11480=DIRECTION('',(0.,0.,0.999999999999992));
#11481=DIRECTION('',(0.,-1.,0.));
#11482=DIRECTION('',(0.,0.,0.999999999999992));
#11483=DIRECTION('',(0.,-1.,0.));
#11484=DIRECTION('',(0.,0.,0.999999999999992));
#11485=DIRECTION('',(0.,-1.,0.));
#11486=DIRECTION('',(0.,0.,1.));
#11487=DIRECTION('',(0.,1.,0.));
#11488=DIRECTION('',(0.,0.,1.));
#11489=DIRECTION('',(0.,1.,0.));
#11490=DIRECTION('',(0.,0.,1.));
#11491=DIRECTION('',(0.,1.,0.));
#11492=DIRECTION('',(0.,0.,1.));
#11493=DIRECTION('',(-1.,0.,0.));
#11494=DIRECTION('',(0.,0.,1.));
#11495=DIRECTION('',(1.,0.,0.));
#11496=DIRECTION('',(0.,0.,-1.));
#11497=DIRECTION('',(0.,1.,0.));
#11498=DIRECTION('',(0.,0.,1.));
#11499=DIRECTION('',(0.,-1.,0.));
#11500=DIRECTION('',(0.,0.,-1.));
#11501=DIRECTION('',(0.,0.,-1.));
#11502=DIRECTION('',(0.,0.,1.));
#11503=DIRECTION('',(0.,0.,-1.));
#11504=DIRECTION('',(-1.,0.,0.));
#11505=DIRECTION('',(0.,0.,1.));
#11506=DIRECTION('',(0.,0.,-1.));
#11507=DIRECTION('',(1.,0.,0.));
#11508=DIRECTION('',(0.,0.,-1.));
#11509=DIRECTION('',(0.,0.,-1.));
#11510=DIRECTION('',(0.,0.,-1.));
#11511=DIRECTION('',(0.,0.,-1.));
#11512=DIRECTION('',(0.,0.,-1.));
#11513=DIRECTION('',(0.,0.,-1.));
#11514=DIRECTION('',(0.,0.,-1.));
#11515=DIRECTION('',(0.,0.,-1.));
#11516=DIRECTION('',(0.,0.,-1.));
#11517=DIRECTION('',(0.,0.,-1.));
#11518=DIRECTION('',(0.,0.,-1.));
#11519=DIRECTION('',(0.,0.,-1.));
#11520=DIRECTION('',(0.,0.,-1.));
#11521=DIRECTION('',(-1.,0.,0.));
#11522=DIRECTION('',(0.,0.,-1.));
#11523=DIRECTION('',(0.,0.,-1.));
#11524=DIRECTION('',(0.,0.,-1.));
#11525=DIRECTION('',(0.,0.,1.));
#11526=DIRECTION('',(-1.,0.,0.));
#11527=DIRECTION('',(0.,0.,1.));
#11528=DIRECTION('',(0.,0.,-1.));
#11529=DIRECTION('',(-1.,0.,0.));
#11530=DIRECTION('',(0.707106781186547,0.707106781186547,0.));
#11531=DIRECTION('',(0.,0.,-1.));
#11532=DIRECTION('',(-0.707106781186547,-0.707106781186547,0.));
#11533=DIRECTION('',(0.707106781186547,-0.707106781186547,0.));
#11534=DIRECTION('',(0.707106781186547,0.707106781186547,0.));
#11535=DIRECTION('',(0.,1.,0.));
#11536=DIRECTION('',(0.707106781186547,-0.707106781186547,0.));
#11537=DIRECTION('',(-1.,0.,0.));
#11538=DIRECTION('',(-1.,0.,0.));
#11539=DIRECTION('',(0.707106781186547,0.707106781186547,0.));
#11540=DIRECTION('',(0.,-1.,0.));
#11541=DIRECTION('',(0.,0.,1.));
#11542=DIRECTION('',(0.999999999999999,0.,0.));
#11543=DIRECTION('',(0.,1.,0.));
#11544=DIRECTION('',(0.707106781186547,-0.707106781186547,0.));
#11545=DIRECTION('',(0.,1.,0.));
#11546=DIRECTION('',(0.,0.,1.));
#11547=DIRECTION('',(1.,0.,0.));
#11548=DIRECTION('',(0.,0.,1.));
#11549=DIRECTION('',(1.,0.,0.));
#11550=DIRECTION('',(0.707106781186547,-0.707106781186547,0.));
#11551=DIRECTION('',(0.,0.,1.));
#11552=DIRECTION('',(-0.707106781186547,-0.707106781186547,0.));
#11553=DIRECTION('',(0.707106781186547,-0.707106781186547,0.));
#11554=DIRECTION('',(0.,1.,0.));
#11555=DIRECTION('',(0.,0.,1.));
#11556=DIRECTION('',(-1.,0.,0.));
#11557=DIRECTION('',(0.,1.,0.));
#11558=DIRECTION('',(0.,-1.,0.));
#11559=DIRECTION('',(0.,0.,1.));
#11560=DIRECTION('',(-0.999999999999999,0.,0.));
#11561=DIRECTION('',(0.,-1.,0.));
#11562=DIRECTION('',(-0.707106781186547,-0.707106781186547,0.));
#11563=DIRECTION('',(-1.,0.,0.));
#11564=DIRECTION('',(-1.,0.,0.));
#11565=DIRECTION('',(-0.707106781186547,0.707106781186547,0.));
#11566=DIRECTION('',(0.,0.,-1.));
#11567=DIRECTION('',(-1.,0.,0.));
#11568=DIRECTION('',(0.,0.,-1.));
#11569=DIRECTION('',(1.,0.,0.));
#11570=DIRECTION('',(0.,0.,-1.));
#11571=DIRECTION('',(0.,0.,-1.));
#11572=DIRECTION('',(0.,0.,-1.));
#11573=DIRECTION('',(-1.,0.,0.));
#11574=DIRECTION('',(0.,0.,-1.));
#11575=DIRECTION('',(1.,0.,0.));
#11576=DIRECTION('',(0.,0.,-1.));
#11577=DIRECTION('',(0.,1.,0.));
#11578=DIRECTION('',(0.,0.,0.999999999999988));
#11579=DIRECTION('',(0.,0.,1.));
#11580=DIRECTION('',(0.,1.,0.));
#11581=DIRECTION('',(0.,0.,0.999999999999996));
#11582=DIRECTION('',(0.,1.,0.));
#11583=DIRECTION('',(0.,0.,0.999999999999996));
#11584=DIRECTION('',(0.,1.,0.));
#11585=DIRECTION('',(0.,0.,1.));
#11586=DIRECTION('',(0.,1.,0.));
#11587=DIRECTION('',(0.,0.,1.));
#11588=DIRECTION('',(0.,-1.,0.));
#11589=DIRECTION('',(0.,0.,1.));
#11590=DIRECTION('',(0.,0.,-1.));
#11591=DIRECTION('',(0.,-1.,0.));
#11592=DIRECTION('',(-1.73472347597681E-15,0.,1.));
#11593=DIRECTION('',(0.,1.,0.));
#11594=DIRECTION('',(0.,0.,1.));
#11595=DIRECTION('',(0.,1.,0.));
#11596=DIRECTION('',(0.,0.,0.999999999999988));
#11597=DIRECTION('',(0.,1.,0.));
#11598=DIRECTION('',(0.,0.,0.999999999999988));
#11599=DIRECTION('',(0.,1.,0.));
#11600=DIRECTION('',(0.,0.,0.999999999999988));
#11601=DIRECTION('',(0.,1.,0.));
#11602=DIRECTION('',(0.,0.,0.999999999999988));
#11603=DIRECTION('',(0.,1.,0.));
#11604=DIRECTION('',(0.,0.,0.999999999999988));
#11605=DIRECTION('',(0.,1.,0.));
#11606=DIRECTION('',(0.,0.,0.999999999999988));
#11607=DIRECTION('',(0.,1.,0.));
#11608=DIRECTION('',(0.,0.,0.999999999999988));
#11609=DIRECTION('',(0.,1.,0.));
#11610=DIRECTION('',(0.,0.,0.999999999999988));
#11611=DIRECTION('',(0.,-1.,0.));
#11612=DIRECTION('',(-9.59133116056511E-14,0.,0.999999999999998));
#11613=DIRECTION('',(0.,1.,0.));
#11614=DIRECTION('',(0.,0.,1.));
#11615=DIRECTION('',(0.,1.,0.));
#11616=DIRECTION('',(0.,0.,1.));
#11617=DIRECTION('',(0.,-1.,0.));
#11618=DIRECTION('',(-1.41669083871439E-14,0.,1.));
#11619=DIRECTION('',(0.,-1.,0.));
#11620=DIRECTION('',(1.0647211365271E-14,0.,1.));
#11621=DIRECTION('',(0.,1.,0.));
#11622=DIRECTION('',(0.,0.,1.));
#11623=DIRECTION('',(0.,1.,0.));
#11624=DIRECTION('',(0.,0.,1.));
#11625=DIRECTION('',(0.,0.,-1.));
#11626=DIRECTION('',(0.,-1.,0.));
#11627=DIRECTION('',(0.,0.,0.999999999999998));
#11628=DIRECTION('',(0.,0.,1.));
#11629=DIRECTION('',(0.,1.,0.));
#11630=DIRECTION('',(0.,0.,1.));
#11631=DIRECTION('',(0.,0.,-1.));
#11632=DIRECTION('',(0.,0.,1.));
#11633=DIRECTION('',(-1.,0.,0.));
#11634=DIRECTION('',(0.,0.,1.));
#11635=DIRECTION('',(0.,0.,-1.));
#11636=DIRECTION('',(-0.999999999999999,0.,0.));
#11637=DIRECTION('',(-1.,0.,0.));
#11638=DIRECTION('',(0.,0.,1.));
#11639=DIRECTION('',(0.707106781186547,0.707106781186547,0.));
#11640=DIRECTION('',(-0.707106781186547,0.707106781186547,0.));
#11641=DIRECTION('',(0.,0.,-1.));
#11642=DIRECTION('',(-1.,0.,0.));
#11643=DIRECTION('',(-0.707106781186547,0.707106781186547,0.));
#11644=DIRECTION('',(-0.707106781186547,-0.707106781186547,0.));
#11645=DIRECTION('',(0.,1.,0.));
#11646=DIRECTION('',(0.,0.,1.));
#11647=DIRECTION('',(0.,1.,0.));
#11648=DIRECTION('',(0.,1.,0.));
#11649=DIRECTION('',(0.,0.,1.));
#11650=DIRECTION('',(0.,1.,0.));
#11651=DIRECTION('',(0.,0.,0.999999999999998));
#11652=DIRECTION('',(0.,1.,0.));
#11653=DIRECTION('',(0.,0.,0.999999999999998));
#11654=DIRECTION('',(0.,1.,0.));
#11655=DIRECTION('',(0.,1.,0.));
#11656=DIRECTION('',(0.,0.,0.999999999999998));
#11657=DIRECTION('',(0.,1.,0.));
#11658=DIRECTION('',(0.,0.,0.999999999999998));
#11659=DIRECTION('',(0.,1.,0.));
#11660=DIRECTION('',(0.,0.,1.));
#11661=DIRECTION('',(0.,1.,0.));
#11662=DIRECTION('',(0.,0.,1.));
#11663=DIRECTION('',(0.,1.,0.));
#11664=DIRECTION('',(0.,0.,0.999999999999996));
#11665=DIRECTION('',(0.,1.,0.));
#11666=DIRECTION('',(0.,0.,0.999999999999996));
#11667=DIRECTION('',(0.,1.,0.));
#11668=DIRECTION('',(0.,0.,1.));
#11669=DIRECTION('',(0.,-1.,0.));
#11670=DIRECTION('',(0.,0.,-1.));
#11671=DIRECTION('',(0.,1.,0.));
#11672=DIRECTION('',(0.,0.,1.));
#11673=DIRECTION('',(0.,1.,0.));
#11674=DIRECTION('',(0.,0.,1.));
#11675=DIRECTION('',(0.,1.,0.));
#11676=DIRECTION('',(0.,0.,1.));
#11677=DIRECTION('',(0.,1.,0.));
#11678=DIRECTION('',(0.,0.,1.));
#11679=DIRECTION('',(0.,-1.,0.));
#11680=DIRECTION('',(0.,0.,-1.));
#11681=DIRECTION('',(0.,1.,0.));
#11682=DIRECTION('',(0.,0.,1.));
#11683=DIRECTION('',(0.,1.,0.));
#11684=DIRECTION('',(0.,0.,1.));
#11685=DIRECTION('',(0.,1.,0.));
#11686=DIRECTION('',(0.,0.,1.));
#11687=DIRECTION('',(0.,1.,0.));
#11688=DIRECTION('',(0.,0.,1.));
#11689=DIRECTION('',(0.,-1.,0.));
#11690=DIRECTION('',(0.,0.,-1.));
#11691=DIRECTION('',(0.,1.,0.));
#11692=DIRECTION('',(0.,0.,1.));
#11693=DIRECTION('',(0.,1.,0.));
#11694=DIRECTION('',(0.,0.,1.));
#11695=DIRECTION('',(0.,1.,0.));
#11696=DIRECTION('',(0.,0.,1.));
#11697=DIRECTION('',(0.,1.,0.));
#11698=DIRECTION('',(0.,0.,1.));
#11699=DIRECTION('',(0.,-1.,0.));
#11700=DIRECTION('',(0.,0.,-1.));
#11701=DIRECTION('',(0.,1.,0.));
#11702=DIRECTION('',(0.,0.,1.));
#11703=DIRECTION('',(0.,-1.,0.));
#11704=DIRECTION('',(0.,0.,-1.));
#11705=DIRECTION('',(0.,1.,0.));
#11706=DIRECTION('',(0.,0.,1.));
#11707=DIRECTION('',(0.,1.,0.));
#11708=DIRECTION('',(0.,0.,1.));
#11709=DIRECTION('',(0.,1.,0.));
#11710=DIRECTION('',(0.,0.,1.));
#11711=DIRECTION('',(0.,1.,0.));
#11712=DIRECTION('',(0.,0.,1.));
#11713=DIRECTION('',(0.,-1.,0.));
#11714=DIRECTION('',(0.,0.,-1.));
#11715=DIRECTION('',(0.,1.,0.));
#11716=DIRECTION('',(0.,0.,0.999999999999992));
#11717=DIRECTION('',(0.,1.,0.));
#11718=DIRECTION('',(0.,0.,0.999999999999992));
#11719=DIRECTION('',(0.,1.,0.));
#11720=DIRECTION('',(0.,0.,0.999999999999988));
#11721=DIRECTION('',(0.,1.,0.));
#11722=DIRECTION('',(0.,0.,0.999999999999988));
#11723=DIRECTION('',(0.,-1.,0.));
#11724=DIRECTION('',(0.,0.,-1.));
#11725=DIRECTION('',(0.,1.,0.));
#11726=DIRECTION('',(0.,0.,0.999999999999992));
#11727=DIRECTION('',(0.,1.,0.));
#11728=DIRECTION('',(0.,0.,0.999999999999992));
#11729=DIRECTION('',(0.,1.,0.));
#11730=DIRECTION('',(0.,0.,0.999999999999988));
#11731=DIRECTION('',(0.,1.,0.));
#11732=DIRECTION('',(0.,0.,0.999999999999988));
#11733=DIRECTION('',(0.,-1.,0.));
#11734=DIRECTION('',(0.,0.,-1.));
#11735=DIRECTION('',(0.,1.,0.));
#11736=DIRECTION('',(0.,0.,0.999999999999992));
#11737=DIRECTION('',(0.,1.,0.));
#11738=DIRECTION('',(0.,0.,0.999999999999992));
#11739=DIRECTION('',(0.,1.,0.));
#11740=DIRECTION('',(0.,0.,0.999999999999988));
#11741=DIRECTION('',(0.,1.,0.));
#11742=DIRECTION('',(0.,0.,0.999999999999988));
#11743=DIRECTION('',(0.,-1.,0.));
#11744=DIRECTION('',(0.,0.,-1.));
#11745=DIRECTION('',(0.,1.,0.));
#11746=DIRECTION('',(0.,0.,0.999999999999992));
#11747=DIRECTION('',(0.,1.,0.));
#11748=DIRECTION('',(0.,0.,0.999999999999992));
#11749=DIRECTION('',(0.,1.,0.));
#11750=DIRECTION('',(0.,0.,0.999999999999988));
#11751=DIRECTION('',(0.,1.,0.));
#11752=DIRECTION('',(0.,0.,0.999999999999988));
#11753=DIRECTION('',(0.,-1.,0.));
#11754=DIRECTION('',(0.,0.,-1.));
#11755=DIRECTION('',(0.,1.,0.));
#11756=DIRECTION('',(0.,0.,0.999999999999992));
#11757=DIRECTION('',(0.,1.,0.));
#11758=DIRECTION('',(0.,0.,0.999999999999992));
#11759=DIRECTION('',(0.,1.,0.));
#11760=DIRECTION('',(0.,0.,0.999999999999988));
#11761=DIRECTION('',(0.,1.,0.));
#11762=DIRECTION('',(0.,0.,0.999999999999988));
#11763=DIRECTION('',(0.,-1.,0.));
#11764=DIRECTION('',(0.,0.,-1.));
#11765=DIRECTION('',(0.,1.,0.));
#11766=DIRECTION('',(0.,0.,0.999999999999992));
#11767=DIRECTION('',(0.,1.,0.));
#11768=DIRECTION('',(0.,0.,0.999999999999992));
#11769=DIRECTION('',(0.,1.,0.));
#11770=DIRECTION('',(0.,0.,0.999999999999988));
#11771=DIRECTION('',(0.,1.,0.));
#11772=DIRECTION('',(0.,0.,0.999999999999988));
#11773=DIRECTION('',(0.,-1.,0.));
#11774=DIRECTION('',(0.,0.,-1.));
#11775=DIRECTION('',(0.,1.,0.));
#11776=DIRECTION('',(0.,0.,0.999999999999992));
#11777=DIRECTION('',(0.,1.,0.));
#11778=DIRECTION('',(0.,0.,0.999999999999992));
#11779=DIRECTION('',(0.,1.,0.));
#11780=DIRECTION('',(0.,0.,0.999999999999988));
#11781=DIRECTION('',(0.,1.,0.));
#11782=DIRECTION('',(0.,0.,0.999999999999988));
#11783=DIRECTION('',(0.,-1.,0.));
#11784=DIRECTION('',(0.,0.,-1.));
#11785=DIRECTION('',(0.,1.,0.));
#11786=DIRECTION('',(0.,0.,0.999999999999992));
#11787=DIRECTION('',(0.,1.,0.));
#11788=DIRECTION('',(0.,0.,0.999999999999992));
#11789=DIRECTION('',(0.,1.,0.));
#11790=DIRECTION('',(0.,0.,0.999999999999988));
#11791=DIRECTION('',(0.,1.,0.));
#11792=DIRECTION('',(0.,0.,0.999999999999988));
#11793=DIRECTION('',(0.,-1.,0.));
#11794=DIRECTION('',(0.,0.,-1.));
#11795=DIRECTION('',(0.,1.,0.));
#11796=DIRECTION('',(0.,0.,0.999999999999992));
#11797=DIRECTION('',(0.,1.,0.));
#11798=DIRECTION('',(0.,0.,0.999999999999992));
#11799=DIRECTION('',(0.,1.,0.));
#11800=DIRECTION('',(0.,0.,0.999999999999988));
#11801=DIRECTION('',(0.,1.,0.));
#11802=DIRECTION('',(0.,0.,0.999999999999988));
#11803=DIRECTION('',(0.,-1.,0.));
#11804=DIRECTION('',(0.,0.,-1.));
#11805=DIRECTION('',(0.,0.,-1.));
#11806=DIRECTION('',(-1.,0.,0.));
#11807=DIRECTION('',(0.,0.,-1.));
#11808=DIRECTION('',(1.,0.,0.));
#11809=DIRECTION('',(0.,0.,1.));
#11810=DIRECTION('',(-1.,0.,0.));
#11811=DIRECTION('',(0.,0.,-1.));
#11812=DIRECTION('',(-1.,0.,0.));
#11813=DIRECTION('',(0.,0.,-1.));
#11814=DIRECTION('',(1.,0.,0.));
#11815=DIRECTION('',(0.,0.,1.));
#11816=DIRECTION('',(-1.,0.,0.));
#11817=DIRECTION('',(0.,0.,1.));
#11818=DIRECTION('',(1.,0.,0.));
#11819=DIRECTION('',(0.,0.,-1.));
#11820=DIRECTION('',(-1.,0.,0.));
#11821=DIRECTION('',(0.,0.,1.));
#11822=DIRECTION('',(-1.,0.,0.));
#11823=DIRECTION('',(0.,0.,1.));
#11824=DIRECTION('',(1.,0.,0.));
#11825=DIRECTION('',(0.,0.,-1.));
#11826=DIRECTION('',(1.,0.,0.));
#11827=DIRECTION('',(0.,0.,1.));
#11828=DIRECTION('',(-1.,0.,0.));
#11829=DIRECTION('',(0.,0.,1.));
#11830=DIRECTION('',(1.,0.,0.));
#11831=DIRECTION('',(0.,0.,-1.));
#11832=DIRECTION('',(1.,0.,0.));
#11833=DIRECTION('',(0.,0.,-1.));
#11834=DIRECTION('',(-1.,0.,0.));
#11835=DIRECTION('',(0.,0.,1.));
#11836=DIRECTION('',(1.,0.,0.));
#11837=DIRECTION('',(0.,0.,-1.));
#11838=DIRECTION('',(1.,0.,0.));
#11839=DIRECTION('',(0.,0.,1.));
#11840=DIRECTION('',(-1.,0.,0.));
#11841=DIRECTION('',(0.,0.,-1.));
#11842=DIRECTION('',(-1.,0.,0.));
#11843=DIRECTION('',(0.,0.,-1.));
#11844=DIRECTION('',(-1.,0.,0.));
#11845=DIRECTION('',(0.,0.,-1.));
#11846=DIRECTION('',(1.,0.,0.));
#11847=DIRECTION('',(-1.,0.,0.));
#11848=DIRECTION('',(0.,0.,-1.));
#11849=DIRECTION('',(-1.,0.,0.));
#11850=DIRECTION('',(0.,0.,-1.));
#11851=DIRECTION('',(-1.,0.,0.));
#11852=DIRECTION('',(0.,0.,-1.));
#11853=DIRECTION('',(-1.,0.,0.));
#11854=DIRECTION('',(0.,0.,1.));
#11855=DIRECTION('',(0.,-1.,0.));
#11856=DIRECTION('',(0.,0.,-1.));
#11857=DIRECTION('',(0.,-1.,0.));
#11858=DIRECTION('',(0.,0.,-1.));
#11859=DIRECTION('',(0.,-1.,0.));
#11860=DIRECTION('',(0.,0.,-1.));
#11861=DIRECTION('',(0.,-1.,0.));
#11862=DIRECTION('',(0.,0.,-1.));
#11863=DIRECTION('',(0.,-1.,0.));
#11864=DIRECTION('',(0.,0.,1.));
#11865=DIRECTION('',(1.,0.,0.));
#11866=DIRECTION('',(0.,0.,-1.));
#11867=DIRECTION('',(0.,0.,-1.));
#11868=DIRECTION('',(1.,0.,0.));
#11869=DIRECTION('',(0.,0.,-1.));
#11870=DIRECTION('',(1.,0.,0.));
#11871=DIRECTION('',(0.,0.,-1.));
#11872=DIRECTION('',(1.,0.,0.));
#11873=DIRECTION('',(0.,0.,1.));
#11874=DIRECTION('',(1.,0.,0.));
#11875=DIRECTION('',(0.,1.,0.));
#11876=DIRECTION('',(0.,0.,1.));
#11877=DIRECTION('',(0.,0.,-1.));
#11878=DIRECTION('',(0.,1.,0.));
#11879=DIRECTION('',(0.,0.,-1.));
#11880=DIRECTION('',(0.,1.,0.));
#11881=DIRECTION('',(0.,0.,-1.));
#11882=DIRECTION('',(0.,1.,0.));
#11883=DIRECTION('',(0.,0.,1.));
#11884=DIRECTION('',(0.,1.,0.));
#11885=DIRECTION('',(-1.,0.,0.));
#11886=DIRECTION('',(0.,0.,1.));
#11887=DIRECTION('',(0.707106781186548,-0.707106781186548,0.));
#11888=DIRECTION('',(0.707106781186548,0.707106781186548,0.));
#11889=DIRECTION('',(-0.707106781186548,0.707106781186548,0.));
#11890=DIRECTION('',(-0.707106781186548,-0.707106781186548,0.));
#11891=DIRECTION('',(0.,0.,-1.));
#11892=DIRECTION('',(-1.,0.,0.));
#11893=DIRECTION('',(0.707106781186548,0.707106781186548,0.));
#11894=DIRECTION('',(0.707106781186547,-0.707106781186547,0.));
#11895=DIRECTION('',(0.707106781186548,0.707106781186548,0.));
#11896=DIRECTION('',(0.707106781186548,-0.707106781186548,0.));
#11897=DIRECTION('',(-0.707106781186547,-0.707106781186547,0.));
#11898=DIRECTION('',(0.707106781186547,-0.707106781186548,0.));
#11899=DIRECTION('',(-0.707106781186548,0.707106781186548,0.));
#11900=DIRECTION('',(0.707106781186547,0.707106781186547,0.));
#11901=DIRECTION('',(-0.707106781186548,0.707106781186548,0.));
#11902=DIRECTION('',(-0.707106781186548,-0.707106781186548,0.));
#11903=DIRECTION('',(-0.707106781186547,0.707106781186547,0.));
#11904=DIRECTION('',(-0.707106781186548,-0.707106781186548,0.));
#11905=DIRECTION('',(0.,0.,-1.));
#11906=DIRECTION('',(-0.999999999999999,0.,0.));
#11907=DIRECTION('',(0.,0.,1.));
#11908=DIRECTION('',(-1.,0.,0.));
#11909=DIRECTION('',(0.,0.,-1.));
#11910=DIRECTION('',(-1.,0.,0.));
#11911=DIRECTION('',(0.,0.,-1.));
#11912=DIRECTION('',(-0.999999999999999,0.,0.));
#11913=DIRECTION('',(0.,0.,1.));
#11914=DIRECTION('',(-1.,0.,0.));
#11915=DIRECTION('',(0.,0.,-1.));
#11916=DIRECTION('',(-1.,0.,0.));
#11917=DIRECTION('',(0.,0.,-1.));
#11918=DIRECTION('',(-0.999999999999999,0.,0.));
#11919=DIRECTION('',(0.,0.,1.));
#11920=DIRECTION('',(-1.,0.,0.));
#11921=DIRECTION('',(0.,0.,-1.));
#11922=DIRECTION('',(-1.,0.,0.));
#11923=DIRECTION('',(0.,0.,-1.));
#11924=DIRECTION('',(-0.999999999999999,0.,0.));
#11925=DIRECTION('',(0.,0.,1.));
#11926=DIRECTION('',(-1.,0.,0.));
#11927=DIRECTION('',(0.,0.,-1.));
#11928=DIRECTION('',(-1.,0.,0.));
#11929=DIRECTION('',(0.,0.,1.));
#11930=DIRECTION('',(-1.,0.,0.));
#11931=DIRECTION('',(0.,0.,-1.));
#11932=DIRECTION('',(-1.,0.,0.));
#11933=DIRECTION('',(0.,0.,1.));
#11934=DIRECTION('',(-1.,0.,0.));
#11935=DIRECTION('',(0.,0.,1.));
#11936=DIRECTION('',(1.,0.,0.));
#11937=DIRECTION('',(0.,0.,1.));
#11938=DIRECTION('',(-1.,0.,0.));
#11939=DIRECTION('',(0.,0.,1.));
#11940=DIRECTION('',(1.,0.,0.));
#11941=DIRECTION('',(0.,0.,1.));
#11942=DIRECTION('',(-1.,0.,0.));
#11943=DIRECTION('',(0.,0.,-1.));
#11944=DIRECTION('',(-1.,0.,0.));
#11945=DIRECTION('',(0.,0.,-1.));
#11946=DIRECTION('',(-0.999999999999999,0.,0.));
#11947=DIRECTION('',(0.,0.,-1.));
#11948=DIRECTION('',(-0.999999999999999,0.,0.));
#11949=DIRECTION('',(0.,0.,-1.));
#11950=DIRECTION('',(-0.999999999999999,0.,0.));
#11951=DIRECTION('',(0.,0.,-1.));
#11952=DIRECTION('',(-0.999999999999999,0.,0.));
#11953=DIRECTION('',(0.,0.,-1.));
#11954=DIRECTION('',(-0.999999999999999,0.,0.));
#11955=DIRECTION('',(0.,0.,-1.));
#11956=DIRECTION('',(-0.999999999999999,0.,0.));
#11957=DIRECTION('',(0.,0.,-1.));
#11958=DIRECTION('',(-0.999999999999999,0.,0.));
#11959=DIRECTION('',(0.,0.,-1.));
#11960=DIRECTION('',(-0.999999999999999,0.,0.));
#11961=DIRECTION('',(0.,0.,-1.));
#11962=DIRECTION('',(-1.,0.,0.));
#11963=DIRECTION('',(0.,0.,1.));
#11964=DIRECTION('',(1.,0.,0.));
#11965=DIRECTION('',(0.,0.,-1.));
#11966=DIRECTION('',(-1.,0.,0.));
#11967=DIRECTION('',(0.,0.,-1.));
#11968=DIRECTION('',(1.,0.,0.));
#11969=CARTESIAN_POINT('',(0.,0.,0.));
#11970=CARTESIAN_POINT('',(3.68326705956953,28.4917410666081,157.999987292601));
#11971=CARTESIAN_POINT('',(16.1832670595695,28.4917410666081,157.999987292601));
#11972=CARTESIAN_POINT('',(-8.81673294043047,28.4917410666081,157.999987292601));
#11973=CARTESIAN_POINT('',(16.1832670595695,28.4917410666081,157.999987292601));
#11974=CARTESIAN_POINT('',(17.1832670595695,28.4917410666081,156.999987292601));
#11975=CARTESIAN_POINT('',(3.68326705956953,28.4917410666081,156.999987292601));
#11976=CARTESIAN_POINT('',(-9.81673294043047,28.4917410666081,156.999987292601));
#11977=CARTESIAN_POINT('',(-8.81673294043047,28.4917410666081,157.999987292601));
#11978=CARTESIAN_POINT('',(3.68326705956953,28.4917410666081,157.999987292601));
#11979=CARTESIAN_POINT('',(3.68326705956953,28.4917410666081,122.999987292601));
#11980=CARTESIAN_POINT('',(-8.81673294043047,28.4917410666081,122.999987292601));
#11981=CARTESIAN_POINT('',(16.1832670595695,28.4917410666081,122.999987292601));
#11982=CARTESIAN_POINT('',(-9.81673294043047,28.4917410666081,123.999987292601));
#11983=CARTESIAN_POINT('',(-9.81673294043047,28.4917410666081,123.999987292601));
#11984=CARTESIAN_POINT('',(3.68326705956953,28.4917410666081,123.999987292601));
#11985=CARTESIAN_POINT('',(17.1832670595695,28.4917410666081,123.999987292601));
#11986=CARTESIAN_POINT('',(17.1832670595695,28.4917410666081,123.999987292601));
#11987=CARTESIAN_POINT('',(3.68326705956953,28.4917410666081,123.999987292601));
#11988=CARTESIAN_POINT('',(3.68326705956953,28.4917410666081,122.999987292601));
#11989=CARTESIAN_POINT('',(-3.31673294043047,28.4917410666081,122.999987292601));
#11990=CARTESIAN_POINT('',(10.6832670595695,28.4917410666081,122.999987292601));
#11991=CARTESIAN_POINT('',(-3.31673294043047,28.4917410666081,157.999987292601));
#11992=CARTESIAN_POINT('',(-3.31673294043047,28.4917410666081,157.999987292601));
#11993=CARTESIAN_POINT('',(3.68326705956953,28.4917410666081,157.999987292601));
#11994=CARTESIAN_POINT('',(10.6832670595695,28.4917410666081,157.999987292601));
#11995=CARTESIAN_POINT('',(10.6832670595695,28.4917410666081,157.999987292601));
#11996=CARTESIAN_POINT('',(3.68326705956953,28.4917410666081,157.999987292601));
#11997=CARTESIAN_POINT('',(17.1832670595695,28.4917410666081,157.999987292601));
#11998=CARTESIAN_POINT('',(-9.81673294043047,28.4917410666081,157.999987292601));
#11999=CARTESIAN_POINT('',(3.68326705956953,28.4917410666081,157.999987292601));
#12000=CARTESIAN_POINT('',(3.68326705956953,28.4917410666081,156.999987292601));
#12001=CARTESIAN_POINT('',(3.68326705956953,28.4917410666081,123.999987292601));
#12002=CARTESIAN_POINT('',(3.68326705956953,28.4917410666081,157.999987292601));
#12003=CARTESIAN_POINT('',(3.68326705956953,28.4917410666081,157.999987292601));
#12004=CARTESIAN_POINT('',(3.68326705956953,28.4917410666081,157.999987292601));
#12005=CARTESIAN_POINT('',(3.68326705956953,28.4917410666081,157.999987292601));
#12006=CARTESIAN_POINT('',(3.68326705956953,28.4917410666081,122.999987292601));
#12007=CARTESIAN_POINT('',(3.68326705956953,28.4917410666081,122.999987292601));
#12008=CARTESIAN_POINT('',(3.68326705956953,28.4917410666081,122.999987292601));
#12009=CARTESIAN_POINT('',(3.68326705956953,28.4917410666081,157.999987292601));
#12010=CARTESIAN_POINT('',(3.68326705956953,28.4917410666081,123.999987292601));
#12011=CARTESIAN_POINT('',(3.68326705956953,28.4917410666081,157.999987292601));
#12012=CARTESIAN_POINT('',(3.68326705956952,28.4917410666081,100.2));
#12013=CARTESIAN_POINT('',(-3.28546232073525,29.1526577210185,100.2));
#12014=CARTESIAN_POINT('',(10.6519964398743,27.8308244121977,100.2));
#12015=CARTESIAN_POINT('',(-3.28546232073525,29.1526577210185,101.2));
#12016=CARTESIAN_POINT('',(-4.28099508935021,29.2470743859343,101.2));
#12017=CARTESIAN_POINT('',(3.68326705956952,28.4917410666081,101.2));
#12018=CARTESIAN_POINT('',(11.6475292084893,27.7364077472819,101.2));
#12019=CARTESIAN_POINT('',(10.6519964398743,27.8308244121977,101.2));
#12020=CARTESIAN_POINT('',(3.68326705956952,28.4917410666081,101.2));
#12021=CARTESIAN_POINT('',(3.68326705956952,28.4917410666081,469.2));
#12022=CARTESIAN_POINT('',(-4.28099508935021,29.2470743859343,469.2));
#12023=CARTESIAN_POINT('',(11.6475292084893,27.7364077472819,469.2));
#12024=CARTESIAN_POINT('',(-3.28546232073525,29.1526577210185,469.2));
#12025=CARTESIAN_POINT('',(-3.28546232073525,29.1526577210185,470.2));
#12026=CARTESIAN_POINT('',(3.68326705956952,28.4917410666081,470.2));
#12027=CARTESIAN_POINT('',(10.6519964398743,27.8308244121977,470.2));
#12028=CARTESIAN_POINT('',(10.6519964398743,27.8308244121977,469.2));
#12029=CARTESIAN_POINT('',(3.68326705956952,28.4917410666081,469.2));
#12030=CARTESIAN_POINT('',(3.68326705956952,28.4917410666081,492.));
#12031=CARTESIAN_POINT('',(-0.298864014890351,28.8694077262712,492.));
#12032=CARTESIAN_POINT('',(7.66539813402939,28.114074406945,492.));
#12033=CARTESIAN_POINT('',(0.696668753724617,28.7749910613554,492.));
#12034=CARTESIAN_POINT('',(0.696668753724617,28.7749910613554,493.));
#12035=CARTESIAN_POINT('',(3.68326705956952,28.4917410666081,493.));
#12036=CARTESIAN_POINT('',(6.66986536541442,28.2084910718608,493.));
#12037=CARTESIAN_POINT('',(6.66986536541442,28.2084910718608,492.));
#12038=CARTESIAN_POINT('',(3.68326705956952,28.4917410666081,492.));
#12039=CARTESIAN_POINT('',(3.68326705956952,28.4917410666081,95.4));
#12040=CARTESIAN_POINT('',(7.66539813402939,28.114074406945,95.4));
#12041=CARTESIAN_POINT('',(-0.298864014890344,28.8694077262712,95.4));
#12042=CARTESIAN_POINT('',(6.66986536541443,28.2084910718608,95.4));
#12043=CARTESIAN_POINT('',(6.66986536541443,28.2084910718608,94.4));
#12044=CARTESIAN_POINT('',(3.68326705956952,28.4917410666081,94.4));
#12045=CARTESIAN_POINT('',(0.696668753724623,28.7749910613554,94.4));
#12046=CARTESIAN_POINT('',(0.696668753724623,28.7749910613554,95.4));
#12047=CARTESIAN_POINT('',(3.68326705956952,28.4917410666081,95.4));
#12048=CARTESIAN_POINT('',(-0.298864014890343,28.8694077262712,94.2));
#12049=CARTESIAN_POINT('',(-0.298864014890343,28.8694077262712,100.2));
#12050=CARTESIAN_POINT('',(3.68326705956952,28.4917410666081,100.2));
#12051=CARTESIAN_POINT('',(7.66539813402939,28.114074406945,100.2));
#12052=CARTESIAN_POINT('',(7.66539813402939,28.114074406945,94.2));
#12053=CARTESIAN_POINT('',(3.68326705956952,28.4917410666081,94.2));
#12054=CARTESIAN_POINT('',(7.66539813402939,28.114074406945,236.2));
#12055=CARTESIAN_POINT('',(7.66539813402939,28.114074406945,470.2));
#12056=CARTESIAN_POINT('',(3.68326705956952,28.4917410666081,470.2));
#12057=CARTESIAN_POINT('',(-0.298864014890343,28.8694077262712,470.2));
#12058=CARTESIAN_POINT('',(-0.298864014890343,28.8694077262712,236.2));
#12059=CARTESIAN_POINT('',(3.68326705956952,28.4917410666081,236.2));
#12060=CARTESIAN_POINT('',(11.6475292084893,27.7364077472819,212.2));
#12061=CARTESIAN_POINT('',(-4.28099508935021,29.2470743859343,212.2));
#12062=CARTESIAN_POINT('',(3.68326705956952,28.4917410666081,212.2));
#12063=CARTESIAN_POINT('',(3.68326705956952,28.4917410666081,469.2));
#12064=CARTESIAN_POINT('',(3.68326705956952,28.4917410666081,101.2));
#12065=CARTESIAN_POINT('',(3.68326705956952,28.4917410666081,212.2));
#12066=CARTESIAN_POINT('',(3.68326705956952,28.4917410666081,470.2));
#12067=CARTESIAN_POINT('',(3.68326705956952,28.4917410666081,470.2));
#12068=CARTESIAN_POINT('',(3.68326705956952,28.4917410666081,470.2));
#12069=CARTESIAN_POINT('',(3.68326705956952,28.4917410666081,100.2));
#12070=CARTESIAN_POINT('',(3.68326705956952,28.4917410666081,100.2));
#12071=CARTESIAN_POINT('',(3.68326705956955,14.9917410666081,100.2));
#12072=CARTESIAN_POINT('',(3.68326705956952,28.4917410666081,492.));
#12073=CARTESIAN_POINT('',(3.68326705956952,28.4917410666081,236.2));
#12074=CARTESIAN_POINT('',(3.68326705956952,28.4917410666081,493.));
#12075=CARTESIAN_POINT('',(3.68326705956952,28.4917410666081,493.));
#12076=CARTESIAN_POINT('',(3.68326705956952,28.4917410666081,95.4));
#12077=CARTESIAN_POINT('',(3.68326705956952,28.4917410666081,94.2));
#12078=CARTESIAN_POINT('',(3.68326705956952,28.4917410666081,94.4));
#12079=CARTESIAN_POINT('',(3.68326705956952,28.4917410666081,94.4));
#12080=CARTESIAN_POINT('',(3.68326705956952,28.4917410666081,95.4));
#12081=CARTESIAN_POINT('',(3.68326705956952,28.4917410666081,492.));
#12082=CARTESIAN_POINT('',(3.68326705956952,28.4917410666081,469.2));
#12083=CARTESIAN_POINT('',(3.68326705956952,28.4917410666081,101.2));
#12084=CARTESIAN_POINT('',(20.6832670595696,-3.5082589333919,100.2));
#12085=CARTESIAN_POINT('',(18.4332670595696,-3.5082589333919,100.2));
#12086=CARTESIAN_POINT('',(-17.8167329404304,-14.0082589333919,100.2));
#12087=CARTESIAN_POINT('',(-17.8167329404304,-14.0082589333919,100.2));
#12088=CARTESIAN_POINT('',(25.1832670595696,-14.0082589333919,100.2));
#12089=CARTESIAN_POINT('',(25.1832670595696,-13.5082589333919,100.2));
#12090=CARTESIAN_POINT('',(25.1832670595696,42.9917410666081,100.2));
#12091=CARTESIAN_POINT('',(-17.8167329404304,42.9917410666081,100.2));
#12092=CARTESIAN_POINT('',(-17.8167329404304,42.9917410666081,100.2));
#12093=CARTESIAN_POINT('',(-17.8167329404304,-13.5082589333919,100.2));
#12094=CARTESIAN_POINT('',(3.68326705956955,28.4917410666081,100.2));
#12095=CARTESIAN_POINT('',(-7.31673294043044,28.4917410666081,100.2));
#12096=CARTESIAN_POINT('',(-13.3167329404304,-3.5082589333919,100.2));
#12097=CARTESIAN_POINT('',(-15.5667329404304,-3.5082589333919,100.2));
#12098=CARTESIAN_POINT('',(3.68326705956955,14.9917410666081,100.2));
#12099=CARTESIAN_POINT('',(-13.3167329404304,-3.5082589333919,95.6));
#12100=CARTESIAN_POINT('',(-17.3167329404304,-3.5082589333919,95.6));
#12101=CARTESIAN_POINT('',(-13.3167329404304,-3.5082589333919,91.2));
#12102=CARTESIAN_POINT('',(-17.3167329404304,-3.5082589333919,91.2));
#12103=CARTESIAN_POINT('',(-13.3167329404304,-3.5082589333919,91.2));
#12104=CARTESIAN_POINT('',(-13.3167329404304,-3.5082589333919,95.6));
#12105=CARTESIAN_POINT('',(-15.5667329404304,-3.5082589333919,95.6));
#12106=CARTESIAN_POINT('',(-13.3167329404304,-3.5082589333919,91.2));
#12107=CARTESIAN_POINT('',(20.6832670595696,-3.5082589333919,95.6));
#12108=CARTESIAN_POINT('',(16.6832670595696,-3.5082589333919,95.6));
#12109=CARTESIAN_POINT('',(20.6832670595696,-3.5082589333919,91.2));
#12110=CARTESIAN_POINT('',(16.6832670595696,-3.5082589333919,91.2));
#12111=CARTESIAN_POINT('',(20.6832670595696,-3.5082589333919,91.2));
#12112=CARTESIAN_POINT('',(20.6832670595696,-3.5082589333919,95.6));
#12113=CARTESIAN_POINT('',(18.4332670595696,-3.5082589333919,95.6));
#12114=CARTESIAN_POINT('',(20.6832670595696,-3.5082589333919,91.2));
#12115=CARTESIAN_POINT('',(3.68326705956955,28.4917410666081,93.2));
#12116=CARTESIAN_POINT('',(9.68326705956956,28.4917410666081,93.2));
#12117=CARTESIAN_POINT('',(3.68326705956955,28.4917410666081,91.2));
#12118=CARTESIAN_POINT('',(-2.31673294043045,28.4917410666081,91.2));
#12119=CARTESIAN_POINT('',(3.68326705956955,28.4917410666081,91.2));
#12120=CARTESIAN_POINT('',(25.1832670595696,-14.0082589333919,100.2));
#12121=CARTESIAN_POINT('',(25.1832670595696,-14.0082589333919,91.2));
#12122=CARTESIAN_POINT('',(25.1832670595696,-13.5082589333919,91.2));
#12123=CARTESIAN_POINT('',(25.1832670595696,42.9917410666081,91.2));
#12124=CARTESIAN_POINT('',(25.1832670595696,42.9917410666081,100.2));
#12125=CARTESIAN_POINT('',(25.1832670595696,-13.5082589333919,100.2));
#12126=CARTESIAN_POINT('',(-17.8167329404304,42.9917410666081,91.2));
#12127=CARTESIAN_POINT('',(-17.8167329404304,42.9917410666081,91.2));
#12128=CARTESIAN_POINT('',(-17.8167329404304,42.9917410666081,100.2));
#12129=CARTESIAN_POINT('',(-17.8167329404304,42.9917410666081,100.2));
#12130=CARTESIAN_POINT('',(-17.8167329404304,14.9917410666081,91.2));
#12131=CARTESIAN_POINT('',(-17.8167329404304,-14.0082589333919,91.2));
#12132=CARTESIAN_POINT('',(-17.8167329404304,-14.0082589333919,100.2));
#12133=CARTESIAN_POINT('',(-17.8167329404304,-13.5082589333919,100.2));
#12134=CARTESIAN_POINT('',(-17.8167329404304,-14.0082589333919,91.2));
#12135=CARTESIAN_POINT('',(-17.8167329404304,-14.0082589333919,100.2));
#12136=CARTESIAN_POINT('',(3.68326705956955,14.9917410666081,91.2));
#12137=CARTESIAN_POINT('',(3.68326705956955,28.4917410666081,93.2));
#12138=CARTESIAN_POINT('',(14.6832670595696,28.4917410666081,93.2));
#12139=CARTESIAN_POINT('',(3.68326705956955,28.4917410666081,93.2));
#12140=CARTESIAN_POINT('',(3.68326705956955,28.4917410666081,93.2));
#12141=CARTESIAN_POINT('',(22.9332670595696,-3.5082589333919,95.6));
#12142=CARTESIAN_POINT('',(-11.0667329404304,-3.5082589333919,95.6));
#12143=CARTESIAN_POINT('',(14.6832670595695,7.39174106660808,500.));
#12144=CARTESIAN_POINT('',(17.5332670595696,7.39174106660808,500.));
#12145=CARTESIAN_POINT('',(11.8332670595695,7.39174106660808,500.));
#12146=CARTESIAN_POINT('',(17.5332670595696,10.7917410666081,500.));
#12147=CARTESIAN_POINT('',(17.5332670595696,10.7917410666081,500.));
#12148=CARTESIAN_POINT('',(14.6832670595695,10.7917410666081,500.));
#12149=CARTESIAN_POINT('',(11.8332670595695,10.7917410666081,500.));
#12150=CARTESIAN_POINT('',(11.8332670595695,10.7917410666081,500.));
#12151=CARTESIAN_POINT('',(14.6832670595695,10.7917410666081,500.));
#12152=CARTESIAN_POINT('',(14.6832670595695,0.491741066608081,500.));
#12153=CARTESIAN_POINT('',(16.3832670595696,0.491741066608081,500.));
#12154=CARTESIAN_POINT('',(12.9832670595695,0.491741066608081,500.));
#12155=CARTESIAN_POINT('',(16.3832670595696,10.7917410666081,500.));
#12156=CARTESIAN_POINT('',(16.3832670595696,7.39174106660808,500.));
#12157=CARTESIAN_POINT('',(14.6832670595695,7.39174106660808,500.));
#12158=CARTESIAN_POINT('',(12.9832670595695,7.39174106660808,500.));
#12159=CARTESIAN_POINT('',(12.9832670595695,10.7917410666081,500.));
#12160=CARTESIAN_POINT('',(14.6832670595695,10.7917410666081,500.));
#12161=CARTESIAN_POINT('',(-7.31673294043045,7.39174106660808,486.));
#12162=CARTESIAN_POINT('',(-4.46673294043045,7.39174106660808,486.));
#12163=CARTESIAN_POINT('',(-10.1667329404305,7.39174106660808,486.));
#12164=CARTESIAN_POINT('',(-4.46673294043045,10.7917410666081,486.));
#12165=CARTESIAN_POINT('',(-4.46673294043045,10.7917410666081,486.));
#12166=CARTESIAN_POINT('',(-7.31673294043045,10.7917410666081,486.));
#12167=CARTESIAN_POINT('',(-10.1667329404305,10.7917410666081,486.));
#12168=CARTESIAN_POINT('',(-10.1667329404305,10.7917410666081,486.));
#12169=CARTESIAN_POINT('',(-7.31673294043045,10.7917410666081,486.));
#12170=CARTESIAN_POINT('',(-7.31673294043045,0.491741066608081,486.));
#12171=CARTESIAN_POINT('',(-5.61673294043045,0.491741066608081,486.));
#12172=CARTESIAN_POINT('',(-9.01673294043045,0.491741066608081,486.));
#12173=CARTESIAN_POINT('',(-5.61673294043045,10.7917410666081,486.));
#12174=CARTESIAN_POINT('',(-5.61673294043045,7.39174106660808,486.));
#12175=CARTESIAN_POINT('',(-7.31673294043045,7.39174106660808,486.));
#12176=CARTESIAN_POINT('',(-9.01673294043045,7.39174106660808,486.));
#12177=CARTESIAN_POINT('',(-9.01673294043045,10.7917410666081,486.));
#12178=CARTESIAN_POINT('',(-7.31673294043045,10.7917410666081,486.));
#12179=CARTESIAN_POINT('',(14.6832670595695,7.39174106660808,486.));
#12180=CARTESIAN_POINT('',(17.5332670595696,7.39174106660808,486.));
#12181=CARTESIAN_POINT('',(11.8332670595695,7.39174106660808,486.));
#12182=CARTESIAN_POINT('',(17.5332670595696,10.7917410666081,486.));
#12183=CARTESIAN_POINT('',(17.5332670595696,10.7917410666081,486.));
#12184=CARTESIAN_POINT('',(14.6832670595695,10.7917410666081,486.));
#12185=CARTESIAN_POINT('',(11.8332670595695,10.7917410666081,486.));
#12186=CARTESIAN_POINT('',(11.8332670595695,10.7917410666081,486.));
#12187=CARTESIAN_POINT('',(14.6832670595695,10.7917410666081,486.));
#12188=CARTESIAN_POINT('',(14.6832670595695,0.491741066608081,486.));
#12189=CARTESIAN_POINT('',(16.3832670595696,0.491741066608081,486.));
#12190=CARTESIAN_POINT('',(12.9832670595695,0.491741066608081,486.));
#12191=CARTESIAN_POINT('',(16.3832670595696,10.7917410666081,486.));
#12192=CARTESIAN_POINT('',(16.3832670595696,7.39174106660808,486.));
#12193=CARTESIAN_POINT('',(14.6832670595695,7.39174106660808,486.));
#12194=CARTESIAN_POINT('',(12.9832670595695,7.39174106660808,486.));
#12195=CARTESIAN_POINT('',(12.9832670595695,10.7917410666081,486.));
#12196=CARTESIAN_POINT('',(14.6832670595695,10.7917410666081,486.));
#12197=CARTESIAN_POINT('',(-7.31673294043045,7.39174106660808,500.));
#12198=CARTESIAN_POINT('',(-4.46673294043045,7.39174106660808,500.));
#12199=CARTESIAN_POINT('',(-10.1667329404305,7.39174106660808,500.));
#12200=CARTESIAN_POINT('',(-4.46673294043045,10.7917410666081,500.));
#12201=CARTESIAN_POINT('',(-4.46673294043045,10.7917410666081,500.));
#12202=CARTESIAN_POINT('',(-7.31673294043045,10.7917410666081,500.));
#12203=CARTESIAN_POINT('',(-10.1667329404305,10.7917410666081,500.));
#12204=CARTESIAN_POINT('',(-10.1667329404305,10.7917410666081,500.));
#12205=CARTESIAN_POINT('',(-7.31673294043045,10.7917410666081,500.));
#12206=CARTESIAN_POINT('',(-7.31673294043045,0.491741066608081,500.));
#12207=CARTESIAN_POINT('',(-5.61673294043045,0.491741066608081,500.));
#12208=CARTESIAN_POINT('',(-9.01673294043045,0.491741066608081,500.));
#12209=CARTESIAN_POINT('',(-5.61673294043045,10.7917410666081,500.));
#12210=CARTESIAN_POINT('',(-5.61673294043045,7.39174106660808,500.));
#12211=CARTESIAN_POINT('',(-7.31673294043045,7.39174106660808,500.));
#12212=CARTESIAN_POINT('',(-9.01673294043045,7.39174106660808,500.));
#12213=CARTESIAN_POINT('',(-9.01673294043045,10.7917410666081,500.));
#12214=CARTESIAN_POINT('',(-7.31673294043045,10.7917410666081,500.));
#12215=CARTESIAN_POINT('',(3.68326705956955,28.4917410666081,480.));
#12216=CARTESIAN_POINT('',(-3.31673294043045,28.4917410666081,480.));
#12217=CARTESIAN_POINT('',(10.6832670595695,28.4917410666081,480.));
#12218=CARTESIAN_POINT('',(10.6832670595695,28.4917410666081,504.5));
#12219=CARTESIAN_POINT('',(10.6832670595695,28.4917410666081,477.2));
#12220=CARTESIAN_POINT('',(3.68326705956955,28.4917410666081,477.2));
#12221=CARTESIAN_POINT('',(-3.31673294043045,28.4917410666081,477.2));
#12222=CARTESIAN_POINT('',(-3.31673294043045,28.4917410666081,504.5));
#12223=CARTESIAN_POINT('',(3.68326705956955,28.4917410666081,504.5));
#12224=CARTESIAN_POINT('',(3.68326705956955,28.4917410666081,477.2));
#12225=CARTESIAN_POINT('',(14.6832670595695,28.4917410666081,477.2));
#12226=CARTESIAN_POINT('',(-7.31673294043045,28.4917410666081,477.2));
#12227=CARTESIAN_POINT('',(14.6832670595695,28.4917410666081,477.2));
#12228=CARTESIAN_POINT('',(14.6832670595695,28.4917410666081,470.2));
#12229=CARTESIAN_POINT('',(3.68326705956955,28.4917410666081,470.2));
#12230=CARTESIAN_POINT('',(-7.31673294043045,28.4917410666081,470.2));
#12231=CARTESIAN_POINT('',(-7.31673294043045,28.4917410666081,477.2));
#12232=CARTESIAN_POINT('',(3.68326705956955,28.4917410666081,477.2));
#12233=CARTESIAN_POINT('',(14.6832670595695,0.491741066608081,500.));
#12234=CARTESIAN_POINT('',(-7.31673294043045,0.491741066608081,486.));
#12235=CARTESIAN_POINT('',(14.6832670595695,0.491741066608081,486.));
#12236=CARTESIAN_POINT('',(-7.31673294043045,0.491741066608081,500.));
#12237=CARTESIAN_POINT('',(-17.8167329404304,0.491741066608081,504.5));
#12238=CARTESIAN_POINT('',(-9.61673294043045,0.491741066608081,504.5));
#12239=CARTESIAN_POINT('',(16.9832670595695,0.491741066608081,504.5));
#12240=CARTESIAN_POINT('',(-9.61673294043045,0.491741066608081,504.5));
#12241=CARTESIAN_POINT('',(-10.6167329404304,0.491741066608081,503.5));
#12242=CARTESIAN_POINT('',(-10.6167329404304,0.491741066608084,504.5));
#12243=CARTESIAN_POINT('',(-10.6167329404304,0.491741066608084,470.2));
#12244=CARTESIAN_POINT('',(-17.8167329404304,0.491741066608081,470.2));
#12245=CARTESIAN_POINT('',(17.9832670595695,0.491741066608084,470.2));
#12246=CARTESIAN_POINT('',(17.9832670595695,0.491741066608084,480.2));
#12247=CARTESIAN_POINT('',(17.9832670595695,0.491741066608081,503.5));
#12248=CARTESIAN_POINT('',(17.9832670595695,0.491741066608084,503.5));
#12249=CARTESIAN_POINT('',(-17.8167329404304,0.491741066608081,480.));
#12250=CARTESIAN_POINT('',(-17.8167329404304,10.7917410666081,504.5));
#12251=CARTESIAN_POINT('',(-9.61673294043045,10.7917410666081,504.5));
#12252=CARTESIAN_POINT('',(16.9832670595695,10.7917410666081,504.5));
#12253=CARTESIAN_POINT('',(-9.61673294043045,0.991741066608081,504.5));
#12254=CARTESIAN_POINT('',(16.9832670595695,10.7917410666081,504.5));
#12255=CARTESIAN_POINT('',(-17.8167329404304,10.7917410666081,504.5));
#12256=CARTESIAN_POINT('',(14.6832670595695,10.7917410666081,500.));
#12257=CARTESIAN_POINT('',(-7.31673294043045,10.7917410666081,486.));
#12258=CARTESIAN_POINT('',(14.6832670595695,10.7917410666081,486.));
#12259=CARTESIAN_POINT('',(-7.31673294043045,10.7917410666081,500.));
#12260=CARTESIAN_POINT('',(-10.6167329404304,10.7917410666081,480.));
#12261=CARTESIAN_POINT('',(-10.6167329404304,10.7917410666081,503.5));
#12262=CARTESIAN_POINT('',(-10.6167329404304,10.7917410666081,480.5));
#12263=CARTESIAN_POINT('',(-25.9667329404305,10.7917410666081,488.15));
#12264=CARTESIAN_POINT('',(11.8332670595694,10.7917410666081,509.65));
#12265=CARTESIAN_POINT('',(17.9832670595695,10.7917410666081,503.5));
#12266=CARTESIAN_POINT('',(17.9832670595695,10.7917410666081,480.));
#12267=CARTESIAN_POINT('',(17.9832670595695,10.7917410666081,480.5));
#12268=CARTESIAN_POINT('',(-17.8167329404304,10.7917410666081,480.5));
#12269=CARTESIAN_POINT('',(-17.8167329404304,10.7917410666081,480.));
#12270=CARTESIAN_POINT('',(3.68326705956955,28.4917410666081,480.));
#12271=CARTESIAN_POINT('',(-17.8167329404304,44.2917410666081,480.));
#12272=CARTESIAN_POINT('',(-14.8167329404305,44.2917410666081,480.));
#12273=CARTESIAN_POINT('',(22.1832670595696,44.2917410666081,480.));
#12274=CARTESIAN_POINT('',(-14.8167329404305,41.2917410666081,480.));
#12275=CARTESIAN_POINT('',(-17.8167329404304,41.2917410666081,480.));
#12276=CARTESIAN_POINT('',(-17.8167329404304,44.2917410666081,480.));
#12277=CARTESIAN_POINT('',(-17.8167329404304,11.2917410666081,480.));
#12278=CARTESIAN_POINT('',(25.1832670595695,11.2917410666081,480.));
#12279=CARTESIAN_POINT('',(25.1832670595695,11.2917410666081,480.));
#12280=CARTESIAN_POINT('',(25.1832670595695,44.2917410666081,480.));
#12281=CARTESIAN_POINT('',(25.1832670595695,41.2917410666081,480.));
#12282=CARTESIAN_POINT('',(22.1832670595696,41.2917410666081,480.));
#12283=CARTESIAN_POINT('',(-17.8167329404304,44.2917410666081,480.));
#12284=CARTESIAN_POINT('',(-17.8167329404304,44.2917410666081,470.2));
#12285=CARTESIAN_POINT('',(-14.8167329404305,44.2917410666081,470.2));
#12286=CARTESIAN_POINT('',(22.1832670595696,44.2917410666081,470.2));
#12287=CARTESIAN_POINT('',(-14.8167329404305,44.2917410666081,480.));
#12288=CARTESIAN_POINT('',(22.1832670595696,44.2917410666081,470.2));
#12289=CARTESIAN_POINT('',(-17.8167329404304,44.2917410666081,470.2));
#12290=CARTESIAN_POINT('',(3.68326705956955,28.4917410666081,470.2));
#12291=CARTESIAN_POINT('',(-17.8167329404304,44.2917410666081,470.2));
#12292=CARTESIAN_POINT('',(-17.8167329404304,41.2917410666081,470.2));
#12293=CARTESIAN_POINT('',(-17.8167329404304,10.9917410666081,470.2));
#12294=CARTESIAN_POINT('',(-14.8167329404305,41.2917410666081,470.2));
#12295=CARTESIAN_POINT('',(22.1832670595696,41.2917410666081,470.2));
#12296=CARTESIAN_POINT('',(25.1832670595695,41.2917410666081,470.2));
#12297=CARTESIAN_POINT('',(25.1832670595695,44.2917410666081,470.2));
#12298=CARTESIAN_POINT('',(25.1832670595695,10.9917410666081,470.2));
#12299=CARTESIAN_POINT('',(-17.8167329404304,10.9917410666081,470.2));
#12300=CARTESIAN_POINT('',(17.9832670595695,10.9917410666081,470.2));
#12301=CARTESIAN_POINT('',(17.9832670595695,44.2917410666081,470.2));
#12302=CARTESIAN_POINT('',(-10.6167329404304,44.2917410666081,470.2));
#12303=CARTESIAN_POINT('',(-10.6167329404304,10.9917410666081,470.2));
#12304=CARTESIAN_POINT('',(-17.8167329404304,10.9917410666081,470.2));
#12305=CARTESIAN_POINT('',(-17.8167329404304,44.2917410666081,470.2));
#12306=CARTESIAN_POINT('',(-17.8167329404304,41.2917410666081,470.2));
#12307=CARTESIAN_POINT('',(-17.8167329404304,10.9917410666081,467.5));
#12308=CARTESIAN_POINT('',(-17.8167329404304,10.9917410666081,480.1));
#12309=CARTESIAN_POINT('',(-17.8167329404304,11.2917410666081,480.5));
#12310=CARTESIAN_POINT('',(-17.8167329404304,10.7917410666081,480.));
#12311=CARTESIAN_POINT('',(25.1832670595695,41.2917410666081,480.));
#12312=CARTESIAN_POINT('',(25.1832670595695,11.2917410666081,480.5));
#12313=CARTESIAN_POINT('',(25.1832670595695,10.9917410666081,480.1));
#12314=CARTESIAN_POINT('',(25.1832670595695,10.9917410666081,467.5));
#12315=CARTESIAN_POINT('',(25.1832670595695,10.7917410666081,480.));
#12316=CARTESIAN_POINT('',(17.9832670595695,11.2917410666081,480.5));
#12317=CARTESIAN_POINT('',(17.9832670595695,10.9917410666081,480.1));
#12318=CARTESIAN_POINT('',(-17.8167329404304,10.9917410666081,480.1));
#12319=CARTESIAN_POINT('',(-17.8167329404304,10.9917410666081,480.1));
#12320=CARTESIAN_POINT('',(-10.6167329404304,10.9917410666081,480.1));
#12321=CARTESIAN_POINT('',(-10.6167329404304,11.2917410666081,480.5));
#12322=CARTESIAN_POINT('',(-17.8167329404304,11.2917410666081,480.5));
#12323=CARTESIAN_POINT('',(17.9832670595695,0.991741066608081,503.5));
#12324=CARTESIAN_POINT('',(17.9832670595695,10.9917410666081,467.5));
#12325=CARTESIAN_POINT('',(17.9832670595695,44.2917410666081,480.2));
#12326=CARTESIAN_POINT('',(-10.6167329404304,10.7917410666081,503.5));
#12327=CARTESIAN_POINT('',(-10.6167329404304,10.9917410666081,467.5));
#12328=CARTESIAN_POINT('',(-10.6167329404304,44.2917410666081,504.5));
#12329=CARTESIAN_POINT('',(-10.6167329404304,10.9917410666081,467.5));
#12330=CARTESIAN_POINT('',(17.9832670595695,10.9917410666081,467.5));
#12331=CARTESIAN_POINT('',(3.68326705956955,28.4917410666081,477.2));
#12332=CARTESIAN_POINT('',(3.68326705956955,28.4917410666081,477.2));
#12333=CARTESIAN_POINT('',(3.68326705956955,28.4917410666081,477.2));
#12334=CARTESIAN_POINT('',(3.68326705956955,28.4917410666081,477.2));
#12335=CARTESIAN_POINT('',(3.68326705956955,28.4917410666081,504.5));
#12336=CARTESIAN_POINT('',(-7.31673294043045,7.39174106660808,500.));
#12337=CARTESIAN_POINT('',(-7.31673294043045,10.7917410666081,500.));
#12338=CARTESIAN_POINT('',(-7.31673294043045,7.39174106660808,500.));
#12339=CARTESIAN_POINT('',(-7.31673294043045,7.39174106660808,501.7));
#12340=CARTESIAN_POINT('',(-7.31673294043045,10.7917410666081,500.));
#12341=CARTESIAN_POINT('',(14.6832670595695,7.39174106660808,486.));
#12342=CARTESIAN_POINT('',(14.6832670595695,10.7917410666081,486.));
#12343=CARTESIAN_POINT('',(14.6832670595695,7.39174106660808,486.));
#12344=CARTESIAN_POINT('',(14.6832670595695,7.39174106660808,487.7));
#12345=CARTESIAN_POINT('',(14.6832670595695,10.7917410666081,486.));
#12346=CARTESIAN_POINT('',(-7.31673294043045,7.39174106660808,486.));
#12347=CARTESIAN_POINT('',(-7.31673294043045,10.7917410666081,486.));
#12348=CARTESIAN_POINT('',(-7.31673294043045,7.39174106660808,486.));
#12349=CARTESIAN_POINT('',(-7.31673294043045,7.39174106660808,487.7));
#12350=CARTESIAN_POINT('',(-7.31673294043045,10.7917410666081,486.));
#12351=CARTESIAN_POINT('',(14.6832670595695,7.39174106660808,500.));
#12352=CARTESIAN_POINT('',(14.6832670595695,10.7917410666081,500.));
#12353=CARTESIAN_POINT('',(14.6832670595695,7.39174106660808,500.));
#12354=CARTESIAN_POINT('',(14.6832670595695,7.39174106660808,501.7));
#12355=CARTESIAN_POINT('',(14.6832670595695,10.7917410666081,500.));
#12356=CARTESIAN_POINT('',(-14.8167329404305,41.2917410666081,470.2));
#12357=CARTESIAN_POINT('',(22.1832670595696,41.2917410666081,480.));
#12358=CARTESIAN_POINT('',(-9.61673294043045,10.7917410666081,504.5));
#12359=CARTESIAN_POINT('',(17.9832670595695,44.2917410666081,503.5));
#12360=CARTESIAN_POINT('',(-13.3167329404305,-3.50825893339192,110.1));
#12361=CARTESIAN_POINT('',(-11.6667329404305,-3.50825893339192,110.1));
#12362=CARTESIAN_POINT('',(-14.9667329404305,-3.50825893339192,110.1));
#12363=CARTESIAN_POINT('',(-11.6667329404305,-3.50825893339192,100.));
#12364=CARTESIAN_POINT('',(-11.6667329404305,-3.50825893339192,100.2));
#12365=CARTESIAN_POINT('',(-13.3167329404305,-3.50825893339192,100.2));
#12366=CARTESIAN_POINT('',(-14.9667329404305,-3.50825893339192,100.2));
#12367=CARTESIAN_POINT('',(-14.9667329404305,-3.50825893339192,100.));
#12368=CARTESIAN_POINT('',(-13.3167329404305,-3.50825893339192,100.));
#12369=CARTESIAN_POINT('',(-14.9667329404305,-3.50825893339192,110.1));
#12370=CARTESIAN_POINT('',(-13.3167329404305,-3.50825893339192,111.091420021395));
#12371=CARTESIAN_POINT('',(-11.6667329404305,-3.50825893339192,110.1));
#12372=CARTESIAN_POINT('',(-13.3167329404305,-3.50825893339192,110.1));
#12373=CARTESIAN_POINT('',(20.6832670595695,-3.50825893339192,110.1));
#12374=CARTESIAN_POINT('',(22.3332670595695,-3.50825893339192,110.1));
#12375=CARTESIAN_POINT('',(19.0332670595695,-3.50825893339192,110.1));
#12376=CARTESIAN_POINT('',(22.3332670595695,-3.50825893339192,100.));
#12377=CARTESIAN_POINT('',(22.3332670595695,-3.50825893339192,100.2));
#12378=CARTESIAN_POINT('',(20.6832670595695,-3.50825893339192,100.2));
#12379=CARTESIAN_POINT('',(19.0332670595695,-3.50825893339192,100.2));
#12380=CARTESIAN_POINT('',(19.0332670595695,-3.50825893339192,100.));
#12381=CARTESIAN_POINT('',(20.6832670595695,-3.50825893339192,100.));
#12382=CARTESIAN_POINT('',(19.0332670595695,-3.50825893339192,110.1));
#12383=CARTESIAN_POINT('',(20.6832670595695,-3.50825893339192,111.091420021395));
#12384=CARTESIAN_POINT('',(22.3332670595695,-3.50825893339192,110.1));
#12385=CARTESIAN_POINT('',(20.6832670595695,-3.50825893339192,110.1));
#12386=CARTESIAN_POINT('',(-13.3167329404305,-3.50825893339192,239.9));
#12387=CARTESIAN_POINT('',(-14.9667329404305,-3.50825893339192,239.9));
#12388=CARTESIAN_POINT('',(-11.6667329404305,-3.50825893339192,239.9));
#12389=CARTESIAN_POINT('',(-14.9667329404305,-3.50825893339192,250.));
#12390=CARTESIAN_POINT('',(-14.9667329404305,-3.50825893339192,509.));
#12391=CARTESIAN_POINT('',(-13.3167329404305,-3.50825893339192,509.));
#12392=CARTESIAN_POINT('',(-11.6667329404305,-3.50825893339192,509.));
#12393=CARTESIAN_POINT('',(-11.6667329404305,-3.50825893339192,250.));
#12394=CARTESIAN_POINT('',(-13.3167329404305,-3.50825893339192,250.));
#12395=CARTESIAN_POINT('',(-11.6667329404305,-3.50825893339192,239.9));
#12396=CARTESIAN_POINT('',(-13.3167329404305,-3.50825893339192,238.908579978604));
#12397=CARTESIAN_POINT('',(-14.9667329404305,-3.50825893339192,239.9));
#12398=CARTESIAN_POINT('',(-13.3167329404305,-3.50825893339192,239.9));
#12399=CARTESIAN_POINT('',(20.6832670595695,-3.50825893339192,239.9));
#12400=CARTESIAN_POINT('',(19.0332670595695,-3.50825893339192,239.9));
#12401=CARTESIAN_POINT('',(22.3332670595695,-3.50825893339192,239.9));
#12402=CARTESIAN_POINT('',(19.0332670595695,-3.50825893339192,250.));
#12403=CARTESIAN_POINT('',(19.0332670595695,-3.50825893339192,509.));
#12404=CARTESIAN_POINT('',(20.6832670595695,-3.50825893339192,509.));
#12405=CARTESIAN_POINT('',(22.3332670595695,-3.50825893339192,509.));
#12406=CARTESIAN_POINT('',(22.3332670595695,-3.50825893339192,250.));
#12407=CARTESIAN_POINT('',(20.6832670595695,-3.50825893339192,250.));
#12408=CARTESIAN_POINT('',(22.3332670595695,-3.50825893339192,239.9));
#12409=CARTESIAN_POINT('',(20.6832670595695,-3.50825893339192,238.908579978604));
#12410=CARTESIAN_POINT('',(19.0332670595695,-3.50825893339192,239.9));
#12411=CARTESIAN_POINT('',(20.6832670595695,-3.50825893339192,239.9));
#12412=CARTESIAN_POINT('',(25.1832670595695,20.9917410666081,509.));
#12413=CARTESIAN_POINT('',(25.1832670595695,7.04174106660808,509.));
#12414=CARTESIAN_POINT('',(25.1832670595695,10.9917410666081,509.));
#12415=CARTESIAN_POINT('',(25.1832670595695,7.04174106660808,250.));
#12416=CARTESIAN_POINT('',(25.1832670595695,7.04174106660808,100.2));
#12417=CARTESIAN_POINT('',(25.1832670595695,-1.25825893339192,100.2));
#12418=CARTESIAN_POINT('',(25.1832670595695,10.9917410666081,100.2));
#12419=CARTESIAN_POINT('',(25.1832670595695,10.9917410666081,250.));
#12420=CARTESIAN_POINT('',(25.1832670595695,-13.5082589333919,250.));
#12421=CARTESIAN_POINT('',(-17.8167329404305,20.9917410666081,509.));
#12422=CARTESIAN_POINT('',(-17.8167329404305,2.84174106660808,509.));
#12423=CARTESIAN_POINT('',(-17.8167329404305,-14.0082589333919,509.));
#12424=CARTESIAN_POINT('',(-17.8167329404305,2.84174106660808,250.));
#12425=CARTESIAN_POINT('',(-17.8167329404305,2.84174106660808,100.2));
#12426=CARTESIAN_POINT('',(-17.8167329404305,-1.25825893339192,100.2));
#12427=CARTESIAN_POINT('',(-17.8167329404305,-14.0082589333919,100.2));
#12428=CARTESIAN_POINT('',(-17.8167329404305,-14.0082589333919,100.2));
#12429=CARTESIAN_POINT('',(-17.8167329404305,-13.5082589333919,250.));
#12430=CARTESIAN_POINT('',(3.68326705956953,-14.0082589333919,509.));
#12431=CARTESIAN_POINT('',(-9.26673294043047,-14.0082589333919,509.));
#12432=CARTESIAN_POINT('',(16.6332670595695,-14.0082589333919,509.));
#12433=CARTESIAN_POINT('',(-9.26673294043047,-14.0082589333919,100.2));
#12434=CARTESIAN_POINT('',(-9.26673294043047,-14.0082589333919,100.2));
#12435=CARTESIAN_POINT('',(3.68326705956953,-14.0082589333919,100.2));
#12436=CARTESIAN_POINT('',(16.6332670595695,-14.0082589333919,100.2));
#12437=CARTESIAN_POINT('',(16.6332670595695,-14.0082589333919,100.2));
#12438=CARTESIAN_POINT('',(-17.8167329404304,-14.0082589333919,100.2));
#12439=CARTESIAN_POINT('',(3.68326705956953,-14.0082589333919,509.));
#12440=CARTESIAN_POINT('',(20.8332670595695,-14.0082589333919,509.));
#12441=CARTESIAN_POINT('',(25.1832670595695,-14.0082589333919,509.));
#12442=CARTESIAN_POINT('',(20.8332670595695,-14.0082589333919,100.2));
#12443=CARTESIAN_POINT('',(20.8332670595695,-14.0082589333919,100.2));
#12444=CARTESIAN_POINT('',(3.68326705956953,-14.0082589333919,100.2));
#12445=CARTESIAN_POINT('',(25.1832670595695,-14.0082589333919,100.2));
#12446=CARTESIAN_POINT('',(25.1832670595695,-14.0082589333919,250.));
#12447=CARTESIAN_POINT('',(-17.8167329404304,-14.0082589333919,100.2));
#12448=CARTESIAN_POINT('',(3.68326705956953,0.491741066608081,509.));
#12449=CARTESIAN_POINT('',(-10.8167329404305,0.491741066608081,509.));
#12450=CARTESIAN_POINT('',(-9.16673294043047,0.491741066608081,509.));
#12451=CARTESIAN_POINT('',(-9.16673294043047,0.491741066608081,222.));
#12452=CARTESIAN_POINT('',(-9.16673294043047,0.491741066608081,100.2));
#12453=CARTESIAN_POINT('',(-17.8167329404304,0.491741066608081,100.2));
#12454=CARTESIAN_POINT('',(-10.8167329404305,0.491741066608081,100.2));
#12455=CARTESIAN_POINT('',(-10.8167329404305,0.491741066608081,100.));
#12456=CARTESIAN_POINT('',(-17.8167329404304,0.491741066608081,222.));
#12457=CARTESIAN_POINT('',(3.68326705956953,0.491741066608081,509.));
#12458=CARTESIAN_POINT('',(-4.96673294043028,0.491741066608081,509.));
#12459=CARTESIAN_POINT('',(-2.41673294043047,0.491741066608081,509.));
#12460=CARTESIAN_POINT('',(-2.41673294043047,0.491741066608081,222.));
#12461=CARTESIAN_POINT('',(-2.41673294043047,0.491741066608081,100.2));
#12462=CARTESIAN_POINT('',(-17.8167329404304,0.491741066608081,100.2));
#12463=CARTESIAN_POINT('',(-4.96673294043028,0.491741066608081,100.2));
#12464=CARTESIAN_POINT('',(-4.96673294043028,0.491741066608081,222.));
#12465=CARTESIAN_POINT('',(-17.8167329404304,0.491741066608081,222.));
#12466=CARTESIAN_POINT('',(-17.8167329404304,0.491741066608081,100.2));
#12467=CARTESIAN_POINT('',(9.78326705956953,0.491741066608081,100.2));
#12468=CARTESIAN_POINT('',(12.3332670595693,0.491741066608081,100.2));
#12469=CARTESIAN_POINT('',(9.78326705956953,0.491741066608081,222.));
#12470=CARTESIAN_POINT('',(9.78326705956953,0.491741066608081,509.));
#12471=CARTESIAN_POINT('',(3.68326705956953,0.491741066608081,509.));
#12472=CARTESIAN_POINT('',(12.3332670595693,0.491741066608081,509.));
#12473=CARTESIAN_POINT('',(12.3332670595693,0.491741066608081,222.));
#12474=CARTESIAN_POINT('',(-17.8167329404304,0.491741066608081,222.));
#12475=CARTESIAN_POINT('',(3.68326705956953,10.9917410666081,100.2));
#12476=CARTESIAN_POINT('',(18.1832670595695,10.9917410666081,100.2));
#12477=CARTESIAN_POINT('',(18.1832670595695,10.9917410666081,250.));
#12478=CARTESIAN_POINT('',(18.1832670595695,10.9917410666081,509.));
#12479=CARTESIAN_POINT('',(3.68326705956953,10.9917410666081,509.));
#12480=CARTESIAN_POINT('',(-17.8167329404305,10.9917410666081,250.));
#12481=CARTESIAN_POINT('',(25.1832670595695,-1.25825893339192,100.2));
#12482=CARTESIAN_POINT('',(25.1832670595695,2.84174106660808,100.2));
#12483=CARTESIAN_POINT('',(25.1832670595695,2.84174106660808,250.));
#12484=CARTESIAN_POINT('',(25.1832670595695,2.84174106660808,509.));
#12485=CARTESIAN_POINT('',(25.1832670595695,20.9917410666081,509.));
#12486=CARTESIAN_POINT('',(25.1832670595695,-13.5082589333919,250.));
#12487=CARTESIAN_POINT('',(3.68326705956953,10.9917410666081,509.));
#12488=CARTESIAN_POINT('',(-10.8167329404305,10.9917410666081,509.));
#12489=CARTESIAN_POINT('',(-17.8167329404305,10.9917410666081,509.));
#12490=CARTESIAN_POINT('',(-10.8167329404305,10.9917410666081,250.));
#12491=CARTESIAN_POINT('',(-10.8167329404305,10.9917410666081,100.2));
#12492=CARTESIAN_POINT('',(3.68326705956953,10.9917410666081,100.2));
#12493=CARTESIAN_POINT('',(-17.8167329404305,10.9917410666081,100.2));
#12494=CARTESIAN_POINT('',(-17.8167329404305,10.9917410666081,250.));
#12495=CARTESIAN_POINT('',(-17.8167329404305,10.9917410666081,250.));
#12496=CARTESIAN_POINT('',(-17.8167329404305,-1.25825893339192,100.2));
#12497=CARTESIAN_POINT('',(-17.8167329404305,7.04174106660808,100.2));
#12498=CARTESIAN_POINT('',(-17.8167329404305,7.04174106660808,250.));
#12499=CARTESIAN_POINT('',(-17.8167329404305,7.04174106660808,509.));
#12500=CARTESIAN_POINT('',(-17.8167329404305,20.9917410666081,509.));
#12501=CARTESIAN_POINT('',(-17.8167329404305,-13.5082589333919,250.));
#12502=CARTESIAN_POINT('',(3.68326705956953,-14.0082589333919,100.2));
#12503=CARTESIAN_POINT('',(-13.4667329404305,-14.0082589333919,100.2));
#12504=CARTESIAN_POINT('',(-13.4667329404305,-14.0082589333919,100.2));
#12505=CARTESIAN_POINT('',(-13.4667329404305,-14.0082589333919,509.));
#12506=CARTESIAN_POINT('',(3.68326705956953,-14.0082589333919,509.));
#12507=CARTESIAN_POINT('',(-17.8167329404304,-14.0082589333919,100.2));
#12508=CARTESIAN_POINT('',(-13.3167329404305,-3.50825893339192,509.));
#12509=CARTESIAN_POINT('',(20.6832670595695,-3.50825893339192,509.));
#12510=CARTESIAN_POINT('',(9.78326705956953,-0.708258933391916,509.));
#12511=CARTESIAN_POINT('',(9.78326705956953,-1.50825893339192,509.));
#12512=CARTESIAN_POINT('',(-2.41673294043047,-1.50825893339192,509.));
#12513=CARTESIAN_POINT('',(5.78326705956969,-1.50825893339192,509.));
#12514=CARTESIAN_POINT('',(5.78326705956969,-2.50825893339192,509.));
#12515=CARTESIAN_POINT('',(5.78326705956969,-2.50825893339192,509.));
#12516=CARTESIAN_POINT('',(7.50766968183313,-2.50825893339192,509.));
#12517=CARTESIAN_POINT('',(7.50766968183313,-2.50825893339192,509.));
#12518=CARTESIAN_POINT('',(7.50766968183313,-2.50825893339192,509.));
#12519=CARTESIAN_POINT('',(7.43326705842048,-5.80742007671749,509.));
#12520=CARTESIAN_POINT('',(7.43326705842048,-5.80742007671749,509.));
#12521=CARTESIAN_POINT('',(-0.0667329392814199,-5.80760574167219,509.));
#12522=CARTESIAN_POINT('',(-0.1323883936683,-2.50825893339192,509.));
#12523=CARTESIAN_POINT('',(-0.1323883936683,-2.50825893339192,509.));
#12524=CARTESIAN_POINT('',(1.58326705956959,-2.50825893339192,509.));
#12525=CARTESIAN_POINT('',(1.58326705956959,-2.50825893339192,509.));
#12526=CARTESIAN_POINT('',(1.58326705956959,-2.50825893339192,509.));
#12527=CARTESIAN_POINT('',(1.58326705956959,-1.50825893339192,509.));
#12528=CARTESIAN_POINT('',(-2.41673294043047,-1.50825893339192,509.));
#12529=CARTESIAN_POINT('',(-2.41673294043047,-1.50825893339192,509.));
#12530=CARTESIAN_POINT('',(-2.41673294043047,-0.708258933391916,509.));
#12531=CARTESIAN_POINT('',(-4.96673294043028,-1.00825893339192,509.));
#12532=CARTESIAN_POINT('',(-4.96673294043028,-1.00825893339192,509.));
#12533=CARTESIAN_POINT('',(-3.31673294043047,-1.00825893339192,509.));
#12534=CARTESIAN_POINT('',(-3.31673294043047,-1.00825893339192,509.));
#12535=CARTESIAN_POINT('',(-3.31673294043047,-1.00825893339192,509.));
#12536=CARTESIAN_POINT('',(-3.31673294043047,-4.30825893339192,509.));
#12537=CARTESIAN_POINT('',(-3.31673294043047,-4.30825893339192,509.));
#12538=CARTESIAN_POINT('',(-10.8167329404305,-4.30825893339192,509.));
#12539=CARTESIAN_POINT('',(-10.8167329404305,-1.00825893339192,509.));
#12540=CARTESIAN_POINT('',(-10.8167329404305,-1.00825893339192,509.));
#12541=CARTESIAN_POINT('',(-9.16673294043047,-1.00825893339192,509.));
#12542=CARTESIAN_POINT('',(-9.16673294043047,-1.00825893339192,509.));
#12543=CARTESIAN_POINT('',(-9.16673294043047,-1.00825893339192,509.));
#12544=CARTESIAN_POINT('',(-10.8167329404305,0.791741066608076,509.));
#12545=CARTESIAN_POINT('',(-16.3167329404305,7.04174106660808,509.));
#12546=CARTESIAN_POINT('',(-16.3167329404305,7.04174106660808,509.));
#12547=CARTESIAN_POINT('',(-16.3167329404305,8.69174106660808,509.));
#12548=CARTESIAN_POINT('',(-16.3167329404305,8.69174106660808,509.));
#12549=CARTESIAN_POINT('',(-16.3167329404305,8.69174106660808,509.));
#12550=CARTESIAN_POINT('',(-12.8167329404305,8.69174106660808,509.));
#12551=CARTESIAN_POINT('',(-12.8167329404305,8.69174106660808,509.));
#12552=CARTESIAN_POINT('',(-12.8167329404305,1.19174106660808,509.));
#12553=CARTESIAN_POINT('',(-16.3167329404305,1.19174106660808,509.));
#12554=CARTESIAN_POINT('',(-16.3167329404305,1.19174106660808,509.));
#12555=CARTESIAN_POINT('',(-16.3167329404305,2.84174106660808,509.));
#12556=CARTESIAN_POINT('',(-16.3167329404305,2.84174106660808,509.));
#12557=CARTESIAN_POINT('',(-16.3167329404305,2.84174106660808,509.));
#12558=CARTESIAN_POINT('',(-13.4667329404305,-11.7082589333919,509.));
#12559=CARTESIAN_POINT('',(-13.4667329404305,-11.7082589333919,509.));
#12560=CARTESIAN_POINT('',(-15.1167329404305,-11.7082589333919,509.));
#12561=CARTESIAN_POINT('',(-15.1167329404305,-11.7082589333919,509.));
#12562=CARTESIAN_POINT('',(-15.1167329404305,-11.7082589333919,509.));
#12563=CARTESIAN_POINT('',(-15.1167329404305,-8.40825893339192,509.));
#12564=CARTESIAN_POINT('',(-15.1167329404305,-8.40825893339192,509.));
#12565=CARTESIAN_POINT('',(-7.61673294043047,-8.40825893339192,509.));
#12566=CARTESIAN_POINT('',(-7.61673294043047,-11.7082589333919,509.));
#12567=CARTESIAN_POINT('',(-7.61673294043047,-11.7082589333919,509.));
#12568=CARTESIAN_POINT('',(-9.26673294043047,-11.7082589333919,509.));
#12569=CARTESIAN_POINT('',(-9.26673294043047,-11.7082589333919,509.));
#12570=CARTESIAN_POINT('',(-9.26673294043047,-11.7082589333919,509.));
#12571=CARTESIAN_POINT('',(16.6332670595695,-11.7082589333919,509.));
#12572=CARTESIAN_POINT('',(16.6332670595695,-11.7082589333919,509.));
#12573=CARTESIAN_POINT('',(16.6332670595695,-11.7082589333919,509.));
#12574=CARTESIAN_POINT('',(14.9832670595695,-11.7082589333919,509.));
#12575=CARTESIAN_POINT('',(14.9832670595695,-11.7082589333919,509.));
#12576=CARTESIAN_POINT('',(14.9832670595695,-8.40825893339192,509.));
#12577=CARTESIAN_POINT('',(22.4832670595695,-8.40825893339192,509.));
#12578=CARTESIAN_POINT('',(22.4832670595695,-8.40825893339192,509.));
#12579=CARTESIAN_POINT('',(22.4832670595695,-11.7082589333919,509.));
#12580=CARTESIAN_POINT('',(22.4832670595695,-11.7082589333919,509.));
#12581=CARTESIAN_POINT('',(22.4832670595695,-11.7082589333919,509.));
#12582=CARTESIAN_POINT('',(20.8332670595695,-11.7082589333919,509.));
#12583=CARTESIAN_POINT('',(20.8332670595695,-11.7082589333919,509.));
#12584=CARTESIAN_POINT('',(23.6832670595695,2.84174106660808,509.));
#12585=CARTESIAN_POINT('',(23.6832670595695,2.84174106660808,509.));
#12586=CARTESIAN_POINT('',(23.6832670595695,2.84174106660808,509.));
#12587=CARTESIAN_POINT('',(23.6832670595695,1.19174106660808,509.));
#12588=CARTESIAN_POINT('',(23.6832670595695,1.19174106660808,509.));
#12589=CARTESIAN_POINT('',(20.1832670595695,1.19174106660808,509.));
#12590=CARTESIAN_POINT('',(20.1832670595695,8.69174106660808,509.));
#12591=CARTESIAN_POINT('',(20.1832670595695,8.69174106660808,509.));
#12592=CARTESIAN_POINT('',(23.6832670595695,8.69174106660808,509.));
#12593=CARTESIAN_POINT('',(23.6832670595695,8.69174106660808,509.));
#12594=CARTESIAN_POINT('',(23.6832670595695,8.69174106660808,509.));
#12595=CARTESIAN_POINT('',(23.6832670595695,7.04174106660808,509.));
#12596=CARTESIAN_POINT('',(23.6832670595695,7.04174106660808,509.));
#12597=CARTESIAN_POINT('',(18.1832670595695,0.791741066608076,509.));
#12598=CARTESIAN_POINT('',(18.1832670595695,0.491741066608081,509.));
#12599=CARTESIAN_POINT('',(3.68326705956953,0.491741066608081,509.));
#12600=CARTESIAN_POINT('',(16.5332670595695,0.491741066608081,509.));
#12601=CARTESIAN_POINT('',(16.5332670595695,-1.00825893339192,509.));
#12602=CARTESIAN_POINT('',(16.5332670595695,-1.00825893339192,509.));
#12603=CARTESIAN_POINT('',(16.5332670595695,-1.00825893339192,509.));
#12604=CARTESIAN_POINT('',(18.1832670595695,-1.00825893339192,509.));
#12605=CARTESIAN_POINT('',(18.1832670595695,-1.00825893339192,509.));
#12606=CARTESIAN_POINT('',(18.1832670595695,-4.30825893339192,509.));
#12607=CARTESIAN_POINT('',(10.6832670595695,-4.30825893339192,509.));
#12608=CARTESIAN_POINT('',(10.6832670595695,-4.30825893339192,509.));
#12609=CARTESIAN_POINT('',(10.6832670595695,-1.00825893339192,509.));
#12610=CARTESIAN_POINT('',(10.6832670595695,-1.00825893339192,509.));
#12611=CARTESIAN_POINT('',(10.6832670595695,-1.00825893339192,509.));
#12612=CARTESIAN_POINT('',(12.3332670595693,-1.00825893339192,509.));
#12613=CARTESIAN_POINT('',(12.3332670595693,-1.00825893339192,509.));
#12614=CARTESIAN_POINT('',(3.68326705956953,20.9917410666081,509.));
#12615=CARTESIAN_POINT('',(-13.3167329404305,-3.50825893339192,100.2));
#12616=CARTESIAN_POINT('',(20.6832670595695,-3.50825893339192,100.2));
#12617=CARTESIAN_POINT('',(9.78326705956953,-0.708258933391916,100.2));
#12618=CARTESIAN_POINT('',(9.78326705956953,-1.50825893339192,100.2));
#12619=CARTESIAN_POINT('',(12.3332670595693,-1.00825893339192,100.2));
#12620=CARTESIAN_POINT('',(12.3332670595693,-1.00825893339192,100.2));
#12621=CARTESIAN_POINT('',(10.6832670595695,-1.00825893339192,100.2));
#12622=CARTESIAN_POINT('',(10.6832670595695,-1.00825893339192,100.2));
#12623=CARTESIAN_POINT('',(10.6832670595695,-1.00825893339192,100.2));
#12624=CARTESIAN_POINT('',(10.6832670595695,-4.30825893339192,100.2));
#12625=CARTESIAN_POINT('',(10.6832670595695,-4.30825893339192,100.2));
#12626=CARTESIAN_POINT('',(18.1832670595695,-4.30825893339192,100.2));
#12627=CARTESIAN_POINT('',(18.1832670595695,-1.00825893339192,100.2));
#12628=CARTESIAN_POINT('',(18.1832670595695,-1.00825893339192,100.2));
#12629=CARTESIAN_POINT('',(16.5332670595695,-1.00825893339192,100.2));
#12630=CARTESIAN_POINT('',(16.5332670595695,-1.00825893339192,100.2));
#12631=CARTESIAN_POINT('',(16.5332670595695,-1.00825893339192,100.2));
#12632=CARTESIAN_POINT('',(16.5332670595695,0.491741066608081,100.2));
#12633=CARTESIAN_POINT('',(-17.8167329404304,0.491741066608081,100.2));
#12634=CARTESIAN_POINT('',(18.1832670595695,0.491741066608081,100.2));
#12635=CARTESIAN_POINT('',(18.1832670595695,0.791741066608076,100.2));
#12636=CARTESIAN_POINT('',(3.68326705956953,7.04174106660808,100.2));
#12637=CARTESIAN_POINT('',(23.6832670595695,7.04174106660808,100.2));
#12638=CARTESIAN_POINT('',(23.6832670595695,8.69174106660808,100.2));
#12639=CARTESIAN_POINT('',(23.6832670595695,8.69174106660808,100.2));
#12640=CARTESIAN_POINT('',(23.6832670595695,8.69174106660808,100.2));
#12641=CARTESIAN_POINT('',(20.1832670595695,8.69174106660808,100.2));
#12642=CARTESIAN_POINT('',(20.1832670595695,8.69174106660808,100.2));
#12643=CARTESIAN_POINT('',(20.1832670595695,1.19174106660808,100.2));
#12644=CARTESIAN_POINT('',(23.6832670595695,1.19174106660808,100.2));
#12645=CARTESIAN_POINT('',(23.6832670595695,1.19174106660808,100.2));
#12646=CARTESIAN_POINT('',(23.6832670595695,2.84174106660808,100.2));
#12647=CARTESIAN_POINT('',(23.6832670595695,2.84174106660808,100.2));
#12648=CARTESIAN_POINT('',(23.6832670595695,2.84174106660808,100.2));
#12649=CARTESIAN_POINT('',(20.8332670595695,-1.25825893339192,100.2));
#12650=CARTESIAN_POINT('',(20.8332670595695,-11.7082589333919,100.2));
#12651=CARTESIAN_POINT('',(22.4832670595695,-11.7082589333919,100.2));
#12652=CARTESIAN_POINT('',(22.4832670595695,-11.7082589333919,100.2));
#12653=CARTESIAN_POINT('',(22.4832670595695,-11.7082589333919,100.2));
#12654=CARTESIAN_POINT('',(22.4832670595695,-8.40825893339192,100.2));
#12655=CARTESIAN_POINT('',(22.4832670595695,-8.40825893339192,100.2));
#12656=CARTESIAN_POINT('',(14.9832670595695,-8.40825893339192,100.2));
#12657=CARTESIAN_POINT('',(14.9832670595695,-11.7082589333919,100.2));
#12658=CARTESIAN_POINT('',(14.9832670595695,-11.7082589333919,100.2));
#12659=CARTESIAN_POINT('',(16.6332670595695,-11.7082589333919,100.2));
#12660=CARTESIAN_POINT('',(16.6332670595695,-11.7082589333919,100.2));
#12661=CARTESIAN_POINT('',(16.6332670595695,-11.7082589333919,100.2));
#12662=CARTESIAN_POINT('',(-9.26673294043047,-1.25825893339192,100.2));
#12663=CARTESIAN_POINT('',(-9.26673294043047,-11.7082589333919,100.2));
#12664=CARTESIAN_POINT('',(-9.26673294043047,-11.7082589333919,100.2));
#12665=CARTESIAN_POINT('',(-7.61673294043047,-11.7082589333919,100.2));
#12666=CARTESIAN_POINT('',(-7.61673294043047,-11.7082589333919,100.2));
#12667=CARTESIAN_POINT('',(-7.61673294043047,-8.40825893339192,100.2));
#12668=CARTESIAN_POINT('',(-15.1167329404305,-8.40825893339192,100.2));
#12669=CARTESIAN_POINT('',(-15.1167329404305,-8.40825893339192,100.2));
#12670=CARTESIAN_POINT('',(-15.1167329404305,-11.7082589333919,100.2));
#12671=CARTESIAN_POINT('',(-15.1167329404305,-11.7082589333919,100.2));
#12672=CARTESIAN_POINT('',(-15.1167329404305,-11.7082589333919,100.2));
#12673=CARTESIAN_POINT('',(-13.4667329404305,-11.7082589333919,100.2));
#12674=CARTESIAN_POINT('',(-13.4667329404305,-11.7082589333919,100.2));
#12675=CARTESIAN_POINT('',(3.68326705956953,2.84174106660808,100.2));
#12676=CARTESIAN_POINT('',(-16.3167329404305,2.84174106660808,100.2));
#12677=CARTESIAN_POINT('',(-16.3167329404305,2.84174106660808,100.2));
#12678=CARTESIAN_POINT('',(-16.3167329404305,1.19174106660808,100.2));
#12679=CARTESIAN_POINT('',(-16.3167329404305,1.19174106660808,100.2));
#12680=CARTESIAN_POINT('',(-12.8167329404305,1.19174106660808,100.2));
#12681=CARTESIAN_POINT('',(-12.8167329404305,8.69174106660808,100.2));
#12682=CARTESIAN_POINT('',(-12.8167329404305,8.69174106660808,100.2));
#12683=CARTESIAN_POINT('',(-16.3167329404305,8.69174106660808,100.2));
#12684=CARTESIAN_POINT('',(-16.3167329404305,8.69174106660808,100.2));
#12685=CARTESIAN_POINT('',(-16.3167329404305,8.69174106660808,100.2));
#12686=CARTESIAN_POINT('',(-16.3167329404305,7.04174106660808,100.2));
#12687=CARTESIAN_POINT('',(-16.3167329404305,7.04174106660808,100.2));
#12688=CARTESIAN_POINT('',(-10.8167329404305,-1.25825893339192,100.2));
#12689=CARTESIAN_POINT('',(-9.16673294043047,-1.00825893339192,100.2));
#12690=CARTESIAN_POINT('',(-9.16673294043047,-1.00825893339192,100.2));
#12691=CARTESIAN_POINT('',(-9.16673294043047,-1.00825893339192,100.2));
#12692=CARTESIAN_POINT('',(-10.8167329404305,-1.00825893339192,100.2));
#12693=CARTESIAN_POINT('',(-10.8167329404305,-1.00825893339192,100.2));
#12694=CARTESIAN_POINT('',(-10.8167329404305,-4.30825893339192,100.2));
#12695=CARTESIAN_POINT('',(-3.31673294043047,-4.30825893339192,100.2));
#12696=CARTESIAN_POINT('',(-3.31673294043047,-4.30825893339192,100.2));
#12697=CARTESIAN_POINT('',(-3.31673294043047,-1.00825893339192,100.2));
#12698=CARTESIAN_POINT('',(-3.31673294043047,-1.00825893339192,100.2));
#12699=CARTESIAN_POINT('',(-3.31673294043047,-1.00825893339192,100.2));
#12700=CARTESIAN_POINT('',(-4.96673294043028,-1.00825893339192,100.2));
#12701=CARTESIAN_POINT('',(-4.96673294043028,-1.00825893339192,100.2));
#12702=CARTESIAN_POINT('',(-2.41673294043047,-0.708258933391916,100.2));
#12703=CARTESIAN_POINT('',(-2.41673294043047,-1.50825893339192,100.2));
#12704=CARTESIAN_POINT('',(-2.41673294043047,-1.50825893339192,100.2));
#12705=CARTESIAN_POINT('',(1.58326705956959,-1.50825893339192,100.2));
#12706=CARTESIAN_POINT('',(1.58326705956959,-2.50825893339192,100.2));
#12707=CARTESIAN_POINT('',(1.58326705956959,-2.50825893339192,100.2));
#12708=CARTESIAN_POINT('',(1.58326705956959,-2.50825893339192,100.2));
#12709=CARTESIAN_POINT('',(-0.1323883936683,-2.50825893339192,100.2));
#12710=CARTESIAN_POINT('',(-0.1323883936683,-2.50825893339192,100.2));
#12711=CARTESIAN_POINT('',(-0.0667329392814199,-5.80760574167219,100.2));
#12712=CARTESIAN_POINT('',(7.43326705842048,-5.80742007671749,100.2));
#12713=CARTESIAN_POINT('',(7.43326705842048,-5.80742007671749,100.2));
#12714=CARTESIAN_POINT('',(7.50766968183313,-2.50825893339192,100.2));
#12715=CARTESIAN_POINT('',(7.50766968183313,-2.50825893339192,100.2));
#12716=CARTESIAN_POINT('',(7.50766968183313,-2.50825893339192,100.2));
#12717=CARTESIAN_POINT('',(5.78326705956969,-2.50825893339192,100.2));
#12718=CARTESIAN_POINT('',(5.78326705956969,-2.50825893339192,100.2));
#12719=CARTESIAN_POINT('',(5.78326705956969,-1.50825893339192,100.2));
#12720=CARTESIAN_POINT('',(-2.41673294043047,-1.50825893339192,100.2));
#12721=CARTESIAN_POINT('',(3.68326705956953,-1.25825893339192,100.2));
#12722=CARTESIAN_POINT('',(18.1832670595695,0.491741066608081,222.));
#12723=CARTESIAN_POINT('',(18.1832670595695,0.791741066608076,100.));
#12724=CARTESIAN_POINT('',(-10.8167329404305,0.791741066608076,100.));
#12725=CARTESIAN_POINT('',(16.5332670595695,0.491741066608081,222.));
#12726=CARTESIAN_POINT('',(-17.8167329404304,0.491741066608081,222.));
#12727=CARTESIAN_POINT('',(12.3332670595693,-1.00825893339192,100.));
#12728=CARTESIAN_POINT('',(12.3332670595693,-1.00825893339192,100.));
#12729=CARTESIAN_POINT('',(16.5332670595695,-1.00825893339192,100.));
#12730=CARTESIAN_POINT('',(16.5332670595695,-1.00825893339192,100.));
#12731=CARTESIAN_POINT('',(18.1832670595695,-1.00825893339192,100.));
#12732=CARTESIAN_POINT('',(16.5332670595695,-1.00825893339192,100.));
#12733=CARTESIAN_POINT('',(18.1832670595695,-4.30825893339192,100.));
#12734=CARTESIAN_POINT('',(18.1832670595695,-1.00825893339192,100.));
#12735=CARTESIAN_POINT('',(10.6832670595695,-4.30825893339192,100.));
#12736=CARTESIAN_POINT('',(10.6832670595695,-4.30825893339192,100.));
#12737=CARTESIAN_POINT('',(10.6832670595695,-1.00825893339192,100.));
#12738=CARTESIAN_POINT('',(10.6832670595695,-1.00825893339192,100.));
#12739=CARTESIAN_POINT('',(10.6832670595695,-1.00825893339192,100.));
#12740=CARTESIAN_POINT('',(1.58326705956959,-1.50825893339192,100.));
#12741=CARTESIAN_POINT('',(1.58326705956959,-2.50825893339192,100.));
#12742=CARTESIAN_POINT('',(1.58326705956959,-2.50825893339192,100.));
#12743=CARTESIAN_POINT('',(5.78326705956969,-1.50825893339192,100.));
#12744=CARTESIAN_POINT('',(5.78326705956969,-2.50825893339192,100.));
#12745=CARTESIAN_POINT('',(5.78326705956969,-2.50825893339192,100.));
#12746=CARTESIAN_POINT('',(7.50766968183313,-2.50825893339192,100.));
#12747=CARTESIAN_POINT('',(7.50766968183313,-2.50825893339192,100.));
#12748=CARTESIAN_POINT('',(7.43326705842048,-5.80742007671749,100.));
#12749=CARTESIAN_POINT('',(7.50766968183313,-2.50825893339192,100.));
#12750=CARTESIAN_POINT('',(-0.0667329392814199,-5.80760574167219,100.));
#12751=CARTESIAN_POINT('',(7.43326705842048,-5.80742007671749,100.));
#12752=CARTESIAN_POINT('',(-0.1323883936683,-2.50825893339192,100.));
#12753=CARTESIAN_POINT('',(-0.1323883936683,-2.50825893339192,100.));
#12754=CARTESIAN_POINT('',(1.58326705956959,-2.50825893339192,100.));
#12755=CARTESIAN_POINT('',(-9.16673294043047,-1.00825893339192,100.));
#12756=CARTESIAN_POINT('',(-9.16673294043047,-1.00825893339192,100.));
#12757=CARTESIAN_POINT('',(-4.96673294043028,-1.00825893339192,100.));
#12758=CARTESIAN_POINT('',(-4.96673294043028,-1.00825893339192,100.));
#12759=CARTESIAN_POINT('',(-3.31673294043047,-1.00825893339192,100.));
#12760=CARTESIAN_POINT('',(-3.31673294043047,-1.00825893339192,100.));
#12761=CARTESIAN_POINT('',(-3.31673294043047,-4.30825893339192,100.));
#12762=CARTESIAN_POINT('',(-3.31673294043047,-1.00825893339192,100.));
#12763=CARTESIAN_POINT('',(-10.8167329404305,-4.30825893339192,100.));
#12764=CARTESIAN_POINT('',(-3.31673294043047,-4.30825893339192,100.));
#12765=CARTESIAN_POINT('',(-10.8167329404305,-1.00825893339192,100.));
#12766=CARTESIAN_POINT('',(-10.8167329404305,-1.00825893339192,100.));
#12767=CARTESIAN_POINT('',(-9.16673294043047,-1.00825893339192,100.));
#12768=CARTESIAN_POINT('',(-16.3167329404305,2.84174106660808,100.));
#12769=CARTESIAN_POINT('',(-16.3167329404305,2.84174106660808,100.));
#12770=CARTESIAN_POINT('',(-16.3167329404305,7.04174106660808,100.));
#12771=CARTESIAN_POINT('',(-16.3167329404305,7.04174106660808,100.));
#12772=CARTESIAN_POINT('',(-16.3167329404305,8.69174106660808,100.));
#12773=CARTESIAN_POINT('',(-16.3167329404305,8.69174106660808,100.));
#12774=CARTESIAN_POINT('',(-12.8167329404305,8.69174106660808,100.));
#12775=CARTESIAN_POINT('',(-16.3167329404305,8.69174106660808,100.));
#12776=CARTESIAN_POINT('',(-12.8167329404305,1.19174106660808,100.));
#12777=CARTESIAN_POINT('',(-12.8167329404305,8.69174106660808,100.));
#12778=CARTESIAN_POINT('',(-16.3167329404305,1.19174106660808,100.));
#12779=CARTESIAN_POINT('',(-16.3167329404305,1.19174106660808,100.));
#12780=CARTESIAN_POINT('',(-16.3167329404305,2.84174106660808,100.));
#12781=CARTESIAN_POINT('',(23.6832670595695,7.04174106660808,100.));
#12782=CARTESIAN_POINT('',(23.6832670595695,7.04174106660808,100.));
#12783=CARTESIAN_POINT('',(23.6832670595695,2.84174106660808,100.));
#12784=CARTESIAN_POINT('',(23.6832670595695,2.84174106660808,100.));
#12785=CARTESIAN_POINT('',(20.1832670595695,8.69174106660808,100.));
#12786=CARTESIAN_POINT('',(23.6832670595695,8.69174106660808,100.));
#12787=CARTESIAN_POINT('',(23.6832670595695,8.69174106660808,100.));
#12788=CARTESIAN_POINT('',(23.6832670595695,8.69174106660808,100.));
#12789=CARTESIAN_POINT('',(23.6832670595695,1.19174106660808,100.));
#12790=CARTESIAN_POINT('',(23.6832670595695,2.84174106660808,100.));
#12791=CARTESIAN_POINT('',(20.1832670595695,1.19174106660808,100.));
#12792=CARTESIAN_POINT('',(23.6832670595695,1.19174106660808,100.));
#12793=CARTESIAN_POINT('',(20.1832670595695,8.69174106660808,100.));
#12794=CARTESIAN_POINT('',(20.8332670595695,-11.7082589333919,100.));
#12795=CARTESIAN_POINT('',(20.8332670595695,-11.7082589333919,100.));
#12796=CARTESIAN_POINT('',(16.6332670595695,-11.7082589333919,100.));
#12797=CARTESIAN_POINT('',(16.6332670595695,-11.7082589333919,100.));
#12798=CARTESIAN_POINT('',(14.9832670595695,-11.7082589333919,100.));
#12799=CARTESIAN_POINT('',(16.6332670595695,-11.7082589333919,100.));
#12800=CARTESIAN_POINT('',(14.9832670595695,-8.40825893339192,100.));
#12801=CARTESIAN_POINT('',(14.9832670595695,-11.7082589333919,100.));
#12802=CARTESIAN_POINT('',(22.4832670595695,-8.40825893339192,100.));
#12803=CARTESIAN_POINT('',(22.4832670595695,-8.40825893339192,100.));
#12804=CARTESIAN_POINT('',(22.4832670595695,-11.7082589333919,100.));
#12805=CARTESIAN_POINT('',(22.4832670595695,-11.7082589333919,100.));
#12806=CARTESIAN_POINT('',(22.4832670595695,-11.7082589333919,100.));
#12807=CARTESIAN_POINT('',(-9.26673294043047,-11.7082589333919,100.));
#12808=CARTESIAN_POINT('',(-9.26673294043047,-11.7082589333919,100.));
#12809=CARTESIAN_POINT('',(-13.4667329404305,-11.7082589333919,100.));
#12810=CARTESIAN_POINT('',(-13.4667329404305,-11.7082589333919,100.));
#12811=CARTESIAN_POINT('',(-15.1167329404305,-11.7082589333919,100.));
#12812=CARTESIAN_POINT('',(-15.1167329404305,-11.7082589333919,100.));
#12813=CARTESIAN_POINT('',(-15.1167329404305,-8.40825893339192,100.));
#12814=CARTESIAN_POINT('',(-15.1167329404305,-11.7082589333919,100.));
#12815=CARTESIAN_POINT('',(-7.61673294043047,-8.40825893339192,100.));
#12816=CARTESIAN_POINT('',(-15.1167329404305,-8.40825893339192,100.));
#12817=CARTESIAN_POINT('',(-7.61673294043047,-11.7082589333919,100.));
#12818=CARTESIAN_POINT('',(-7.61673294043047,-11.7082589333919,100.));
#12819=CARTESIAN_POINT('',(-9.26673294043047,-11.7082589333919,100.));
#12820=CARTESIAN_POINT('',(9.78326705956953,-1.50825893339192,100.));
#12821=CARTESIAN_POINT('',(-2.41673294043047,-1.50825893339192,100.));
#12822=CARTESIAN_POINT('',(9.78326705956953,-0.708258933391916,100.));
#12823=CARTESIAN_POINT('',(-2.41673294043047,-1.50825893339192,100.));
#12824=CARTESIAN_POINT('',(-2.41673294043047,-0.708258933391916,100.));
#12825=CARTESIAN_POINT('',(-2.41673294043047,-1.50825893339192,100.));
#12826=CARTESIAN_POINT('',(20.6832670595695,-3.50825893339192,239.9));
#12827=CARTESIAN_POINT('',(20.6832670595695,-3.50825893339192,239.9));
#12828=CARTESIAN_POINT('',(20.6832670595695,-3.50825893339192,250.));
#12829=CARTESIAN_POINT('',(-13.3167329404305,-3.50825893339192,239.9));
#12830=CARTESIAN_POINT('',(-13.3167329404305,-3.50825893339192,239.9));
#12831=CARTESIAN_POINT('',(-13.3167329404305,-3.50825893339192,250.));
#12832=CARTESIAN_POINT('',(20.6832670595695,-3.50825893339192,110.1));
#12833=CARTESIAN_POINT('',(20.6832670595695,-3.50825893339192,110.1));
#12834=CARTESIAN_POINT('',(20.6832670595695,-3.50825893339192,100.));
#12835=CARTESIAN_POINT('',(-13.3167329404305,-3.50825893339192,110.1));
#12836=CARTESIAN_POINT('',(-13.3167329404305,-3.50825893339192,110.1));
#12837=CARTESIAN_POINT('',(-13.3167329404305,-3.50825893339192,100.));
#12838=CARTESIAN_POINT('',(-7.21673294043046,38.9917410666081,113.699987292601));
#12839=CARTESIAN_POINT('',(-7.21673294043046,37.3417410666081,113.699987292601));
#12840=CARTESIAN_POINT('',(-7.21673294043046,40.6417410666081,113.699987292601));
#12841=CARTESIAN_POINT('',(-17.3167329404305,37.3417410666081,113.699987292601));
#12842=CARTESIAN_POINT('',(-17.3167329404305,37.3417410666081,113.699987292601));
#12843=CARTESIAN_POINT('',(-17.3167329404305,38.9917410666081,113.699987292601));
#12844=CARTESIAN_POINT('',(-17.3167329404305,40.6417410666081,113.699987292601));
#12845=CARTESIAN_POINT('',(-17.3167329404305,40.6417410666081,113.699987292601));
#12846=CARTESIAN_POINT('',(-17.3167329404305,38.9917410666081,113.699987292601));
#12847=CARTESIAN_POINT('',(-7.21673294043046,40.6417410666081,113.699987292601));
#12848=CARTESIAN_POINT('',(-6.22531291903498,38.9917410666081,113.699987292601));
#12849=CARTESIAN_POINT('',(-7.21673294043046,37.3417410666081,113.699987292601));
#12850=CARTESIAN_POINT('',(-7.21673294043046,38.9917410666081,113.699987292601));
#12851=CARTESIAN_POINT('',(-7.21673294043046,38.9917410666081,152.699987292601));
#12852=CARTESIAN_POINT('',(-7.21673294043046,37.3417410666081,152.699987292601));
#12853=CARTESIAN_POINT('',(-7.21673294043046,40.6417410666081,152.699987292601));
#12854=CARTESIAN_POINT('',(-17.3167329404305,37.3417410666081,152.699987292601));
#12855=CARTESIAN_POINT('',(-17.3167329404305,37.3417410666081,152.699987292601));
#12856=CARTESIAN_POINT('',(-17.3167329404305,38.9917410666081,152.699987292601));
#12857=CARTESIAN_POINT('',(-17.3167329404305,40.6417410666081,152.699987292601));
#12858=CARTESIAN_POINT('',(-17.3167329404305,40.6417410666081,152.699987292601));
#12859=CARTESIAN_POINT('',(-17.3167329404305,38.9917410666081,152.699987292601));
#12860=CARTESIAN_POINT('',(-7.21673294043046,40.6417410666081,152.699987292601));
#12861=CARTESIAN_POINT('',(-6.22531291903498,38.9917410666081,152.699987292601));
#12862=CARTESIAN_POINT('',(-7.21673294043046,37.3417410666081,152.699987292601));
#12863=CARTESIAN_POINT('',(-7.21673294043046,38.9917410666081,152.699987292601));
#12864=CARTESIAN_POINT('',(14.5832670595695,38.9917410666081,113.699987292601));
#12865=CARTESIAN_POINT('',(14.5832670595695,40.6417410666081,113.699987292601));
#12866=CARTESIAN_POINT('',(14.5832670595695,37.3417410666081,113.699987292601));
#12867=CARTESIAN_POINT('',(24.6832670595695,40.6417410666081,113.699987292601));
#12868=CARTESIAN_POINT('',(24.6832670595695,40.6417410666081,113.699987292601));
#12869=CARTESIAN_POINT('',(24.6832670595695,38.9917410666081,113.699987292601));
#12870=CARTESIAN_POINT('',(24.6832670595695,37.3417410666081,113.699987292601));
#12871=CARTESIAN_POINT('',(24.6832670595695,37.3417410666081,113.699987292601));
#12872=CARTESIAN_POINT('',(24.6832670595695,38.9917410666081,113.699987292601));
#12873=CARTESIAN_POINT('',(14.5832670595695,37.3417410666081,113.699987292601));
#12874=CARTESIAN_POINT('',(13.5918470381741,38.9917410666081,113.699987292601));
#12875=CARTESIAN_POINT('',(14.5832670595695,40.6417410666081,113.699987292601));
#12876=CARTESIAN_POINT('',(14.5832670595695,38.9917410666081,113.699987292601));
#12877=CARTESIAN_POINT('',(14.5832670595695,38.9917410666081,152.699987292601));
#12878=CARTESIAN_POINT('',(14.5832670595695,40.6417410666081,152.699987292601));
#12879=CARTESIAN_POINT('',(14.5832670595695,37.3417410666081,152.699987292601));
#12880=CARTESIAN_POINT('',(24.6832670595695,40.6417410666081,152.699987292601));
#12881=CARTESIAN_POINT('',(24.6832670595695,40.6417410666081,152.699987292601));
#12882=CARTESIAN_POINT('',(24.6832670595695,38.9917410666081,152.699987292601));
#12883=CARTESIAN_POINT('',(24.6832670595695,37.3417410666081,152.699987292601));
#12884=CARTESIAN_POINT('',(24.6832670595695,37.3417410666081,152.699987292601));
#12885=CARTESIAN_POINT('',(24.6832670595695,38.9917410666081,152.699987292601));
#12886=CARTESIAN_POINT('',(14.5832670595695,37.3417410666081,152.699987292601));
#12887=CARTESIAN_POINT('',(13.5918470381741,38.9917410666081,152.699987292601));
#12888=CARTESIAN_POINT('',(14.5832670595695,40.6417410666081,152.699987292601));
#12889=CARTESIAN_POINT('',(14.5832670595695,38.9917410666081,152.699987292601));
#12890=CARTESIAN_POINT('',(18.6832670595695,33.3917410666081,118.199987292601));
#12891=CARTESIAN_POINT('',(17.0332670595695,33.3917410666081,118.199987292601));
#12892=CARTESIAN_POINT('',(20.3332670595695,33.3917410666081,118.199987292601));
#12893=CARTESIAN_POINT('',(17.0332670595695,43.4917410666081,118.199987292601));
#12894=CARTESIAN_POINT('',(17.0332670595695,43.4917410666081,118.199987292601));
#12895=CARTESIAN_POINT('',(18.6832670595695,43.4917410666081,118.199987292601));
#12896=CARTESIAN_POINT('',(20.3332670595695,43.4917410666081,118.199987292601));
#12897=CARTESIAN_POINT('',(20.3332670595695,43.4917410666081,118.199987292601));
#12898=CARTESIAN_POINT('',(18.6832670595695,43.4917410666081,118.199987292601));
#12899=CARTESIAN_POINT('',(20.3332670595695,33.3917410666081,118.199987292601));
#12900=CARTESIAN_POINT('',(18.6832670595695,32.4003210452127,118.199987292601));
#12901=CARTESIAN_POINT('',(17.0332670595695,33.3917410666081,118.199987292601));
#12902=CARTESIAN_POINT('',(18.6832670595695,33.3917410666081,118.199987292601));
#12903=CARTESIAN_POINT('',(-11.3167329404305,33.3917410666081,148.199987292601));
#12904=CARTESIAN_POINT('',(-12.9667329404305,33.3917410666081,148.199987292601));
#12905=CARTESIAN_POINT('',(-9.66673294043046,33.3917410666081,148.199987292601));
#12906=CARTESIAN_POINT('',(-12.9667329404305,43.4917410666081,148.199987292601));
#12907=CARTESIAN_POINT('',(-12.9667329404305,43.4917410666081,148.199987292601));
#12908=CARTESIAN_POINT('',(-11.3167329404305,43.4917410666081,148.199987292601));
#12909=CARTESIAN_POINT('',(-9.66673294043046,43.4917410666081,148.199987292601));
#12910=CARTESIAN_POINT('',(-9.66673294043046,43.4917410666081,148.199987292601));
#12911=CARTESIAN_POINT('',(-11.3167329404305,43.4917410666081,148.199987292601));
#12912=CARTESIAN_POINT('',(-9.66673294043046,33.3917410666081,148.199987292601));
#12913=CARTESIAN_POINT('',(-11.3167329404305,32.4003210452127,148.199987292601));
#12914=CARTESIAN_POINT('',(-12.9667329404305,33.3917410666081,148.199987292601));
#12915=CARTESIAN_POINT('',(-11.3167329404305,33.3917410666081,148.199987292601));
#12916=CARTESIAN_POINT('',(-11.3167329404305,33.3917410666081,118.199987292601));
#12917=CARTESIAN_POINT('',(-12.9667329404305,33.3917410666081,118.199987292601));
#12918=CARTESIAN_POINT('',(-9.66673294043046,33.3917410666081,118.199987292601));
#12919=CARTESIAN_POINT('',(-12.9667329404305,43.4917410666081,118.199987292601));
#12920=CARTESIAN_POINT('',(-12.9667329404305,43.4917410666081,118.199987292601));
#12921=CARTESIAN_POINT('',(-11.3167329404305,43.4917410666081,118.199987292601));
#12922=CARTESIAN_POINT('',(-9.66673294043046,43.4917410666081,118.199987292601));
#12923=CARTESIAN_POINT('',(-9.66673294043046,43.4917410666081,118.199987292601));
#12924=CARTESIAN_POINT('',(-11.3167329404305,43.4917410666081,118.199987292601));
#12925=CARTESIAN_POINT('',(-9.66673294043046,33.3917410666081,118.199987292601));
#12926=CARTESIAN_POINT('',(-11.3167329404305,32.4003210452127,118.199987292601));
#12927=CARTESIAN_POINT('',(-12.9667329404305,33.3917410666081,118.199987292601));
#12928=CARTESIAN_POINT('',(-11.3167329404305,33.3917410666081,118.199987292601));
#12929=CARTESIAN_POINT('',(18.6832670595695,33.3917410666081,148.199987292601));
#12930=CARTESIAN_POINT('',(17.0332670595695,33.3917410666081,148.199987292601));
#12931=CARTESIAN_POINT('',(20.3332670595695,33.3917410666081,148.199987292601));
#12932=CARTESIAN_POINT('',(17.0332670595695,43.4917410666081,148.199987292601));
#12933=CARTESIAN_POINT('',(17.0332670595695,43.4917410666081,148.199987292601));
#12934=CARTESIAN_POINT('',(18.6832670595695,43.4917410666081,148.199987292601));
#12935=CARTESIAN_POINT('',(20.3332670595695,43.4917410666081,148.199987292601));
#12936=CARTESIAN_POINT('',(20.3332670595695,43.4917410666081,148.199987292601));
#12937=CARTESIAN_POINT('',(18.6832670595695,43.4917410666081,148.199987292601));
#12938=CARTESIAN_POINT('',(20.3332670595695,33.3917410666081,148.199987292601));
#12939=CARTESIAN_POINT('',(18.6832670595695,32.4003210452127,148.199987292601));
#12940=CARTESIAN_POINT('',(17.0332670595695,33.3917410666081,148.199987292601));
#12941=CARTESIAN_POINT('',(18.6832670595695,33.3917410666081,148.199987292601));
#12942=CARTESIAN_POINT('',(13.6832670595695,13.4917410666081,123.199987292601));
#12943=CARTESIAN_POINT('',(10.4332670595695,13.4917410666081,123.199987292601));
#12944=CARTESIAN_POINT('',(16.9332670595695,13.4917410666081,123.199987292601));
#12945=CARTESIAN_POINT('',(10.4332670595695,43.4917410666081,123.199987292601));
#12946=CARTESIAN_POINT('',(10.4332670595695,16.8003983862549,123.199987292601));
#12947=CARTESIAN_POINT('',(16.9332670595695,25.9057209584108,123.199987292601));
#12948=CARTESIAN_POINT('',(16.9332670595695,25.9057209584108,123.505120439466));
#12949=CARTESIAN_POINT('',(16.8916887198285,25.6925821280976,123.758427316106));
#12950=CARTESIAN_POINT('',(16.7942375677501,25.2668153539968,124.163152546907));
#12951=CARTESIAN_POINT('',(16.7334615905244,25.0268188283437,124.335277453038));
#12952=CARTESIAN_POINT('',(16.5262756475751,24.3012537369109,124.812464848643));
#12953=CARTESIAN_POINT('',(16.3542453296826,23.8026008864389,125.078717250984));
#12954=CARTESIAN_POINT('',(15.7315767322633,22.3066672728129,125.802280932551));
#12955=CARTESIAN_POINT('',(15.1736086420941,21.3086981951343,126.178116177245));
#12956=CARTESIAN_POINT('',(13.763576311726,19.435725388761,126.529239477427));
#12957=CARTESIAN_POINT('',(12.8738796623087,18.5441003773611,126.499877494668));
#12958=CARTESIAN_POINT('',(11.1704837599742,17.2061528507829,125.486972949272));
#12959=CARTESIAN_POINT('',(10.4332670595695,16.8003981155182,124.408725126949));
#12960=CARTESIAN_POINT('',(10.4332670595695,16.8003981155182,123.199987292601));
#12961=CARTESIAN_POINT('',(16.9332670595695,25.9057209584109,123.199987292601));
#12962=CARTESIAN_POINT('',(16.9332670595695,43.4917410666081,123.199987292601));
#12963=CARTESIAN_POINT('',(13.6832670595695,43.4917410666081,123.199987292601));
#12964=CARTESIAN_POINT('',(10.4332670595696,40.183084017698,123.199987292601));
#12965=CARTESIAN_POINT('',(10.4332670595696,40.183084017698,124.407159657339));
#12966=CARTESIAN_POINT('',(11.1755359242624,39.7737375219266,125.491173539462));
#12967=CARTESIAN_POINT('',(12.8746552987452,38.4383947247692,126.499138226561));
#12968=CARTESIAN_POINT('',(13.7645035272775,37.5463981368444,126.528882991785));
#12969=CARTESIAN_POINT('',(15.1716215703874,35.6775502772118,126.178736491486));
#12970=CARTESIAN_POINT('',(15.7315054586385,34.6766688742893,125.802094345499));
#12971=CARTESIAN_POINT('',(16.3534020043906,33.1830655711357,125.079831645197));
#12972=CARTESIAN_POINT('',(16.5278970313235,32.6773640065142,124.80984043625));
#12973=CARTESIAN_POINT('',(16.7351288567374,31.9504103561206,124.330872466289));
#12974=CARTESIAN_POINT('',(16.7951352928889,31.7130560788626,124.160550998811));
#12975=CARTESIAN_POINT('',(16.8927204239519,31.2860747600512,123.75299329355));
#12976=CARTESIAN_POINT('',(16.9332670595695,31.0777611748054,123.501840488107));
#12977=CARTESIAN_POINT('',(16.9332670595695,31.0777611748054,123.199987292601));
#12978=CARTESIAN_POINT('',(10.4332670595695,40.1830821489272,123.199987292601));
#12979=CARTESIAN_POINT('',(16.9332670595695,31.0777611748053,123.199987292601));
#12980=CARTESIAN_POINT('',(10.4332670595695,43.4917410666081,123.199987292601));
#12981=CARTESIAN_POINT('',(10.4332670595695,43.4917410666081,123.199987292601));
#12982=CARTESIAN_POINT('',(13.6832670595695,43.4917410666081,123.199987292601));
#12983=CARTESIAN_POINT('',(16.9332670595695,43.4917410666081,123.199987292601));
#12984=CARTESIAN_POINT('',(16.9332670595695,43.4917410666081,123.199987292601));
#12985=CARTESIAN_POINT('',(13.6832670595695,43.4917410666081,123.199987292601));
#12986=CARTESIAN_POINT('',(13.6832670595695,11.4917410666081,123.199987292601));
#12987=CARTESIAN_POINT('',(11.9832670595695,11.4917410666081,123.199987292601));
#12988=CARTESIAN_POINT('',(15.3832670595695,11.4917410666081,123.199987292601));
#12989=CARTESIAN_POINT('',(11.9832670595695,43.4917410666081,123.199987292601));
#12990=CARTESIAN_POINT('',(11.9832670595695,13.4917410666081,123.199987292601));
#12991=CARTESIAN_POINT('',(13.6832670595695,13.4917410666081,123.199987292601));
#12992=CARTESIAN_POINT('',(15.3832670595695,13.4917410666081,123.199987292601));
#12993=CARTESIAN_POINT('',(15.3832670595695,43.4917410666081,123.199987292601));
#12994=CARTESIAN_POINT('',(13.6832670595695,43.4917410666081,123.199987292601));
#12995=CARTESIAN_POINT('',(-6.31673294043046,11.4917410666081,143.199987292601));
#12996=CARTESIAN_POINT('',(-8.01673294043046,11.4917410666081,143.199987292601));
#12997=CARTESIAN_POINT('',(-4.61673294043046,11.4917410666081,143.199987292601));
#12998=CARTESIAN_POINT('',(-8.01673294043046,43.4917410666081,143.199987292601));
#12999=CARTESIAN_POINT('',(-8.01673294043046,13.4917410666081,143.199987292601));
#13000=CARTESIAN_POINT('',(-6.31673294043046,13.4917410666081,143.199987292601));
#13001=CARTESIAN_POINT('',(-4.61673294043046,13.4917410666081,143.199987292601));
#13002=CARTESIAN_POINT('',(-4.61673294043046,43.4917410666081,143.199987292601));
#13003=CARTESIAN_POINT('',(-6.31673294043046,43.4917410666081,143.199987292601));
#13004=CARTESIAN_POINT('',(-6.31673294043046,13.4917410666081,143.199987292601));
#13005=CARTESIAN_POINT('',(-9.56673294043046,13.4917410666081,143.199987292601));
#13006=CARTESIAN_POINT('',(-3.06673294043046,13.4917410666081,143.199987292601));
#13007=CARTESIAN_POINT('',(-9.56673294043046,43.4917410666081,143.199987292601));
#13008=CARTESIAN_POINT('',(-9.56673294043046,25.9057209584123,143.199987292605));
#13009=CARTESIAN_POINT('',(-3.06673294043046,16.8003981155182,143.199987292601));
#13010=CARTESIAN_POINT('',(-3.06673294043046,16.8003981155182,144.407159671032));
#13011=CARTESIAN_POINT('',(-3.80900171561236,17.2097445521725,145.491173450723));
#13012=CARTESIAN_POINT('',(-5.50812109564882,18.5450873312349,146.499138212395));
#13013=CARTESIAN_POINT('',(-6.39796934611041,19.4370839254577,146.528882995876));
#13014=CARTESIAN_POINT('',(-7.80508741750361,21.3059317997192,146.178736511227));
#13015=CARTESIAN_POINT('',(-8.36497131761195,22.30681321399,145.802094364439));
#13016=CARTESIAN_POINT('',(-8.98686787503029,23.8004165337173,145.079831660307));
#13017=CARTESIAN_POINT('',(-9.1613629050963,24.3061181041728,144.80984044944));
#13018=CARTESIAN_POINT('',(-9.36859473408915,25.0330717636178,144.330872475996));
#13019=CARTESIAN_POINT('',(-9.42860117127084,25.2704260440498,144.16055100719));
#13020=CARTESIAN_POINT('',(-9.52618630396984,25.6974073689336,143.752993299046));
#13021=CARTESIAN_POINT('',(-9.56673294042981,25.9057209584076,143.501840491538));
#13022=CARTESIAN_POINT('',(-9.56673294043046,25.9057209584109,143.199987292608));
#13023=CARTESIAN_POINT('',(-3.06673294043046,16.8003981155182,143.199987292601));
#13024=CARTESIAN_POINT('',(-3.06673294043046,43.4917410666081,143.199987292601));
#13025=CARTESIAN_POINT('',(-6.31673294043046,43.4917410666081,143.199987292601));
#13026=CARTESIAN_POINT('',(-9.56673294043046,31.0777611748053,143.199987292594));
#13027=CARTESIAN_POINT('',(-9.56673294043112,31.0777611748019,143.505120440007));
#13028=CARTESIAN_POINT('',(-9.52515460055859,31.2909000057754,143.758427316956));
#13029=CARTESIAN_POINT('',(-9.4277034482186,31.716666780849,144.163152548231));
#13030=CARTESIAN_POINT('',(-9.36692747082859,31.956663307006,144.335277454571));
#13031=CARTESIAN_POINT('',(-9.15974152732147,32.6822283998416,144.812464850711));
#13032=CARTESIAN_POINT('',(-8.98771120894131,33.1808812512317,145.07871725336));
#13033=CARTESIAN_POINT('',(-8.36504260962778,34.676814867593,145.802280935586));
#13034=CARTESIAN_POINT('',(-7.80707451777151,35.6747839467894,146.178116180338));
#13035=CARTESIAN_POINT('',(-6.39704218258876,37.5477567559139,146.529239478115));
#13036=CARTESIAN_POINT('',(-5.50734553043008,38.4393817676458,146.499877492769));
#13037=CARTESIAN_POINT('',(-3.8039496260652,39.7773292922503,145.486972934813));
#13038=CARTESIAN_POINT('',(-3.06673294043046,40.183084017698,144.408725129117));
#13039=CARTESIAN_POINT('',(-3.06673294043046,40.183084017698,143.199987292601));
#13040=CARTESIAN_POINT('',(-9.56673294043046,31.077761174804,143.199987292597));
#13041=CARTESIAN_POINT('',(-3.06673294043046,40.1830840176981,143.199987292601));
#13042=CARTESIAN_POINT('',(-9.56673294043046,43.4917410666081,143.199987292601));
#13043=CARTESIAN_POINT('',(-9.56673294043046,43.4917410666081,143.199987292601));
#13044=CARTESIAN_POINT('',(-6.31673294043046,43.4917410666081,143.199987292601));
#13045=CARTESIAN_POINT('',(-3.06673294043046,43.4917410666081,143.199987292601));
#13046=CARTESIAN_POINT('',(-3.06673294043046,43.4917410666081,143.199987292601));
#13047=CARTESIAN_POINT('',(-6.31673294043046,43.4917410666081,143.199987292601));
#13048=CARTESIAN_POINT('',(-6.31673294043046,13.4917410666081,123.199987292601));
#13049=CARTESIAN_POINT('',(-9.56673294043046,13.4917410666081,123.199987292601));
#13050=CARTESIAN_POINT('',(-3.06673294043046,13.4917410666081,123.199987292601));
#13051=CARTESIAN_POINT('',(-9.56673294043046,43.4917410666081,123.199987292601));
#13052=CARTESIAN_POINT('',(-9.56673294043046,25.9057209584109,123.199987292601));
#13053=CARTESIAN_POINT('',(-3.06673294043056,16.8003981155182,123.199987292601));
#13054=CARTESIAN_POINT('',(-3.06673294043056,16.8003981155182,124.407159657339));
#13055=CARTESIAN_POINT('',(-3.80900180512339,17.2097446112896,125.491173539462));
#13056=CARTESIAN_POINT('',(-5.50812117960615,18.545087408447,126.499138226561));
#13057=CARTESIAN_POINT('',(-6.39796940813843,19.4370839963718,126.528882991785));
#13058=CARTESIAN_POINT('',(-7.80508745124833,21.3059318560045,126.178736491486));
#13059=CARTESIAN_POINT('',(-8.36497133949942,22.306813258927,125.802094345499));
#13060=CARTESIAN_POINT('',(-8.98686788525155,23.8004165620806,125.079831645197));
#13061=CARTESIAN_POINT('',(-9.16136291218449,24.3061181267021,124.80984043625));
#13062=CARTESIAN_POINT('',(-9.36859473759839,25.0330717770957,124.330872466289));
#13063=CARTESIAN_POINT('',(-9.42860117374981,25.2704260543537,124.160550998811));
#13064=CARTESIAN_POINT('',(-9.52618630481288,25.6974073731651,123.75299329355));
#13065=CARTESIAN_POINT('',(-9.56673294043046,25.9057209584109,123.501840488107));
#13066=CARTESIAN_POINT('',(-9.56673294043046,25.9057209584109,123.199987292601));
#13067=CARTESIAN_POINT('',(-3.06673294043046,16.800399984289,123.199987292601));
#13068=CARTESIAN_POINT('',(-3.06673294043046,43.4917410666081,123.199987292601));
#13069=CARTESIAN_POINT('',(-6.31673294043046,43.4917410666081,123.199987292601));
#13070=CARTESIAN_POINT('',(-9.56673294043046,31.0777611748053,123.199987292601));
#13071=CARTESIAN_POINT('',(-9.56673294043046,31.0777611748053,123.505120439466));
#13072=CARTESIAN_POINT('',(-9.52515460068949,31.2909000051185,123.758427316106));
#13073=CARTESIAN_POINT('',(-9.42770344861107,31.7166667792193,124.163152546907));
#13074=CARTESIAN_POINT('',(-9.3669274713854,31.9566633048725,124.335277453038));
#13075=CARTESIAN_POINT('',(-9.15974152843609,32.6822283963053,124.812464848643));
#13076=CARTESIAN_POINT('',(-8.98771121054354,33.1808812467773,125.078717250984));
#13077=CARTESIAN_POINT('',(-8.36504261312422,34.6768148604032,125.802280932551));
#13078=CARTESIAN_POINT('',(-7.80707452295507,35.6747839380819,126.178116177245));
#13079=CARTESIAN_POINT('',(-6.39704219258697,37.5477567444552,126.529239477427));
#13080=CARTESIAN_POINT('',(-5.5073455431697,38.4393817558551,126.499877494668));
#13081=CARTESIAN_POINT('',(-3.80394964083521,39.7773292824333,125.486972949272));
#13082=CARTESIAN_POINT('',(-3.06673294043045,40.183084017698,124.408725126949));
#13083=CARTESIAN_POINT('',(-3.06673294043046,40.183084017698,123.199987292601));
#13084=CARTESIAN_POINT('',(-9.56673294043046,31.0777611748055,123.199987292601));
#13085=CARTESIAN_POINT('',(-3.06673294043046,40.1830837469614,123.199987292601));
#13086=CARTESIAN_POINT('',(-9.56673294043046,43.4917410666081,123.199987292601));
#13087=CARTESIAN_POINT('',(-9.56673294043046,43.4917410666081,123.199987292601));
#13088=CARTESIAN_POINT('',(-6.31673294043046,43.4917410666081,123.199987292601));
#13089=CARTESIAN_POINT('',(-3.06673294043046,43.4917410666081,123.199987292601));
#13090=CARTESIAN_POINT('',(-3.06673294043046,43.4917410666081,123.199987292601));
#13091=CARTESIAN_POINT('',(-6.31673294043046,43.4917410666081,123.199987292601));
#13092=CARTESIAN_POINT('',(-6.31673294043046,11.4917410666081,123.199987292601));
#13093=CARTESIAN_POINT('',(-8.01673294043046,11.4917410666081,123.199987292601));
#13094=CARTESIAN_POINT('',(-4.61673294043046,11.4917410666081,123.199987292601));
#13095=CARTESIAN_POINT('',(-8.01673294043046,43.4917410666081,123.199987292601));
#13096=CARTESIAN_POINT('',(-8.01673294043046,13.4917410666081,123.199987292601));
#13097=CARTESIAN_POINT('',(-6.31673294043046,13.4917410666081,123.199987292601));
#13098=CARTESIAN_POINT('',(-4.61673294043046,13.4917410666081,123.199987292601));
#13099=CARTESIAN_POINT('',(-4.61673294043046,43.4917410666081,123.199987292601));
#13100=CARTESIAN_POINT('',(-6.31673294043046,43.4917410666081,123.199987292601));
#13101=CARTESIAN_POINT('',(13.6832670595695,11.4917410666081,143.199987292601));
#13102=CARTESIAN_POINT('',(11.9832670595695,11.4917410666081,143.199987292601));
#13103=CARTESIAN_POINT('',(15.3832670595695,11.4917410666081,143.199987292601));
#13104=CARTESIAN_POINT('',(11.9832670595695,43.4917410666081,143.199987292601));
#13105=CARTESIAN_POINT('',(11.9832670595695,13.4917410666081,143.199987292601));
#13106=CARTESIAN_POINT('',(13.6832670595695,13.4917410666081,143.199987292601));
#13107=CARTESIAN_POINT('',(15.3832670595695,13.4917410666081,143.199987292601));
#13108=CARTESIAN_POINT('',(15.3832670595695,43.4917410666081,143.199987292601));
#13109=CARTESIAN_POINT('',(13.6832670595695,43.4917410666081,143.199987292601));
#13110=CARTESIAN_POINT('',(13.6832670595695,13.4917410666081,143.199987292601));
#13111=CARTESIAN_POINT('',(10.4332670595695,13.4917410666081,143.199987292601));
#13112=CARTESIAN_POINT('',(16.9332670595695,13.4917410666081,143.199987292601));
#13113=CARTESIAN_POINT('',(10.4332670595695,43.4917410666081,143.199987292601));
#13114=CARTESIAN_POINT('',(10.4332670595695,16.8003981155182,143.199987292601));
#13115=CARTESIAN_POINT('',(16.9332670595695,25.9057209584108,143.199987292601));
#13116=CARTESIAN_POINT('',(16.9332670595695,25.9057209584108,143.505120440013));
#13117=CARTESIAN_POINT('',(16.8916887196971,25.6925821274383,143.758427316959));
#13118=CARTESIAN_POINT('',(16.794237567357,25.2668153523645,144.163152548233));
#13119=CARTESIAN_POINT('',(16.733461589967,25.0268188262079,144.335277454572));
#13120=CARTESIAN_POINT('',(16.5262756464597,24.301253733372,144.812464850712));
#13121=CARTESIAN_POINT('',(16.3542453280795,23.8026008819822,145.078717253362));
#13122=CARTESIAN_POINT('',(15.7315767287666,22.3066672656231,145.802280935586));
#13123=CARTESIAN_POINT('',(15.1736086369089,21.308698186425,146.178116180338));
#13124=CARTESIAN_POINT('',(13.7635763017327,19.4357253773084,146.529239478114));
#13125=CARTESIAN_POINT('',(12.8738796495683,18.5441003655701,146.499877492768));
#13126=CARTESIAN_POINT('',(11.17048374521,17.2061528409701,145.486972934817));
#13127=CARTESIAN_POINT('',(10.4332670595695,16.8003981155182,144.408725129117));
#13128=CARTESIAN_POINT('',(10.4332670595695,16.8003981155182,143.199987292601));
#13129=CARTESIAN_POINT('',(16.9332670595695,25.9057209584109,143.199987292601));
#13130=CARTESIAN_POINT('',(16.9332670595695,43.4917410666081,143.199987292601));
#13131=CARTESIAN_POINT('',(13.6832670595695,43.4917410666081,143.199987292601));
#13132=CARTESIAN_POINT('',(10.4332670595695,40.183084017698,143.199987292601));
#13133=CARTESIAN_POINT('',(10.4332670595695,40.183084017698,144.407159671033));
#13134=CARTESIAN_POINT('',(11.1755358347518,39.7737375810435,145.491173450723));
#13135=CARTESIAN_POINT('',(12.8746552147887,38.4383948019806,146.499138212395));
#13136=CARTESIAN_POINT('',(13.7645034652504,37.5463982077575,146.528882995876));
#13137=CARTESIAN_POINT('',(15.1716215366437,35.6775503334954,146.178736511226));
#13138=CARTESIAN_POINT('',(15.731505436752,34.6766689192243,145.802094364439));
#13139=CARTESIAN_POINT('',(16.3534019941702,33.1830655994966,145.079831660306));
#13140=CARTESIAN_POINT('',(16.5278970242362,32.677364029041,144.809840449439));
#13141=CARTESIAN_POINT('',(16.7351288532289,31.9504103695959,144.330872475994));
#13142=CARTESIAN_POINT('',(16.7951352904105,31.713056089164,144.160551007188));
#13143=CARTESIAN_POINT('',(16.8927204231094,31.2860747642803,143.752993299043));
#13144=CARTESIAN_POINT('',(16.9332670595695,31.0777611748054,143.501840491531));
#13145=CARTESIAN_POINT('',(16.9332670595695,31.0777611748054,143.199987292601));
#13146=CARTESIAN_POINT('',(10.4332670595695,40.1830840176981,143.199987292601));
#13147=CARTESIAN_POINT('',(16.9332670595695,31.0777611748053,143.199987292601));
#13148=CARTESIAN_POINT('',(10.4332670595695,43.4917410666081,143.199987292601));
#13149=CARTESIAN_POINT('',(10.4332670595695,43.4917410666081,143.199987292601));
#13150=CARTESIAN_POINT('',(13.6832670595695,43.4917410666081,143.199987292601));
#13151=CARTESIAN_POINT('',(16.9332670595695,43.4917410666081,143.199987292601));
#13152=CARTESIAN_POINT('',(16.9332670595695,43.4917410666081,143.199987292601));
#13153=CARTESIAN_POINT('',(13.6832670595695,43.4917410666081,143.199987292601));
#13154=CARTESIAN_POINT('',(3.68326705956953,28.4917410666081,103.199987292601));
#13155=CARTESIAN_POINT('',(3.68326705956953,37.4917410666081,103.199987292601));
#13156=CARTESIAN_POINT('',(3.68326705956953,19.4917410666081,103.199987292601));
#13157=CARTESIAN_POINT('',(3.68326705956953,37.4917410666081,103.199987292601));
#13158=CARTESIAN_POINT('',(3.68326705956953,37.4917410666081,122.999987292601));
#13159=CARTESIAN_POINT('',(3.68326705956953,28.4917410666081,122.999987292601));
#13160=CARTESIAN_POINT('',(-3.07289262376874,34.4376897994206,122.999987292601));
#13161=CARTESIAN_POINT('',(-3.07289262376874,34.4376897994206,122.999987292601));
#13162=CARTESIAN_POINT('',(-3.11321474804051,34.3918732741539,122.34599463077));
#13163=CARTESIAN_POINT('',(-3.36102311831179,34.115352449903,121.757489193988));
#13164=CARTESIAN_POINT('',(-3.93742062522119,33.305486833825,120.929327867728));
#13165=CARTESIAN_POINT('',(-4.25366063512818,32.7803245941577,120.669780882074));
#13166=CARTESIAN_POINT('',(-5.02531623298977,31.081655476598,120.15407361115));
#13167=CARTESIAN_POINT('',(-5.31670515938339,29.7762969141021,120.107667057246));
#13168=CARTESIAN_POINT('',(-5.31676071726739,27.20757453402,120.107649090891));
#13169=CARTESIAN_POINT('',(-5.03091235658697,25.9151811964448,120.150686132182));
#13170=CARTESIAN_POINT('',(-4.25276484544463,24.2006696947975,120.670203954433));
#13171=CARTESIAN_POINT('',(-3.93684395557358,23.6771880093697,120.930164986574));
#13172=CARTESIAN_POINT('',(-3.361635879705,22.868987684121,121.756600219473));
#13173=CARTESIAN_POINT('',(-3.11317654977945,22.5915654558036,122.346614176066));
#13174=CARTESIAN_POINT('',(-3.07289262376874,22.5457923337956,122.999987292601));
#13175=CARTESIAN_POINT('',(-3.07289262376874,22.5457923337956,122.999987292601));
#13176=CARTESIAN_POINT('',(3.68326705956953,28.4917410666081,122.999987292601));
#13177=CARTESIAN_POINT('',(3.68326705956953,19.4917410666081,122.999987292601));
#13178=CARTESIAN_POINT('',(3.68326705956953,19.4917410666081,103.199987292601));
#13179=CARTESIAN_POINT('',(3.68326705956953,28.4917410666081,103.199987292601));
#13180=CARTESIAN_POINT('',(19.6832670595695,28.4917410666081,147.899987292601));
#13181=CARTESIAN_POINT('',(19.6832670595695,30.1417410666081,147.899987292601));
#13182=CARTESIAN_POINT('',(19.6832670595695,26.8417410666081,147.899987292601));
#13183=CARTESIAN_POINT('',(19.6832670595695,30.1417410666081,157.999987292601));
#13184=CARTESIAN_POINT('',(19.6832670595695,30.1417410666081,157.999987292601));
#13185=CARTESIAN_POINT('',(19.6832670595695,28.4917410666081,157.999987292601));
#13186=CARTESIAN_POINT('',(19.6832670595695,26.8417410666081,157.999987292601));
#13187=CARTESIAN_POINT('',(19.6832670595695,26.8417410666081,157.999987292601));
#13188=CARTESIAN_POINT('',(19.6832670595695,28.4917410666081,157.999987292601));
#13189=CARTESIAN_POINT('',(19.6832670595695,26.8417410666081,147.899987292601));
#13190=CARTESIAN_POINT('',(19.6832670595695,28.4917410666081,146.908567271206));
#13191=CARTESIAN_POINT('',(19.6832670595695,30.1417410666081,147.899987292601));
#13192=CARTESIAN_POINT('',(19.6832670595695,28.4917410666081,147.899987292601));
#13193=CARTESIAN_POINT('',(-12.3167329404305,28.4917410666081,147.899987292601));
#13194=CARTESIAN_POINT('',(-12.3167329404305,30.1417410666081,147.899987292601));
#13195=CARTESIAN_POINT('',(-12.3167329404305,26.8417410666081,147.899987292601));
#13196=CARTESIAN_POINT('',(-12.3167329404305,30.1417410666081,157.999987292601));
#13197=CARTESIAN_POINT('',(-12.3167329404305,30.1417410666081,157.999987292601));
#13198=CARTESIAN_POINT('',(-12.3167329404305,28.4917410666081,157.999987292601));
#13199=CARTESIAN_POINT('',(-12.3167329404305,26.8417410666081,157.999987292601));
#13200=CARTESIAN_POINT('',(-12.3167329404305,26.8417410666081,157.999987292601));
#13201=CARTESIAN_POINT('',(-12.3167329404305,28.4917410666081,157.999987292601));
#13202=CARTESIAN_POINT('',(-12.3167329404305,26.8417410666081,147.899987292601));
#13203=CARTESIAN_POINT('',(-12.3167329404305,28.4917410666081,146.908567271206));
#13204=CARTESIAN_POINT('',(-12.3167329404305,30.1417410666081,147.899987292601));
#13205=CARTESIAN_POINT('',(-12.3167329404305,28.4917410666081,147.899987292601));
#13206=CARTESIAN_POINT('',(19.6832670595695,28.4917410666081,157.999987292601));
#13207=CARTESIAN_POINT('',(19.6832670595695,32.4917410666081,157.999987292601));
#13208=CARTESIAN_POINT('',(16.8785795595695,31.343710215695,157.999987292601));
#13209=CARTESIAN_POINT('',(19.6832670595695,32.4917410666081,157.999987292601));
#13210=CARTESIAN_POINT('',(19.6832670595695,32.4917410666081,163.199987292601));
#13211=CARTESIAN_POINT('',(19.6832670595695,28.4917410666081,163.199987292601));
#13212=CARTESIAN_POINT('',(16.8785795595695,31.343710215695,163.199987292601));
#13213=CARTESIAN_POINT('',(16.8785795595695,31.343710215695,160.599987292601));
#13214=CARTESIAN_POINT('',(19.6832670595695,28.4917410666081,157.999987292601));
#13215=CARTESIAN_POINT('',(19.6832670595695,28.4917410666081,157.999987292601));
#13216=CARTESIAN_POINT('',(19.6832670595695,24.4917410666081,157.999987292601));
#13217=CARTESIAN_POINT('',(19.6832670595695,24.4917410666081,157.999987292601));
#13218=CARTESIAN_POINT('',(19.6832670595695,24.4917410666081,163.199987292601));
#13219=CARTESIAN_POINT('',(19.6832670595695,28.4917410666081,163.199987292601));
#13220=CARTESIAN_POINT('',(19.6832670595695,28.4917410666081,157.999987292601));
#13221=CARTESIAN_POINT('',(-12.3167329404305,28.4917410666081,157.999987292601));
#13222=CARTESIAN_POINT('',(-12.3167329404305,32.4917410666081,157.999987292601));
#13223=CARTESIAN_POINT('',(-12.3167329404305,24.4917410666081,157.999987292601));
#13224=CARTESIAN_POINT('',(-12.3167329404305,32.4917410666081,157.999987292601));
#13225=CARTESIAN_POINT('',(-12.3167329404305,32.4917410666081,163.199987292601));
#13226=CARTESIAN_POINT('',(-12.3167329404305,28.4917410666081,163.199987292601));
#13227=CARTESIAN_POINT('',(-12.3167329404305,24.4917410666081,163.199987292601));
#13228=CARTESIAN_POINT('',(-12.3167329404305,24.4917410666081,157.999987292601));
#13229=CARTESIAN_POINT('',(-12.3167329404305,28.4917410666081,157.999987292601));
#13230=CARTESIAN_POINT('',(-12.3167329404305,28.4917410666081,157.999987292601));
#13231=CARTESIAN_POINT('',(-9.51204544043046,25.6397719175211,157.999987292601));
#13232=CARTESIAN_POINT('',(-12.3167329404305,28.4917410666081,163.199987292601));
#13233=CARTESIAN_POINT('',(-9.51204544043046,25.6397719175211,163.199987292601));
#13234=CARTESIAN_POINT('',(-9.51204544043046,25.6397719175211,160.599987292601));
#13235=CARTESIAN_POINT('',(-12.3167329404305,28.4917410666081,157.999987292601));
#13236=CARTESIAN_POINT('',(-3.06673294043046,40.183084017698,143.199987292601));
#13237=CARTESIAN_POINT('',(-3.06673294043046,40.1830840176981,141.99281491417));
#13238=CARTESIAN_POINT('',(-3.80900171561234,39.7737375810437,140.908801134479));
#13239=CARTESIAN_POINT('',(-5.50812109564879,38.4383948019814,139.900836372807));
#13240=CARTESIAN_POINT('',(-6.3979693461104,37.5463982077586,139.871091589326));
#13241=CARTESIAN_POINT('',(-7.80508741750361,35.677550333497,140.221238073975));
#13242=CARTESIAN_POINT('',(-8.36497131761194,34.6766689192262,140.597880220763));
#13243=CARTESIAN_POINT('',(-8.98686787503028,33.1830655994989,141.320142924895));
#13244=CARTESIAN_POINT('',(-9.16136290509629,32.6773640290435,141.590134135762));
#13245=CARTESIAN_POINT('',(-9.36859473408914,31.9504103695984,142.069102109206));
#13246=CARTESIAN_POINT('',(-9.42860117127084,31.7130560891665,142.239423578012));
#13247=CARTESIAN_POINT('',(-9.52618630396984,31.2860747642826,142.646981286156));
#13248=CARTESIAN_POINT('',(-9.56673294042981,31.0777611748087,142.898134093664));
#13249=CARTESIAN_POINT('',(-9.56673294043046,31.0777611748053,143.199987292594));
#13250=CARTESIAN_POINT('',(-9.56673294043046,25.9057209584109,143.199987292608));
#13251=CARTESIAN_POINT('',(-9.56673294043112,25.9057209584143,142.894854145195));
#13252=CARTESIAN_POINT('',(-9.52515460055858,25.6925821274407,142.641547268246));
#13253=CARTESIAN_POINT('',(-9.4277034482186,25.2668153523672,142.236822036971));
#13254=CARTESIAN_POINT('',(-9.36692747082857,25.0268188262102,142.064697130631));
#13255=CARTESIAN_POINT('',(-9.15974152732146,24.3012537333746,141.587509734491));
#13256=CARTESIAN_POINT('',(-8.9877112089413,23.8026008819845,141.321257331842));
#13257=CARTESIAN_POINT('',(-8.36504260962777,22.3066672656232,140.597693649616));
#13258=CARTESIAN_POINT('',(-7.8070745177715,21.3086981864268,140.221858404864));
#13259=CARTESIAN_POINT('',(-6.39704218258878,19.4357253773023,139.870735107087));
#13260=CARTESIAN_POINT('',(-5.50734553043008,18.5441003655704,139.900097092433));
#13261=CARTESIAN_POINT('',(-3.80394962606524,17.206152840966,140.913001650389));
#13262=CARTESIAN_POINT('',(-3.06673294043047,16.8003981155182,141.991249456085));
#13263=CARTESIAN_POINT('',(-3.06673294043046,16.8003981155182,143.199987292601));
#13264=CARTESIAN_POINT('',(3.68326705956953,28.4917410666081,122.999987292601));
#13265=CARTESIAN_POINT('',(3.68326705956953,41.9917410666081,122.999987292601));
#13266=CARTESIAN_POINT('',(-3.07289262376875,40.179525558685,122.999987292601));
#13267=CARTESIAN_POINT('',(3.68326705956953,41.9917410666081,122.999987292601));
#13268=CARTESIAN_POINT('',(3.68326705956953,41.9917410666081,163.199987292601));
#13269=CARTESIAN_POINT('',(3.68326705956953,28.4917410666081,163.199987292601));
#13270=CARTESIAN_POINT('',(-9.51204544043046,31.343710215695,163.199987292601));
#13271=CARTESIAN_POINT('',(-9.51204544043046,31.343710215695,160.599987292601));
#13272=CARTESIAN_POINT('',(-9.51204544043046,31.343710215695,157.999987292601));
#13273=CARTESIAN_POINT('',(3.68326705956953,28.4917410666081,157.999987292601));
#13274=CARTESIAN_POINT('',(3.68326705956953,28.4917410666081,163.199987292601));
#13275=CARTESIAN_POINT('',(3.68326705956953,14.9917410666081,163.199987292601));
#13276=CARTESIAN_POINT('',(3.68326705956953,14.9917410666081,122.999987292601));
#13277=CARTESIAN_POINT('',(3.68326705956953,14.9917410666081,122.999987292601));
#13278=CARTESIAN_POINT('',(3.68326705956953,28.4917410666081,122.999987292601));
#13279=CARTESIAN_POINT('',(-3.07289262376874,16.8039565745311,122.999987292601));
#13280=CARTESIAN_POINT('',(-3.07289262376874,16.8039565745311,122.999987292601));
#13281=CARTESIAN_POINT('',(-3.06876742774616,16.8015719923143,123.066894678462));
#13282=CARTESIAN_POINT('',(-3.06673294043046,16.8003981155182,123.133559095126));
#13283=CARTESIAN_POINT('',(-3.06673294043046,16.8003981155182,123.199987292601));
#13284=CARTESIAN_POINT('',(-9.56673294043046,25.9057209584109,123.199987292601));
#13285=CARTESIAN_POINT('',(-9.56673294043046,25.9057209584109,123.132474683524));
#13286=CARTESIAN_POINT('',(-9.56454002139792,25.8944297352907,123.064325042509));
#13287=CARTESIAN_POINT('',(-9.56057325709217,25.8743580860785,122.999987292601));
#13288=CARTESIAN_POINT('',(-9.56057325709217,25.8743580860785,122.999987292601));
#13289=CARTESIAN_POINT('',(3.68326705956953,28.4917410666081,122.999987292601));
#13290=CARTESIAN_POINT('',(-9.56057325709217,31.1091240471377,122.999987292601));
#13291=CARTESIAN_POINT('',(-9.56057325709217,31.1091240471377,122.999987292601));
#13292=CARTESIAN_POINT('',(-9.5645923664362,31.088787534383,123.065174037237));
#13293=CARTESIAN_POINT('',(-9.56673294043046,31.0777611748056,123.13175578207));
#13294=CARTESIAN_POINT('',(-9.56673294043046,31.0777611748056,123.199987292601));
#13295=CARTESIAN_POINT('',(-3.06673294043046,40.1830840176981,123.199987292601));
#13296=CARTESIAN_POINT('',(-3.06673294043046,40.1830840176981,123.133268240768));
#13297=CARTESIAN_POINT('',(-3.06878550122092,40.1818996934743,123.066601541131));
#13298=CARTESIAN_POINT('',(-3.07289262376875,40.179525558685,122.999987292601));
#13299=CARTESIAN_POINT('',(3.68326705956953,28.4917410666081,122.999987292601));
#13300=CARTESIAN_POINT('',(16.9271073762313,43.4917410666081,122.999987292601));
#13301=CARTESIAN_POINT('',(16.9271073762313,25.8743580860786,122.999987292601));
#13302=CARTESIAN_POINT('',(16.9271073762313,31.1091240471375,122.999987292601));
#13303=CARTESIAN_POINT('',(3.68326705956953,28.4917410666081,122.999987292601));
#13304=CARTESIAN_POINT('',(3.68326705956953,28.4917410666081,122.999987292601));
#13305=CARTESIAN_POINT('',(10.4394267429078,43.4917410666081,122.999987292601));
#13306=CARTESIAN_POINT('',(10.4394267429078,40.179525558685,122.999987292601));
#13307=CARTESIAN_POINT('',(10.4394267429078,34.4376897994206,122.999987292601));
#13308=CARTESIAN_POINT('',(3.68326705956953,28.4917410666081,122.999987292601));
#13309=CARTESIAN_POINT('',(-3.07289262376874,43.4917410666081,122.999987292601));
#13310=CARTESIAN_POINT('',(3.68326705956953,28.4917410666081,122.999987292601));
#13311=CARTESIAN_POINT('',(3.68326705956953,28.4917410666081,122.999987292601));
#13312=CARTESIAN_POINT('',(3.68326705956954,11.4917410666081,103.199987292601));
#13313=CARTESIAN_POINT('',(24.6832670595695,11.4917410666081,103.199987292601));
#13314=CARTESIAN_POINT('',(-17.3167329404305,11.4917410666081,103.199987292601));
#13315=CARTESIAN_POINT('',(24.6832670595695,11.4917410666081,163.199987292601));
#13316=CARTESIAN_POINT('',(24.6832670595695,11.4917410666081,163.199987292601));
#13317=CARTESIAN_POINT('',(-17.3167329404305,11.4917410666081,163.199987292601));
#13318=CARTESIAN_POINT('',(-17.3167329404305,11.4917410666081,163.199987292601));
#13319=CARTESIAN_POINT('',(-17.3167329404305,11.4917410666081,133.199987292601));
#13320=CARTESIAN_POINT('',(13.6832670595695,11.4917410666081,143.199987292601));
#13321=CARTESIAN_POINT('',(-6.31673294043046,11.4917410666081,123.199987292601));
#13322=CARTESIAN_POINT('',(-6.31673294043046,11.4917410666081,143.199987292601));
#13323=CARTESIAN_POINT('',(13.6832670595695,11.4917410666081,123.199987292601));
#13324=CARTESIAN_POINT('',(3.68326705956954,11.4917410666081,133.199987292601));
#13325=CARTESIAN_POINT('',(10.4394267429078,43.4917410666081,122.999987292601));
#13326=CARTESIAN_POINT('',(10.4394267429078,22.5457923337956,122.999987292601));
#13327=CARTESIAN_POINT('',(10.4394267429078,16.8039565745312,122.999987292601));
#13328=CARTESIAN_POINT('',(3.68326705956953,28.4917410666081,122.999987292601));
#13329=CARTESIAN_POINT('',(-3.07289262376874,43.4917410666081,122.999987292601));
#13330=CARTESIAN_POINT('',(3.68326705956953,28.4917410666081,122.999987292601));
#13331=CARTESIAN_POINT('',(3.68326705956953,28.4917410666081,122.999987292601));
#13332=CARTESIAN_POINT('',(24.6832670595695,43.4917410666081,103.199987292601));
#13333=CARTESIAN_POINT('',(24.6832670595695,43.4917410666081,103.199987292601));
#13334=CARTESIAN_POINT('',(24.6832670595695,43.4917410666081,133.199987292601));
#13335=CARTESIAN_POINT('',(24.6832670595695,43.4917410666081,163.199987292601));
#13336=CARTESIAN_POINT('',(24.6832670595695,43.4917410666081,163.199987292601));
#13337=CARTESIAN_POINT('',(24.6832670595695,38.9917410666081,113.699987292601));
#13338=CARTESIAN_POINT('',(24.6832670595695,38.9917410666081,152.699987292601));
#13339=CARTESIAN_POINT('',(24.6832670595695,43.4917410666081,163.199987292601));
#13340=CARTESIAN_POINT('',(-17.3167329404305,43.4917410666081,103.199987292601));
#13341=CARTESIAN_POINT('',(-17.3167329404305,43.4917410666081,103.199987292601));
#13342=CARTESIAN_POINT('',(-17.3167329404305,43.4917410666081,103.199987292601));
#13343=CARTESIAN_POINT('',(3.68326705956953,28.4917410666081,103.199987292601));
#13344=CARTESIAN_POINT('',(-17.3167329404305,43.4917410666081,103.199987292601));
#13345=CARTESIAN_POINT('',(-17.3167329404305,43.4917410666081,163.199987292601));
#13346=CARTESIAN_POINT('',(-17.3167329404305,43.4917410666081,163.199987292601));
#13347=CARTESIAN_POINT('',(-17.3167329404305,43.4917410666081,163.199987292601));
#13348=CARTESIAN_POINT('',(-17.3167329404305,38.9917410666081,113.699987292601));
#13349=CARTESIAN_POINT('',(-17.3167329404305,38.9917410666081,152.699987292601));
#13350=CARTESIAN_POINT('',(-17.3167329404305,43.4917410666081,163.199987292601));
#13351=CARTESIAN_POINT('',(-17.3167329404305,43.4917410666081,163.199987292601));
#13352=CARTESIAN_POINT('',(3.68326705956953,28.4917410666081,163.199987292601));
#13353=CARTESIAN_POINT('',(19.6832670595695,28.4917410666081,163.199987292601));
#13354=CARTESIAN_POINT('',(16.8785795595695,25.6397719175212,163.199987292601));
#13355=CARTESIAN_POINT('',(3.68326705956953,28.4917410666081,163.199987292601));
#13356=CARTESIAN_POINT('',(-12.3167329404305,28.4917410666081,163.199987292601));
#13357=CARTESIAN_POINT('',(-17.3167329404305,43.4917410666081,163.199987292601));
#13358=CARTESIAN_POINT('',(18.6832670595695,43.4917410666081,118.199987292601));
#13359=CARTESIAN_POINT('',(-11.3167329404305,43.4917410666081,148.199987292601));
#13360=CARTESIAN_POINT('',(-11.3167329404305,43.4917410666081,118.199987292601));
#13361=CARTESIAN_POINT('',(18.6832670595695,43.4917410666081,148.199987292601));
#13362=CARTESIAN_POINT('',(13.6832670595695,43.4917410666081,123.199987292601));
#13363=CARTESIAN_POINT('',(-6.31673294043046,43.4917410666081,143.199987292601));
#13364=CARTESIAN_POINT('',(-6.31673294043046,43.4917410666081,123.199987292601));
#13365=CARTESIAN_POINT('',(13.6832670595695,43.4917410666081,143.199987292601));
#13366=CARTESIAN_POINT('',(3.68326705956954,43.4917410666081,133.199987292601));
#13367=CARTESIAN_POINT('',(10.4394267429078,40.179525558685,122.999987292601));
#13368=CARTESIAN_POINT('',(10.4353015468852,40.1819101409019,123.066894678462));
#13369=CARTESIAN_POINT('',(10.4332670595695,40.183084017698,123.133559095126));
#13370=CARTESIAN_POINT('',(10.4332670595695,40.183084017698,123.199987292601));
#13371=CARTESIAN_POINT('',(16.9332670595695,31.0777611748053,123.199987292601));
#13372=CARTESIAN_POINT('',(16.9332670595695,31.0777611748053,123.132474683524));
#13373=CARTESIAN_POINT('',(16.931074140537,31.0890523979256,123.064325042509));
#13374=CARTESIAN_POINT('',(16.9271073762312,31.1091240471378,122.999987292601));
#13375=CARTESIAN_POINT('',(16.9271073762313,25.8743580860786,122.999987292601));
#13376=CARTESIAN_POINT('',(16.9311264855753,25.8946945988334,123.065174037237));
#13377=CARTESIAN_POINT('',(16.9332670595695,25.9057209584108,123.13175578207));
#13378=CARTESIAN_POINT('',(16.9332670595695,25.9057209584108,123.199987292601));
#13379=CARTESIAN_POINT('',(10.4332670595695,16.8003981155182,123.199987292601));
#13380=CARTESIAN_POINT('',(10.4332670595695,16.8003981155182,123.133268240768));
#13381=CARTESIAN_POINT('',(10.43531962036,16.8015824397419,123.066601541131));
#13382=CARTESIAN_POINT('',(10.4394267429078,16.8039565745312,122.999987292601));
#13383=CARTESIAN_POINT('',(16.8785795595695,25.6397719175212,160.599987292601));
#13384=CARTESIAN_POINT('',(16.8785795595695,25.6397719175212,157.999987292601));
#13385=CARTESIAN_POINT('',(3.68326705956953,28.4917410666081,157.999987292601));
#13386=CARTESIAN_POINT('',(10.4332670595695,16.8003981155182,143.199987292601));
#13387=CARTESIAN_POINT('',(10.4332670595695,16.8003981155182,141.99281491417));
#13388=CARTESIAN_POINT('',(11.1755358347518,17.2097445521727,140.908801134479));
#13389=CARTESIAN_POINT('',(12.8746552147887,18.5450873312356,139.900836372807));
#13390=CARTESIAN_POINT('',(13.7645034652504,19.4370839254587,139.871091589326));
#13391=CARTESIAN_POINT('',(15.1716215366437,21.3059317997208,140.221238073976));
#13392=CARTESIAN_POINT('',(15.731505436752,22.3068132139919,140.597880220763));
#13393=CARTESIAN_POINT('',(16.3534019941702,23.8004165337196,141.320142924896));
#13394=CARTESIAN_POINT('',(16.5278970242361,24.3061181041751,141.590134135763));
#13395=CARTESIAN_POINT('',(16.7351288532289,25.0330717636203,142.069102109208));
#13396=CARTESIAN_POINT('',(16.7951352904105,25.2704260440522,142.239423578014));
#13397=CARTESIAN_POINT('',(16.8927204231094,25.6974073689359,142.646981286159));
#13398=CARTESIAN_POINT('',(16.9332670595695,25.9057209584108,142.898134093671));
#13399=CARTESIAN_POINT('',(16.9332670595695,25.9057209584108,143.199987292601));
#13400=CARTESIAN_POINT('',(16.9332670595695,31.0777611748054,143.199987292601));
#13401=CARTESIAN_POINT('',(16.9332670595695,31.0777611748054,142.894854145189));
#13402=CARTESIAN_POINT('',(16.8916887196971,31.2909000057779,142.641547268243));
#13403=CARTESIAN_POINT('',(16.794237567357,31.7166667808517,142.236822036969));
#13404=CARTESIAN_POINT('',(16.733461589967,31.9566633070083,142.06469713063));
#13405=CARTESIAN_POINT('',(16.5262756464597,32.6822283998442,141.58750973449));
#13406=CARTESIAN_POINT('',(16.3542453280795,33.180881251234,141.321257331841));
#13407=CARTESIAN_POINT('',(15.7315767287666,34.6768148675931,140.597693649616));
#13408=CARTESIAN_POINT('',(15.1736086369089,35.6747839467912,140.221858404864));
#13409=CARTESIAN_POINT('',(13.7635763017327,37.5477567559078,139.870735107088));
#13410=CARTESIAN_POINT('',(12.8738796495683,38.4393817676462,139.900097092434));
#13411=CARTESIAN_POINT('',(11.17048374521,39.7773292922461,140.913001650385));
#13412=CARTESIAN_POINT('',(10.4332670595695,40.183084017698,141.991249456085));
#13413=CARTESIAN_POINT('',(10.4332670595695,40.183084017698,143.199987292601));
#13414=CARTESIAN_POINT('',(3.68326705956953,28.4917410666081,122.999987292601));
#13415=CARTESIAN_POINT('',(-9.56057325709217,43.4917410666081,122.999987292601));
#13416=CARTESIAN_POINT('',(3.68326705956953,28.4917410666081,122.999987292601));
#13417=CARTESIAN_POINT('',(-12.3167329404305,28.4917410666081,157.999987292601));
#13418=CARTESIAN_POINT('',(-12.3167329404305,28.4917410666081,157.999987292601));
#13419=CARTESIAN_POINT('',(-12.3167329404305,28.4917410666081,157.999987292601));
#13420=CARTESIAN_POINT('',(-12.3167329404305,28.4917410666081,157.999987292601));
#13421=CARTESIAN_POINT('',(19.6832670595695,28.4917410666081,157.999987292601));
#13422=CARTESIAN_POINT('',(19.6832670595695,28.4917410666081,157.999987292601));
#13423=CARTESIAN_POINT('',(19.6832670595695,28.4917410666081,157.999987292601));
#13424=CARTESIAN_POINT('',(19.6832670595695,28.4917410666081,157.999987292601));
#13425=CARTESIAN_POINT('',(-12.3167329404305,28.4917410666081,147.899987292601));
#13426=CARTESIAN_POINT('',(-12.3167329404305,28.4917410666081,147.899987292601));
#13427=CARTESIAN_POINT('',(-12.3167329404305,28.4917410666081,157.999987292601));
#13428=CARTESIAN_POINT('',(19.6832670595695,28.4917410666081,147.899987292601));
#13429=CARTESIAN_POINT('',(19.6832670595695,28.4917410666081,147.899987292601));
#13430=CARTESIAN_POINT('',(19.6832670595695,28.4917410666081,157.999987292601));
#13431=CARTESIAN_POINT('',(10.4394267429078,22.5457923337956,122.999987292601));
#13432=CARTESIAN_POINT('',(10.4797488671796,22.5916088590623,122.34599463077));
#13433=CARTESIAN_POINT('',(10.7275572374508,22.8681296833132,121.757489193988));
#13434=CARTESIAN_POINT('',(11.3039547443602,23.6779952993912,120.929327867728));
#13435=CARTESIAN_POINT('',(11.6201947542672,24.2031575390585,120.669780882074));
#13436=CARTESIAN_POINT('',(12.3918503521288,25.9018266566182,120.15407361115));
#13437=CARTESIAN_POINT('',(12.6832392785224,27.207185219114,120.107667057246));
#13438=CARTESIAN_POINT('',(12.6832948364064,29.7759075991962,120.107649090891));
#13439=CARTESIAN_POINT('',(12.397446475726,31.0683009367714,120.150686132182));
#13440=CARTESIAN_POINT('',(11.6192989645837,32.7828124384188,120.670203954433));
#13441=CARTESIAN_POINT('',(11.3033780747126,33.3062941238465,120.930164986574));
#13442=CARTESIAN_POINT('',(10.728169998844,34.1144944490952,121.756600219473));
#13443=CARTESIAN_POINT('',(10.4797106689185,34.3919166774127,122.346614176066));
#13444=CARTESIAN_POINT('',(10.4394267429078,34.4376897994206,122.999987292601));
#13445=CARTESIAN_POINT('',(3.68326705956953,28.4917410666081,103.199987292601));
#13446=CARTESIAN_POINT('',(13.6832670595695,43.4917410666081,143.199987292601));
#13447=CARTESIAN_POINT('',(13.6832670595695,13.4917410666081,143.199987292601));
#13448=CARTESIAN_POINT('',(13.6832670595695,43.4917410666081,143.199987292601));
#13449=CARTESIAN_POINT('',(13.6832670595695,13.4917410666081,143.199987292601));
#13450=CARTESIAN_POINT('',(13.6832670595695,43.4917410666081,143.199987292601));
#13451=CARTESIAN_POINT('',(15.3832670595695,13.4917410666081,143.199987292601));
#13452=CARTESIAN_POINT('',(-6.31673294043046,13.4917410666081,123.199987292601));
#13453=CARTESIAN_POINT('',(-6.31673294043046,43.4917410666081,123.199987292601));
#13454=CARTESIAN_POINT('',(-6.31673294043046,13.4917410666081,123.199987292601));
#13455=CARTESIAN_POINT('',(-4.61673294043046,13.4917410666081,123.199987292601));
#13456=CARTESIAN_POINT('',(-6.31673294043046,43.4917410666081,123.199987292601));
#13457=CARTESIAN_POINT('',(-6.31673294043046,43.4917410666081,143.199987292601));
#13458=CARTESIAN_POINT('',(-6.31673294043046,13.4917410666081,143.199987292601));
#13459=CARTESIAN_POINT('',(-6.31673294043046,43.4917410666081,143.199987292601));
#13460=CARTESIAN_POINT('',(-6.31673294043046,13.4917410666081,143.199987292601));
#13461=CARTESIAN_POINT('',(-6.31673294043046,43.4917410666081,143.199987292601));
#13462=CARTESIAN_POINT('',(-4.61673294043046,13.4917410666081,143.199987292601));
#13463=CARTESIAN_POINT('',(13.6832670595695,13.4917410666081,123.199987292601));
#13464=CARTESIAN_POINT('',(13.6832670595695,43.4917410666081,123.199987292601));
#13465=CARTESIAN_POINT('',(13.6832670595695,13.4917410666081,123.199987292601));
#13466=CARTESIAN_POINT('',(15.3832670595695,13.4917410666081,123.199987292601));
#13467=CARTESIAN_POINT('',(13.6832670595695,43.4917410666081,123.199987292601));
#13468=CARTESIAN_POINT('',(18.6832670595695,33.3917410666081,148.199987292601));
#13469=CARTESIAN_POINT('',(18.6832670595695,33.3917410666081,148.199987292601));
#13470=CARTESIAN_POINT('',(18.6832670595695,43.4917410666081,148.199987292601));
#13471=CARTESIAN_POINT('',(-11.3167329404305,33.3917410666081,118.199987292601));
#13472=CARTESIAN_POINT('',(-11.3167329404305,33.3917410666081,118.199987292601));
#13473=CARTESIAN_POINT('',(-11.3167329404305,43.4917410666081,118.199987292601));
#13474=CARTESIAN_POINT('',(-11.3167329404305,33.3917410666081,148.199987292601));
#13475=CARTESIAN_POINT('',(-11.3167329404305,33.3917410666081,148.199987292601));
#13476=CARTESIAN_POINT('',(-11.3167329404305,43.4917410666081,148.199987292601));
#13477=CARTESIAN_POINT('',(18.6832670595695,33.3917410666081,118.199987292601));
#13478=CARTESIAN_POINT('',(18.6832670595695,33.3917410666081,118.199987292601));
#13479=CARTESIAN_POINT('',(18.6832670595695,43.4917410666081,118.199987292601));
#13480=CARTESIAN_POINT('',(14.5832670595695,38.9917410666081,152.699987292601));
#13481=CARTESIAN_POINT('',(14.5832670595695,38.9917410666081,152.699987292601));
#13482=CARTESIAN_POINT('',(24.6832670595695,38.9917410666081,152.699987292601));
#13483=CARTESIAN_POINT('',(14.5832670595695,38.9917410666081,113.699987292601));
#13484=CARTESIAN_POINT('',(14.5832670595695,38.9917410666081,113.699987292601));
#13485=CARTESIAN_POINT('',(24.6832670595695,38.9917410666081,113.699987292601));
#13486=CARTESIAN_POINT('',(-7.21673294043046,38.9917410666081,152.699987292601));
#13487=CARTESIAN_POINT('',(-7.21673294043046,38.9917410666081,152.699987292601));
#13488=CARTESIAN_POINT('',(-17.3167329404305,38.9917410666081,152.699987292601));
#13489=CARTESIAN_POINT('',(-7.21673294043046,38.9917410666081,113.699987292601));
#13490=CARTESIAN_POINT('',(-7.21673294043046,38.9917410666081,113.699987292601));
#13491=CARTESIAN_POINT('',(-17.3167329404305,38.9917410666081,113.699987292601));
#13492=CARTESIAN_POINT('',(-19.8167329404306,5.24174106660819,509.));
#13493=CARTESIAN_POINT('',(-21.4667329404306,5.24174106660819,509.));
#13494=CARTESIAN_POINT('',(27.1832670595694,4.9917410666081,509.));
#13495=CARTESIAN_POINT('',(25.5332670595694,4.9917410666081,509.));
#13496=CARTESIAN_POINT('',(27.1832670595696,51.9917410666081,509.));
#13497=CARTESIAN_POINT('',(25.5332670595696,51.9917410666081,509.));
#13498=CARTESIAN_POINT('',(-19.8167329404304,51.9917410666081,509.));
#13499=CARTESIAN_POINT('',(-21.4667329404304,51.9917410666081,509.));
#13500=CARTESIAN_POINT('',(3.68326705956953,28.4917410666081,509.));
#13501=CARTESIAN_POINT('',(-7.41673294043047,28.4917410666081,509.));
#13502=CARTESIAN_POINT('',(19.2396162456736,44.0480902527122,509.));
#13503=CARTESIAN_POINT('',(15.9896162456736,44.0480902527122,509.));
#13504=CARTESIAN_POINT('',(-11.8730821265345,44.0480902527122,509.));
#13505=CARTESIAN_POINT('',(-15.1230821265345,44.0480902527122,509.));
#13506=CARTESIAN_POINT('',(-11.8730821265345,12.9353918805041,509.));
#13507=CARTESIAN_POINT('',(-15.1230821265345,12.9353918805041,509.));
#13508=CARTESIAN_POINT('',(19.2396162456736,12.935391880504,509.));
#13509=CARTESIAN_POINT('',(15.9896162456736,12.935391880504,509.));
#13510=CARTESIAN_POINT('',(20.6832670595695,-3.5082589333919,509.));
#13511=CARTESIAN_POINT('',(18.4332670595695,-3.5082589333919,509.));
#13512=CARTESIAN_POINT('',(-13.3167329404305,-3.5082589333919,509.));
#13513=CARTESIAN_POINT('',(-15.5667329404305,-3.5082589333919,509.));
#13514=CARTESIAN_POINT('',(28.6832670595695,-11.0082589333919,509.));
#13515=CARTESIAN_POINT('',(28.6832670595695,-14.0082589333919,509.));
#13516=CARTESIAN_POINT('',(31.6832670595695,-11.0082589333919,509.));
#13517=CARTESIAN_POINT('',(-24.3167329404305,-14.0082589333919,509.));
#13518=CARTESIAN_POINT('',(-21.3167329404305,-14.0082589333919,509.));
#13519=CARTESIAN_POINT('',(-21.3167329404305,-11.0082589333919,509.));
#13520=CARTESIAN_POINT('',(-24.3167329404305,-11.0082589333919,509.));
#13521=CARTESIAN_POINT('',(-24.3167329404305,-14.0082589333919,509.));
#13522=CARTESIAN_POINT('',(-24.3167329404305,52.9917410666081,509.));
#13523=CARTESIAN_POINT('',(-21.3167329404305,52.9917410666081,509.));
#13524=CARTESIAN_POINT('',(-21.3167329404305,55.9917410666081,509.));
#13525=CARTESIAN_POINT('',(-24.3167329404305,55.9917410666081,509.));
#13526=CARTESIAN_POINT('',(28.6832670595695,55.9917410666081,509.));
#13527=CARTESIAN_POINT('',(28.6832670595695,52.9917410666081,509.));
#13528=CARTESIAN_POINT('',(31.6832670595695,52.9917410666081,509.));
#13529=CARTESIAN_POINT('',(31.6832670595695,-14.0082589333919,509.));
#13530=CARTESIAN_POINT('',(3.68326705956953,20.9917410666081,509.));
#13531=CARTESIAN_POINT('',(-19.8167329404306,5.24174106660819,518.));
#13532=CARTESIAN_POINT('',(-21.4667329404306,5.24174106660819,518.));
#13533=CARTESIAN_POINT('',(27.1832670595694,4.9917410666081,518.));
#13534=CARTESIAN_POINT('',(25.5332670595694,4.9917410666081,518.));
#13535=CARTESIAN_POINT('',(27.1832670595696,51.9917410666081,518.));
#13536=CARTESIAN_POINT('',(25.5332670595696,51.9917410666081,518.));
#13537=CARTESIAN_POINT('',(-19.8167329404304,51.9917410666081,518.));
#13538=CARTESIAN_POINT('',(-21.4667329404304,51.9917410666081,518.));
#13539=CARTESIAN_POINT('',(-13.3167329404305,-3.5082589333919,518.));
#13540=CARTESIAN_POINT('',(-17.3167329404305,-3.5082589333919,518.));
#13541=CARTESIAN_POINT('',(24.6832670595695,20.1917410666081,518.));
#13542=CARTESIAN_POINT('',(24.6832670595695,10.4917410666081,518.));
#13543=CARTESIAN_POINT('',(24.6832670595695,46.4917410666081,518.));
#13544=CARTESIAN_POINT('',(21.6832670595695,10.4917410666081,518.));
#13545=CARTESIAN_POINT('',(21.6832670595695,7.4917410666081,518.));
#13546=CARTESIAN_POINT('',(-17.3167329404305,7.4917410666081,518.));
#13547=CARTESIAN_POINT('',(-14.3167329404305,7.4917410666081,518.));
#13548=CARTESIAN_POINT('',(-14.3167329404305,10.4917410666081,518.));
#13549=CARTESIAN_POINT('',(-17.3167329404305,10.4917410666081,518.));
#13550=CARTESIAN_POINT('',(-17.3167329404305,49.4917410666081,518.));
#13551=CARTESIAN_POINT('',(-17.3167329404305,46.4917410666081,518.));
#13552=CARTESIAN_POINT('',(-14.3167329404305,46.4917410666081,518.));
#13553=CARTESIAN_POINT('',(-14.3167329404305,49.4917410666081,518.));
#13554=CARTESIAN_POINT('',(-17.3167329404305,49.4917410666081,518.));
#13555=CARTESIAN_POINT('',(21.6832670595695,49.4917410666081,518.));
#13556=CARTESIAN_POINT('',(21.6832670595695,46.4917410666081,518.));
#13557=CARTESIAN_POINT('',(-24.3167329404305,-14.0082589333919,518.));
#13558=CARTESIAN_POINT('',(28.6832670595695,-14.0082589333919,518.));
#13559=CARTESIAN_POINT('',(-21.3167329404305,-14.0082589333919,518.));
#13560=CARTESIAN_POINT('',(28.6832670595695,-11.0082589333919,518.));
#13561=CARTESIAN_POINT('',(31.6832670595695,-11.0082589333919,518.));
#13562=CARTESIAN_POINT('',(31.6832670595695,-14.0082589333919,518.));
#13563=CARTESIAN_POINT('',(31.6832670595695,52.9917410666081,518.));
#13564=CARTESIAN_POINT('',(28.6832670595695,52.9917410666081,518.));
#13565=CARTESIAN_POINT('',(28.6832670595695,55.9917410666081,518.));
#13566=CARTESIAN_POINT('',(-24.3167329404305,55.9917410666081,518.));
#13567=CARTESIAN_POINT('',(-21.3167329404305,55.9917410666081,518.));
#13568=CARTESIAN_POINT('',(-21.3167329404305,52.9917410666081,518.));
#13569=CARTESIAN_POINT('',(-24.3167329404305,52.9917410666081,518.));
#13570=CARTESIAN_POINT('',(-24.3167329404305,-14.0082589333919,518.));
#13571=CARTESIAN_POINT('',(-24.3167329404305,-11.0082589333919,518.));
#13572=CARTESIAN_POINT('',(-21.3167329404305,-11.0082589333919,518.));
#13573=CARTESIAN_POINT('',(20.6832670595695,-3.5082589333919,518.));
#13574=CARTESIAN_POINT('',(16.6832670595695,-3.5082589333919,518.));
#13575=CARTESIAN_POINT('',(3.68326705956953,20.9917410666081,518.));
#13576=CARTESIAN_POINT('',(28.6832670595695,-14.0082589333919,518.));
#13577=CARTESIAN_POINT('',(31.6832670595695,-11.0082589333919,518.));
#13578=CARTESIAN_POINT('',(28.6832670595695,-11.0082589333919,518.));
#13579=CARTESIAN_POINT('',(-21.3167329404305,-14.0082589333919,518.));
#13580=CARTESIAN_POINT('',(-24.3167329404305,-14.0082589333919,518.));
#13581=CARTESIAN_POINT('',(-24.3167329404305,-11.0082589333919,518.));
#13582=CARTESIAN_POINT('',(-21.3167329404305,-11.0082589333919,518.));
#13583=CARTESIAN_POINT('',(-24.3167329404305,52.9917410666081,518.));
#13584=CARTESIAN_POINT('',(-24.3167329404305,-14.0082589333919,518.));
#13585=CARTESIAN_POINT('',(-21.3167329404305,55.9917410666081,518.));
#13586=CARTESIAN_POINT('',(-21.3167329404305,52.9917410666081,518.));
#13587=CARTESIAN_POINT('',(28.6832670595695,55.9917410666081,518.));
#13588=CARTESIAN_POINT('',(-24.3167329404305,55.9917410666081,518.));
#13589=CARTESIAN_POINT('',(31.6832670595695,52.9917410666081,518.));
#13590=CARTESIAN_POINT('',(28.6832670595695,52.9917410666081,518.));
#13591=CARTESIAN_POINT('',(31.6832670595695,-14.0082589333919,518.));
#13592=CARTESIAN_POINT('',(-13.3167329404305,-3.5082589333919,513.6));
#13593=CARTESIAN_POINT('',(-9.31673294043047,-3.5082589333919,513.6));
#13594=CARTESIAN_POINT('',(-13.3167329404305,-3.5082589333919,518.));
#13595=CARTESIAN_POINT('',(20.6832670595695,-3.5082589333919,513.6));
#13596=CARTESIAN_POINT('',(24.6832670595695,-3.5082589333919,513.6));
#13597=CARTESIAN_POINT('',(20.6832670595695,-3.5082589333919,518.));
#13598=CARTESIAN_POINT('',(3.68326705956953,28.4917410666081,516.));
#13599=CARTESIAN_POINT('',(-15.3167329404305,28.4917410666081,516.));
#13600=CARTESIAN_POINT('',(22.6832670595695,28.4917410666081,516.));
#13601=CARTESIAN_POINT('',(-15.3167329404305,28.4917410666081,516.));
#13602=CARTESIAN_POINT('',(-15.3167329404305,28.4917410666081,517.));
#13603=CARTESIAN_POINT('',(3.68326705956953,28.4917410666081,517.));
#13604=CARTESIAN_POINT('',(22.6832670595695,28.4917410666081,517.));
#13605=CARTESIAN_POINT('',(22.6832670595695,28.4917410666081,516.));
#13606=CARTESIAN_POINT('',(3.68326705956953,28.4917410666081,516.));
#13607=CARTESIAN_POINT('',(-11.8730821265345,12.9353918805041,514.));
#13608=CARTESIAN_POINT('',(-15.1230821265345,12.9353918805041,514.));
#13609=CARTESIAN_POINT('',(-11.8730821265345,12.9353918805041,509.));
#13610=CARTESIAN_POINT('',(19.2396162456736,44.0480902527122,514.));
#13611=CARTESIAN_POINT('',(15.9896162456736,44.0480902527122,514.));
#13612=CARTESIAN_POINT('',(19.2396162456736,44.0480902527122,509.));
#13613=CARTESIAN_POINT('',(19.2396162456736,44.0480902527122,514.));
#13614=CARTESIAN_POINT('',(17.5896162456736,44.0480902527122,514.));
#13615=CARTESIAN_POINT('',(19.2396162456736,44.0480902527122,517.));
#13616=CARTESIAN_POINT('',(20.8896162456736,44.0480902527122,517.));
#13617=CARTESIAN_POINT('',(19.2396162456736,44.0480902527122,509.));
#13618=CARTESIAN_POINT('',(19.2396162456736,12.935391880504,514.));
#13619=CARTESIAN_POINT('',(15.9896162456736,12.935391880504,514.));
#13620=CARTESIAN_POINT('',(19.2396162456736,12.935391880504,509.));
#13621=CARTESIAN_POINT('',(-11.8730821265345,44.0480902527122,514.));
#13622=CARTESIAN_POINT('',(-15.1230821265345,44.0480902527122,514.));
#13623=CARTESIAN_POINT('',(-11.8730821265345,44.0480902527122,509.));
#13624=CARTESIAN_POINT('',(3.68326705956953,28.4917410666081,516.));
#13625=CARTESIAN_POINT('',(14.7832670595695,28.4917410666081,516.));
#13626=CARTESIAN_POINT('',(3.68326705956953,28.4917410666081,509.));
#13627=CARTESIAN_POINT('',(24.6832670595695,10.4917410666081,518.));
#13628=CARTESIAN_POINT('',(24.6832670595695,10.4917410666081,517.));
#13629=CARTESIAN_POINT('',(24.6832670595695,46.4917410666081,517.));
#13630=CARTESIAN_POINT('',(24.6832670595695,46.4917410666081,517.));
#13631=CARTESIAN_POINT('',(24.6832670595695,49.4917410666081,517.));
#13632=CARTESIAN_POINT('',(24.6832670595695,49.4917410666081,517.));
#13633=CARTESIAN_POINT('',(-14.3167329404305,7.4917410666081,518.));
#13634=CARTESIAN_POINT('',(-14.3167329404305,7.4917410666081,517.));
#13635=CARTESIAN_POINT('',(21.6832670595695,7.4917410666081,517.));
#13636=CARTESIAN_POINT('',(21.6832670595695,7.4917410666081,517.));
#13637=CARTESIAN_POINT('',(-17.3167329404305,7.4917410666081,517.));
#13638=CARTESIAN_POINT('',(-17.3167329404305,7.4917410666081,517.));
#13639=CARTESIAN_POINT('',(-17.3167329404305,46.4917410666081,518.));
#13640=CARTESIAN_POINT('',(-17.3167329404305,46.4917410666081,517.));
#13641=CARTESIAN_POINT('',(-17.3167329404305,10.4917410666081,517.));
#13642=CARTESIAN_POINT('',(-17.3167329404305,10.4917410666081,517.));
#13643=CARTESIAN_POINT('',(-17.3167329404305,49.4917410666081,517.));
#13644=CARTESIAN_POINT('',(-17.3167329404305,49.4917410666081,517.));
#13645=CARTESIAN_POINT('',(21.6832670595695,49.4917410666081,518.));
#13646=CARTESIAN_POINT('',(21.6832670595695,49.4917410666081,517.));
#13647=CARTESIAN_POINT('',(-14.3167329404305,49.4917410666081,517.));
#13648=CARTESIAN_POINT('',(-14.3167329404305,49.4917410666081,517.));
#13649=CARTESIAN_POINT('',(-17.3167329404305,49.4917410666081,517.));
#13650=CARTESIAN_POINT('',(-17.3167329404305,49.4917410666081,517.));
#13651=CARTESIAN_POINT('',(3.68326705956953,28.4917410666081,517.));
#13652=CARTESIAN_POINT('',(-11.8730821265345,12.9353918805041,517.));
#13653=CARTESIAN_POINT('',(-10.2230821265345,12.9353918805041,517.));
#13654=CARTESIAN_POINT('',(19.2396162456736,12.935391880504,517.));
#13655=CARTESIAN_POINT('',(20.8896162456736,12.935391880504,517.));
#13656=CARTESIAN_POINT('',(-11.8730821265345,44.0480902527122,517.));
#13657=CARTESIAN_POINT('',(-10.2230821265345,44.0480902527122,517.));
#13658=CARTESIAN_POINT('',(-14.3167329404305,10.4917410666081,517.));
#13659=CARTESIAN_POINT('',(21.6832670595695,10.4917410666081,517.));
#13660=CARTESIAN_POINT('',(21.6832670595695,46.4917410666081,517.));
#13661=CARTESIAN_POINT('',(-14.3167329404305,46.4917410666081,517.));
#13662=CARTESIAN_POINT('',(3.68326705956953,20.1917410666081,517.));
#13663=CARTESIAN_POINT('',(-11.8730821265345,44.0480902527122,514.));
#13664=CARTESIAN_POINT('',(-13.5230821265345,44.0480902527122,514.));
#13665=CARTESIAN_POINT('',(-11.8730821265345,44.0480902527122,509.));
#13666=CARTESIAN_POINT('',(-10.2230821265345,44.0480902527122,514.));
#13667=CARTESIAN_POINT('',(19.2396162456736,12.935391880504,514.));
#13668=CARTESIAN_POINT('',(17.5896162456736,12.935391880504,514.));
#13669=CARTESIAN_POINT('',(19.2396162456736,12.935391880504,509.));
#13670=CARTESIAN_POINT('',(20.8896162456736,12.935391880504,514.));
#13671=CARTESIAN_POINT('',(20.8896162456736,44.0480902527122,514.));
#13672=CARTESIAN_POINT('',(-11.8730821265345,12.9353918805041,514.));
#13673=CARTESIAN_POINT('',(-13.5230821265345,12.9353918805041,514.));
#13674=CARTESIAN_POINT('',(-11.8730821265345,12.9353918805041,509.));
#13675=CARTESIAN_POINT('',(-10.2230821265345,12.9353918805041,514.));
#13676=CARTESIAN_POINT('',(3.68326705956953,28.4917410666081,516.));
#13677=CARTESIAN_POINT('',(3.68326705956953,28.4917410666081,516.));
#13678=CARTESIAN_POINT('',(3.68326705956953,28.4917410666081,516.));
#13679=CARTESIAN_POINT('',(20.6832670595695,-3.5082589333919,513.6));
#13680=CARTESIAN_POINT('',(22.9332670595695,-3.5082589333919,513.6));
#13681=CARTESIAN_POINT('',(20.6832670595695,-3.5082589333919,518.));
#13682=CARTESIAN_POINT('',(22.9332670595695,-3.5082589333919,513.6));
#13683=CARTESIAN_POINT('',(-13.3167329404305,-3.5082589333919,513.6));
#13684=CARTESIAN_POINT('',(-11.0667329404305,-3.5082589333919,513.6));
#13685=CARTESIAN_POINT('',(-13.3167329404305,-3.5082589333919,518.));
#13686=CARTESIAN_POINT('',(-11.0667329404305,-3.5082589333919,513.6));
#13687=CARTESIAN_POINT('',(-14.3167329404305,10.4917410666081,517.));
#13688=CARTESIAN_POINT('',(21.6832670595695,10.4917410666081,517.));
#13689=CARTESIAN_POINT('',(21.6832670595695,46.4917410666081,517.));
#13690=CARTESIAN_POINT('',(-14.3167329404305,46.4917410666081,517.));
#13691=CARTESIAN_POINT('',(-19.8167329404304,51.9917410666081,518.));
#13692=CARTESIAN_POINT('',(27.1832670595696,51.9917410666081,518.));
#13693=CARTESIAN_POINT('',(27.1832670595694,4.9917410666081,518.));
#13694=CARTESIAN_POINT('',(-19.8167329404306,5.24174106660819,518.));
#13695=CARTESIAN_POINT('',(3.68326705956954,8.99174106660808,110.499987292601));
#13696=CARTESIAN_POINT('',(4.38326705956954,8.99174106660808,110.499987292601));
#13697=CARTESIAN_POINT('',(2.98326705956954,8.99174106660808,110.499987292601));
#13698=CARTESIAN_POINT('',(2.98326705956954,8.99174106660808,110.499987292601));
#13699=CARTESIAN_POINT('',(2.98326705954061,8.99174106660808,115.499987292601));
#13700=CARTESIAN_POINT('',(3.68326705956954,8.99174106660808,115.499987292601));
#13701=CARTESIAN_POINT('',(4.38326705959848,8.99174106660808,115.499987292601));
#13702=CARTESIAN_POINT('',(4.38326705956954,8.99174106660808,110.499987292601));
#13703=CARTESIAN_POINT('',(3.68326705956954,8.99174106660808,110.499987292601));
#13704=CARTESIAN_POINT('',(9.68326705956954,3.99174106660808,155.899987292601));
#13705=CARTESIAN_POINT('',(8.43326705956954,3.99174106660808,155.899987292601));
#13706=CARTESIAN_POINT('',(9.68326705956954,2.74174106660808,155.899987292601));
#13707=CARTESIAN_POINT('',(8.43326705956954,3.99174106660808,168.199987292601));
#13708=CARTESIAN_POINT('',(8.43326705956954,3.99174106660808,110.499987292601));
#13709=CARTESIAN_POINT('',(9.68326705956954,3.99174106660808,110.499987292601));
#13710=CARTESIAN_POINT('',(9.68326705956954,2.74174106660808,110.499987292601));
#13711=CARTESIAN_POINT('',(9.68326705956954,2.74174106660808,168.199987292601));
#13712=CARTESIAN_POINT('',(9.68326705956954,3.99174106660808,168.199987292601));
#13713=CARTESIAN_POINT('',(3.68326705956954,8.99174106660808,155.899987292601));
#13714=CARTESIAN_POINT('',(4.38326705956954,8.99174106660808,155.899987292601));
#13715=CARTESIAN_POINT('',(2.98326705956954,8.99174106660808,155.899987292601));
#13716=CARTESIAN_POINT('',(4.38326705956954,8.99174106660808,155.899987292601));
#13717=CARTESIAN_POINT('',(4.38326705959848,8.99174106660808,150.899987292601));
#13718=CARTESIAN_POINT('',(3.68326705956954,8.99174106660808,150.899987292601));
#13719=CARTESIAN_POINT('',(2.98326705954061,8.99174106660808,150.899987292601));
#13720=CARTESIAN_POINT('',(2.98326705956954,8.99174106660808,155.899987292601));
#13721=CARTESIAN_POINT('',(3.68326705956954,8.99174106660808,155.899987292601));
#13722=CARTESIAN_POINT('',(2.98326705974526,8.99174106660808,115.499987292724));
#13723=CARTESIAN_POINT('',(3.68326705956954,8.99174106660808,115.920589725948));
#13724=CARTESIAN_POINT('',(4.38326705939383,8.99174106660808,115.499987292724));
#13725=CARTESIAN_POINT('',(3.68326705956954,8.99174106660808,115.499987292724));
#13726=CARTESIAN_POINT('',(4.38326705939383,8.99174106660808,150.899987292478));
#13727=CARTESIAN_POINT('',(3.6832670595127,8.99174106660808,150.479384859226));
#13728=CARTESIAN_POINT('',(2.98326705974526,8.99174106660808,150.899987292478));
#13729=CARTESIAN_POINT('',(3.68326705956954,8.99174106660808,150.899987292478));
#13730=CARTESIAN_POINT('',(17.1832670595695,4.49174106660808,149.399987292601));
#13731=CARTESIAN_POINT('',(16.8832670595695,4.49174106660808,149.399987292601));
#13732=CARTESIAN_POINT('',(17.1832670595695,4.79174106660808,149.399987292601));
#13733=CARTESIAN_POINT('',(16.8832670595695,4.49174106660808,155.899987292601));
#13734=CARTESIAN_POINT('',(16.8832670595695,4.49174106660808,116.999987292601));
#13735=CARTESIAN_POINT('',(17.1832670595695,4.49174106660808,116.999987292601));
#13736=CARTESIAN_POINT('',(17.1832670595695,4.79174106660808,116.999987292601));
#13737=CARTESIAN_POINT('',(17.1832670595695,4.79174106660808,155.899987292601));
#13738=CARTESIAN_POINT('',(17.1832670595695,4.49174106660808,155.899987292601));
#13739=CARTESIAN_POINT('',(13.6832670595695,11.4917410666081,143.199987292601));
#13740=CARTESIAN_POINT('',(13.6832670595695,11.4917410666081,144.699987292601));
#13741=CARTESIAN_POINT('',(13.6832670595695,11.4917410666081,141.699987292601));
#13742=CARTESIAN_POINT('',(13.6832670595695,11.4917410666081,144.699987292601));
#13743=CARTESIAN_POINT('',(13.6832670595695,7.99174106660808,144.699987292609));
#13744=CARTESIAN_POINT('',(13.6832670595695,7.99174106660808,143.199987292601));
#13745=CARTESIAN_POINT('',(13.6832670595695,7.99174106660808,141.699987292593));
#13746=CARTESIAN_POINT('',(13.6832670595695,11.4917410666081,141.699987292601));
#13747=CARTESIAN_POINT('',(13.6832670595695,11.4917410666081,143.199987292601));
#13748=CARTESIAN_POINT('',(13.6832670595695,11.4917410666081,123.199987292601));
#13749=CARTESIAN_POINT('',(13.6832670595695,11.4917410666081,124.699987292601));
#13750=CARTESIAN_POINT('',(13.6832670595695,11.4917410666081,121.699987292601));
#13751=CARTESIAN_POINT('',(13.6832670595695,11.4917410666081,124.699987292601));
#13752=CARTESIAN_POINT('',(13.6832670595695,7.99174106660808,124.699987292627));
#13753=CARTESIAN_POINT('',(13.6832670595695,7.99174106660808,123.199987292601));
#13754=CARTESIAN_POINT('',(13.6832670595695,7.99174106660808,121.699987292575));
#13755=CARTESIAN_POINT('',(13.6832670595695,11.4917410666081,121.699987292601));
#13756=CARTESIAN_POINT('',(13.6832670595695,11.4917410666081,123.199987292601));
#13757=CARTESIAN_POINT('',(-6.31673294043046,11.4917410666081,143.199987292601));
#13758=CARTESIAN_POINT('',(-6.31673294043046,11.4917410666081,144.699987292601));
#13759=CARTESIAN_POINT('',(-6.31673294043046,11.4917410666081,141.699987292601));
#13760=CARTESIAN_POINT('',(-6.31673294043046,11.4917410666081,144.699987292601));
#13761=CARTESIAN_POINT('',(-6.31673294043046,7.99174106660808,144.699987292609));
#13762=CARTESIAN_POINT('',(-6.31673294043046,7.99174106660808,143.199987292601));
#13763=CARTESIAN_POINT('',(-6.31673294043046,7.99174106660808,141.699987292593));
#13764=CARTESIAN_POINT('',(-6.31673294043046,11.4917410666081,141.699987292601));
#13765=CARTESIAN_POINT('',(-6.31673294043046,11.4917410666081,143.199987292601));
#13766=CARTESIAN_POINT('',(-6.31673294043046,11.4917410666081,123.199987292601));
#13767=CARTESIAN_POINT('',(-6.31673294043046,11.4917410666081,124.699987292601));
#13768=CARTESIAN_POINT('',(-6.31673294043046,11.4917410666081,121.699987292601));
#13769=CARTESIAN_POINT('',(-6.31673294043046,11.4917410666081,124.699987292601));
#13770=CARTESIAN_POINT('',(-6.31673294043046,7.99174106660808,124.699987292627));
#13771=CARTESIAN_POINT('',(-6.31673294043046,7.99174106660808,123.199987292601));
#13772=CARTESIAN_POINT('',(-6.31673294043046,7.99174106660808,121.699987292575));
#13773=CARTESIAN_POINT('',(-6.31673294043046,11.4917410666081,121.699987292601));
#13774=CARTESIAN_POINT('',(-6.31673294043046,11.4917410666081,123.199987292601));
#13775=CARTESIAN_POINT('',(13.6832670595695,7.99174106661081,144.699987292613));
#13776=CARTESIAN_POINT('',(13.6832670595695,7.09045013804353,143.199987292621));
#13777=CARTESIAN_POINT('',(13.6832670595695,7.99174106661081,141.699987292589));
#13778=CARTESIAN_POINT('',(13.6832670595695,7.99174106661081,143.199987292601));
#13779=CARTESIAN_POINT('',(13.6832670595695,7.99174106661081,124.699987292632));
#13780=CARTESIAN_POINT('',(13.6832670595695,7.09045013804353,123.199987292667));
#13781=CARTESIAN_POINT('',(13.6832670595695,7.99174106661081,121.699987292571));
#13782=CARTESIAN_POINT('',(13.6832670595695,7.99174106661081,123.199987292601));
#13783=CARTESIAN_POINT('',(-6.31673294043046,7.99174106661081,144.699987292613));
#13784=CARTESIAN_POINT('',(-6.31673294043046,7.09045013804353,143.199987292621));
#13785=CARTESIAN_POINT('',(-6.31673294043046,7.99174106661081,141.699987292589));
#13786=CARTESIAN_POINT('',(-6.31673294043046,7.99174106661081,143.199987292601));
#13787=CARTESIAN_POINT('',(-6.31673294043046,7.99174106661081,124.699987292632));
#13788=CARTESIAN_POINT('',(-6.31673294043046,7.09045013804353,123.199987292667));
#13789=CARTESIAN_POINT('',(-6.31673294043046,7.99174106661081,121.699987292571));
#13790=CARTESIAN_POINT('',(-6.31673294043046,7.99174106661081,123.199987292601));
#13791=CARTESIAN_POINT('',(-2.31673294043046,6.49174106660808,168.199987292601));
#13792=CARTESIAN_POINT('',(-2.31673294043046,6.49174106660808,155.899987292601));
#13793=CARTESIAN_POINT('',(-2.31673294043046,6.49174106660808,110.499987292601));
#13794=CARTESIAN_POINT('',(9.68326705956954,6.49174106660808,110.499987292601));
#13795=CARTESIAN_POINT('',(9.68326705956954,6.49174106660808,110.499987292601));
#13796=CARTESIAN_POINT('',(9.68326705956954,6.49174106660808,168.199987292601));
#13797=CARTESIAN_POINT('',(9.68326705956954,6.49174106660808,155.899987292601));
#13798=CARTESIAN_POINT('',(9.68326705956954,6.49174106660808,155.899987292601));
#13799=CARTESIAN_POINT('',(9.68326705956954,6.49174106660808,168.199987292601));
#13800=CARTESIAN_POINT('',(3.68326705956954,8.99174106660808,110.499987292601));
#13801=CARTESIAN_POINT('',(17.1832670595695,1.49174106660808,110.499987292601));
#13802=CARTESIAN_POINT('',(-9.01673294043045,1.49174106660808,110.499987292601));
#13803=CARTESIAN_POINT('',(-2.31673294043046,1.49174106660808,110.499987292601));
#13804=CARTESIAN_POINT('',(-9.41673294043046,1.89174106660808,110.499987292601));
#13805=CARTESIAN_POINT('',(-9.41673294043046,1.89174106660808,110.499987292601));
#13806=CARTESIAN_POINT('',(-9.41673294043046,4.49174106660808,110.499987292601));
#13807=CARTESIAN_POINT('',(-9.41673294043046,10.6917410666081,110.499987292601));
#13808=CARTESIAN_POINT('',(-9.01673294043045,11.0917410666081,110.499987292601));
#13809=CARTESIAN_POINT('',(-9.01673294043045,11.0917410666081,110.499987292601));
#13810=CARTESIAN_POINT('',(17.1832670595695,11.0917410666081,110.499987292601));
#13811=CARTESIAN_POINT('',(16.3832670595695,11.0917410666081,110.499987292601));
#13812=CARTESIAN_POINT('',(16.7832670595695,10.6917410666081,110.499987292601));
#13813=CARTESIAN_POINT('',(16.7832670595695,10.6917410666081,110.499987292601));
#13814=CARTESIAN_POINT('',(16.7832670595695,4.49174106660808,110.499987292601));
#13815=CARTESIAN_POINT('',(16.7832670595695,1.89174106660808,110.499987292601));
#13816=CARTESIAN_POINT('',(16.3832670595695,1.49174106660808,110.499987292601));
#13817=CARTESIAN_POINT('',(16.3832670595695,1.49174106660808,110.499987292601));
#13818=CARTESIAN_POINT('',(17.1832670595695,1.49174106660808,110.499987292601));
#13819=CARTESIAN_POINT('',(9.68326705956954,1.49174106660808,110.499987292601));
#13820=CARTESIAN_POINT('',(9.68326705956954,-1.50825893339192,110.499987292601));
#13821=CARTESIAN_POINT('',(9.68326705956954,3.99174106660808,110.499987292601));
#13822=CARTESIAN_POINT('',(9.68326705956954,5.24174106660808,110.499987292601));
#13823=CARTESIAN_POINT('',(9.68326705956954,4.49174106660808,110.499987292601));
#13824=CARTESIAN_POINT('',(-2.31673294043046,4.49174106660808,110.499987292601));
#13825=CARTESIAN_POINT('',(-2.31673294043046,5.24174106660808,110.499987292601));
#13826=CARTESIAN_POINT('',(-2.31673294043046,3.99174106660808,110.499987292601));
#13827=CARTESIAN_POINT('',(-2.31673294043046,2.74174106660808,110.499987292601));
#13828=CARTESIAN_POINT('',(-2.31673294043046,2.74174106660808,110.499987292601));
#13829=CARTESIAN_POINT('',(17.1832670595695,4.49174106660808,110.499987292601));
#13830=CARTESIAN_POINT('',(-2.31673294043046,5.24174106660808,168.199987292601));
#13831=CARTESIAN_POINT('',(-2.31673294043046,5.24174106660808,155.899987292601));
#13832=CARTESIAN_POINT('',(-2.31673294043046,6.49174106660808,155.899987292601));
#13833=CARTESIAN_POINT('',(-2.31673294043046,6.49174106660808,168.199987292601));
#13834=CARTESIAN_POINT('',(3.68326705956954,8.99174106660808,155.899987292601));
#13835=CARTESIAN_POINT('',(-2.31673294043046,2.74174106660808,155.899987292601));
#13836=CARTESIAN_POINT('',(-2.31673294043046,2.74174106660808,155.899987292601));
#13837=CARTESIAN_POINT('',(-2.31673294043046,1.49174106660808,155.899987292601));
#13838=CARTESIAN_POINT('',(-2.31673294043046,3.99174106660808,155.899987292601));
#13839=CARTESIAN_POINT('',(9.68326705956954,4.49174106660808,155.899987292601));
#13840=CARTESIAN_POINT('',(9.68326705956954,5.24174106660808,155.899987292601));
#13841=CARTESIAN_POINT('',(9.68326705956954,3.99174106660808,155.899987292601));
#13842=CARTESIAN_POINT('',(9.68326705956954,-1.50825893339192,155.899987292601));
#13843=CARTESIAN_POINT('',(9.68326705956954,1.49174106660808,155.899987292601));
#13844=CARTESIAN_POINT('',(17.1832670595695,1.49174106660808,155.899987292601));
#13845=CARTESIAN_POINT('',(16.3832670595695,1.49174106660808,155.899987292601));
#13846=CARTESIAN_POINT('',(16.7832670595695,1.89174106660808,155.899987292601));
#13847=CARTESIAN_POINT('',(16.7832670595695,1.89174106660808,155.899987292601));
#13848=CARTESIAN_POINT('',(16.7832670595695,4.49174106660808,155.899987292601));
#13849=CARTESIAN_POINT('',(16.7832670595695,10.6917410666081,155.899987292601));
#13850=CARTESIAN_POINT('',(16.3832670595695,11.0917410666081,155.899987292601));
#13851=CARTESIAN_POINT('',(16.3832670595695,11.0917410666081,155.899987292601));
#13852=CARTESIAN_POINT('',(17.1832670595695,11.0917410666081,155.899987292601));
#13853=CARTESIAN_POINT('',(-9.01673294043045,11.0917410666081,155.899987292601));
#13854=CARTESIAN_POINT('',(-9.41673294043046,10.6917410666081,155.899987292601));
#13855=CARTESIAN_POINT('',(-9.41673294043046,10.6917410666081,155.899987292601));
#13856=CARTESIAN_POINT('',(-9.41673294043046,4.49174106660808,155.899987292601));
#13857=CARTESIAN_POINT('',(-9.41673294043046,1.89174106660808,155.899987292601));
#13858=CARTESIAN_POINT('',(-9.01673294043045,1.49174106660808,155.899987292601));
#13859=CARTESIAN_POINT('',(-9.01673294043045,1.49174106660808,155.899987292601));
#13860=CARTESIAN_POINT('',(17.1832670595695,1.49174106660808,155.899987292601));
#13861=CARTESIAN_POINT('',(17.1832670595695,4.49174106660808,155.899987292601));
#13862=CARTESIAN_POINT('',(9.68326705956954,5.24174106660808,168.199987292601));
#13863=CARTESIAN_POINT('',(9.68326705956954,5.24174106660808,168.199987292601));
#13864=CARTESIAN_POINT('',(3.68326705956954,8.99174106660808,115.499987292601));
#13865=CARTESIAN_POINT('',(3.68326705956954,8.99174106660808,110.499987292601));
#13866=CARTESIAN_POINT('',(-9.41673294043046,1.49174106660808,155.899987292601));
#13867=CARTESIAN_POINT('',(-9.41673294043046,1.49174106660808,149.399987292601));
#13868=CARTESIAN_POINT('',(-9.41673294043046,1.49174106660808,116.999987292601));
#13869=CARTESIAN_POINT('',(17.1832670595695,1.49174106660808,116.999987292601));
#13870=CARTESIAN_POINT('',(-9.01673294043045,1.49174106660808,116.999987292601));
#13871=CARTESIAN_POINT('',(-9.01673294043045,1.49174106660808,155.899987292601));
#13872=CARTESIAN_POINT('',(-2.31673294043046,1.49174106660808,155.899987292601));
#13873=CARTESIAN_POINT('',(-9.01673294043045,1.49174106660808,155.899987292601));
#13874=CARTESIAN_POINT('',(-9.01673294043045,1.49174106660808,149.399987292601));
#13875=CARTESIAN_POINT('',(-9.81673294043046,1.49174106660808,149.399987292601));
#13876=CARTESIAN_POINT('',(17.1832670595695,1.49174106660808,155.899987292601));
#13877=CARTESIAN_POINT('',(-9.41673294043046,10.6917410666081,110.499987292601));
#13878=CARTESIAN_POINT('',(-9.41673294043046,10.6917410666081,116.999987292601));
#13879=CARTESIAN_POINT('',(-9.41673294043046,1.89174106660808,110.499987292601));
#13880=CARTESIAN_POINT('',(-9.41673294043046,1.89174106660808,116.999987292601));
#13881=CARTESIAN_POINT('',(-9.41673294043046,11.0917410666081,116.999987292601));
#13882=CARTESIAN_POINT('',(-9.41673294043046,11.0917410666081,110.499987292601));
#13883=CARTESIAN_POINT('',(16.3832670595695,11.0917410666081,110.499987292601));
#13884=CARTESIAN_POINT('',(16.3832670595695,11.0917410666081,116.999987292601));
#13885=CARTESIAN_POINT('',(-9.01673294043045,11.0917410666081,110.499987292601));
#13886=CARTESIAN_POINT('',(-9.01673294043045,11.0917410666081,116.999987292601));
#13887=CARTESIAN_POINT('',(17.1832670595695,11.0917410666081,116.999987292601));
#13888=CARTESIAN_POINT('',(17.1832670595695,11.0917410666081,110.499987292601));
#13889=CARTESIAN_POINT('',(16.7832670595695,10.6917410666081,110.499987292601));
#13890=CARTESIAN_POINT('',(16.7832670595695,10.6917410666081,116.999987292601));
#13891=CARTESIAN_POINT('',(16.7832670595695,1.49174106660808,116.999987292601));
#13892=CARTESIAN_POINT('',(16.7832670595695,1.89174106660808,116.999987292601));
#13893=CARTESIAN_POINT('',(16.7832670595695,1.89174106660808,110.499987292601));
#13894=CARTESIAN_POINT('',(16.7832670595695,1.49174106660808,110.499987292601));
#13895=CARTESIAN_POINT('',(16.7832670595695,1.49174106660808,155.899987292601));
#13896=CARTESIAN_POINT('',(16.7832670595695,1.49174106660808,116.999987292601));
#13897=CARTESIAN_POINT('',(16.7832670595695,1.49174106660808,149.399987292601));
#13898=CARTESIAN_POINT('',(-9.81673294043046,1.49174106660808,149.399987292601));
#13899=CARTESIAN_POINT('',(16.3832670595695,1.49174106660808,149.399987292601));
#13900=CARTESIAN_POINT('',(16.3832670595695,1.49174106660808,155.899987292601));
#13901=CARTESIAN_POINT('',(9.68326705956954,1.49174106660808,155.899987292601));
#13902=CARTESIAN_POINT('',(16.3832670595695,1.49174106660808,155.899987292601));
#13903=CARTESIAN_POINT('',(16.3832670595695,1.49174106660808,116.999987292601));
#13904=CARTESIAN_POINT('',(17.1832670595695,1.49174106660808,116.999987292601));
#13905=CARTESIAN_POINT('',(17.1832670595695,1.49174106660808,155.899987292601));
#13906=CARTESIAN_POINT('',(9.68326705956954,3.99174106660808,168.199987292601));
#13907=CARTESIAN_POINT('',(-2.31673294043046,2.74174106660808,168.199987292601));
#13908=CARTESIAN_POINT('',(-2.31673294043046,3.99174106660808,168.199987292601));
#13909=CARTESIAN_POINT('',(3.68326705956954,8.99174106660808,150.899987292601));
#13910=CARTESIAN_POINT('',(3.68326705956954,8.99174106660808,155.899987292601));
#13911=CARTESIAN_POINT('',(-9.41673294043046,10.6917410666081,155.899987292601));
#13912=CARTESIAN_POINT('',(-9.41673294043046,10.6917410666081,149.399987292601));
#13913=CARTESIAN_POINT('',(-9.41673294043046,1.49174106660808,149.399987292601));
#13914=CARTESIAN_POINT('',(-9.41673294043046,1.89174106660808,149.399987292601));
#13915=CARTESIAN_POINT('',(-9.41673294043046,1.89174106660808,155.899987292601));
#13916=CARTESIAN_POINT('',(-9.41673294043046,1.49174106660808,155.899987292601));
#13917=CARTESIAN_POINT('',(16.3832670595695,11.0917410666081,155.899987292601));
#13918=CARTESIAN_POINT('',(16.3832670595695,11.0917410666081,149.399987292601));
#13919=CARTESIAN_POINT('',(-9.81673294043046,11.0917410666081,149.399987292601));
#13920=CARTESIAN_POINT('',(-9.01673294043045,11.0917410666081,149.399987292601));
#13921=CARTESIAN_POINT('',(-9.01673294043045,11.0917410666081,155.899987292601));
#13922=CARTESIAN_POINT('',(-9.81673294043046,11.0917410666081,155.899987292601));
#13923=CARTESIAN_POINT('',(16.7832670595695,1.89174106660808,155.899987292601));
#13924=CARTESIAN_POINT('',(16.7832670595695,1.89174106660808,149.399987292601));
#13925=CARTESIAN_POINT('',(16.7832670595695,1.49174106660808,149.399987292601));
#13926=CARTESIAN_POINT('',(16.7832670595695,10.6917410666081,149.399987292601));
#13927=CARTESIAN_POINT('',(16.7832670595695,10.6917410666081,155.899987292601));
#13928=CARTESIAN_POINT('',(16.7832670595695,1.49174106660808,155.899987292601));
#13929=CARTESIAN_POINT('',(3.68326705956954,8.99174106660808,115.499987292724));
#13930=CARTESIAN_POINT('',(-9.41673294043046,1.49174106660808,116.999987292601));
#13931=CARTESIAN_POINT('',(-9.81673294043046,1.89174106660808,116.999987292601));
#13932=CARTESIAN_POINT('',(-9.41673294043046,1.49174106660808,149.399987292601));
#13933=CARTESIAN_POINT('',(-9.81673294043046,1.89174106660808,149.399987292601));
#13934=CARTESIAN_POINT('',(-9.81673294043046,1.89174106660808,155.899987292601));
#13935=CARTESIAN_POINT('',(-9.41673294043046,1.49174106660808,155.899987292601));
#13936=CARTESIAN_POINT('',(-9.01673294043045,1.49174106660808,149.399987292601));
#13937=CARTESIAN_POINT('',(-9.01673294043045,1.49174106660808,155.899987292601));
#13938=CARTESIAN_POINT('',(-2.31673294043046,2.74174106660808,168.199987292601));
#13939=CARTESIAN_POINT('',(-9.41673294043046,1.89174106660808,116.999987292601));
#13940=CARTESIAN_POINT('',(-9.41673294043046,1.89174106660808,110.499987292601));
#13941=CARTESIAN_POINT('',(-9.01673294043045,11.0917410666081,116.999987292601));
#13942=CARTESIAN_POINT('',(-9.01673294043045,11.0917410666081,110.499987292601));
#13943=CARTESIAN_POINT('',(17.1832670595695,11.4917410666081,116.999987292601));
#13944=CARTESIAN_POINT('',(17.1832670595695,11.0917410666081,116.999987292601));
#13945=CARTESIAN_POINT('',(17.1832670595695,4.49174106660808,116.999987292601));
#13946=CARTESIAN_POINT('',(17.1832670595695,4.19174106660808,116.999987292601));
#13947=CARTESIAN_POINT('',(17.1832670595695,11.4917410666081,116.999987292601));
#13948=CARTESIAN_POINT('',(17.1832670595695,1.89174106660808,116.999987292601));
#13949=CARTESIAN_POINT('',(17.1832670595695,1.89174106660808,116.999987292601));
#13950=CARTESIAN_POINT('',(16.3832670595695,1.49174106660808,116.999987292601));
#13951=CARTESIAN_POINT('',(16.7832670595695,10.6917410666081,116.999987292601));
#13952=CARTESIAN_POINT('',(-9.81673294043046,11.4917410666081,116.999987292601));
#13953=CARTESIAN_POINT('',(-9.81673294043046,11.0917410666081,116.999987292601));
#13954=CARTESIAN_POINT('',(-9.81673294043046,11.0917410666081,116.999987292601));
#13955=CARTESIAN_POINT('',(-9.41673294043046,11.4917410666081,116.999987292601));
#13956=CARTESIAN_POINT('',(17.1832670595695,11.4917410666081,116.999987292601));
#13957=CARTESIAN_POINT('',(-2.81673294043045,11.4917410666081,116.999987292601));
#13958=CARTESIAN_POINT('',(-2.81673294043045,11.4917410666081,116.999987292601));
#13959=CARTESIAN_POINT('',(-2.81673294043045,11.2417410666081,116.999987292601));
#13960=CARTESIAN_POINT('',(17.1832670595695,11.2417410666081,116.999987292601));
#13961=CARTESIAN_POINT('',(10.1832670595695,11.2417410666081,116.999987292601));
#13962=CARTESIAN_POINT('',(10.1832670595695,11.4917410666081,116.999987292601));
#13963=CARTESIAN_POINT('',(10.1832670595695,11.4917410666081,116.999987292601));
#13964=CARTESIAN_POINT('',(17.1832670595695,11.4917410666081,116.999987292601));
#13965=CARTESIAN_POINT('',(16.7832670595695,11.4917410666081,116.999987292601));
#13966=CARTESIAN_POINT('',(16.7832670595695,11.4917410666081,116.999987292601));
#13967=CARTESIAN_POINT('',(17.1832670595695,11.4917410666081,116.999987292601));
#13968=CARTESIAN_POINT('',(16.7832670595695,10.6917410666081,110.499987292601));
#13969=CARTESIAN_POINT('',(16.3832670595695,1.49174106660808,155.899987292601));
#13970=CARTESIAN_POINT('',(17.1832670595695,1.89174106660808,155.899987292601));
#13971=CARTESIAN_POINT('',(17.1832670595695,1.89174106660808,149.399987292601));
#13972=CARTESIAN_POINT('',(17.1832670595695,1.89174106660808,149.399987292601));
#13973=CARTESIAN_POINT('',(17.1832670595695,1.89174106660808,155.899987292601));
#13974=CARTESIAN_POINT('',(9.68326705956954,-1.50825893339192,168.199987292601));
#13975=CARTESIAN_POINT('',(16.7832670595695,1.89174106660808,149.399987292601));
#13976=CARTESIAN_POINT('',(16.7832670595695,1.89174106660808,155.899987292601));
#13977=CARTESIAN_POINT('',(3.68326705956954,8.99174106660808,150.899987292478));
#13978=CARTESIAN_POINT('',(-9.81673294043046,11.0917410666081,149.399987292601));
#13979=CARTESIAN_POINT('',(-9.41673294043046,11.4917410666081,149.399987292601));
#13980=CARTESIAN_POINT('',(-9.81673294043046,11.0917410666081,149.399987292601));
#13981=CARTESIAN_POINT('',(-9.81673294043046,11.4917410666081,149.399987292601));
#13982=CARTESIAN_POINT('',(-9.41673294043046,10.6917410666081,149.399987292601));
#13983=CARTESIAN_POINT('',(16.3832670595695,11.0917410666081,149.399987292601));
#13984=CARTESIAN_POINT('',(17.1832670595695,11.4917410666081,149.399987292601));
#13985=CARTESIAN_POINT('',(17.1832670595695,4.19174106660808,149.399987292601));
#13986=CARTESIAN_POINT('',(17.1832670595695,4.49174106660808,149.399987292601));
#13987=CARTESIAN_POINT('',(17.1832670595695,11.4917410666081,149.399987292601));
#13988=CARTESIAN_POINT('',(17.1832670595695,11.0917410666081,149.399987292601));
#13989=CARTESIAN_POINT('',(16.7832670595695,11.4917410666081,149.399987292601));
#13990=CARTESIAN_POINT('',(16.7832670595695,11.4917410666081,149.399987292601));
#13991=CARTESIAN_POINT('',(-9.81673294043046,11.4917410666081,149.399987292601));
#13992=CARTESIAN_POINT('',(10.1832670595695,11.4917410666081,149.399987292601));
#13993=CARTESIAN_POINT('',(10.1832670595695,11.4917410666081,149.399987292601));
#13994=CARTESIAN_POINT('',(10.1832670595695,11.2417410666081,149.399987292601));
#13995=CARTESIAN_POINT('',(-9.81673294043046,11.2417410666081,149.399987292601));
#13996=CARTESIAN_POINT('',(-2.81673294043045,11.2417410666081,149.399987292601));
#13997=CARTESIAN_POINT('',(-2.81673294043045,11.4917410666081,149.399987292601));
#13998=CARTESIAN_POINT('',(-2.81673294043045,11.4917410666081,149.399987292601));
#13999=CARTESIAN_POINT('',(-9.81673294043046,11.4917410666081,149.399987292601));
#14000=CARTESIAN_POINT('',(-9.81673294043046,11.4917410666081,149.399987292601));
#14001=CARTESIAN_POINT('',(-9.41673294043046,10.6917410666081,155.899987292601));
#14002=CARTESIAN_POINT('',(16.3832670595695,11.0917410666081,155.899987292601));
#14003=CARTESIAN_POINT('',(-9.81673294043046,11.0917410666081,155.899987292601));
#14004=CARTESIAN_POINT('',(-9.81673294043046,1.49174106660808,155.899987292601));
#14005=CARTESIAN_POINT('',(17.1832670595695,11.0917410666081,155.899987292601));
#14006=CARTESIAN_POINT('',(17.1832670595695,11.4917410666081,155.899987292601));
#14007=CARTESIAN_POINT('',(13.6832670595695,11.4917410666081,143.199987292601));
#14008=CARTESIAN_POINT('',(13.6832670595695,11.4917410666081,123.199987292601));
#14009=CARTESIAN_POINT('',(10.1832670595695,11.4917410666081,155.899987292601));
#14010=CARTESIAN_POINT('',(16.7832670595695,11.4917410666081,155.899987292601));
#14011=CARTESIAN_POINT('',(-9.81673294043046,11.4917410666081,155.899987292601));
#14012=CARTESIAN_POINT('',(10.1832670595695,11.2417410666081,149.399987292601));
#14013=CARTESIAN_POINT('',(-2.81673294043045,11.2417410666081,149.399987292601));
#14014=CARTESIAN_POINT('',(-9.81673294043046,11.2417410666081,149.399987292601));
#14015=CARTESIAN_POINT('',(-6.31673294043046,11.4917410666081,143.199987292601));
#14016=CARTESIAN_POINT('',(-6.31673294043046,11.4917410666081,123.199987292601));
#14017=CARTESIAN_POINT('',(-2.81673294043045,11.4917410666081,155.899987292601));
#14018=CARTESIAN_POINT('',(-9.41673294043046,11.4917410666081,155.899987292601));
#14019=CARTESIAN_POINT('',(-9.81673294043046,11.4917410666081,155.899987292601));
#14020=CARTESIAN_POINT('',(17.1832670595695,4.19174106660808,155.899987292601));
#14021=CARTESIAN_POINT('',(17.1832670595695,4.19174106660808,155.899987292601));
#14022=CARTESIAN_POINT('',(-9.81673294043046,11.0917410666081,155.899987292601));
#14023=CARTESIAN_POINT('',(17.1832670595695,4.49174106660808,155.899987292601));
#14024=CARTESIAN_POINT('',(16.7832670595695,11.4917410666081,155.899987292601));
#14025=CARTESIAN_POINT('',(13.6832670595695,7.99174106660808,143.199987292601));
#14026=CARTESIAN_POINT('',(13.6832670595695,11.4917410666081,143.199987292601));
#14027=CARTESIAN_POINT('',(13.6832670595695,7.99174106660808,123.199987292601));
#14028=CARTESIAN_POINT('',(13.6832670595695,11.4917410666081,123.199987292601));
#14029=CARTESIAN_POINT('',(10.1832670595695,11.4917410666081,149.399987292601));
#14030=CARTESIAN_POINT('',(-2.81673294043045,11.4917410666081,149.399987292601));
#14031=CARTESIAN_POINT('',(-6.31673294043046,7.99174106660808,143.199987292601));
#14032=CARTESIAN_POINT('',(-6.31673294043046,11.4917410666081,143.199987292601));
#14033=CARTESIAN_POINT('',(-6.31673294043046,7.99174106660808,123.199987292601));
#14034=CARTESIAN_POINT('',(-6.31673294043046,11.4917410666081,123.199987292601));
#14035=CARTESIAN_POINT('',(13.6832670595695,7.99174106661081,143.199987292601));
#14036=CARTESIAN_POINT('',(13.6832670595695,7.99174106661081,123.199987292601));
#14037=CARTESIAN_POINT('',(-6.31673294043046,7.99174106661081,143.199987292601));
#14038=CARTESIAN_POINT('',(-6.31673294043046,7.99174106661081,123.199987292601));
#14039=CARTESIAN_POINT('',(3.68326705956954,3.09174106660808,205.));
#14040=CARTESIAN_POINT('',(3.68326705956954,3.09174106660808,206.7));
#14041=CARTESIAN_POINT('',(3.68326705956954,-1.50825893339192,205.));
#14042=CARTESIAN_POINT('',(4.88326705956954,-1.50825893339192,203.795840542121));
#14043=CARTESIAN_POINT('',(4.88326705956954,-1.50825893339192,206.204159457879));
#14044=CARTESIAN_POINT('',(4.88326705956954,-1.50825893339192,203.795840542121));
#14045=CARTESIAN_POINT('',(4.88326705956954,-1.48216932686412,203.795840542121));
#14046=CARTESIAN_POINT('',(4.88682956562644,-1.45570051431001,203.799365855604));
#14047=CARTESIAN_POINT('',(4.8933074000354,-1.43129533262606,203.805930330992));
#14048=CARTESIAN_POINT('',(4.89976188558351,-1.4069781175611,203.812471145228));
#14049=CARTESIAN_POINT('',(4.90921602275667,-1.3840339435744,203.822157302781));
#14050=CARTESIAN_POINT('',(4.92036631520587,-1.36374873093885,203.833987379269));
#14051=CARTESIAN_POINT('',(4.93531635574837,-1.33655081189803,203.849848857694));
#14052=CARTESIAN_POINT('',(4.95365922668651,-1.31332317937266,203.869971572509));
#14053=CARTESIAN_POINT('',(4.97277449062096,-1.29450000745565,203.892222682457));
#14054=CARTESIAN_POINT('',(5.00025876788585,-1.26743570545356,203.924215736664));
#14055=CARTESIAN_POINT('',(5.03007399160408,-1.24843118652891,203.961513933397));
#14056=CARTESIAN_POINT('',(5.05852358494229,-1.23542369824455,204.00066547672));
#14057=CARTESIAN_POINT('',(5.10509966887323,-1.21412856552118,204.064762194946));
#14058=CARTESIAN_POINT('',(5.14951449490955,-1.20772520339386,204.135795544603));
#14059=CARTESIAN_POINT('',(5.18771707725299,-1.20829193963658,204.208400262574));
#14060=CARTESIAN_POINT('',(5.25843117475555,-1.20934098500126,204.342793719531));
#14061=CARTESIAN_POINT('',(5.31102076023363,-1.23413036768881,204.487103427441));
#14062=CARTESIAN_POINT('',(5.34341362027402,-1.25457984656264,204.634058205474));
#14063=CARTESIAN_POINT('',(5.37968091782844,-1.27747524185116,204.798589915712));
#14064=CARTESIAN_POINT('',(5.39149944760428,-1.29149570395203,204.973407639132));
#14065=CARTESIAN_POINT('',(5.37729133090696,-1.27944769649132,205.142414072759));
#14066=CARTESIAN_POINT('',(5.36417081819629,-1.26832194081277,205.29848338918));
#14067=CARTESIAN_POINT('',(5.32935189292057,-1.23996024513936,205.4524945881));
#14068=CARTESIAN_POINT('',(5.27441525960837,-1.22244079955559,205.598537722715));
#14069=CARTESIAN_POINT('',(5.2413675876999,-1.21190180481268,205.686391406246));
#14070=CARTESIAN_POINT('',(5.20043817936774,-1.2049847447873,205.772716137507));
#14071=CARTESIAN_POINT('',(5.15303535240791,-1.20978608055251,205.85427230165));
#14072=CARTESIAN_POINT('',(5.11753720910623,-1.21338161516435,205.915346557925));
#14073=CARTESIAN_POINT('',(5.07761430006584,-1.22366773471983,205.974826783061));
#14074=CARTESIAN_POINT('',(5.0370800037395,-1.24628690299983,206.02819770093));
#14075=CARTESIAN_POINT('',(5.01276007993827,-1.25985803902222,206.060219390546));
#14076=CARTESIAN_POINT('',(4.98783842886754,-1.2782163120709,206.090552968542));
#14077=CARTESIAN_POINT('',(4.96496553927412,-1.30248127124972,206.116803029689));
#14078=CARTESIAN_POINT('',(4.94706688541256,-1.32146925715909,206.137344411503));
#14079=CARTESIAN_POINT('',(4.93009045341183,-1.34456142704941,206.155779364708));
#14080=CARTESIAN_POINT('',(4.91641825462939,-1.371176055898,206.170187220116));
#14081=CARTESIAN_POINT('',(4.90543904462301,-1.39254844844585,206.181757185765));
#14082=CARTESIAN_POINT('',(4.89639213966901,-1.41671425842393,206.190963488249));
#14083=CARTESIAN_POINT('',(4.89065182860698,-1.44210512315603,206.196754786703));
#14084=CARTESIAN_POINT('',(4.88584634465375,-1.4633610083703,206.201602954596));
#14085=CARTESIAN_POINT('',(4.88326705956954,-1.48593383397024,206.204159457879));
#14086=CARTESIAN_POINT('',(4.88326705956954,-1.50825893339192,206.204159457879));
#14087=CARTESIAN_POINT('',(3.68326705956954,6.49174106660808,205.));
#14088=CARTESIAN_POINT('',(3.68326705956954,6.49174106660808,205.));
#14089=CARTESIAN_POINT('',(3.68326705956954,6.49174106660808,208.25));
#14090=CARTESIAN_POINT('',(3.68326705956954,3.09174106660808,205.));
#14091=CARTESIAN_POINT('',(3.68326705956954,3.09174106660808,208.25));
#14092=CARTESIAN_POINT('',(3.68326705956954,6.49174106660808,205.));
#14093=CARTESIAN_POINT('',(3.68326705956954,3.09174106660808,180.));
#14094=CARTESIAN_POINT('',(3.68326705956954,3.09174106660808,176.75));
#14095=CARTESIAN_POINT('',(3.68326705956954,3.09174106660808,183.25));
#14096=CARTESIAN_POINT('',(3.68326705956954,6.49174106660808,176.75));
#14097=CARTESIAN_POINT('',(3.68326705956954,6.49174106660808,176.75));
#14098=CARTESIAN_POINT('',(3.68326705956954,6.49174106660808,180.));
#14099=CARTESIAN_POINT('',(3.68326705956954,6.49174106660808,183.25));
#14100=CARTESIAN_POINT('',(3.68326705956954,6.49174106660808,183.25));
#14101=CARTESIAN_POINT('',(3.68326705956954,6.49174106660808,180.));
#14102=CARTESIAN_POINT('',(3.68326705956954,-1.50825893339192,180.));
#14103=CARTESIAN_POINT('',(3.68326705956954,-1.50825893339192,178.3));
#14104=CARTESIAN_POINT('',(3.68326705956954,-1.50825893339192,181.7));
#14105=CARTESIAN_POINT('',(3.68326705956954,6.49174106660808,178.3));
#14106=CARTESIAN_POINT('',(3.68326705956954,3.09174106660808,178.3));
#14107=CARTESIAN_POINT('',(3.68326705956954,3.09174106660808,180.));
#14108=CARTESIAN_POINT('',(3.68326705956954,3.09174106660808,181.7));
#14109=CARTESIAN_POINT('',(3.68326705956954,6.49174106660808,181.7));
#14110=CARTESIAN_POINT('',(3.68326705956954,6.49174106660808,180.));
#14111=CARTESIAN_POINT('',(3.68326705956954,3.09174106660808,155.));
#14112=CARTESIAN_POINT('',(3.68326705956954,3.09174106660808,151.75));
#14113=CARTESIAN_POINT('',(3.68326705956954,3.09174106660808,158.25));
#14114=CARTESIAN_POINT('',(3.68326705956954,6.49174106660808,151.75));
#14115=CARTESIAN_POINT('',(3.68326705956954,6.49174106660808,151.75));
#14116=CARTESIAN_POINT('',(3.68326705956954,6.49174106660808,155.));
#14117=CARTESIAN_POINT('',(3.68326705956954,6.49174106660808,158.25));
#14118=CARTESIAN_POINT('',(3.68326705956954,6.49174106660808,158.25));
#14119=CARTESIAN_POINT('',(3.68326705956954,6.49174106660808,155.));
#14120=CARTESIAN_POINT('',(3.68326705956954,-1.50825893339192,155.));
#14121=CARTESIAN_POINT('',(3.68326705956954,-1.50825893339192,153.3));
#14122=CARTESIAN_POINT('',(3.68326705956954,-1.50825893339192,156.7));
#14123=CARTESIAN_POINT('',(3.68326705956954,6.49174106660808,153.3));
#14124=CARTESIAN_POINT('',(3.68326705956954,3.09174106660808,153.3));
#14125=CARTESIAN_POINT('',(3.68326705956954,3.09174106660808,155.));
#14126=CARTESIAN_POINT('',(3.68326705956954,3.09174106660808,156.7));
#14127=CARTESIAN_POINT('',(3.68326705956954,6.49174106660808,156.7));
#14128=CARTESIAN_POINT('',(3.68326705956954,6.49174106660808,155.));
#14129=CARTESIAN_POINT('',(3.68326705956954,3.09174106660808,130.));
#14130=CARTESIAN_POINT('',(3.68326705956954,3.09174106660808,126.75));
#14131=CARTESIAN_POINT('',(3.68326705956954,3.09174106660808,133.25));
#14132=CARTESIAN_POINT('',(3.68326705956954,6.49174106660808,126.75));
#14133=CARTESIAN_POINT('',(3.68326705956954,6.49174106660808,126.75));
#14134=CARTESIAN_POINT('',(3.68326705956954,6.49174106660808,130.));
#14135=CARTESIAN_POINT('',(3.68326705956954,6.49174106660808,133.25));
#14136=CARTESIAN_POINT('',(3.68326705956954,6.49174106660808,133.25));
#14137=CARTESIAN_POINT('',(3.68326705956954,6.49174106660808,130.));
#14138=CARTESIAN_POINT('',(3.68326705956954,-1.50825893339192,130.));
#14139=CARTESIAN_POINT('',(3.68326705956954,-1.50825893339192,128.3));
#14140=CARTESIAN_POINT('',(3.68326705956954,-1.50825893339192,131.7));
#14141=CARTESIAN_POINT('',(3.68326705956954,6.49174106660808,128.3));
#14142=CARTESIAN_POINT('',(3.68326705956954,3.09174106660808,128.3));
#14143=CARTESIAN_POINT('',(3.68326705956954,3.09174106660808,130.));
#14144=CARTESIAN_POINT('',(3.68326705956954,3.09174106660808,131.7));
#14145=CARTESIAN_POINT('',(3.68326705956954,6.49174106660808,131.7));
#14146=CARTESIAN_POINT('',(3.68326705956954,6.49174106660808,130.));
#14147=CARTESIAN_POINT('',(3.68326705956954,3.09174106660808,105.));
#14148=CARTESIAN_POINT('',(3.68326705956954,3.09174106660808,101.75));
#14149=CARTESIAN_POINT('',(3.68326705956954,3.09174106660808,108.25));
#14150=CARTESIAN_POINT('',(3.68326705956954,6.49174106660808,101.75));
#14151=CARTESIAN_POINT('',(3.68326705956954,6.49174106660808,101.75));
#14152=CARTESIAN_POINT('',(3.68326705956954,6.49174106660808,105.));
#14153=CARTESIAN_POINT('',(3.68326705956954,6.49174106660808,108.25));
#14154=CARTESIAN_POINT('',(3.68326705956954,6.49174106660808,108.25));
#14155=CARTESIAN_POINT('',(3.68326705956954,6.49174106660808,105.));
#14156=CARTESIAN_POINT('',(3.68326705956954,-1.50825893339192,105.));
#14157=CARTESIAN_POINT('',(3.68326705956954,-1.50825893339192,103.3));
#14158=CARTESIAN_POINT('',(3.68326705956954,-1.50825893339192,106.7));
#14159=CARTESIAN_POINT('',(3.68326705956954,6.49174106660808,103.3));
#14160=CARTESIAN_POINT('',(3.68326705956954,3.09174106660808,103.3));
#14161=CARTESIAN_POINT('',(3.68326705956954,3.09174106660808,105.));
#14162=CARTESIAN_POINT('',(3.68326705956954,3.09174106660808,106.7));
#14163=CARTESIAN_POINT('',(3.68326705956954,6.49174106660808,106.7));
#14164=CARTESIAN_POINT('',(3.68326705956954,6.49174106660808,105.));
#14165=CARTESIAN_POINT('',(9.68326705956954,3.99174106660808,470.2));
#14166=CARTESIAN_POINT('',(9.68326705956954,5.24174106660808,470.2));
#14167=CARTESIAN_POINT('',(8.43326705956954,3.99174106660808,470.2));
#14168=CARTESIAN_POINT('',(8.43326705956954,3.99174106660808,210.));
#14169=CARTESIAN_POINT('',(8.43326705956954,3.99174106660808,175.326913616025));
#14170=CARTESIAN_POINT('',(8.43326705956954,3.99174106660808,175.326913616025));
#14171=CARTESIAN_POINT('',(8.43326705956954,4.00262899896671,175.326913616025));
#14172=CARTESIAN_POINT('',(8.43341788420162,4.01366404982064,175.324737882904));
#14173=CARTESIAN_POINT('',(8.43367921378761,4.02383803958166,175.320868941158));
#14174=CARTESIAN_POINT('',(8.43393887759177,4.03394717772212,175.317024661039));
#14175=CARTESIAN_POINT('',(8.43430847305419,4.04348248751619,175.311481121655));
#14176=CARTESIAN_POINT('',(8.43472600204783,4.05211678757742,175.304976114287));
#14177=CARTESIAN_POINT('',(8.43544172241687,4.06691754278349,175.293825352675));
#14178=CARTESIAN_POINT('',(8.43630840183881,4.07953955311546,175.279643821784));
#14179=CARTESIAN_POINT('',(8.43715117583945,4.09020529521715,175.264496354265));
#14180=CARTESIAN_POINT('',(8.43865259865077,4.10920657964106,175.237510764711));
#14181=CARTESIAN_POINT('',(8.4401218501354,4.12286968141531,175.206623211905));
#14182=CARTESIAN_POINT('',(8.44127862148919,4.13303763300498,175.175209842709));
#14183=CARTESIAN_POINT('',(8.44336324578337,4.15136135690808,175.118599629831));
#14184=CARTESIAN_POINT('',(8.44452183244638,4.1591037910101,175.058054301503));
#14185=CARTESIAN_POINT('',(8.44450327617156,4.15896633067282,174.99851606607));
#14186=CARTESIAN_POINT('',(8.44448361424588,4.1588206799449,174.935430324389));
#14187=CARTESIAN_POINT('',(8.44312812583972,4.14990320234319,174.871078901132));
#14188=CARTESIAN_POINT('',(8.44078050706565,4.12858830569969,174.811749344659));
#14189=CARTESIAN_POINT('',(8.44000600355619,4.12155630270304,174.792175915527));
#14190=CARTESIAN_POINT('',(8.43912390811836,4.11305494143395,174.773013350914));
#14191=CARTESIAN_POINT('',(8.43819660686935,4.10264448320538,174.755015280971));
#14192=CARTESIAN_POINT('',(8.43726443156004,4.09217930575668,174.736922609971));
#14193=CARTESIAN_POINT('',(8.4362650262415,4.07959907251395,174.719664020991));
#14194=CARTESIAN_POINT('',(8.43537808520923,4.06435723333448,174.705359011106));
#14195=CARTESIAN_POINT('',(8.43486128308685,4.0554761301378,174.697023778887));
#14196=CARTESIAN_POINT('',(8.43437776674559,4.04552614720131,174.689595400153));
#14197=CARTESIAN_POINT('',(8.43400553457718,4.03470200437456,174.683999280974));
#14198=CARTESIAN_POINT('',(8.43362988783882,4.02377856923503,174.678351827328));
#14199=CARTESIAN_POINT('',(8.43336479852881,4.01160352410529,174.67450781093));
#14200=CARTESIAN_POINT('',(8.43329021193281,3.99934898170711,174.673422958009));
#14201=CARTESIAN_POINT('',(8.43327482218311,3.99682045311907,174.673199115981));
#14202=CARTESIAN_POINT('',(8.43326705956954,3.99427953049762,174.673086383975));
#14203=CARTESIAN_POINT('',(8.43326705956954,3.99174106660808,174.673086383975));
#14204=CARTESIAN_POINT('',(8.43326705956954,3.99174106660808,174.673086383975));
#14205=CARTESIAN_POINT('',(8.43326705956954,3.99174106660808,210.));
#14206=CARTESIAN_POINT('',(8.43326705956954,3.99174106660808,100.2));
#14207=CARTESIAN_POINT('',(9.68326705956954,3.99174106660808,100.2));
#14208=CARTESIAN_POINT('',(9.68326705956954,5.24174106660808,100.2));
#14209=CARTESIAN_POINT('',(9.68326705956954,5.24174106660808,210.));
#14210=CARTESIAN_POINT('',(9.68326705956954,3.99174106660808,210.));
#14211=CARTESIAN_POINT('',(3.68326705956954,6.49174106660808,455.));
#14212=CARTESIAN_POINT('',(3.68326705956954,6.49174106660808,458.25));
#14213=CARTESIAN_POINT('',(3.68326705956954,6.49174106660808,430.));
#14214=CARTESIAN_POINT('',(3.68326705956954,6.49174106660808,433.25));
#14215=CARTESIAN_POINT('',(3.68326705956954,6.49174106660808,405.));
#14216=CARTESIAN_POINT('',(3.68326705956954,6.49174106660808,408.25));
#14217=CARTESIAN_POINT('',(3.68326705956954,6.49174106660808,380.));
#14218=CARTESIAN_POINT('',(3.68326705956954,6.49174106660808,383.25));
#14219=CARTESIAN_POINT('',(3.68326705956954,6.49174106660808,355.));
#14220=CARTESIAN_POINT('',(3.68326705956954,6.49174106660808,358.25));
#14221=CARTESIAN_POINT('',(3.68326705956954,6.49174106660808,330.));
#14222=CARTESIAN_POINT('',(3.68326705956954,6.49174106660808,333.25));
#14223=CARTESIAN_POINT('',(3.68326705956954,6.49174106660808,305.));
#14224=CARTESIAN_POINT('',(3.68326705956954,6.49174106660808,308.25));
#14225=CARTESIAN_POINT('',(3.68326705956954,6.49174106660808,280.));
#14226=CARTESIAN_POINT('',(3.68326705956954,6.49174106660808,283.25));
#14227=CARTESIAN_POINT('',(3.68326705956954,6.49174106660808,255.));
#14228=CARTESIAN_POINT('',(3.68326705956954,6.49174106660808,258.25));
#14229=CARTESIAN_POINT('',(3.68326705956954,6.49174106660808,230.));
#14230=CARTESIAN_POINT('',(3.68326705956954,6.49174106660808,233.25));
#14231=CARTESIAN_POINT('',(3.68326705956954,6.49174106660808,155.));
#14232=CARTESIAN_POINT('',(3.68326705956954,6.49174106660808,130.));
#14233=CARTESIAN_POINT('',(3.68326705956954,6.49174106660808,105.));
#14234=CARTESIAN_POINT('',(-17.8167329404304,6.49174106660808,470.2));
#14235=CARTESIAN_POINT('',(9.28326705956954,6.49174106660808,470.2));
#14236=CARTESIAN_POINT('',(-1.91673294043046,6.49174106660808,470.2));
#14237=CARTESIAN_POINT('',(9.28326705956954,6.49174106660808,210.));
#14238=CARTESIAN_POINT('',(9.28326705956954,6.49174106660808,100.2));
#14239=CARTESIAN_POINT('',(9.68326705956954,6.49174106660808,100.2));
#14240=CARTESIAN_POINT('',(-1.91673294043046,6.49174106660808,100.2));
#14241=CARTESIAN_POINT('',(-1.91673294043046,6.49174106660808,210.));
#14242=CARTESIAN_POINT('',(3.68326705956954,6.49174106660808,180.));
#14243=CARTESIAN_POINT('',(9.68326705956954,6.49174106660808,210.));
#14244=CARTESIAN_POINT('',(4.88326705956954,-1.50825893339192,210.));
#14245=CARTESIAN_POINT('',(4.88326705956954,-1.50825893339192,197.250454583027));
#14246=CARTESIAN_POINT('',(4.88326705956954,-1.50825893339192,181.204159457879));
#14247=CARTESIAN_POINT('',(4.88326705956954,-1.50825893339192,181.204159457879));
#14248=CARTESIAN_POINT('',(4.88326705956954,-1.48216932686412,181.204159457879));
#14249=CARTESIAN_POINT('',(4.88682956562644,-1.45570051431001,181.200634144396));
#14250=CARTESIAN_POINT('',(4.8933074000354,-1.43129533262606,181.194069669008));
#14251=CARTESIAN_POINT('',(4.89976188558351,-1.4069781175611,181.187528854772));
#14252=CARTESIAN_POINT('',(4.90921602275667,-1.3840339435744,181.177842697219));
#14253=CARTESIAN_POINT('',(4.92036631520587,-1.36374873093885,181.166012620731));
#14254=CARTESIAN_POINT('',(4.93531635574837,-1.33655081189803,181.150151142306));
#14255=CARTESIAN_POINT('',(4.95365922668651,-1.31332317937266,181.130028427491));
#14256=CARTESIAN_POINT('',(4.97277449062096,-1.29450000745565,181.107777317543));
#14257=CARTESIAN_POINT('',(5.00025876788585,-1.26743570545356,181.075784263336));
#14258=CARTESIAN_POINT('',(5.03007399160408,-1.24843118652891,181.038486066603));
#14259=CARTESIAN_POINT('',(5.05852358494229,-1.23542369824455,180.99933452328));
#14260=CARTESIAN_POINT('',(5.10509966887323,-1.21412856552118,180.935237805054));
#14261=CARTESIAN_POINT('',(5.14951449490955,-1.20772520339386,180.864204455397));
#14262=CARTESIAN_POINT('',(5.18771707725299,-1.20829193963658,180.791599737426));
#14263=CARTESIAN_POINT('',(5.25843117475555,-1.20934098500126,180.657206280469));
#14264=CARTESIAN_POINT('',(5.31102076023363,-1.23413036768881,180.512896572559));
#14265=CARTESIAN_POINT('',(5.34341362027402,-1.25457984656264,180.365941794526));
#14266=CARTESIAN_POINT('',(5.37968091782844,-1.27747524185116,180.201410084288));
#14267=CARTESIAN_POINT('',(5.39149944760428,-1.29149570395203,180.026592360868));
#14268=CARTESIAN_POINT('',(5.37729133090696,-1.27944769649132,179.857585927241));
#14269=CARTESIAN_POINT('',(5.36642640788528,-1.27023460538192,179.728346990748));
#14270=CARTESIAN_POINT('',(5.34071059722368,-1.249289979427,179.600624836748));
#14271=CARTESIAN_POINT('',(5.30112072611394,-1.23237759425851,179.477937251234));
#14272=CARTESIAN_POINT('',(5.30112072611394,-1.23237759425851,179.477937251234));
#14273=CARTESIAN_POINT('',(5.30112072611394,-1.23237759425851,179.477937251234));
#14274=CARTESIAN_POINT('',(5.33249911002083,-1.24578211667124,179.466600416749));
#14275=CARTESIAN_POINT('',(5.36210259132915,-1.26491523211513,179.455515841904));
#14276=CARTESIAN_POINT('',(5.38746287857252,-1.28847706994159,179.44579454348));
#14277=CARTESIAN_POINT('',(5.41286958564878,-1.31208203569336,179.436055451052));
#14278=CARTESIAN_POINT('',(5.43473262552009,-1.34086278344621,179.427419048579));
#14279=CARTESIAN_POINT('',(5.45077646758738,-1.3724696973607,179.421004750609));
#14280=CARTESIAN_POINT('',(5.46602201353824,-1.40250394080607,179.41490960993));
#14281=CARTESIAN_POINT('',(5.47643789513748,-1.43601406061499,179.4106613026));
#14282=CARTESIAN_POINT('',(5.48080673076408,-1.46991647565323,179.408880089413));
#14283=CARTESIAN_POINT('',(5.48244192375129,-1.48260566702094,179.408213406672));
#14284=CARTESIAN_POINT('',(5.48326705956954,-1.49544745808462,179.407876190678));
#14285=CARTESIAN_POINT('',(5.48326705956954,-1.50825893339192,179.407876190678));
#14286=CARTESIAN_POINT('',(5.48326705956954,-1.50825893339192,179.407876190678));
#14287=CARTESIAN_POINT('',(5.48326705956954,-1.50825893339192,210.));
#14288=CARTESIAN_POINT('',(5.48326705956954,-1.50825893339192,197.6));
#14289=CARTESIAN_POINT('',(5.48326705956954,-1.50825893339192,197.6));
#14290=CARTESIAN_POINT('',(5.48326705956954,-1.47928227675294,197.6));
#14291=CARTESIAN_POINT('',(5.47889861874182,-1.44990083923726,197.596708800222));
#14292=CARTESIAN_POINT('',(5.47081613599816,-1.42272806969322,197.590712076285));
#14293=CARTESIAN_POINT('',(5.4627616774509,-1.395649515634,197.584736144643));
#14294=CARTESIAN_POINT('',(5.45088047764162,-1.37002517401636,197.575982676105));
#14295=CARTESIAN_POINT('',(5.43642842223657,-1.34729519693997,197.565574967995));
#14296=CARTESIAN_POINT('',(5.42078165673852,-1.3226861976577,197.554306884419));
#14297=CARTESIAN_POINT('',(5.40180625284636,-1.30086491136006,197.540881149949));
#14298=CARTESIAN_POINT('',(5.38090785451038,-1.28256419225878,197.526537703673));
#14299=CARTESIAN_POINT('',(5.35597804961521,-1.26073317203889,197.509427334187));
#14300=CARTESIAN_POINT('',(5.32775537505793,-1.24339145593066,197.490637944224));
#14301=CARTESIAN_POINT('',(5.29808135756082,-1.23109891286809,197.471685386863));
#14302=CARTESIAN_POINT('',(5.2637739508166,-1.21688697561324,197.449773520891));
#14303=CARTESIAN_POINT('',(5.22662481981226,-1.20907536529402,197.427082325232));
#14304=CARTESIAN_POINT('',(5.18934033454277,-1.20832041413989,197.405439673006));
#14305=CARTESIAN_POINT('',(5.15012093079631,-1.20752628398338,197.382673852058));
#14306=CARTESIAN_POINT('',(5.10954270088347,-1.21460847527473,197.360385577493));
#14307=CARTESIAN_POINT('',(5.07165731779921,-1.22979301888539,197.340606743851));
#14308=CARTESIAN_POINT('',(5.03613650408058,-1.24402983797197,197.322062381667));
#14309=CARTESIAN_POINT('',(5.0018388415177,-1.26596799630943,197.305119443754));
#14310=CARTESIAN_POINT('',(4.97310655153325,-1.29417352785962,197.291436896624));
#14311=CARTESIAN_POINT('',(4.9477960388367,-1.31902001467987,197.279383827306));
#14312=CARTESIAN_POINT('',(4.92602385920311,-1.34957153502242,197.269461726516));
#14313=CARTESIAN_POINT('',(4.91065395050573,-1.38303077055879,197.262570289495));
#14314=CARTESIAN_POINT('',(4.8969396010428,-1.41288596735552,197.256421158913));
#14315=CARTESIAN_POINT('',(4.88791299110807,-1.44595962979788,197.252484641732));
#14316=CARTESIAN_POINT('',(4.8846779777448,-1.47919761519992,197.251070789255));
#14317=CARTESIAN_POINT('',(4.88373910260059,-1.48884404160784,197.250660456808));
#14318=CARTESIAN_POINT('',(4.88326705956954,-1.49855824260741,197.250454583027));
#14319=CARTESIAN_POINT('',(4.88326705956954,-1.50825893339192,197.250454583027));
#14320=CARTESIAN_POINT('',(5.18326705956954,-1.50825893339192,210.));
#14321=CARTESIAN_POINT('',(5.48326705956954,-1.50825893339192,210.));
#14322=CARTESIAN_POINT('',(5.48326705956954,-1.50825893339192,202.4));
#14323=CARTESIAN_POINT('',(5.48326705956954,-1.50825893339192,470.2));
#14324=CARTESIAN_POINT('',(5.18326705956954,-1.50825893339192,470.2));
#14325=CARTESIAN_POINT('',(4.88326705956954,-1.50825893339192,470.2));
#14326=CARTESIAN_POINT('',(4.88326705956954,-1.50825893339192,210.));
#14327=CARTESIAN_POINT('',(4.88326705956954,-1.50825893339192,456.204159457879));
#14328=CARTESIAN_POINT('',(4.88326705956954,-1.50825893339192,456.204159457879));
#14329=CARTESIAN_POINT('',(4.88326705956954,-1.48216932686412,456.204159457879));
#14330=CARTESIAN_POINT('',(4.88682956562644,-1.45570051431001,456.200634144396));
#14331=CARTESIAN_POINT('',(4.8933074000354,-1.43129533262606,456.194069669008));
#14332=CARTESIAN_POINT('',(4.89976188558351,-1.4069781175611,456.187528854772));
#14333=CARTESIAN_POINT('',(4.90921602275668,-1.38403394357439,456.177842697219));
#14334=CARTESIAN_POINT('',(4.92036631520587,-1.36374873093884,456.166012620731));
#14335=CARTESIAN_POINT('',(4.93531635574838,-1.33655081189802,456.150151142306));
#14336=CARTESIAN_POINT('',(4.95365922668651,-1.31332317937265,456.130028427491));
#14337=CARTESIAN_POINT('',(4.97277449062097,-1.29450000745564,456.107777317543));
#14338=CARTESIAN_POINT('',(5.00025876788586,-1.26743570545356,456.075784263336));
#14339=CARTESIAN_POINT('',(5.03007399160408,-1.24843118652891,456.038486066603));
#14340=CARTESIAN_POINT('',(5.05852358494229,-1.23542369824455,455.99933452328));
#14341=CARTESIAN_POINT('',(5.10509966887325,-1.21412856552117,455.935237805054));
#14342=CARTESIAN_POINT('',(5.14951449490958,-1.20772520339385,455.864204455397));
#14343=CARTESIAN_POINT('',(5.18771707725304,-1.20829193963658,455.791599737425));
#14344=CARTESIAN_POINT('',(5.2584311747556,-1.20934098500127,455.657206280469));
#14345=CARTESIAN_POINT('',(5.31102076023369,-1.23413036768884,455.512896572559));
#14346=CARTESIAN_POINT('',(5.34341362027406,-1.25457984656267,455.365941794526));
#14347=CARTESIAN_POINT('',(5.37968091782847,-1.27747524185119,455.201410084288));
#14348=CARTESIAN_POINT('',(5.39149944760429,-1.29149570395204,455.026592360868));
#14349=CARTESIAN_POINT('',(5.37729133090694,-1.2794476964913,454.857585927241));
#14350=CARTESIAN_POINT('',(5.36417081819624,-1.26832194081273,454.701516610819));
#14351=CARTESIAN_POINT('',(5.3293518929205,-1.23996024513932,454.5475054119));
#14352=CARTESIAN_POINT('',(5.2744152596083,-1.22244079955557,454.401462277285));
#14353=CARTESIAN_POINT('',(5.24136758769983,-1.21190180481266,454.313608593754));
#14354=CARTESIAN_POINT('',(5.2004381793677,-1.2049847447873,454.227283862493));
#14355=CARTESIAN_POINT('',(5.15303535240789,-1.20978608055252,454.14572769835));
#14356=CARTESIAN_POINT('',(5.1175372091062,-1.21338161516436,454.084653442075));
#14357=CARTESIAN_POINT('',(5.07761430006579,-1.22366773471985,454.025173216939));
#14358=CARTESIAN_POINT('',(5.03708000373944,-1.24628690299986,453.97180229907));
#14359=CARTESIAN_POINT('',(5.01276007993821,-1.25985803902226,453.939780609454));
#14360=CARTESIAN_POINT('',(4.9878384288675,-1.27821631207094,453.909447031458));
#14361=CARTESIAN_POINT('',(4.96496553927409,-1.30248127124975,453.883196970311));
#14362=CARTESIAN_POINT('',(4.94706688541255,-1.32146925715911,453.862655588497));
#14363=CARTESIAN_POINT('',(4.93009045341182,-1.34456142704942,453.844220635292));
#14364=CARTESIAN_POINT('',(4.91641825462939,-1.37117605589799,453.829812779884));
#14365=CARTESIAN_POINT('',(4.90543904462301,-1.39254844844585,453.818242814235));
#14366=CARTESIAN_POINT('',(4.89639213966901,-1.41671425842393,453.809036511751));
#14367=CARTESIAN_POINT('',(4.89065182860698,-1.44210512315603,453.803245213297));
#14368=CARTESIAN_POINT('',(4.88584634465375,-1.46336100837029,453.798397045404));
#14369=CARTESIAN_POINT('',(4.88326705956954,-1.48593383397024,453.795840542121));
#14370=CARTESIAN_POINT('',(4.88326705956954,-1.50825893339192,453.795840542121));
#14371=CARTESIAN_POINT('',(4.88326705956954,-1.50825893339192,453.795840542121));
#14372=CARTESIAN_POINT('',(4.88326705956954,-1.50825893339192,210.));
#14373=CARTESIAN_POINT('',(4.88326705956954,-1.50825893339192,431.204159457879));
#14374=CARTESIAN_POINT('',(4.88326705956954,-1.50825893339192,431.204159457879));
#14375=CARTESIAN_POINT('',(4.88326705956954,-1.48216932686412,431.204159457879));
#14376=CARTESIAN_POINT('',(4.88682956562644,-1.45570051431001,431.200634144396));
#14377=CARTESIAN_POINT('',(4.8933074000354,-1.43129533262606,431.194069669008));
#14378=CARTESIAN_POINT('',(4.89976188558351,-1.4069781175611,431.187528854772));
#14379=CARTESIAN_POINT('',(4.90921602275668,-1.38403394357439,431.177842697219));
#14380=CARTESIAN_POINT('',(4.92036631520587,-1.36374873093884,431.166012620731));
#14381=CARTESIAN_POINT('',(4.93531635574838,-1.33655081189802,431.150151142306));
#14382=CARTESIAN_POINT('',(4.95365922668651,-1.31332317937265,431.130028427491));
#14383=CARTESIAN_POINT('',(4.97277449062097,-1.29450000745564,431.107777317543));
#14384=CARTESIAN_POINT('',(5.00025876788586,-1.26743570545356,431.075784263336));
#14385=CARTESIAN_POINT('',(5.03007399160408,-1.24843118652891,431.038486066603));
#14386=CARTESIAN_POINT('',(5.05852358494229,-1.23542369824455,430.99933452328));
#14387=CARTESIAN_POINT('',(5.10509966887325,-1.21412856552117,430.935237805054));
#14388=CARTESIAN_POINT('',(5.14951449490958,-1.20772520339385,430.864204455397));
#14389=CARTESIAN_POINT('',(5.18771707725304,-1.20829193963658,430.791599737425));
#14390=CARTESIAN_POINT('',(5.2584311747556,-1.20934098500127,430.657206280469));
#14391=CARTESIAN_POINT('',(5.31102076023369,-1.23413036768884,430.512896572559));
#14392=CARTESIAN_POINT('',(5.34341362027406,-1.25457984656267,430.365941794526));
#14393=CARTESIAN_POINT('',(5.37968091782847,-1.27747524185119,430.201410084288));
#14394=CARTESIAN_POINT('',(5.39149944760429,-1.29149570395204,430.026592360868));
#14395=CARTESIAN_POINT('',(5.37729133090694,-1.2794476964913,429.857585927241));
#14396=CARTESIAN_POINT('',(5.36417081819624,-1.26832194081273,429.701516610819));
#14397=CARTESIAN_POINT('',(5.3293518929205,-1.23996024513932,429.5475054119));
#14398=CARTESIAN_POINT('',(5.2744152596083,-1.22244079955557,429.401462277285));
#14399=CARTESIAN_POINT('',(5.24136758769983,-1.21190180481266,429.313608593754));
#14400=CARTESIAN_POINT('',(5.2004381793677,-1.2049847447873,429.227283862493));
#14401=CARTESIAN_POINT('',(5.15303535240789,-1.20978608055252,429.14572769835));
#14402=CARTESIAN_POINT('',(5.1175372091062,-1.21338161516436,429.084653442075));
#14403=CARTESIAN_POINT('',(5.07761430006579,-1.22366773471985,429.025173216939));
#14404=CARTESIAN_POINT('',(5.03708000373944,-1.24628690299986,428.97180229907));
#14405=CARTESIAN_POINT('',(5.01276007993821,-1.25985803902226,428.939780609454));
#14406=CARTESIAN_POINT('',(4.9878384288675,-1.27821631207094,428.909447031458));
#14407=CARTESIAN_POINT('',(4.96496553927409,-1.30248127124975,428.883196970311));
#14408=CARTESIAN_POINT('',(4.94706688541255,-1.32146925715911,428.862655588497));
#14409=CARTESIAN_POINT('',(4.93009045341182,-1.34456142704942,428.844220635292));
#14410=CARTESIAN_POINT('',(4.91641825462939,-1.37117605589799,428.829812779884));
#14411=CARTESIAN_POINT('',(4.90543904462301,-1.39254844844585,428.818242814235));
#14412=CARTESIAN_POINT('',(4.89639213966901,-1.41671425842393,428.809036511751));
#14413=CARTESIAN_POINT('',(4.89065182860698,-1.44210512315603,428.803245213297));
#14414=CARTESIAN_POINT('',(4.88584634465375,-1.46336100837029,428.798397045404));
#14415=CARTESIAN_POINT('',(4.88326705956954,-1.48593383397024,428.795840542121));
#14416=CARTESIAN_POINT('',(4.88326705956954,-1.50825893339192,428.795840542121));
#14417=CARTESIAN_POINT('',(4.88326705956954,-1.50825893339192,428.795840542121));
#14418=CARTESIAN_POINT('',(4.88326705956954,-1.50825893339192,210.));
#14419=CARTESIAN_POINT('',(4.88326705956954,-1.50825893339192,406.204159457879));
#14420=CARTESIAN_POINT('',(4.88326705956954,-1.50825893339192,406.204159457879));
#14421=CARTESIAN_POINT('',(4.88326705956954,-1.48216932686412,406.204159457879));
#14422=CARTESIAN_POINT('',(4.88682956562644,-1.45570051431001,406.200634144396));
#14423=CARTESIAN_POINT('',(4.8933074000354,-1.43129533262606,406.194069669008));
#14424=CARTESIAN_POINT('',(4.89976188558351,-1.4069781175611,406.187528854772));
#14425=CARTESIAN_POINT('',(4.90921602275668,-1.38403394357439,406.177842697219));
#14426=CARTESIAN_POINT('',(4.92036631520587,-1.36374873093884,406.166012620731));
#14427=CARTESIAN_POINT('',(4.93531635574838,-1.33655081189802,406.150151142306));
#14428=CARTESIAN_POINT('',(4.95365922668651,-1.31332317937265,406.130028427491));
#14429=CARTESIAN_POINT('',(4.97277449062097,-1.29450000745564,406.107777317543));
#14430=CARTESIAN_POINT('',(5.00025876788586,-1.26743570545356,406.075784263336));
#14431=CARTESIAN_POINT('',(5.03007399160408,-1.24843118652891,406.038486066603));
#14432=CARTESIAN_POINT('',(5.05852358494229,-1.23542369824455,405.99933452328));
#14433=CARTESIAN_POINT('',(5.10509966887325,-1.21412856552117,405.935237805054));
#14434=CARTESIAN_POINT('',(5.14951449490958,-1.20772520339385,405.864204455397));
#14435=CARTESIAN_POINT('',(5.18771707725304,-1.20829193963658,405.791599737425));
#14436=CARTESIAN_POINT('',(5.2584311747556,-1.20934098500127,405.657206280469));
#14437=CARTESIAN_POINT('',(5.31102076023369,-1.23413036768884,405.512896572559));
#14438=CARTESIAN_POINT('',(5.34341362027406,-1.25457984656267,405.365941794526));
#14439=CARTESIAN_POINT('',(5.37968091782847,-1.27747524185119,405.201410084288));
#14440=CARTESIAN_POINT('',(5.39149944760429,-1.29149570395204,405.026592360868));
#14441=CARTESIAN_POINT('',(5.37729133090694,-1.2794476964913,404.857585927241));
#14442=CARTESIAN_POINT('',(5.36417081819624,-1.26832194081273,404.701516610819));
#14443=CARTESIAN_POINT('',(5.3293518929205,-1.23996024513932,404.5475054119));
#14444=CARTESIAN_POINT('',(5.2744152596083,-1.22244079955557,404.401462277285));
#14445=CARTESIAN_POINT('',(5.24136758769983,-1.21190180481266,404.313608593754));
#14446=CARTESIAN_POINT('',(5.2004381793677,-1.2049847447873,404.227283862493));
#14447=CARTESIAN_POINT('',(5.15303535240789,-1.20978608055252,404.14572769835));
#14448=CARTESIAN_POINT('',(5.1175372091062,-1.21338161516436,404.084653442075));
#14449=CARTESIAN_POINT('',(5.07761430006579,-1.22366773471985,404.025173216939));
#14450=CARTESIAN_POINT('',(5.03708000373944,-1.24628690299986,403.97180229907));
#14451=CARTESIAN_POINT('',(5.01276007993821,-1.25985803902226,403.939780609454));
#14452=CARTESIAN_POINT('',(4.9878384288675,-1.27821631207094,403.909447031458));
#14453=CARTESIAN_POINT('',(4.96496553927409,-1.30248127124975,403.883196970311));
#14454=CARTESIAN_POINT('',(4.94706688541255,-1.32146925715911,403.862655588497));
#14455=CARTESIAN_POINT('',(4.93009045341182,-1.34456142704942,403.844220635292));
#14456=CARTESIAN_POINT('',(4.91641825462939,-1.37117605589799,403.829812779884));
#14457=CARTESIAN_POINT('',(4.90543904462301,-1.39254844844585,403.818242814235));
#14458=CARTESIAN_POINT('',(4.89639213966901,-1.41671425842393,403.809036511751));
#14459=CARTESIAN_POINT('',(4.89065182860698,-1.44210512315603,403.803245213297));
#14460=CARTESIAN_POINT('',(4.88584634465375,-1.46336100837029,403.798397045404));
#14461=CARTESIAN_POINT('',(4.88326705956954,-1.48593383397024,403.795840542121));
#14462=CARTESIAN_POINT('',(4.88326705956954,-1.50825893339192,403.795840542121));
#14463=CARTESIAN_POINT('',(4.88326705956954,-1.50825893339192,403.795840542121));
#14464=CARTESIAN_POINT('',(4.88326705956954,-1.50825893339192,210.));
#14465=CARTESIAN_POINT('',(4.88326705956954,-1.50825893339192,381.204159457879));
#14466=CARTESIAN_POINT('',(4.88326705956954,-1.50825893339192,381.204159457879));
#14467=CARTESIAN_POINT('',(4.88326705956954,-1.48216932686412,381.204159457879));
#14468=CARTESIAN_POINT('',(4.88682956562644,-1.45570051431001,381.200634144396));
#14469=CARTESIAN_POINT('',(4.8933074000354,-1.43129533262606,381.194069669008));
#14470=CARTESIAN_POINT('',(4.89976188558351,-1.4069781175611,381.187528854772));
#14471=CARTESIAN_POINT('',(4.90921602275668,-1.38403394357439,381.177842697219));
#14472=CARTESIAN_POINT('',(4.92036631520587,-1.36374873093884,381.166012620731));
#14473=CARTESIAN_POINT('',(4.93531635574838,-1.33655081189802,381.150151142306));
#14474=CARTESIAN_POINT('',(4.95365922668651,-1.31332317937265,381.130028427491));
#14475=CARTESIAN_POINT('',(4.97277449062097,-1.29450000745564,381.107777317543));
#14476=CARTESIAN_POINT('',(5.00025876788586,-1.26743570545356,381.075784263336));
#14477=CARTESIAN_POINT('',(5.03007399160408,-1.24843118652891,381.038486066603));
#14478=CARTESIAN_POINT('',(5.05852358494229,-1.23542369824455,380.99933452328));
#14479=CARTESIAN_POINT('',(5.10509966887325,-1.21412856552117,380.935237805054));
#14480=CARTESIAN_POINT('',(5.14951449490958,-1.20772520339385,380.864204455397));
#14481=CARTESIAN_POINT('',(5.18771707725304,-1.20829193963658,380.791599737425));
#14482=CARTESIAN_POINT('',(5.2584311747556,-1.20934098500127,380.657206280469));
#14483=CARTESIAN_POINT('',(5.31102076023369,-1.23413036768884,380.512896572559));
#14484=CARTESIAN_POINT('',(5.34341362027406,-1.25457984656267,380.365941794526));
#14485=CARTESIAN_POINT('',(5.37968091782847,-1.27747524185119,380.201410084288));
#14486=CARTESIAN_POINT('',(5.39149944760429,-1.29149570395204,380.026592360868));
#14487=CARTESIAN_POINT('',(5.37729133090694,-1.2794476964913,379.857585927241));
#14488=CARTESIAN_POINT('',(5.36417081819624,-1.26832194081273,379.701516610819));
#14489=CARTESIAN_POINT('',(5.3293518929205,-1.23996024513932,379.5475054119));
#14490=CARTESIAN_POINT('',(5.2744152596083,-1.22244079955557,379.401462277285));
#14491=CARTESIAN_POINT('',(5.24136758769983,-1.21190180481266,379.313608593754));
#14492=CARTESIAN_POINT('',(5.2004381793677,-1.2049847447873,379.227283862493));
#14493=CARTESIAN_POINT('',(5.15303535240789,-1.20978608055252,379.14572769835));
#14494=CARTESIAN_POINT('',(5.1175372091062,-1.21338161516436,379.084653442075));
#14495=CARTESIAN_POINT('',(5.07761430006579,-1.22366773471985,379.025173216939));
#14496=CARTESIAN_POINT('',(5.03708000373944,-1.24628690299986,378.97180229907));
#14497=CARTESIAN_POINT('',(5.01276007993821,-1.25985803902226,378.939780609454));
#14498=CARTESIAN_POINT('',(4.9878384288675,-1.27821631207094,378.909447031458));
#14499=CARTESIAN_POINT('',(4.96496553927409,-1.30248127124975,378.883196970311));
#14500=CARTESIAN_POINT('',(4.94706688541255,-1.32146925715911,378.862655588497));
#14501=CARTESIAN_POINT('',(4.93009045341182,-1.34456142704942,378.844220635292));
#14502=CARTESIAN_POINT('',(4.91641825462939,-1.37117605589799,378.829812779884));
#14503=CARTESIAN_POINT('',(4.90543904462301,-1.39254844844585,378.818242814235));
#14504=CARTESIAN_POINT('',(4.89639213966901,-1.41671425842393,378.809036511751));
#14505=CARTESIAN_POINT('',(4.89065182860698,-1.44210512315603,378.803245213297));
#14506=CARTESIAN_POINT('',(4.88584634465375,-1.46336100837029,378.798397045404));
#14507=CARTESIAN_POINT('',(4.88326705956954,-1.48593383397024,378.795840542121));
#14508=CARTESIAN_POINT('',(4.88326705956954,-1.50825893339192,378.795840542121));
#14509=CARTESIAN_POINT('',(4.88326705956954,-1.50825893339192,378.795840542121));
#14510=CARTESIAN_POINT('',(4.88326705956954,-1.50825893339192,210.));
#14511=CARTESIAN_POINT('',(4.88326705956954,-1.50825893339192,356.204159457879));
#14512=CARTESIAN_POINT('',(4.88326705956954,-1.50825893339192,356.204159457879));
#14513=CARTESIAN_POINT('',(4.88326705956954,-1.48216932686412,356.204159457879));
#14514=CARTESIAN_POINT('',(4.88682956562644,-1.45570051431001,356.200634144396));
#14515=CARTESIAN_POINT('',(4.8933074000354,-1.43129533262606,356.194069669008));
#14516=CARTESIAN_POINT('',(4.89976188558351,-1.4069781175611,356.187528854772));
#14517=CARTESIAN_POINT('',(4.90921602275668,-1.38403394357439,356.177842697219));
#14518=CARTESIAN_POINT('',(4.92036631520587,-1.36374873093884,356.166012620731));
#14519=CARTESIAN_POINT('',(4.93531635574838,-1.33655081189802,356.150151142306));
#14520=CARTESIAN_POINT('',(4.95365922668651,-1.31332317937265,356.130028427491));
#14521=CARTESIAN_POINT('',(4.97277449062097,-1.29450000745564,356.107777317543));
#14522=CARTESIAN_POINT('',(5.00025876788586,-1.26743570545356,356.075784263336));
#14523=CARTESIAN_POINT('',(5.03007399160408,-1.24843118652891,356.038486066603));
#14524=CARTESIAN_POINT('',(5.05852358494229,-1.23542369824455,355.99933452328));
#14525=CARTESIAN_POINT('',(5.10509966887325,-1.21412856552117,355.935237805054));
#14526=CARTESIAN_POINT('',(5.14951449490958,-1.20772520339385,355.864204455397));
#14527=CARTESIAN_POINT('',(5.18771707725304,-1.20829193963658,355.791599737425));
#14528=CARTESIAN_POINT('',(5.2584311747556,-1.20934098500127,355.657206280469));
#14529=CARTESIAN_POINT('',(5.31102076023369,-1.23413036768884,355.512896572559));
#14530=CARTESIAN_POINT('',(5.34341362027406,-1.25457984656267,355.365941794526));
#14531=CARTESIAN_POINT('',(5.37968091782847,-1.27747524185119,355.201410084288));
#14532=CARTESIAN_POINT('',(5.39149944760429,-1.29149570395204,355.026592360868));
#14533=CARTESIAN_POINT('',(5.37729133090694,-1.2794476964913,354.857585927241));
#14534=CARTESIAN_POINT('',(5.36417081819624,-1.26832194081273,354.701516610819));
#14535=CARTESIAN_POINT('',(5.3293518929205,-1.23996024513932,354.5475054119));
#14536=CARTESIAN_POINT('',(5.2744152596083,-1.22244079955557,354.401462277285));
#14537=CARTESIAN_POINT('',(5.24136758769983,-1.21190180481266,354.313608593754));
#14538=CARTESIAN_POINT('',(5.2004381793677,-1.2049847447873,354.227283862493));
#14539=CARTESIAN_POINT('',(5.15303535240789,-1.20978608055252,354.14572769835));
#14540=CARTESIAN_POINT('',(5.1175372091062,-1.21338161516436,354.084653442075));
#14541=CARTESIAN_POINT('',(5.07761430006579,-1.22366773471985,354.025173216939));
#14542=CARTESIAN_POINT('',(5.03708000373944,-1.24628690299986,353.97180229907));
#14543=CARTESIAN_POINT('',(5.01276007993821,-1.25985803902226,353.939780609454));
#14544=CARTESIAN_POINT('',(4.9878384288675,-1.27821631207094,353.909447031458));
#14545=CARTESIAN_POINT('',(4.96496553927409,-1.30248127124975,353.883196970311));
#14546=CARTESIAN_POINT('',(4.94706688541255,-1.32146925715911,353.862655588497));
#14547=CARTESIAN_POINT('',(4.93009045341182,-1.34456142704942,353.844220635292));
#14548=CARTESIAN_POINT('',(4.91641825462939,-1.37117605589799,353.829812779884));
#14549=CARTESIAN_POINT('',(4.90543904462301,-1.39254844844585,353.818242814235));
#14550=CARTESIAN_POINT('',(4.89639213966901,-1.41671425842393,353.809036511751));
#14551=CARTESIAN_POINT('',(4.89065182860698,-1.44210512315603,353.803245213297));
#14552=CARTESIAN_POINT('',(4.88584634465375,-1.46336100837029,353.798397045404));
#14553=CARTESIAN_POINT('',(4.88326705956954,-1.48593383397024,353.795840542121));
#14554=CARTESIAN_POINT('',(4.88326705956954,-1.50825893339192,353.795840542121));
#14555=CARTESIAN_POINT('',(4.88326705956954,-1.50825893339192,353.795840542121));
#14556=CARTESIAN_POINT('',(4.88326705956954,-1.50825893339192,210.));
#14557=CARTESIAN_POINT('',(4.88326705956954,-1.50825893339192,331.204159457879));
#14558=CARTESIAN_POINT('',(4.88326705956954,-1.50825893339192,331.204159457879));
#14559=CARTESIAN_POINT('',(4.88326705956954,-1.48216932686412,331.204159457879));
#14560=CARTESIAN_POINT('',(4.88682956562644,-1.45570051431001,331.200634144396));
#14561=CARTESIAN_POINT('',(4.8933074000354,-1.43129533262606,331.194069669008));
#14562=CARTESIAN_POINT('',(4.89976188558351,-1.4069781175611,331.187528854772));
#14563=CARTESIAN_POINT('',(4.90921602275668,-1.38403394357439,331.177842697219));
#14564=CARTESIAN_POINT('',(4.92036631520587,-1.36374873093884,331.166012620731));
#14565=CARTESIAN_POINT('',(4.93531635574838,-1.33655081189802,331.150151142306));
#14566=CARTESIAN_POINT('',(4.95365922668651,-1.31332317937265,331.130028427491));
#14567=CARTESIAN_POINT('',(4.97277449062097,-1.29450000745564,331.107777317543));
#14568=CARTESIAN_POINT('',(5.00025876788586,-1.26743570545356,331.075784263336));
#14569=CARTESIAN_POINT('',(5.03007399160408,-1.24843118652891,331.038486066603));
#14570=CARTESIAN_POINT('',(5.05852358494229,-1.23542369824455,330.99933452328));
#14571=CARTESIAN_POINT('',(5.10509966887325,-1.21412856552117,330.935237805054));
#14572=CARTESIAN_POINT('',(5.14951449490958,-1.20772520339385,330.864204455397));
#14573=CARTESIAN_POINT('',(5.18771707725304,-1.20829193963658,330.791599737425));
#14574=CARTESIAN_POINT('',(5.2584311747556,-1.20934098500127,330.657206280469));
#14575=CARTESIAN_POINT('',(5.31102076023369,-1.23413036768884,330.512896572559));
#14576=CARTESIAN_POINT('',(5.34341362027406,-1.25457984656267,330.365941794526));
#14577=CARTESIAN_POINT('',(5.37968091782847,-1.27747524185119,330.201410084288));
#14578=CARTESIAN_POINT('',(5.39149944760429,-1.29149570395204,330.026592360868));
#14579=CARTESIAN_POINT('',(5.37729133090694,-1.2794476964913,329.857585927241));
#14580=CARTESIAN_POINT('',(5.36417081819624,-1.26832194081273,329.701516610819));
#14581=CARTESIAN_POINT('',(5.3293518929205,-1.23996024513932,329.5475054119));
#14582=CARTESIAN_POINT('',(5.2744152596083,-1.22244079955557,329.401462277285));
#14583=CARTESIAN_POINT('',(5.24136758769983,-1.21190180481266,329.313608593754));
#14584=CARTESIAN_POINT('',(5.2004381793677,-1.2049847447873,329.227283862493));
#14585=CARTESIAN_POINT('',(5.15303535240789,-1.20978608055252,329.14572769835));
#14586=CARTESIAN_POINT('',(5.1175372091062,-1.21338161516436,329.084653442075));
#14587=CARTESIAN_POINT('',(5.07761430006579,-1.22366773471985,329.025173216939));
#14588=CARTESIAN_POINT('',(5.03708000373944,-1.24628690299986,328.97180229907));
#14589=CARTESIAN_POINT('',(5.01276007993821,-1.25985803902226,328.939780609454));
#14590=CARTESIAN_POINT('',(4.9878384288675,-1.27821631207094,328.909447031458));
#14591=CARTESIAN_POINT('',(4.96496553927409,-1.30248127124975,328.883196970311));
#14592=CARTESIAN_POINT('',(4.94706688541255,-1.32146925715911,328.862655588497));
#14593=CARTESIAN_POINT('',(4.93009045341182,-1.34456142704942,328.844220635292));
#14594=CARTESIAN_POINT('',(4.91641825462939,-1.37117605589799,328.829812779884));
#14595=CARTESIAN_POINT('',(4.90543904462301,-1.39254844844585,328.818242814235));
#14596=CARTESIAN_POINT('',(4.89639213966901,-1.41671425842393,328.809036511751));
#14597=CARTESIAN_POINT('',(4.89065182860698,-1.44210512315603,328.803245213297));
#14598=CARTESIAN_POINT('',(4.88584634465375,-1.46336100837029,328.798397045404));
#14599=CARTESIAN_POINT('',(4.88326705956954,-1.48593383397024,328.795840542121));
#14600=CARTESIAN_POINT('',(4.88326705956954,-1.50825893339192,328.795840542121));
#14601=CARTESIAN_POINT('',(4.88326705956954,-1.50825893339192,328.795840542121));
#14602=CARTESIAN_POINT('',(4.88326705956954,-1.50825893339192,210.));
#14603=CARTESIAN_POINT('',(4.88326705956954,-1.50825893339192,306.204159457879));
#14604=CARTESIAN_POINT('',(4.88326705956954,-1.50825893339192,306.204159457879));
#14605=CARTESIAN_POINT('',(4.88326705956954,-1.48216932686412,306.204159457879));
#14606=CARTESIAN_POINT('',(4.88682956562644,-1.45570051431001,306.200634144396));
#14607=CARTESIAN_POINT('',(4.8933074000354,-1.43129533262606,306.194069669008));
#14608=CARTESIAN_POINT('',(4.89976188558351,-1.4069781175611,306.187528854772));
#14609=CARTESIAN_POINT('',(4.90921602275668,-1.38403394357439,306.177842697219));
#14610=CARTESIAN_POINT('',(4.92036631520587,-1.36374873093884,306.166012620731));
#14611=CARTESIAN_POINT('',(4.93531635574838,-1.33655081189802,306.150151142306));
#14612=CARTESIAN_POINT('',(4.95365922668651,-1.31332317937265,306.130028427491));
#14613=CARTESIAN_POINT('',(4.97277449062097,-1.29450000745564,306.107777317543));
#14614=CARTESIAN_POINT('',(5.00025876788586,-1.26743570545356,306.075784263336));
#14615=CARTESIAN_POINT('',(5.03007399160408,-1.24843118652891,306.038486066603));
#14616=CARTESIAN_POINT('',(5.05852358494229,-1.23542369824455,305.99933452328));
#14617=CARTESIAN_POINT('',(5.10509966887325,-1.21412856552117,305.935237805054));
#14618=CARTESIAN_POINT('',(5.14951449490958,-1.20772520339385,305.864204455397));
#14619=CARTESIAN_POINT('',(5.18771707725304,-1.20829193963658,305.791599737425));
#14620=CARTESIAN_POINT('',(5.2584311747556,-1.20934098500127,305.657206280469));
#14621=CARTESIAN_POINT('',(5.31102076023369,-1.23413036768884,305.512896572559));
#14622=CARTESIAN_POINT('',(5.34341362027406,-1.25457984656267,305.365941794526));
#14623=CARTESIAN_POINT('',(5.37968091782847,-1.27747524185119,305.201410084288));
#14624=CARTESIAN_POINT('',(5.39149944760429,-1.29149570395204,305.026592360868));
#14625=CARTESIAN_POINT('',(5.37729133090694,-1.2794476964913,304.857585927241));
#14626=CARTESIAN_POINT('',(5.36417081819624,-1.26832194081273,304.701516610819));
#14627=CARTESIAN_POINT('',(5.3293518929205,-1.23996024513932,304.5475054119));
#14628=CARTESIAN_POINT('',(5.2744152596083,-1.22244079955557,304.401462277285));
#14629=CARTESIAN_POINT('',(5.24136758769983,-1.21190180481266,304.313608593754));
#14630=CARTESIAN_POINT('',(5.2004381793677,-1.2049847447873,304.227283862493));
#14631=CARTESIAN_POINT('',(5.15303535240789,-1.20978608055252,304.14572769835));
#14632=CARTESIAN_POINT('',(5.1175372091062,-1.21338161516436,304.084653442075));
#14633=CARTESIAN_POINT('',(5.07761430006579,-1.22366773471985,304.025173216939));
#14634=CARTESIAN_POINT('',(5.03708000373944,-1.24628690299986,303.97180229907));
#14635=CARTESIAN_POINT('',(5.01276007993821,-1.25985803902226,303.939780609454));
#14636=CARTESIAN_POINT('',(4.9878384288675,-1.27821631207094,303.909447031458));
#14637=CARTESIAN_POINT('',(4.96496553927409,-1.30248127124975,303.883196970311));
#14638=CARTESIAN_POINT('',(4.94706688541255,-1.32146925715911,303.862655588497));
#14639=CARTESIAN_POINT('',(4.93009045341182,-1.34456142704942,303.844220635292));
#14640=CARTESIAN_POINT('',(4.91641825462939,-1.37117605589799,303.829812779884));
#14641=CARTESIAN_POINT('',(4.90543904462301,-1.39254844844585,303.818242814235));
#14642=CARTESIAN_POINT('',(4.89639213966901,-1.41671425842393,303.809036511751));
#14643=CARTESIAN_POINT('',(4.89065182860698,-1.44210512315603,303.803245213297));
#14644=CARTESIAN_POINT('',(4.88584634465375,-1.46336100837029,303.798397045404));
#14645=CARTESIAN_POINT('',(4.88326705956954,-1.48593383397024,303.795840542121));
#14646=CARTESIAN_POINT('',(4.88326705956954,-1.50825893339192,303.795840542121));
#14647=CARTESIAN_POINT('',(4.88326705956954,-1.50825893339192,303.795840542121));
#14648=CARTESIAN_POINT('',(4.88326705956954,-1.50825893339192,210.));
#14649=CARTESIAN_POINT('',(4.88326705956954,-1.50825893339192,281.204159457879));
#14650=CARTESIAN_POINT('',(4.88326705956954,-1.50825893339192,281.204159457879));
#14651=CARTESIAN_POINT('',(4.88326705956954,-1.48216932686412,281.204159457879));
#14652=CARTESIAN_POINT('',(4.88682956562644,-1.45570051431001,281.200634144396));
#14653=CARTESIAN_POINT('',(4.8933074000354,-1.43129533262606,281.194069669008));
#14654=CARTESIAN_POINT('',(4.89976188558351,-1.4069781175611,281.187528854772));
#14655=CARTESIAN_POINT('',(4.90921602275668,-1.38403394357439,281.177842697219));
#14656=CARTESIAN_POINT('',(4.92036631520587,-1.36374873093884,281.166012620731));
#14657=CARTESIAN_POINT('',(4.93531635574838,-1.33655081189802,281.150151142306));
#14658=CARTESIAN_POINT('',(4.95365922668651,-1.31332317937265,281.130028427491));
#14659=CARTESIAN_POINT('',(4.97277449062097,-1.29450000745564,281.107777317543));
#14660=CARTESIAN_POINT('',(5.00025876788586,-1.26743570545356,281.075784263336));
#14661=CARTESIAN_POINT('',(5.03007399160408,-1.24843118652891,281.038486066603));
#14662=CARTESIAN_POINT('',(5.05852358494229,-1.23542369824455,280.99933452328));
#14663=CARTESIAN_POINT('',(5.10509966887325,-1.21412856552117,280.935237805054));
#14664=CARTESIAN_POINT('',(5.14951449490958,-1.20772520339385,280.864204455397));
#14665=CARTESIAN_POINT('',(5.18771707725304,-1.20829193963658,280.791599737425));
#14666=CARTESIAN_POINT('',(5.2584311747556,-1.20934098500127,280.657206280469));
#14667=CARTESIAN_POINT('',(5.31102076023369,-1.23413036768884,280.512896572559));
#14668=CARTESIAN_POINT('',(5.34341362027406,-1.25457984656267,280.365941794526));
#14669=CARTESIAN_POINT('',(5.37968091782847,-1.27747524185119,280.201410084288));
#14670=CARTESIAN_POINT('',(5.39149944760429,-1.29149570395204,280.026592360868));
#14671=CARTESIAN_POINT('',(5.37729133090694,-1.2794476964913,279.857585927241));
#14672=CARTESIAN_POINT('',(5.36417081819624,-1.26832194081273,279.701516610819));
#14673=CARTESIAN_POINT('',(5.3293518929205,-1.23996024513932,279.5475054119));
#14674=CARTESIAN_POINT('',(5.2744152596083,-1.22244079955557,279.401462277285));
#14675=CARTESIAN_POINT('',(5.24136758769983,-1.21190180481266,279.313608593754));
#14676=CARTESIAN_POINT('',(5.2004381793677,-1.2049847447873,279.227283862493));
#14677=CARTESIAN_POINT('',(5.15303535240789,-1.20978608055252,279.14572769835));
#14678=CARTESIAN_POINT('',(5.1175372091062,-1.21338161516436,279.084653442075));
#14679=CARTESIAN_POINT('',(5.07761430006579,-1.22366773471985,279.025173216939));
#14680=CARTESIAN_POINT('',(5.03708000373944,-1.24628690299986,278.97180229907));
#14681=CARTESIAN_POINT('',(5.01276007993821,-1.25985803902226,278.939780609454));
#14682=CARTESIAN_POINT('',(4.9878384288675,-1.27821631207094,278.909447031458));
#14683=CARTESIAN_POINT('',(4.96496553927409,-1.30248127124975,278.883196970311));
#14684=CARTESIAN_POINT('',(4.94706688541255,-1.32146925715911,278.862655588497));
#14685=CARTESIAN_POINT('',(4.93009045341182,-1.34456142704942,278.844220635292));
#14686=CARTESIAN_POINT('',(4.91641825462939,-1.37117605589799,278.829812779884));
#14687=CARTESIAN_POINT('',(4.90543904462301,-1.39254844844585,278.818242814235));
#14688=CARTESIAN_POINT('',(4.89639213966901,-1.41671425842393,278.809036511751));
#14689=CARTESIAN_POINT('',(4.89065182860698,-1.44210512315603,278.803245213297));
#14690=CARTESIAN_POINT('',(4.88584634465375,-1.46336100837029,278.798397045404));
#14691=CARTESIAN_POINT('',(4.88326705956954,-1.48593383397024,278.795840542121));
#14692=CARTESIAN_POINT('',(4.88326705956954,-1.50825893339192,278.795840542121));
#14693=CARTESIAN_POINT('',(4.88326705956954,-1.50825893339192,278.795840542121));
#14694=CARTESIAN_POINT('',(4.88326705956954,-1.50825893339192,210.));
#14695=CARTESIAN_POINT('',(4.88326705956954,-1.50825893339192,256.204159457879));
#14696=CARTESIAN_POINT('',(4.88326705956954,-1.50825893339192,256.204159457879));
#14697=CARTESIAN_POINT('',(4.88326705956954,-1.48216932686412,256.204159457879));
#14698=CARTESIAN_POINT('',(4.88682956562644,-1.45570051431001,256.200634144396));
#14699=CARTESIAN_POINT('',(4.8933074000354,-1.43129533262606,256.194069669008));
#14700=CARTESIAN_POINT('',(4.89976188558351,-1.4069781175611,256.187528854772));
#14701=CARTESIAN_POINT('',(4.90921602275668,-1.38403394357439,256.177842697219));
#14702=CARTESIAN_POINT('',(4.92036631520587,-1.36374873093884,256.166012620731));
#14703=CARTESIAN_POINT('',(4.93531635574838,-1.33655081189802,256.150151142306));
#14704=CARTESIAN_POINT('',(4.95365922668651,-1.31332317937265,256.130028427491));
#14705=CARTESIAN_POINT('',(4.97277449062097,-1.29450000745564,256.107777317543));
#14706=CARTESIAN_POINT('',(5.00025876788586,-1.26743570545356,256.075784263336));
#14707=CARTESIAN_POINT('',(5.03007399160408,-1.24843118652891,256.038486066603));
#14708=CARTESIAN_POINT('',(5.05852358494229,-1.23542369824455,255.99933452328));
#14709=CARTESIAN_POINT('',(5.10509966887325,-1.21412856552117,255.935237805054));
#14710=CARTESIAN_POINT('',(5.14951449490958,-1.20772520339385,255.864204455397));
#14711=CARTESIAN_POINT('',(5.18771707725304,-1.20829193963658,255.791599737425));
#14712=CARTESIAN_POINT('',(5.2584311747556,-1.20934098500127,255.657206280469));
#14713=CARTESIAN_POINT('',(5.31102076023369,-1.23413036768884,255.512896572559));
#14714=CARTESIAN_POINT('',(5.34341362027406,-1.25457984656267,255.365941794526));
#14715=CARTESIAN_POINT('',(5.37968091782847,-1.27747524185119,255.201410084288));
#14716=CARTESIAN_POINT('',(5.39149944760429,-1.29149570395204,255.026592360868));
#14717=CARTESIAN_POINT('',(5.37729133090694,-1.2794476964913,254.857585927241));
#14718=CARTESIAN_POINT('',(5.36417081819624,-1.26832194081273,254.701516610819));
#14719=CARTESIAN_POINT('',(5.3293518929205,-1.23996024513932,254.5475054119));
#14720=CARTESIAN_POINT('',(5.2744152596083,-1.22244079955557,254.401462277285));
#14721=CARTESIAN_POINT('',(5.24136758769983,-1.21190180481266,254.313608593754));
#14722=CARTESIAN_POINT('',(5.2004381793677,-1.2049847447873,254.227283862493));
#14723=CARTESIAN_POINT('',(5.15303535240789,-1.20978608055252,254.14572769835));
#14724=CARTESIAN_POINT('',(5.1175372091062,-1.21338161516436,254.084653442075));
#14725=CARTESIAN_POINT('',(5.07761430006579,-1.22366773471985,254.025173216939));
#14726=CARTESIAN_POINT('',(5.03708000373944,-1.24628690299986,253.97180229907));
#14727=CARTESIAN_POINT('',(5.01276007993821,-1.25985803902226,253.939780609454));
#14728=CARTESIAN_POINT('',(4.9878384288675,-1.27821631207094,253.909447031458));
#14729=CARTESIAN_POINT('',(4.96496553927409,-1.30248127124975,253.883196970311));
#14730=CARTESIAN_POINT('',(4.94706688541255,-1.32146925715911,253.862655588497));
#14731=CARTESIAN_POINT('',(4.93009045341182,-1.34456142704942,253.844220635292));
#14732=CARTESIAN_POINT('',(4.91641825462939,-1.37117605589799,253.829812779884));
#14733=CARTESIAN_POINT('',(4.90543904462301,-1.39254844844585,253.818242814235));
#14734=CARTESIAN_POINT('',(4.89639213966901,-1.41671425842393,253.809036511751));
#14735=CARTESIAN_POINT('',(4.89065182860698,-1.44210512315603,253.803245213297));
#14736=CARTESIAN_POINT('',(4.88584634465375,-1.46336100837029,253.798397045404));
#14737=CARTESIAN_POINT('',(4.88326705956954,-1.48593383397024,253.795840542121));
#14738=CARTESIAN_POINT('',(4.88326705956954,-1.50825893339192,253.795840542121));
#14739=CARTESIAN_POINT('',(4.88326705956954,-1.50825893339192,253.795840542121));
#14740=CARTESIAN_POINT('',(4.88326705956954,-1.50825893339192,210.));
#14741=CARTESIAN_POINT('',(4.88326705956954,-1.50825893339192,231.204159457879));
#14742=CARTESIAN_POINT('',(4.88326705956954,-1.50825893339192,231.204159457879));
#14743=CARTESIAN_POINT('',(4.88326705956954,-1.48216932686412,231.204159457879));
#14744=CARTESIAN_POINT('',(4.88682956562644,-1.45570051431001,231.200634144396));
#14745=CARTESIAN_POINT('',(4.8933074000354,-1.43129533262606,231.194069669008));
#14746=CARTESIAN_POINT('',(4.89976188558351,-1.4069781175611,231.187528854772));
#14747=CARTESIAN_POINT('',(4.90921602275667,-1.3840339435744,231.177842697219));
#14748=CARTESIAN_POINT('',(4.92036631520587,-1.36374873093885,231.166012620731));
#14749=CARTESIAN_POINT('',(4.93531635574837,-1.33655081189803,231.150151142306));
#14750=CARTESIAN_POINT('',(4.95365922668651,-1.31332317937266,231.130028427491));
#14751=CARTESIAN_POINT('',(4.97277449062096,-1.29450000745565,231.107777317543));
#14752=CARTESIAN_POINT('',(5.00025876788585,-1.26743570545356,231.075784263336));
#14753=CARTESIAN_POINT('',(5.03007399160408,-1.24843118652891,231.038486066603));
#14754=CARTESIAN_POINT('',(5.05852358494229,-1.23542369824455,230.99933452328));
#14755=CARTESIAN_POINT('',(5.10509966887323,-1.21412856552118,230.935237805054));
#14756=CARTESIAN_POINT('',(5.14951449490955,-1.20772520339386,230.864204455397));
#14757=CARTESIAN_POINT('',(5.18771707725299,-1.20829193963658,230.791599737426));
#14758=CARTESIAN_POINT('',(5.25843117475555,-1.20934098500126,230.65720628047));
#14759=CARTESIAN_POINT('',(5.31102076023363,-1.23413036768881,230.512896572559));
#14760=CARTESIAN_POINT('',(5.34341362027402,-1.25457984656264,230.365941794526));
#14761=CARTESIAN_POINT('',(5.37968091782844,-1.27747524185116,230.201410084288));
#14762=CARTESIAN_POINT('',(5.39149944760428,-1.29149570395203,230.026592360868));
#14763=CARTESIAN_POINT('',(5.37729133090696,-1.27944769649132,229.857585927241));
#14764=CARTESIAN_POINT('',(5.36417081819629,-1.26832194081277,229.70151661082));
#14765=CARTESIAN_POINT('',(5.32935189292057,-1.23996024513936,229.5475054119));
#14766=CARTESIAN_POINT('',(5.27441525960837,-1.22244079955559,229.401462277285));
#14767=CARTESIAN_POINT('',(5.2413675876999,-1.21190180481268,229.313608593754));
#14768=CARTESIAN_POINT('',(5.20043817936774,-1.2049847447873,229.227283862493));
#14769=CARTESIAN_POINT('',(5.15303535240791,-1.20978608055251,229.14572769835));
#14770=CARTESIAN_POINT('',(5.11753720910623,-1.21338161516435,229.084653442075));
#14771=CARTESIAN_POINT('',(5.07761430006584,-1.22366773471983,229.025173216939));
#14772=CARTESIAN_POINT('',(5.0370800037395,-1.24628690299983,228.97180229907));
#14773=CARTESIAN_POINT('',(5.01276007993827,-1.25985803902222,228.939780609454));
#14774=CARTESIAN_POINT('',(4.98783842886754,-1.2782163120709,228.909447031458));
#14775=CARTESIAN_POINT('',(4.96496553927412,-1.30248127124972,228.883196970311));
#14776=CARTESIAN_POINT('',(4.94706688541256,-1.32146925715909,228.862655588497));
#14777=CARTESIAN_POINT('',(4.93009045341183,-1.34456142704941,228.844220635292));
#14778=CARTESIAN_POINT('',(4.91641825462939,-1.371176055898,228.829812779884));
#14779=CARTESIAN_POINT('',(4.90543904462301,-1.39254844844585,228.818242814235));
#14780=CARTESIAN_POINT('',(4.89639213966901,-1.41671425842393,228.809036511751));
#14781=CARTESIAN_POINT('',(4.89065182860698,-1.44210512315603,228.803245213297));
#14782=CARTESIAN_POINT('',(4.88584634465375,-1.4633610083703,228.798397045404));
#14783=CARTESIAN_POINT('',(4.88326705956954,-1.48593383397024,228.795840542121));
#14784=CARTESIAN_POINT('',(4.88326705956954,-1.50825893339192,228.795840542121));
#14785=CARTESIAN_POINT('',(4.88326705956954,-1.50825893339192,228.795840542121));
#14786=CARTESIAN_POINT('',(4.88326705956954,-1.50825893339192,210.));
#14787=CARTESIAN_POINT('',(4.88326705956954,-1.50825893339192,210.));
#14788=CARTESIAN_POINT('',(4.88326705956954,-1.50825893339192,202.749545416974));
#14789=CARTESIAN_POINT('',(4.88326705956954,-1.50825893339192,202.749545416974));
#14790=CARTESIAN_POINT('',(4.88326705956954,-1.47689381999291,202.749545416974));
#14791=CARTESIAN_POINT('',(4.88835000656205,-1.44509553212941,202.747341518088));
#14792=CARTESIAN_POINT('',(4.89795413148541,-1.41554144276552,202.743088645545));
#14793=CARTESIAN_POINT('',(4.90754841092029,-1.38601765022185,202.738840132756));
#14794=CARTESIAN_POINT('',(4.92188643628621,-1.35794010967155,202.732434705594));
#14795=CARTESIAN_POINT('',(4.93952744876318,-1.33335609715431,202.724299879702));
#14796=CARTESIAN_POINT('',(4.95766782212165,-1.30807618953595,202.715934782796));
#14797=CARTESIAN_POINT('',(4.9797251089063,-1.2858402767029,202.705533702697));
#14798=CARTESIAN_POINT('',(5.00375327826257,-1.26789503776516,202.69375502714));
#14799=CARTESIAN_POINT('',(5.02966337998656,-1.24854429325175,202.681053823093));
#14800=CARTESIAN_POINT('',(5.05846432003545,-1.23368997953309,202.666447486773));
#14801=CARTESIAN_POINT('',(5.08789956867221,-1.22382081766207,202.650850337981));
#14802=CARTESIAN_POINT('',(5.12044173588489,-1.21290995634001,202.633606895253));
#14803=CARTESIAN_POINT('',(5.15452746320017,-1.20779526045944,202.614740513569));
#14804=CARTESIAN_POINT('',(5.18775600341585,-1.20829251963341,202.595479342596));
#14805=CARTESIAN_POINT('',(5.22461047938949,-1.20884404028886,202.574116370939));
#14806=CARTESIAN_POINT('',(5.26135490464883,-1.21628740908466,202.551718216389));
#14807=CARTESIAN_POINT('',(5.29537331231862,-1.22999253568181,202.53004217946));
#14808=CARTESIAN_POINT('',(5.33156407991369,-1.2445728492683,202.506981946233));
#14809=CARTESIAN_POINT('',(5.3657782159669,-1.26671741583974,202.484026977121));
#14810=CARTESIAN_POINT('',(5.39462799618909,-1.29535859409837,202.463989396205));
#14811=CARTESIAN_POINT('',(5.41672055101528,-1.31729140592891,202.448645038239));
#14812=CARTESIAN_POINT('',(5.43622370402142,-1.34363790914975,202.434641902077));
#14813=CARTESIAN_POINT('',(5.45108155502572,-1.37307241030788,202.42380525407));
#14814=CARTESIAN_POINT('',(5.46360674423198,-1.39788573600959,202.414669944622));
#14815=CARTESIAN_POINT('',(5.47308962587317,-1.42553283915966,202.407608344353));
#14816=CARTESIAN_POINT('',(5.47832888916409,-1.45405084620636,202.403695702025));
#14817=CARTESIAN_POINT('',(5.48158545953217,-1.47177679192584,202.401263719824));
#14818=CARTESIAN_POINT('',(5.48326705956954,-1.49007297893151,202.4));
#14819=CARTESIAN_POINT('',(5.48326705956954,-1.50825893339192,202.4));
#14820=CARTESIAN_POINT('',(5.18326705956954,-1.50825893339192,210.));
#14821=CARTESIAN_POINT('',(4.88326705956954,-1.50825893339192,210.));
#14822=CARTESIAN_POINT('',(4.88326705956954,-1.50825893339192,145.852532687591));
#14823=CARTESIAN_POINT('',(4.88326705956954,-1.50825893339192,131.204159457879));
#14824=CARTESIAN_POINT('',(4.88326705956954,-1.50825893339192,131.204159457879));
#14825=CARTESIAN_POINT('',(4.88326705956954,-1.48216932686412,131.204159457879));
#14826=CARTESIAN_POINT('',(4.88682956562644,-1.45570051431001,131.200634144396));
#14827=CARTESIAN_POINT('',(4.8933074000354,-1.43129533262606,131.194069669008));
#14828=CARTESIAN_POINT('',(4.89976188558351,-1.4069781175611,131.187528854772));
#14829=CARTESIAN_POINT('',(4.90921602275667,-1.3840339435744,131.177842697219));
#14830=CARTESIAN_POINT('',(4.92036631520587,-1.36374873093885,131.166012620731));
#14831=CARTESIAN_POINT('',(4.93531635574837,-1.33655081189803,131.150151142306));
#14832=CARTESIAN_POINT('',(4.95365922668651,-1.31332317937266,131.130028427491));
#14833=CARTESIAN_POINT('',(4.97277449062096,-1.29450000745565,131.107777317543));
#14834=CARTESIAN_POINT('',(5.00025876788585,-1.26743570545356,131.075784263336));
#14835=CARTESIAN_POINT('',(5.03007399160408,-1.24843118652891,131.038486066603));
#14836=CARTESIAN_POINT('',(5.05852358494229,-1.23542369824455,130.99933452328));
#14837=CARTESIAN_POINT('',(5.10509966887323,-1.21412856552118,130.935237805054));
#14838=CARTESIAN_POINT('',(5.14951449490955,-1.20772520339386,130.864204455397));
#14839=CARTESIAN_POINT('',(5.18771707725299,-1.20829193963658,130.791599737426));
#14840=CARTESIAN_POINT('',(5.25843117475555,-1.20934098500126,130.657206280469));
#14841=CARTESIAN_POINT('',(5.31102076023363,-1.23413036768881,130.512896572559));
#14842=CARTESIAN_POINT('',(5.34341362027402,-1.25457984656264,130.365941794526));
#14843=CARTESIAN_POINT('',(5.37968091782844,-1.27747524185116,130.201410084288));
#14844=CARTESIAN_POINT('',(5.39149944760428,-1.29149570395203,130.026592360868));
#14845=CARTESIAN_POINT('',(5.37729133090696,-1.27944769649132,129.857585927241));
#14846=CARTESIAN_POINT('',(5.36417081819629,-1.26832194081277,129.70151661082));
#14847=CARTESIAN_POINT('',(5.32935189292057,-1.23996024513936,129.5475054119));
#14848=CARTESIAN_POINT('',(5.27441525960837,-1.22244079955559,129.401462277285));
#14849=CARTESIAN_POINT('',(5.2413675876999,-1.21190180481268,129.313608593754));
#14850=CARTESIAN_POINT('',(5.20043817936774,-1.2049847447873,129.227283862493));
#14851=CARTESIAN_POINT('',(5.15303535240791,-1.20978608055251,129.14572769835));
#14852=CARTESIAN_POINT('',(5.11753720910623,-1.21338161516435,129.084653442075));
#14853=CARTESIAN_POINT('',(5.07761430006584,-1.22366773471983,129.025173216939));
#14854=CARTESIAN_POINT('',(5.0370800037395,-1.24628690299983,128.97180229907));
#14855=CARTESIAN_POINT('',(5.01276007993827,-1.25985803902222,128.939780609454));
#14856=CARTESIAN_POINT('',(4.98783842886754,-1.2782163120709,128.909447031458));
#14857=CARTESIAN_POINT('',(4.96496553927412,-1.30248127124972,128.883196970311));
#14858=CARTESIAN_POINT('',(4.94706688541256,-1.32146925715909,128.862655588497));
#14859=CARTESIAN_POINT('',(4.93009045341183,-1.34456142704941,128.844220635292));
#14860=CARTESIAN_POINT('',(4.91641825462939,-1.371176055898,128.829812779884));
#14861=CARTESIAN_POINT('',(4.90543904462301,-1.39254844844585,128.818242814235));
#14862=CARTESIAN_POINT('',(4.89639213966901,-1.41671425842393,128.809036511751));
#14863=CARTESIAN_POINT('',(4.89065182860698,-1.44210512315603,128.803245213297));
#14864=CARTESIAN_POINT('',(4.88584634465375,-1.4633610083703,128.798397045404));
#14865=CARTESIAN_POINT('',(4.88326705956954,-1.48593383397024,128.795840542121));
#14866=CARTESIAN_POINT('',(4.88326705956954,-1.50825893339192,128.795840542121));
#14867=CARTESIAN_POINT('',(4.88326705956954,-1.50825893339192,128.795840542121));
#14868=CARTESIAN_POINT('',(4.88326705956954,-1.50825893339192,210.));
#14869=CARTESIAN_POINT('',(4.88326705956954,-1.50825893339192,106.204159457879));
#14870=CARTESIAN_POINT('',(4.88326705956954,-1.50825893339192,106.204159457879));
#14871=CARTESIAN_POINT('',(4.88326705956954,-1.48216932686412,106.204159457879));
#14872=CARTESIAN_POINT('',(4.88682956562644,-1.45570051431001,106.200634144396));
#14873=CARTESIAN_POINT('',(4.8933074000354,-1.43129533262606,106.194069669008));
#14874=CARTESIAN_POINT('',(4.89976188558351,-1.4069781175611,106.187528854772));
#14875=CARTESIAN_POINT('',(4.90921602275667,-1.38403394357439,106.177842697219));
#14876=CARTESIAN_POINT('',(4.92036631520587,-1.36374873093885,106.166012620731));
#14877=CARTESIAN_POINT('',(4.93531635574838,-1.33655081189802,106.150151142306));
#14878=CARTESIAN_POINT('',(4.95365922668651,-1.31332317937266,106.130028427491));
#14879=CARTESIAN_POINT('',(4.97277449062097,-1.29450000745564,106.107777317543));
#14880=CARTESIAN_POINT('',(5.00025876788586,-1.26743570545356,106.075784263336));
#14881=CARTESIAN_POINT('',(5.03007399160408,-1.24843118652891,106.038486066603));
#14882=CARTESIAN_POINT('',(5.0585235849423,-1.23542369824455,105.99933452328));
#14883=CARTESIAN_POINT('',(5.10509966887324,-1.21412856552118,105.935237805054));
#14884=CARTESIAN_POINT('',(5.14951449490957,-1.20772520339385,105.864204455397));
#14885=CARTESIAN_POINT('',(5.18771707725301,-1.20829193963658,105.791599737426));
#14886=CARTESIAN_POINT('',(5.25843117475558,-1.20934098500126,105.657206280469));
#14887=CARTESIAN_POINT('',(5.31102076023365,-1.23413036768882,105.512896572559));
#14888=CARTESIAN_POINT('',(5.34341362027404,-1.25457984656266,105.365941794526));
#14889=CARTESIAN_POINT('',(5.37968091782845,-1.27747524185118,105.201410084288));
#14890=CARTESIAN_POINT('',(5.39149944760428,-1.29149570395204,105.026592360868));
#14891=CARTESIAN_POINT('',(5.37729133090695,-1.27944769649131,104.857585927241));
#14892=CARTESIAN_POINT('',(5.36417081819626,-1.26832194081275,104.70151661082));
#14893=CARTESIAN_POINT('',(5.32935189292054,-1.23996024513934,104.5475054119));
#14894=CARTESIAN_POINT('',(5.27441525960834,-1.22244079955558,104.401462277285));
#14895=CARTESIAN_POINT('',(5.24136758769987,-1.21190180481267,104.313608593754));
#14896=CARTESIAN_POINT('',(5.20043817936772,-1.2049847447873,104.227283862493));
#14897=CARTESIAN_POINT('',(5.1530353524079,-1.20978608055252,104.14572769835));
#14898=CARTESIAN_POINT('',(5.11753720910622,-1.21338161516435,104.084653442075));
#14899=CARTESIAN_POINT('',(5.07761430006582,-1.22366773471984,104.025173216939));
#14900=CARTESIAN_POINT('',(5.03708000373948,-1.24628690299984,103.97180229907));
#14901=CARTESIAN_POINT('',(5.01276007993826,-1.25985803902223,103.939780609454));
#14902=CARTESIAN_POINT('',(4.98783842886754,-1.27821631207091,103.909447031458));
#14903=CARTESIAN_POINT('',(4.96496553927412,-1.30248127124972,103.883196970311));
#14904=CARTESIAN_POINT('',(4.94706688541256,-1.32146925715909,103.862655588497));
#14905=CARTESIAN_POINT('',(4.93009045341183,-1.3445614270494,103.844220635292));
#14906=CARTESIAN_POINT('',(4.91641825462939,-1.37117605589799,103.829812779884));
#14907=CARTESIAN_POINT('',(4.90543904462301,-1.39254844844584,103.818242814235));
#14908=CARTESIAN_POINT('',(4.89639213966901,-1.41671425842392,103.809036511751));
#14909=CARTESIAN_POINT('',(4.89065182860698,-1.44210512315601,103.803245213297));
#14910=CARTESIAN_POINT('',(4.88584634465375,-1.46336100837029,103.798397045404));
#14911=CARTESIAN_POINT('',(4.88326705956954,-1.48593383397023,103.795840542121));
#14912=CARTESIAN_POINT('',(4.88326705956954,-1.50825893339192,103.795840542121));
#14913=CARTESIAN_POINT('',(4.88326705956954,-1.50825893339192,103.795840542121));
#14914=CARTESIAN_POINT('',(4.88326705956954,-1.50825893339192,210.));
#14915=CARTESIAN_POINT('',(4.88326705956954,-1.50825893339192,100.2));
#14916=CARTESIAN_POINT('',(5.18326705956954,-1.50825893339192,100.2));
#14917=CARTESIAN_POINT('',(5.48326705956954,-1.50825893339192,100.2));
#14918=CARTESIAN_POINT('',(5.48326705956954,-1.50825893339192,210.));
#14919=CARTESIAN_POINT('',(5.48326705956954,-1.50825893339192,146.075527410276));
#14920=CARTESIAN_POINT('',(5.48326705956954,-1.50825893339192,146.075527410276));
#14921=CARTESIAN_POINT('',(5.48326705956954,-1.47682144869163,146.075527410276));
#14922=CARTESIAN_POINT('',(5.47815899663512,-1.44495102190885,146.073174289231));
#14923=CARTESIAN_POINT('',(5.4685178472642,-1.41535044013337,146.068796019979));
#14924=CARTESIAN_POINT('',(5.4588916609647,-1.38579579848411,146.064424545804));
#14925=CARTESIAN_POINT('',(5.44452965684479,-1.35770761726397,146.057942701876));
#14926=CARTESIAN_POINT('',(5.42677679265606,-1.33303618974221,146.050106467494));
#14927=CARTESIAN_POINT('',(5.40828287828511,-1.3073349134216,146.041943128548));
#14928=CARTESIAN_POINT('',(5.38567229799056,-1.28467324528843,146.0321245699));
#14929=CARTESIAN_POINT('',(5.36070958603311,-1.26636195159549,146.021599356788));
#14930=CARTESIAN_POINT('',(5.33362748639913,-1.24649598987367,146.010180530555));
#14931=CARTESIAN_POINT('',(5.30309344664156,-1.23123419368166,145.997649303573));
#14932=CARTESIAN_POINT('',(5.271374410531,-1.22148882562866,145.985102722445));
#14933=CARTESIAN_POINT('',(5.23762950402499,-1.21112102842735,145.971754800848));
#14934=CARTESIAN_POINT('',(5.20162245345886,-1.20672966754717,145.958032369259));
#14935=CARTESIAN_POINT('',(5.16622804267157,-1.20874320441738,145.945087938057));
#14936=CARTESIAN_POINT('',(5.1303079193908,-1.21078664831147,145.93195124347));
#14937=CARTESIAN_POINT('',(5.09398072379829,-1.21952291261184,145.919238449592));
#14938=CARTESIAN_POINT('',(5.06056961754268,-1.23449747204269,145.907992818763));
#14939=CARTESIAN_POINT('',(5.02822634025799,-1.2489934400655,145.897106601666));
#14940=CARTESIAN_POINT('',(4.99766794387273,-1.26979903087905,145.88726851854));
#14941=CARTESIAN_POINT('',(4.97197276516895,-1.29529245444804,145.879232752041));
#14942=CARTESIAN_POINT('',(4.94763236146746,-1.31944174052834,145.8716206703));
#14943=CARTESIAN_POINT('',(4.92695089629488,-1.3485214615328,145.865392762895));
#14944=CARTESIAN_POINT('',(4.91205687845901,-1.38002072667491,145.860971045222));
#14945=CARTESIAN_POINT('',(4.8978630564589,-1.41003915202452,145.856757200826));
#14946=CARTESIAN_POINT('',(4.88851990006139,-1.4431177185558,145.854054463142));
#14947=CARTESIAN_POINT('',(4.88496524245806,-1.47638377209051,145.853024405095));
#14948=CARTESIAN_POINT('',(4.88383512519149,-1.48695990787792,145.852696923094));
#14949=CARTESIAN_POINT('',(4.88326705956954,-1.49761754919198,145.852532687591));
#14950=CARTESIAN_POINT('',(4.88326705956954,-1.50825893339192,145.852532687591));
#14951=CARTESIAN_POINT('',(5.18326705956954,-1.50825893339192,210.));
#14952=CARTESIAN_POINT('',(-2.31673294043046,6.09174106660808,100.2));
#14953=CARTESIAN_POINT('',(-2.31673294043046,6.09174106660808,100.2));
#14954=CARTESIAN_POINT('',(-2.31673294043046,6.09174106660808,210.));
#14955=CARTESIAN_POINT('',(-2.31673294043046,6.09174106660808,470.2));
#14956=CARTESIAN_POINT('',(9.03326705956954,17.4417410666081,470.2));
#14957=CARTESIAN_POINT('',(-2.31673294043046,6.09174106660808,210.));
#14958=CARTESIAN_POINT('',(-2.31673294043046,2.74174106660808,470.2));
#14959=CARTESIAN_POINT('',(-2.31673294043046,-1.10825893339192,470.2));
#14960=CARTESIAN_POINT('',(-2.31673294043046,2.74174106660808,470.2));
#14961=CARTESIAN_POINT('',(-32.7667329404305,29.3417410666081,470.2));
#14962=CARTESIAN_POINT('',(-1.91673294043046,-1.50825893339192,470.2));
#14963=CARTESIAN_POINT('',(-2.31673294043046,-1.50825893339192,470.2));
#14964=CARTESIAN_POINT('',(-2.31673294043046,-1.50825893339192,470.2));
#14965=CARTESIAN_POINT('',(9.28326705956954,-1.50825893339192,470.2));
#14966=CARTESIAN_POINT('',(18.6332670595696,7.84174106660808,470.2));
#14967=CARTESIAN_POINT('',(9.68326705956954,-1.10825893339192,470.2));
#14968=CARTESIAN_POINT('',(9.68326705956954,-1.50825893339192,470.2));
#14969=CARTESIAN_POINT('',(9.68326705956954,2.74174106660808,470.2));
#14970=CARTESIAN_POINT('',(9.68326705956954,3.99174106660808,470.2));
#14971=CARTESIAN_POINT('',(9.68326705956954,44.2917410666081,470.2));
#14972=CARTESIAN_POINT('',(9.68326705956954,6.09174106660808,470.2));
#14973=CARTESIAN_POINT('',(9.28326705956954,6.49174106660808,470.2));
#14974=CARTESIAN_POINT('',(-2.31673294043046,6.49174106660808,470.2));
#14975=CARTESIAN_POINT('',(-2.31673294043046,5.24174106660808,470.2));
#14976=CARTESIAN_POINT('',(-2.31673294043046,3.99174106660808,470.2));
#14977=CARTESIAN_POINT('',(-17.8167329404304,44.2917410666081,470.2));
#14978=CARTESIAN_POINT('',(9.28326705956954,6.49174106660808,100.2));
#14979=CARTESIAN_POINT('',(9.68326705956954,6.09174106660808,100.2));
#14980=CARTESIAN_POINT('',(9.68326705956954,6.09174106660808,210.));
#14981=CARTESIAN_POINT('',(9.28326705956954,6.49174106660808,210.));
#14982=CARTESIAN_POINT('',(-2.31673294043046,2.74174106660808,100.2));
#14983=CARTESIAN_POINT('',(-2.31673294043046,-1.10825893339192,100.2));
#14984=CARTESIAN_POINT('',(-2.31673294043046,2.74174106660808,100.2));
#14985=CARTESIAN_POINT('',(-2.31673294043046,3.99174106660808,100.2));
#14986=CARTESIAN_POINT('',(-2.31673294043046,5.24174106660808,100.2));
#14987=CARTESIAN_POINT('',(-2.31673294043046,6.49174106660808,100.2));
#14988=CARTESIAN_POINT('',(9.68326705956954,5.24174106660808,100.2));
#14989=CARTESIAN_POINT('',(9.68326705956954,3.99174106660808,100.2));
#14990=CARTESIAN_POINT('',(9.68326705956954,2.74174106660808,100.2));
#14991=CARTESIAN_POINT('',(9.68326705956954,-1.50825893339192,100.2));
#14992=CARTESIAN_POINT('',(9.68326705956954,-1.10825893339192,100.2));
#14993=CARTESIAN_POINT('',(9.68326705956954,-1.10825893339192,100.2));
#14994=CARTESIAN_POINT('',(9.28326705956954,-1.50825893339192,100.2));
#14995=CARTESIAN_POINT('',(-2.31673294043046,-1.50825893339192,100.2));
#14996=CARTESIAN_POINT('',(-2.31673294043046,-1.50825893339192,100.2));
#14997=CARTESIAN_POINT('',(-1.91673294043046,-1.50825893339192,100.2));
#14998=CARTESIAN_POINT('',(-1.91673294043046,-1.50825893339192,100.2));
#14999=CARTESIAN_POINT('',(5.18326705956954,-1.50825893339192,100.2));
#15000=CARTESIAN_POINT('',(-2.31673294043046,5.24174106660808,210.));
#15001=CARTESIAN_POINT('',(-2.31673294043046,6.49174106660808,210.));
#15002=CARTESIAN_POINT('',(-1.06673294043046,3.99174106660808,175.326913616025));
#15003=CARTESIAN_POINT('',(-1.06673294043046,3.98085313424945,175.326913616025));
#15004=CARTESIAN_POINT('',(-1.06688376506254,3.96981808339552,175.324737882904));
#15005=CARTESIAN_POINT('',(-1.06714509464853,3.9596440936345,175.320868941158));
#15006=CARTESIAN_POINT('',(-1.0674047584527,3.94953495549404,175.317024661039));
#15007=CARTESIAN_POINT('',(-1.06777435391511,3.93999964569998,175.311481121655));
#15008=CARTESIAN_POINT('',(-1.06819188290875,3.93136534563875,175.304976114287));
#15009=CARTESIAN_POINT('',(-1.06890760327779,3.91656459043267,175.293825352675));
#15010=CARTESIAN_POINT('',(-1.06977428269974,3.90394258010069,175.279643821784));
#15011=CARTESIAN_POINT('',(-1.07061705670037,3.893276837999,175.264496354265));
#15012=CARTESIAN_POINT('',(-1.07211847951169,3.87427555357508,175.237510764711));
#15013=CARTESIAN_POINT('',(-1.07358773099633,3.86061245180083,175.206623211905));
#15014=CARTESIAN_POINT('',(-1.07474450235012,3.85044450021117,175.175209842708));
#15015=CARTESIAN_POINT('',(-1.07682912664429,3.83212077630807,175.118599629831));
#15016=CARTESIAN_POINT('',(-1.0779877133073,3.82437834220606,175.058054301503));
#15017=CARTESIAN_POINT('',(-1.07796915703248,3.82451580254335,174.99851606607));
#15018=CARTESIAN_POINT('',(-1.0779494951068,3.82466145327127,174.935430324388));
#15019=CARTESIAN_POINT('',(-1.07659400670063,3.833578930873,174.871078901132));
#15020=CARTESIAN_POINT('',(-1.07424638792656,3.85489382751652,174.811749344659));
#15021=CARTESIAN_POINT('',(-1.07347235496945,3.86192155819488,174.792187807433));
#15022=CARTESIAN_POINT('',(-1.07259087009049,3.87041685798115,174.773036762774));
#15023=CARTESIAN_POINT('',(-1.0716641855622,3.88081859074862,174.75504823656));
#15024=CARTESIAN_POINT('',(-1.07073264352218,3.8912748475071,174.736965417763));
#15025=CARTESIAN_POINT('',(-1.06973394713081,3.90384276192553,174.719715649725));
#15026=CARTESIAN_POINT('',(-1.06884726472009,3.91906823566751,174.705412218135));
#15027=CARTESIAN_POINT('',(-1.06833048695394,3.92794197243486,174.697075867559));
#15028=CARTESIAN_POINT('',(-1.06784686363714,3.93788311666001,174.689644504902));
#15029=CARTESIAN_POINT('',(-1.06747422492221,3.94869850945043,174.684041521449));
#15030=CARTESIAN_POINT('',(-1.06709817530336,3.95961289964549,174.678387251757));
#15031=CARTESIAN_POINT('',(-1.0668323422645,3.9717780562991,174.67453202958));
#15032=CARTESIAN_POINT('',(-1.06675674723106,3.98402637706582,174.673432476859));
#15033=CARTESIAN_POINT('',(-1.06674037726588,3.98667872835496,174.673194370744));
#15034=CARTESIAN_POINT('',(-1.06673240012453,3.9893450080886,174.67307853341));
#15035=CARTESIAN_POINT('',(-1.06673296894528,3.99200806295606,174.673086798291));
#15036=CARTESIAN_POINT('',(-1.06673294043046,3.99174106660808,175.326913616025));
#15037=CARTESIAN_POINT('',(-1.06673296894528,3.99200806295606,174.673086798291));
#15038=CARTESIAN_POINT('',(-1.06673296894528,3.99200806295606,174.673086798291));
#15039=CARTESIAN_POINT('',(-1.06673529907119,4.0029170410667,174.673120654672));
#15040=CARTESIAN_POINT('',(-1.06688904737776,4.01396627657962,174.675338897191));
#15041=CARTESIAN_POINT('',(-1.06715306899742,4.02414700602329,174.679249139598));
#15042=CARTESIAN_POINT('',(-1.06741538982946,4.0342621527368,174.683134192811));
#15043=CARTESIAN_POINT('',(-1.06778744299285,4.04379706887499,174.688717816502));
#15044=CARTESIAN_POINT('',(-1.06820701032211,4.05242880710886,174.695259658906));
#15045=CARTESIAN_POINT('',(-1.06892821667089,4.06726615020276,174.706504619954));
#15046=CARTESIAN_POINT('',(-1.06980001395733,4.07990521916892,174.720788433692));
#15047=CARTESIAN_POINT('',(-1.07064662193688,4.09057874597744,174.73603556844));
#15048=CARTESIAN_POINT('',(-1.07215644770058,4.10961372574888,174.76322704008));
#15049=CARTESIAN_POINT('',(-1.07363030253885,4.12327049303049,174.794327531182));
#15050=CARTESIAN_POINT('',(-1.07478698270653,4.13341053436327,174.825947585126));
#15051=CARTESIAN_POINT('',(-1.07686836393529,4.15165697125972,174.8828461026));
#15052=CARTESIAN_POINT('',(-1.07801154129779,4.15928031759784,174.943668838497));
#15053=CARTESIAN_POINT('',(-1.07796813340938,4.15895874774864,175.003456802224));
#15054=CARTESIAN_POINT('',(-1.07792218396173,4.15861834978196,175.066745388931));
#15055=CARTESIAN_POINT('',(-1.07652939863307,4.14945640898277,175.131310563088));
#15056=CARTESIAN_POINT('',(-1.07414900549303,4.12770122487293,175.190695821211));
#15057=CARTESIAN_POINT('',(-1.07337370489365,4.1206155015123,175.21003776328));
#15058=CARTESIAN_POINT('',(-1.0724941183053,4.11207197749716,175.22896315099));
#15059=CARTESIAN_POINT('',(-1.07157299990079,4.1016352088548,175.246715466071));
#15060=CARTESIAN_POINT('',(-1.07064697022248,4.09114279282977,175.264562434001));
#15061=CARTESIAN_POINT('',(-1.06965748324454,4.07854689939353,175.281564520246));
#15062=CARTESIAN_POINT('',(-1.0687843652646,4.06332565811742,175.295600690247));
#15063=CARTESIAN_POINT('',(-1.06827398660686,4.0544281243704,175.303805493915));
#15064=CARTESIAN_POINT('',(-1.06779853531781,4.04446626922777,175.311091637918));
#15065=CARTESIAN_POINT('',(-1.06743572494243,4.03365129655097,175.316536831305));
#15066=CARTESIAN_POINT('',(-1.06706960688476,4.0227377255536,175.322031667622));
#15067=CARTESIAN_POINT('',(-1.06681573182544,4.01059607390463,175.325709817315));
#15068=CARTESIAN_POINT('',(-1.06675072275607,3.99840856222513,175.32665513915));
#15069=CARTESIAN_POINT('',(-1.0667388945365,3.99619107833492,175.326827137832));
#15070=CARTESIAN_POINT('',(-1.06673294043046,3.99396524246817,175.326913616025));
#15071=CARTESIAN_POINT('',(-1.06673294043046,3.99174106660808,175.326913616025));
#15072=CARTESIAN_POINT('',(-2.31673294043046,2.74174106660808,210.));
#15073=CARTESIAN_POINT('',(-2.31673294043046,3.99174106660808,210.));
#15074=CARTESIAN_POINT('',(-2.31673294043046,-1.10825893339192,210.));
#15075=CARTESIAN_POINT('',(-2.31673294043046,2.74174106660808,210.));
#15076=CARTESIAN_POINT('',(3.68326705956954,-1.50825893339192,455.));
#15077=CARTESIAN_POINT('',(-1.91673294043046,-1.50825893339192,210.));
#15078=CARTESIAN_POINT('',(3.68326705956954,-1.50825893339192,105.));
#15079=CARTESIAN_POINT('',(3.68326705956954,-1.50825893339192,105.));
#15080=CARTESIAN_POINT('',(3.68326705956954,-1.50825893339192,130.));
#15081=CARTESIAN_POINT('',(3.68326705956954,-1.50825893339192,130.));
#15082=CARTESIAN_POINT('',(3.68326705956954,-1.50825893339192,150.));
#15083=CARTESIAN_POINT('',(9.28326705956954,-1.50825893339192,210.));
#15084=CARTESIAN_POINT('',(3.68326705956954,-1.50825893339192,200.));
#15085=CARTESIAN_POINT('',(3.68326705956954,-1.50825893339192,230.));
#15086=CARTESIAN_POINT('',(3.68326705956954,-1.50825893339192,255.));
#15087=CARTESIAN_POINT('',(3.68326705956954,-1.50825893339192,280.));
#15088=CARTESIAN_POINT('',(3.68326705956954,-1.50825893339192,305.));
#15089=CARTESIAN_POINT('',(3.68326705956954,-1.50825893339192,330.));
#15090=CARTESIAN_POINT('',(3.68326705956954,-1.50825893339192,355.));
#15091=CARTESIAN_POINT('',(3.68326705956954,-1.50825893339192,380.));
#15092=CARTESIAN_POINT('',(3.68326705956954,-1.50825893339192,405.));
#15093=CARTESIAN_POINT('',(3.68326705956954,-1.50825893339192,430.));
#15094=CARTESIAN_POINT('',(3.68326705956954,-1.50825893339192,175.));
#15095=CARTESIAN_POINT('',(5.30112072611394,-1.50825893339192,179.477937251234));
#15096=CARTESIAN_POINT('',(3.68326705956954,-1.50825893339192,180.));
#15097=CARTESIAN_POINT('',(3.68326705956954,-1.50825893339192,180.));
#15098=CARTESIAN_POINT('',(3.68326705956954,-1.50825893339192,200.));
#15099=CARTESIAN_POINT('',(3.68326705956954,-1.50825893339192,150.));
#15100=CARTESIAN_POINT('',(5.48326705956954,-1.50825893339192,153.924472589724));
#15101=CARTESIAN_POINT('',(5.1096785439707,-1.50825893339192,154.07514851075));
#15102=CARTESIAN_POINT('',(3.68326705956954,-1.50825893339192,155.));
#15103=CARTESIAN_POINT('',(3.68326705956954,-1.50825893339192,155.));
#15104=CARTESIAN_POINT('',(4.88326705956954,-1.50825893339192,156.204159457879));
#15105=CARTESIAN_POINT('',(4.88326705956954,-1.50825893339192,210.));
#15106=CARTESIAN_POINT('',(4.88326705956954,-1.50825893339192,170.392465679743));
#15107=CARTESIAN_POINT('',(3.68326705956954,-1.50825893339192,175.));
#15108=CARTESIAN_POINT('',(5.48326705956954,-1.50825893339192,170.592123809322));
#15109=CARTESIAN_POINT('',(5.48326705956954,-1.50825893339192,210.));
#15110=CARTESIAN_POINT('',(-2.31673294043046,-1.50825893339192,210.));
#15111=CARTESIAN_POINT('',(9.68326705956954,2.74174106660808,210.));
#15112=CARTESIAN_POINT('',(9.68326705956954,-1.10825893339192,210.));
#15113=CARTESIAN_POINT('',(9.68326705956954,-1.50825893339192,210.));
#15114=CARTESIAN_POINT('',(8.43326705956954,3.99174106660808,174.673086383975));
#15115=CARTESIAN_POINT('',(8.43326705956954,3.98085313424945,174.673086383975));
#15116=CARTESIAN_POINT('',(8.43341788420162,3.96981808339552,174.675262117096));
#15117=CARTESIAN_POINT('',(8.43367921378761,3.9596440936345,174.679131058842));
#15118=CARTESIAN_POINT('',(8.43393887759177,3.94953495549404,174.682975338961));
#15119=CARTESIAN_POINT('',(8.43430847305419,3.93999964569997,174.688518878345));
#15120=CARTESIAN_POINT('',(8.43472600204783,3.93136534563874,174.695023885713));
#15121=CARTESIAN_POINT('',(8.43544172241687,3.91656459043267,174.706174647325));
#15122=CARTESIAN_POINT('',(8.43630840183881,3.9039425801007,174.720356178216));
#15123=CARTESIAN_POINT('',(8.43715117583945,3.89327683799901,174.735503645735));
#15124=CARTESIAN_POINT('',(8.43865259865077,3.8742755535751,174.762489235289));
#15125=CARTESIAN_POINT('',(8.4401218501354,3.86061245180085,174.793376788095));
#15126=CARTESIAN_POINT('',(8.44127862148919,3.85044450021118,174.824790157292));
#15127=CARTESIAN_POINT('',(8.44336324578337,3.83212077630808,174.881400370169));
#15128=CARTESIAN_POINT('',(8.44452183244638,3.82437834220606,174.941945698497));
#15129=CARTESIAN_POINT('',(8.44450327617156,3.82451580254334,175.00148393393));
#15130=CARTESIAN_POINT('',(8.44448361424589,3.82466145327125,175.064569675611));
#15131=CARTESIAN_POINT('',(8.44312812583972,3.83357893087297,175.128921098868));
#15132=CARTESIAN_POINT('',(8.44078050706565,3.85489382751648,175.188250655341));
#15133=CARTESIAN_POINT('',(8.44000600355619,3.86192583051312,175.207824084473));
#15134=CARTESIAN_POINT('',(8.43912390811836,3.87042719178221,175.226986649086));
#15135=CARTESIAN_POINT('',(8.43819660686935,3.88083765001078,175.244984719029));
#15136=CARTESIAN_POINT('',(8.43726443156004,3.89130282745948,175.26307739003));
#15137=CARTESIAN_POINT('',(8.4362650262415,3.90388306070221,175.280335979009));
#15138=CARTESIAN_POINT('',(8.43537808520923,3.91912489988168,175.294640988894));
#15139=CARTESIAN_POINT('',(8.43486128308685,3.92800600307837,175.302976221113));
#15140=CARTESIAN_POINT('',(8.43437776674559,3.93795598601486,175.310404599847));
#15141=CARTESIAN_POINT('',(8.43400553457718,3.9487801288416,175.316000719026));
#15142=CARTESIAN_POINT('',(8.43362988783882,3.95970356398113,175.321648172672));
#15143=CARTESIAN_POINT('',(8.43336479852881,3.97187860911087,175.32549218907));
#15144=CARTESIAN_POINT('',(8.43329021193281,3.98413315150905,175.326577041991));
#15145=CARTESIAN_POINT('',(8.43327482218311,3.98666168009709,175.326800884019));
#15146=CARTESIAN_POINT('',(8.43326705956954,3.98920260271854,175.326913616025));
#15147=CARTESIAN_POINT('',(8.43326705956954,3.99174106660808,175.326913616025));
#15148=CARTESIAN_POINT('',(9.68326705956954,3.99174106660808,210.));
#15149=CARTESIAN_POINT('',(9.68326705956954,5.24174106660808,210.));
#15150=CARTESIAN_POINT('',(-1.91673294043046,-1.50825893339192,210.));
#15151=CARTESIAN_POINT('',(4.88326705956954,-1.50825893339192,156.204159457879));
#15152=CARTESIAN_POINT('',(4.88326705956954,-1.48216932686412,156.204159457879));
#15153=CARTESIAN_POINT('',(4.88682956562644,-1.45570051431001,156.200634144396));
#15154=CARTESIAN_POINT('',(4.8933074000354,-1.43129533262606,156.194069669008));
#15155=CARTESIAN_POINT('',(4.89976188558351,-1.4069781175611,156.187528854772));
#15156=CARTESIAN_POINT('',(4.90921602275667,-1.3840339435744,156.177842697219));
#15157=CARTESIAN_POINT('',(4.92036631520587,-1.36374873093885,156.166012620731));
#15158=CARTESIAN_POINT('',(4.93531635574837,-1.33655081189803,156.150151142306));
#15159=CARTESIAN_POINT('',(4.95365922668651,-1.31332317937266,156.130028427491));
#15160=CARTESIAN_POINT('',(4.97277449062096,-1.29450000745565,156.107777317543));
#15161=CARTESIAN_POINT('',(5.00025876788585,-1.26743570545356,156.075784263336));
#15162=CARTESIAN_POINT('',(5.03007399160408,-1.24843118652891,156.038486066603));
#15163=CARTESIAN_POINT('',(5.05852358494229,-1.23542369824455,155.99933452328));
#15164=CARTESIAN_POINT('',(5.10509966887323,-1.21412856552118,155.935237805054));
#15165=CARTESIAN_POINT('',(5.14951449490955,-1.20772520339386,155.864204455397));
#15166=CARTESIAN_POINT('',(5.18771707725299,-1.20829193963658,155.791599737426));
#15167=CARTESIAN_POINT('',(5.25843117475555,-1.20934098500126,155.657206280469));
#15168=CARTESIAN_POINT('',(5.31102076023363,-1.23413036768881,155.512896572559));
#15169=CARTESIAN_POINT('',(5.34341362027402,-1.25457984656264,155.365941794526));
#15170=CARTESIAN_POINT('',(5.37968091782844,-1.27747524185116,155.201410084288));
#15171=CARTESIAN_POINT('',(5.39149944760428,-1.29149570395203,155.026592360868));
#15172=CARTESIAN_POINT('',(5.37729133090696,-1.27944769649132,154.857585927241));
#15173=CARTESIAN_POINT('',(5.36417081819629,-1.26832194081277,154.70151661082));
#15174=CARTESIAN_POINT('',(5.32935189292057,-1.23996024513936,154.5475054119));
#15175=CARTESIAN_POINT('',(5.27441525960837,-1.22244079955559,154.401462277285));
#15176=CARTESIAN_POINT('',(5.23177933144578,-1.2088440831512,154.288119245128));
#15177=CARTESIAN_POINT('',(5.17535360486388,-1.20080693598763,154.176440082624));
#15178=CARTESIAN_POINT('',(5.10967854397089,-1.21742439216231,154.07514851075));
#15179=CARTESIAN_POINT('',(5.10967854397073,-1.21742439216278,154.07514851075));
#15180=CARTESIAN_POINT('',(5.10967854397073,-1.21742439216278,154.07514851075));
#15181=CARTESIAN_POINT('',(5.14450236686754,-1.20861308170555,154.062959236965));
#15182=CARTESIAN_POINT('',(5.18109014846019,-1.20617502710327,154.049621549147));
#15183=CARTESIAN_POINT('',(5.21636193019924,-1.21008997199922,154.036224129697));
#15184=CARTESIAN_POINT('',(5.25161139133542,-1.21400243944928,154.022835188368));
#15185=CARTESIAN_POINT('',(5.28654038465702,-1.22435318577792,154.009012328729));
#15186=CARTESIAN_POINT('',(5.31833436024019,-1.24038429052787,153.996003006727));
#15187=CARTESIAN_POINT('',(5.35046716870594,-1.25658624102244,153.982855042546));
#15188=CARTESIAN_POINT('',(5.38034049668996,-1.27909946334769,153.970158124792));
#15189=CARTESIAN_POINT('',(5.40509513514004,-1.30628788376181,153.959393032483));
#15190=CARTESIAN_POINT('',(5.4288421577391,-1.33236962336422,153.949066123816));
#15191=CARTESIAN_POINT('',(5.44858569121317,-1.36362110689597,153.940222296289));
#15192=CARTESIAN_POINT('',(5.46199321848928,-1.39730070551382,153.934160438908));
#15193=CARTESIAN_POINT('',(5.47426372326651,-1.42812411293451,153.928612656054));
#15194=CARTESIAN_POINT('',(5.48157091214853,-1.46193605143602,153.925250415354));
#15195=CARTESIAN_POINT('',(5.48299715427445,-1.49553610634025,153.92459637335));
#15196=CARTESIAN_POINT('',(5.48317702515946,-1.49977358572903,153.924513888678));
#15197=CARTESIAN_POINT('',(5.48326705956954,-1.50401683617159,153.924472589724));
#15198=CARTESIAN_POINT('',(5.48326705956954,-1.50825893339192,153.924472589724));
#15199=CARTESIAN_POINT('',(5.48326705956954,-1.50825893339192,170.592123809322));
#15200=CARTESIAN_POINT('',(5.48326705956954,-1.47643105651252,170.592123809322));
#15201=CARTESIAN_POINT('',(5.47803640443772,-1.44416512272202,170.589978505506));
#15202=CARTESIAN_POINT('',(5.46813487273488,-1.41418274606272,170.585974694016));
#15203=CARTESIAN_POINT('',(5.45824588430501,-1.38423835111635,170.581975954559));
#15204=CARTESIAN_POINT('',(5.44346636884021,-1.35576324298244,170.576035921777));
#15205=CARTESIAN_POINT('',(5.4251516544466,-1.33079952180391,170.568836431537));
#15206=CARTESIAN_POINT('',(5.40620462914904,-1.304973934436,170.561388380709));
#15207=CARTESIAN_POINT('',(5.38301416451,-1.28222793542565,170.552418577795));
#15208=CARTESIAN_POINT('',(5.35740734246757,-1.26397393206725,170.542800562515));
#15209=CARTESIAN_POINT('',(5.33003693196713,-1.24446274226134,170.53252013701));
#15210=CARTESIAN_POINT('',(5.29920285879115,-1.22957044701394,170.521242061216));
#15211=CARTESIAN_POINT('',(5.2672413504246,-1.2202514361364,170.509966819916));
#15212=CARTESIAN_POINT('',(5.2336456662861,-1.21045594894178,170.498115081226));
#15213=CARTESIAN_POINT('',(5.19788439015118,-1.20656347816577,170.485947915748));
#15214=CARTESIAN_POINT('',(5.16284021975036,-1.20895516760371,170.474490550666));
#15215=CARTESIAN_POINT('',(5.1274106303826,-1.21137316105919,170.462907176442));
#15216=CARTESIAN_POINT('',(5.09169947553431,-1.22031313050125,170.451718673963));
#15217=CARTESIAN_POINT('',(5.05891976271166,-1.23524290865319,170.441825787371));
#15218=CARTESIAN_POINT('',(5.02700801217649,-1.24977736655122,170.432194850983));
#15219=CARTESIAN_POINT('',(4.99695071271565,-1.27043949509164,170.423505992031));
#15220=CARTESIAN_POINT('',(4.97166960731939,-1.29559366071853,170.41639973522));
#15221=CARTESIAN_POINT('',(4.94747005186564,-1.31967170700804,170.409597490892));
#15222=CARTESIAN_POINT('',(4.92695237758292,-1.34857555436719,170.404039363336));
#15223=CARTESIAN_POINT('',(4.91214737588485,-1.37982950873107,170.400084165931));
#15224=CARTESIAN_POINT('',(4.89790586024909,-1.40989392134177,170.396279505396));
#15225=CARTESIAN_POINT('',(4.88854634197287,-1.44299028000725,170.393842385696));
#15226=CARTESIAN_POINT('',(4.88497738725573,-1.47627031993464,170.392911461598));
#15227=CARTESIAN_POINT('',(4.88383912501546,-1.48688446771918,170.392614557929));
#15228=CARTESIAN_POINT('',(4.88326705956954,-1.49757979831887,170.392465679743));
#15229=CARTESIAN_POINT('',(4.88326705956954,-1.50825893339192,170.392465679743));
#15230=CARTESIAN_POINT('',(5.18326705956954,-1.50825893339192,210.));
#15231=CARTESIAN_POINT('',(9.68326705956954,-1.10825893339192,210.));
#15232=CARTESIAN_POINT('',(3.68326705956954,-14.9750692498232,150.));
#15233=CARTESIAN_POINT('',(5.1096785439707,0.779270819661318,154.07514851075));
#15234=CARTESIAN_POINT('',(3.68326705956954,-14.9750692498232,150.));
#15235=CARTESIAN_POINT('',(3.68326705956954,-14.9750692498232,175.));
#15236=CARTESIAN_POINT('',(3.68326705956954,-14.9750692498232,175.));
#15237=CARTESIAN_POINT('',(5.30112072611394,0.779270819661318,179.477937251234));
#15238=CARTESIAN_POINT('',(3.68326705956954,-14.9750692498232,175.));
#15239=CARTESIAN_POINT('',(3.68326705956954,-14.9750692498232,175.));
#15240=CARTESIAN_POINT('',(3.68326705956954,-14.9750692498232,200.));
#15241=CARTESIAN_POINT('',(3.68326705956954,-14.9750692498232,200.));
#15242=CARTESIAN_POINT('',(3.68326705956954,3.09174106660808,105.));
#15243=CARTESIAN_POINT('',(3.68326705956954,6.49174106660808,105.));
#15244=CARTESIAN_POINT('',(3.68326705956954,3.09174106660808,105.));
#15245=CARTESIAN_POINT('',(5.38326705956954,3.09174106660808,105.));
#15246=CARTESIAN_POINT('',(3.68326705956954,6.49174106660808,105.));
#15247=CARTESIAN_POINT('',(3.68326705956954,3.09174106660808,130.));
#15248=CARTESIAN_POINT('',(3.68326705956954,6.49174106660808,130.));
#15249=CARTESIAN_POINT('',(3.68326705956954,3.09174106660808,130.));
#15250=CARTESIAN_POINT('',(5.38326705956954,3.09174106660808,130.));
#15251=CARTESIAN_POINT('',(3.68326705956954,6.49174106660808,130.));
#15252=CARTESIAN_POINT('',(3.68326705956954,3.09174106660808,155.));
#15253=CARTESIAN_POINT('',(3.68326705956954,6.49174106660808,155.));
#15254=CARTESIAN_POINT('',(3.68326705956954,3.09174106660808,155.));
#15255=CARTESIAN_POINT('',(5.38326705956954,3.09174106660808,155.));
#15256=CARTESIAN_POINT('',(3.68326705956954,6.49174106660808,155.));
#15257=CARTESIAN_POINT('',(3.68326705956954,3.09174106660808,180.));
#15258=CARTESIAN_POINT('',(3.68326705956954,6.49174106660808,180.));
#15259=CARTESIAN_POINT('',(3.68326705956954,3.09174106660808,180.));
#15260=CARTESIAN_POINT('',(5.38326705956954,3.09174106660808,180.));
#15261=CARTESIAN_POINT('',(3.68326705956954,6.49174106660808,180.));
#15262=CARTESIAN_POINT('',(5.38326705956954,3.09174106660808,205.));
#15263=CARTESIAN_POINT('',(3.68326705956954,3.09174106660808,230.));
#15264=CARTESIAN_POINT('',(3.68326705956954,3.09174106660808,233.25));
#15265=CARTESIAN_POINT('',(3.68326705956954,6.49174106660808,230.));
#15266=CARTESIAN_POINT('',(3.68326705956954,3.09174106660808,230.));
#15267=CARTESIAN_POINT('',(3.68326705956954,3.09174106660808,231.7));
#15268=CARTESIAN_POINT('',(3.68326705956954,6.49174106660808,230.));
#15269=CARTESIAN_POINT('',(5.38326705956954,3.09174106660808,230.));
#15270=CARTESIAN_POINT('',(3.68326705956954,3.09174106660808,255.));
#15271=CARTESIAN_POINT('',(3.68326705956954,3.09174106660808,258.25));
#15272=CARTESIAN_POINT('',(3.68326705956954,6.49174106660808,255.));
#15273=CARTESIAN_POINT('',(3.68326705956954,3.09174106660808,255.));
#15274=CARTESIAN_POINT('',(3.68326705956954,3.09174106660808,256.7));
#15275=CARTESIAN_POINT('',(3.68326705956954,6.49174106660808,255.));
#15276=CARTESIAN_POINT('',(5.38326705956954,3.09174106660808,255.));
#15277=CARTESIAN_POINT('',(3.68326705956954,3.09174106660808,280.));
#15278=CARTESIAN_POINT('',(3.68326705956954,3.09174106660808,283.25));
#15279=CARTESIAN_POINT('',(3.68326705956954,6.49174106660808,280.));
#15280=CARTESIAN_POINT('',(3.68326705956954,3.09174106660808,280.));
#15281=CARTESIAN_POINT('',(3.68326705956954,3.09174106660808,281.7));
#15282=CARTESIAN_POINT('',(3.68326705956954,6.49174106660808,280.));
#15283=CARTESIAN_POINT('',(5.38326705956954,3.09174106660808,280.));
#15284=CARTESIAN_POINT('',(3.68326705956954,3.09174106660808,305.));
#15285=CARTESIAN_POINT('',(3.68326705956954,3.09174106660808,308.25));
#15286=CARTESIAN_POINT('',(3.68326705956954,6.49174106660808,305.));
#15287=CARTESIAN_POINT('',(3.68326705956954,3.09174106660808,305.));
#15288=CARTESIAN_POINT('',(3.68326705956954,3.09174106660808,306.7));
#15289=CARTESIAN_POINT('',(3.68326705956954,6.49174106660808,305.));
#15290=CARTESIAN_POINT('',(5.38326705956954,3.09174106660808,305.));
#15291=CARTESIAN_POINT('',(3.68326705956954,3.09174106660808,330.));
#15292=CARTESIAN_POINT('',(3.68326705956954,3.09174106660808,333.25));
#15293=CARTESIAN_POINT('',(3.68326705956954,6.49174106660808,330.));
#15294=CARTESIAN_POINT('',(3.68326705956954,3.09174106660808,330.));
#15295=CARTESIAN_POINT('',(3.68326705956954,3.09174106660808,331.7));
#15296=CARTESIAN_POINT('',(3.68326705956954,6.49174106660808,330.));
#15297=CARTESIAN_POINT('',(5.38326705956954,3.09174106660808,330.));
#15298=CARTESIAN_POINT('',(3.68326705956954,3.09174106660808,355.));
#15299=CARTESIAN_POINT('',(3.68326705956954,3.09174106660808,358.25));
#15300=CARTESIAN_POINT('',(3.68326705956954,6.49174106660808,355.));
#15301=CARTESIAN_POINT('',(3.68326705956954,3.09174106660808,355.));
#15302=CARTESIAN_POINT('',(3.68326705956954,3.09174106660808,356.7));
#15303=CARTESIAN_POINT('',(3.68326705956954,6.49174106660808,355.));
#15304=CARTESIAN_POINT('',(5.38326705956954,3.09174106660808,355.));
#15305=CARTESIAN_POINT('',(3.68326705956954,3.09174106660808,380.));
#15306=CARTESIAN_POINT('',(3.68326705956954,3.09174106660808,383.25));
#15307=CARTESIAN_POINT('',(3.68326705956954,6.49174106660808,380.));
#15308=CARTESIAN_POINT('',(3.68326705956954,3.09174106660808,380.));
#15309=CARTESIAN_POINT('',(3.68326705956954,3.09174106660808,381.7));
#15310=CARTESIAN_POINT('',(3.68326705956954,6.49174106660808,380.));
#15311=CARTESIAN_POINT('',(5.38326705956954,3.09174106660808,380.));
#15312=CARTESIAN_POINT('',(3.68326705956954,3.09174106660808,405.));
#15313=CARTESIAN_POINT('',(3.68326705956954,3.09174106660808,408.25));
#15314=CARTESIAN_POINT('',(3.68326705956954,6.49174106660808,405.));
#15315=CARTESIAN_POINT('',(3.68326705956954,3.09174106660808,405.));
#15316=CARTESIAN_POINT('',(3.68326705956954,3.09174106660808,406.7));
#15317=CARTESIAN_POINT('',(3.68326705956954,6.49174106660808,405.));
#15318=CARTESIAN_POINT('',(5.38326705956954,3.09174106660808,405.));
#15319=CARTESIAN_POINT('',(3.68326705956954,3.09174106660808,430.));
#15320=CARTESIAN_POINT('',(3.68326705956954,3.09174106660808,433.25));
#15321=CARTESIAN_POINT('',(3.68326705956954,6.49174106660808,430.));
#15322=CARTESIAN_POINT('',(3.68326705956954,3.09174106660808,430.));
#15323=CARTESIAN_POINT('',(3.68326705956954,3.09174106660808,431.7));
#15324=CARTESIAN_POINT('',(3.68326705956954,6.49174106660808,430.));
#15325=CARTESIAN_POINT('',(5.38326705956954,3.09174106660808,430.));
#15326=CARTESIAN_POINT('',(3.68326705956954,3.09174106660808,455.));
#15327=CARTESIAN_POINT('',(3.68326705956954,3.09174106660808,458.25));
#15328=CARTESIAN_POINT('',(3.68326705956954,6.49174106660808,455.));
#15329=CARTESIAN_POINT('',(3.68326705956954,3.09174106660808,455.));
#15330=CARTESIAN_POINT('',(3.68326705956954,3.09174106660808,456.7));
#15331=CARTESIAN_POINT('',(3.68326705956954,6.49174106660808,455.));
#15332=CARTESIAN_POINT('',(5.38326705956954,3.09174106660808,455.));
#15333=CARTESIAN_POINT('',(3.68326705956955,28.4917410666081,477.2));
#15334=CARTESIAN_POINT('',(-0.316732940430449,28.4917410666081,477.2));
#15335=CARTESIAN_POINT('',(3.68326705956955,28.4917410666081,470.2));
#15336=CARTESIAN_POINT('',(7.68326705956955,28.4917410666081,470.2));
#15337=CARTESIAN_POINT('',(3.68326705956955,28.4917410666081,465.2));
#15338=CARTESIAN_POINT('',(3.68326705956955,28.4917410666081,477.2));
#15339=CARTESIAN_POINT('',(-7.31673294043045,28.4917410666081,477.2));
#15340=CARTESIAN_POINT('',(3.68326705956955,28.4917410666081,470.2));
#15341=CARTESIAN_POINT('',(14.6832670595696,28.4917410666081,470.2));
#15342=CARTESIAN_POINT('',(3.68326705956955,28.4917410666081,465.2));
#15343=CARTESIAN_POINT('',(-17.8167329404304,44.2917410666081,470.2));
#15344=CARTESIAN_POINT('',(3.68326705956955,28.4917410666081,477.2));
#15345=CARTESIAN_POINT('',(3.68326705956955,28.4917410666081,100.2));
#15346=CARTESIAN_POINT('',(-0.316732940430445,28.4917410666081,100.2));
#15347=CARTESIAN_POINT('',(3.68326705956955,28.4917410666081,93.2));
#15348=CARTESIAN_POINT('',(7.68326705956955,28.4917410666081,93.2));
#15349=CARTESIAN_POINT('',(3.68326705956955,28.4917410666081,105.2));
#15350=CARTESIAN_POINT('',(3.68326705956955,28.4917410666081,100.2));
#15351=CARTESIAN_POINT('',(-7.31673294043044,28.4917410666081,100.2));
#15352=CARTESIAN_POINT('',(3.68326705956955,28.4917410666081,93.2));
#15353=CARTESIAN_POINT('',(14.6832670595696,28.4917410666081,93.2));
#15354=CARTESIAN_POINT('',(3.68326705956955,28.4917410666081,105.2));
#15355=CARTESIAN_POINT('',(3.68326705956955,14.9917410666081,100.2));
#15356=CARTESIAN_POINT('',(3.68326705956955,28.4917410666081,93.2));
#15357=CARTESIAN_POINT('',(3.68326705956953,28.4917410666081,516.4));
#15358=CARTESIAN_POINT('',(7.68326705956953,28.4917410666081,516.4));
#15359=CARTESIAN_POINT('',(3.68326705956953,28.4917410666081,516.4));
#15360=CARTESIAN_POINT('',(-15.3667329404305,28.4917410666081,516.4));
#15361=CARTESIAN_POINT('',(3.68326705956953,28.4917410666081,516.4));
#15362=CARTESIAN_POINT('',(3.68326705956953,28.4917410666081,518.));
#15363=CARTESIAN_POINT('',(-15.3667329404305,28.4917410666081,518.));
#15364=CARTESIAN_POINT('',(3.68326705956953,28.4917410666081,517.));
#15365=CARTESIAN_POINT('',(3.68326705956953,0.291741066608103,579.));
#15366=CARTESIAN_POINT('',(14.8832670595695,0.291741066608101,579.));
#15367=CARTESIAN_POINT('',(-7.5167329404305,0.291741066608101,579.));
#15368=CARTESIAN_POINT('',(-7.5167329404305,0.291741066608101,579.));
#15369=CARTESIAN_POINT('',(-7.5167329404305,0.291741066608101,523.));
#15370=CARTESIAN_POINT('',(3.68326705956953,0.291741066608103,523.));
#15371=CARTESIAN_POINT('',(-21.5167329404305,0.291741066608099,523.));
#15372=CARTESIAN_POINT('',(-21.5167329404305,0.291741066608099,530.));
#15373=CARTESIAN_POINT('',(-21.5167329404305,0.291741066608099,518.));
#15374=CARTESIAN_POINT('',(3.68326705956953,0.291741066608103,518.));
#15375=CARTESIAN_POINT('',(28.8832670595695,0.291741066608099,518.));
#15376=CARTESIAN_POINT('',(28.8832670595695,0.291741066608099,530.));
#15377=CARTESIAN_POINT('',(28.8832670595695,0.291741066608099,523.));
#15378=CARTESIAN_POINT('',(3.68326705956953,0.291741066608103,523.));
#15379=CARTESIAN_POINT('',(14.8832670595695,0.291741066608101,523.));
#15380=CARTESIAN_POINT('',(14.8832670595695,0.291741066608101,579.));
#15381=CARTESIAN_POINT('',(3.68326705956953,0.291741066608101,579.));
#15382=CARTESIAN_POINT('',(31.8832670595695,20.9917410666081,579.));
#15383=CARTESIAN_POINT('',(31.8832670595695,39.6917410666081,579.));
#15384=CARTESIAN_POINT('',(31.8832670595695,17.2917410666081,579.));
#15385=CARTESIAN_POINT('',(31.8832670595695,17.2917410666081,579.));
#15386=CARTESIAN_POINT('',(31.8832670595695,17.2917410666081,523.));
#15387=CARTESIAN_POINT('',(31.8832670595695,20.9917410666081,523.));
#15388=CARTESIAN_POINT('',(31.8832670595695,3.2917410666081,523.));
#15389=CARTESIAN_POINT('',(31.8832670595695,3.2917410666081,530.));
#15390=CARTESIAN_POINT('',(31.8832670595695,3.2917410666081,518.));
#15391=CARTESIAN_POINT('',(31.8832670595695,20.9917410666081,518.));
#15392=CARTESIAN_POINT('',(31.8832670595695,53.6917410666081,518.));
#15393=CARTESIAN_POINT('',(31.8832670595695,53.6917410666081,530.));
#15394=CARTESIAN_POINT('',(31.8832670595695,53.6917410666081,523.));
#15395=CARTESIAN_POINT('',(31.8832670595695,20.9917410666081,523.));
#15396=CARTESIAN_POINT('',(31.8832670595695,39.6917410666081,523.));
#15397=CARTESIAN_POINT('',(31.8832670595695,39.6917410666081,579.));
#15398=CARTESIAN_POINT('',(31.8832670595695,20.9917410666081,579.));
#15399=CARTESIAN_POINT('',(14.8832670595695,56.6917410666081,579.));
#15400=CARTESIAN_POINT('',(14.8832670595695,56.6917410666081,579.));
#15401=CARTESIAN_POINT('',(14.8832670595695,56.6917410666081,523.));
#15402=CARTESIAN_POINT('',(3.68326705956953,56.6917410666081,523.));
#15403=CARTESIAN_POINT('',(28.8832670595695,56.6917410666081,523.));
#15404=CARTESIAN_POINT('',(28.8832670595695,56.6917410666081,530.));
#15405=CARTESIAN_POINT('',(28.8832670595695,56.6917410666081,518.));
#15406=CARTESIAN_POINT('',(3.68326705956953,56.6917410666081,518.));
#15407=CARTESIAN_POINT('',(-21.5167329404305,56.6917410666081,518.));
#15408=CARTESIAN_POINT('',(-21.5167329404305,56.6917410666081,530.));
#15409=CARTESIAN_POINT('',(-21.5167329404305,56.6917410666081,523.));
#15410=CARTESIAN_POINT('',(3.68326705956953,56.6917410666081,523.));
#15411=CARTESIAN_POINT('',(-7.5167329404305,56.6917410666081,523.));
#15412=CARTESIAN_POINT('',(-7.5167329404305,56.6917410666081,579.));
#15413=CARTESIAN_POINT('',(-7.5167329404305,56.6917410666081,579.));
#15414=CARTESIAN_POINT('',(3.68326705956953,56.6917410666081,579.));
#15415=CARTESIAN_POINT('',(3.68326705956953,56.6917410666081,579.));
#15416=CARTESIAN_POINT('',(-24.5167329404305,39.6917410666081,579.));
#15417=CARTESIAN_POINT('',(-24.5167329404305,39.6917410666081,579.));
#15418=CARTESIAN_POINT('',(-24.5167329404305,39.6917410666081,523.));
#15419=CARTESIAN_POINT('',(-24.5167329404305,20.9917410666081,523.));
#15420=CARTESIAN_POINT('',(-24.5167329404305,53.6917410666081,523.));
#15421=CARTESIAN_POINT('',(-24.5167329404305,53.6917410666081,530.));
#15422=CARTESIAN_POINT('',(-24.5167329404305,53.6917410666081,518.));
#15423=CARTESIAN_POINT('',(-24.5167329404305,20.9917410666081,518.));
#15424=CARTESIAN_POINT('',(-24.5167329404305,3.2917410666081,518.));
#15425=CARTESIAN_POINT('',(-24.5167329404305,3.2917410666081,530.));
#15426=CARTESIAN_POINT('',(-24.5167329404305,3.2917410666081,523.));
#15427=CARTESIAN_POINT('',(-24.5167329404305,20.9917410666081,523.));
#15428=CARTESIAN_POINT('',(-24.5167329404305,17.2917410666081,523.));
#15429=CARTESIAN_POINT('',(-24.5167329404305,17.2917410666081,579.));
#15430=CARTESIAN_POINT('',(-24.5167329404305,17.2917410666081,579.));
#15431=CARTESIAN_POINT('',(-24.5167329404305,20.9917410666081,579.));
#15432=CARTESIAN_POINT('',(-24.5167329404305,20.9917410666081,579.));
#15433=CARTESIAN_POINT('',(-7.5167329404305,0.291741066608101,579.));
#15434=CARTESIAN_POINT('',(31.8832670595695,17.2917410666081,579.));
#15435=CARTESIAN_POINT('',(14.8832670595695,56.6917410666081,579.));
#15436=CARTESIAN_POINT('',(-24.5167329404305,39.6917410666081,579.));
#15437=CARTESIAN_POINT('',(3.68326705956953,20.9917410666081,579.));
#15438=CARTESIAN_POINT('',(-19.7667329404305,44.4417410666081,523.));
#15439=CARTESIAN_POINT('',(-24.5167329404305,39.6917410666081,579.));
#15440=CARTESIAN_POINT('',(27.1332670595695,44.4417410666081,523.));
#15441=CARTESIAN_POINT('',(14.8832670595695,56.6917410666081,579.));
#15442=CARTESIAN_POINT('',(-12.2667329404305,5.04174106660809,523.));
#15443=CARTESIAN_POINT('',(-7.5167329404305,0.291741066608101,579.));
#15444=CARTESIAN_POINT('',(19.6332670595695,5.04174106660812,523.));
#15445=CARTESIAN_POINT('',(31.8832670595695,17.2917410666081,579.));
#15446=CARTESIAN_POINT('',(-19.8167329404306,5.24174106660819,523.));
#15447=CARTESIAN_POINT('',(-22.3167329404306,5.24174106660819,523.));
#15448=CARTESIAN_POINT('',(-21.5167329404305,3.2917410666081,523.));
#15449=CARTESIAN_POINT('',(3.68326705956953,20.9917410666081,523.));
#15450=CARTESIAN_POINT('',(-19.8167329404304,51.9917410666081,523.));
#15451=CARTESIAN_POINT('',(-22.3167329404304,51.9917410666081,523.));
#15452=CARTESIAN_POINT('',(-21.5167329404305,53.6917410666081,523.));
#15453=CARTESIAN_POINT('',(3.68326705956953,20.9917410666081,523.));
#15454=CARTESIAN_POINT('',(27.1832670595696,51.9917410666081,523.));
#15455=CARTESIAN_POINT('',(24.6832670595696,51.9917410666081,523.));
#15456=CARTESIAN_POINT('',(28.8832670595695,53.6917410666081,523.));
#15457=CARTESIAN_POINT('',(3.68326705956953,20.9917410666081,523.));
#15458=CARTESIAN_POINT('',(27.1832670595694,4.9917410666081,523.));
#15459=CARTESIAN_POINT('',(24.6832670595694,4.9917410666081,523.));
#15460=CARTESIAN_POINT('',(28.8832670595695,3.2917410666081,523.));
#15461=CARTESIAN_POINT('',(3.68326705956953,20.9917410666081,523.));
#15462=CARTESIAN_POINT('',(28.8832670595695,3.2917410666081,518.));
#15463=CARTESIAN_POINT('',(28.8832670595695,3.2917410666081,530.));
#15464=CARTESIAN_POINT('',(28.8832670595695,53.6917410666081,518.));
#15465=CARTESIAN_POINT('',(28.8832670595695,53.6917410666081,530.));
#15466=CARTESIAN_POINT('',(-21.5167329404305,53.6917410666081,518.));
#15467=CARTESIAN_POINT('',(-21.5167329404305,53.6917410666081,530.));
#15468=CARTESIAN_POINT('',(-21.5167329404305,3.2917410666081,518.));
#15469=CARTESIAN_POINT('',(-21.5167329404305,3.2917410666081,530.));
#15470=CARTESIAN_POINT('',(-19.8167329404304,51.9917410666081,518.));
#15471=CARTESIAN_POINT('',(-22.3167329404304,51.9917410666081,518.));
#15472=CARTESIAN_POINT('',(-19.8167329404304,51.9917410666081,530.));
#15473=CARTESIAN_POINT('',(27.1832670595696,51.9917410666081,518.));
#15474=CARTESIAN_POINT('',(24.6832670595696,51.9917410666081,518.));
#15475=CARTESIAN_POINT('',(27.1832670595696,51.9917410666081,530.));
#15476=CARTESIAN_POINT('',(27.1832670595694,4.9917410666081,518.));
#15477=CARTESIAN_POINT('',(24.6832670595694,4.9917410666081,518.));
#15478=CARTESIAN_POINT('',(27.1832670595694,4.9917410666081,530.));
#15479=CARTESIAN_POINT('',(-19.8167329404306,5.24174106660819,518.));
#15480=CARTESIAN_POINT('',(-22.3167329404306,5.24174106660819,518.));
#15481=CARTESIAN_POINT('',(-19.8167329404306,5.24174106660819,530.));
#15482=CARTESIAN_POINT('',(3.68326705956953,20.9917410666081,518.));
#15483=CARTESIAN_POINT('',(3.68326705956953,28.4917410666081,497.));
#15484=CARTESIAN_POINT('',(7.68326705956953,28.4917410666081,497.));
#15485=CARTESIAN_POINT('',(3.68326705956953,28.4917410666081,497.));
#15486=CARTESIAN_POINT('',(3.68326705956953,28.4917410666081,516.4));
#15487=(
GEOMETRIC_REPRESENTATION_CONTEXT(3)
GLOBAL_UNCERTAINTY_ASSIGNED_CONTEXT((#15488))
GLOBAL_UNIT_ASSIGNED_CONTEXT((#15494,#15490,#15489))
REPRESENTATION_CONTEXT('SGX\X2\652F6491\X0\-300\X2\884C7A0B66F465B0\X0\',
'TOP_LEVEL_ASSEMBLY_PART')
);
#15488=UNCERTAINTY_MEASURE_WITH_UNIT(LENGTH_MEASURE(0.0508),#15494,
'DISTANCE_ACCURACY_VALUE','Maximum Tolerance applied to model');
#15489=(
NAMED_UNIT(*)
SI_UNIT($,.STERADIAN.)
SOLID_ANGLE_UNIT()
);
#15490=(
CONVERSION_BASED_UNIT('DEGREE',#15492)
NAMED_UNIT(#15491)
PLANE_ANGLE_UNIT()
);
#15491=DIMENSIONAL_EXPONENTS(0.,0.,0.,0.,0.,0.,0.);
#15492=PLANE_ANGLE_MEASURE_WITH_UNIT(PLANE_ANGLE_MEASURE(0.0174532925),
#15493);
#15493=(
NAMED_UNIT(*)
PLANE_ANGLE_UNIT()
SI_UNIT($,.RADIAN.)
);
#15494=(
LENGTH_UNIT()
NAMED_UNIT(*)
SI_UNIT(.MILLI.,.METRE.)
);
ENDSEC;
END-ISO-10303-21;
