ISO-10303-21;
HEADER;
/* Generated by software containing ST-Developer
 * from STEP Tools, Inc. (www.steptools.com) 
 */

FILE_DESCRIPTION(
/* description */ (
'CAx-IF Rec.Pracs.---Representation and Presentation of Product Manufa
cturing Information (PMI)---4.0---2014-10-13',
'CAx-IF Rec.Pracs.---3D Tessellated Geometry---0.4---2014-09-14','2;1'),

/* implementation_level */ '4;1');

FILE_NAME(
/* name */ 'GGP-50',
/* time_stamp */ '2024-02-21T10:20:15+08:00',
/* author */ (''),
/* organization */ (''),
/* preprocessor_version */ 'ST-DEVELOPER v16.7',
/* originating_system */ $,
/* authorisation */ $);

FILE_SCHEMA (('AP242_MANAGED_MODEL_BASED_3D_ENGINEERING_MIM_LF { 1 0 10303 442 20130219 1 4 }'));
ENDSEC;

ANCHOR;
<39026>=#8763;
<39033>=#4640;
<39030>=#4641;
<39027>=#8764;
<39032>=#4642;
<39031>=#4643;
<39028>=#8765;
<39029>=#8766;
<39035>=#8767;
<39042>=#4644;
<39039>=#4645;
<39036>=#8768;
<39041>=#4646;
<39040>=#4647;
<39037>=#8769;
<39038>=#8770;
<39044>=#8771;
<39051>=#4648;
<39045>=#8772;
<39052>=#4649;
<39046>=#8773;
<39053>=#4650;
<39047>=#8774;
<39054>=#4651;
<39048>=#8775;
<39055>=#4652;
<39049>=#8776;
<39056>=#4653;
<39050>=#8777;
<39058>=#8778;
<39247>=#4654;
<39188>=#4655;
<39189>=#4656;
<39377>=#4657;
<39059>=#8779;
<39253>=#4658;
<39190>=#4659;
<39191>=#4660;
<39379>=#4661;
<39060>=#8780;
<39249>=#4662;
<39192>=#4663;
<39193>=#4664;
<39381>=#4665;
<39061>=#8781;
<39251>=#4666;
<39194>=#4667;
<39195>=#4668;
<39383>=#4669;
<39062>=#8782;
<39244>=#4670;
<39255>=#4671;
<39376>=#4672;
<39196>=#4673;
<39063>=#8783;
<39378>=#4674;
<39380>=#4675;
<39382>=#4676;
<39384>=#4677;
<39245>=#4678;
<39375>=#4679;
<39385>=#4680;
<39197>=#4681;
<39198>=#4682;
<39386>=#4683;
<39387>=#4684;
<39199>=#4685;
<39389>=#4686;
<39390>=#4687;
<39392>=#4688;
<39200>=#4689;
<39394>=#4690;
<39395>=#4691;
<39201>=#4692;
<39202>=#4693;
<39397>=#4694;
<39399>=#4695;
<39401>=#4696;
<39203>=#4697;
<39204>=#4698;
<39402>=#4699;
<39403>=#4700;
<39205>=#4701;
<39405>=#4702;
<39406>=#4703;
<39408>=#4704;
<39206>=#4705;
<39410>=#4706;
<39411>=#4707;
<39207>=#4708;
<39208>=#4709;
<39413>=#4710;
<39209>=#4711;
<39210>=#4712;
<39414>=#4713;
<39415>=#4714;
<39211>=#4715;
<39417>=#4716;
<39418>=#4717;
<39420>=#4718;
<39212>=#4719;
<39422>=#4720;
<39423>=#4721;
<39213>=#4722;
<39214>=#4723;
<39425>=#4724;
<39215>=#4725;
<39216>=#4726;
<39426>=#4727;
<39427>=#4728;
<39217>=#4729;
<39429>=#4730;
<39430>=#4731;
<39432>=#4732;
<39218>=#4733;
<39434>=#4734;
<39435>=#4735;
<39219>=#4736;
<39220>=#4737;
<39437>=#4738;
<39221>=#4739;
<39222>=#4740;
<39438>=#4741;
<39439>=#4742;
<39223>=#4743;
<39441>=#4744;
<39442>=#4745;
<39444>=#4746;
<39224>=#4747;
<39446>=#4748;
<39447>=#4749;
<39225>=#4750;
<39226>=#4751;
<39449>=#4752;
<39451>=#4753;
<39453>=#4754;
<39227>=#4755;
<39228>=#4756;
<39454>=#4757;
<39455>=#4758;
<39229>=#4759;
<39457>=#4760;
<39458>=#4761;
<39460>=#4762;
<39230>=#4763;
<39462>=#4764;
<39463>=#4765;
<39231>=#4766;
<39232>=#4767;
<39465>=#4768;
<39467>=#4769;
<39469>=#4770;
<39233>=#4771;
<39234>=#4772;
<39470>=#4773;
<39472>=#4774;
<39235>=#4775;
<39473>=#4776;
<39475>=#4777;
<39477>=#4778;
<39236>=#4779;
<39478>=#4780;
<39480>=#4781;
<39237>=#4782;
<39238>=#4783;
<39481>=#4784;
<39239>=#4785;
<39240>=#4786;
<39482>=#4787;
<39484>=#4788;
<39241>=#4789;
<39485>=#4790;
<39487>=#4791;
<39489>=#4792;
<39242>=#4793;
<39490>=#4794;
<39492>=#4795;
<39243>=#4796;
<39064>=#8784;
<39494>=#4797;
<39256>=#4798;
<39065>=#8785;
<39246>=#4799;
<39248>=#4800;
<39250>=#4801;
<39252>=#4802;
<39254>=#4803;
<39257>=#4804;
<39258>=#4805;
<39259>=#4806;
<39260>=#4807;
<39261>=#4808;
<39262>=#4809;
<39263>=#4810;
<39264>=#4811;
<39265>=#4812;
<39266>=#4813;
<39267>=#4814;
<39268>=#4815;
<39269>=#4816;
<39270>=#4817;
<39271>=#4818;
<39272>=#4819;
<39273>=#4820;
<39274>=#4821;
<39275>=#4822;
<39276>=#4823;
<39277>=#4824;
<39278>=#4825;
<39279>=#4826;
<39280>=#4827;
<39281>=#4828;
<39282>=#4829;
<39283>=#4830;
<39284>=#4831;
<39285>=#4832;
<39286>=#4833;
<39287>=#4834;
<39288>=#4835;
<39289>=#4836;
<39290>=#4837;
<39291>=#4838;
<39292>=#4839;
<39293>=#4840;
<39294>=#4841;
<39295>=#4842;
<39296>=#4843;
<39297>=#4844;
<39298>=#4845;
<39299>=#4846;
<39300>=#4847;
<39301>=#4848;
<39302>=#4849;
<39303>=#4850;
<39304>=#4851;
<39305>=#4852;
<39306>=#4853;
<39307>=#4854;
<39308>=#4855;
<39309>=#4856;
<39310>=#4857;
<39311>=#4858;
<39312>=#4859;
<39313>=#4860;
<39314>=#4861;
<39315>=#4862;
<39316>=#4863;
<39317>=#4864;
<39318>=#4865;
<39319>=#4866;
<39320>=#4867;
<39321>=#4868;
<39322>=#4869;
<39323>=#4870;
<39324>=#4871;
<39325>=#4872;
<39326>=#4873;
<39327>=#4874;
<39328>=#4875;
<39329>=#4876;
<39330>=#4877;
<39331>=#4878;
<39332>=#4879;
<39333>=#4880;
<39334>=#4881;
<39335>=#4882;
<39336>=#4883;
<39337>=#4884;
<39338>=#4885;
<39339>=#4886;
<39340>=#4887;
<39341>=#4888;
<39342>=#4889;
<39343>=#4890;
<39344>=#4891;
<39345>=#4892;
<39346>=#4893;
<39347>=#4894;
<39348>=#4895;
<39349>=#4896;
<39350>=#4897;
<39351>=#4898;
<39352>=#4899;
<39353>=#4900;
<39354>=#4901;
<39355>=#4902;
<39356>=#4903;
<39357>=#4904;
<39358>=#4905;
<39359>=#4906;
<39360>=#4907;
<39361>=#4908;
<39362>=#4909;
<39363>=#4910;
<39364>=#4911;
<39365>=#4912;
<39366>=#4913;
<39367>=#4914;
<39368>=#4915;
<39369>=#4916;
<39370>=#4917;
<39371>=#4918;
<39372>=#4919;
<39373>=#4920;
<39066>=#8786;
<39374>=#4921;
<39067>=#8787;
<39068>=#8788;
<39069>=#8789;
<39070>=#8790;
<39071>=#8791;
<39495>=#4922;
<39072>=#8792;
<39388>=#4923;
<39496>=#4924;
<39073>=#8793;
<39499>=#4925;
<39074>=#8794;
<39391>=#4926;
<39498>=#4927;
<39075>=#8795;
<39393>=#4928;
<39076>=#8796;
<39501>=#4929;
<39077>=#8797;
<39396>=#4930;
<39500>=#4931;
<39078>=#8798;
<39502>=#4932;
<39079>=#8799;
<39400>=#4933;
<39503>=#4934;
<39080>=#8800;
<39398>=#4935;
<39081>=#8801;
<39505>=#4936;
<39082>=#8802;
<39404>=#4937;
<39506>=#4938;
<39083>=#8803;
<39509>=#4939;
<39084>=#8804;
<39407>=#4940;
<39508>=#4941;
<39085>=#8805;
<39409>=#4942;
<39086>=#8806;
<39511>=#4943;
<39087>=#8807;
<39412>=#4944;
<39510>=#4945;
<39088>=#8808;
<39512>=#4946;
<39089>=#8809;
<39513>=#4947;
<39514>=#4948;
<39090>=#8810;
<39416>=#4949;
<39516>=#4950;
<39091>=#8811;
<39519>=#4951;
<39092>=#8812;
<39419>=#4952;
<39518>=#4953;
<39093>=#8813;
<39421>=#4954;
<39094>=#8814;
<39521>=#4955;
<39095>=#8815;
<39424>=#4956;
<39520>=#4957;
<39096>=#8816;
<39522>=#4958;
<39097>=#8817;
<39523>=#4959;
<39524>=#4960;
<39098>=#8818;
<39428>=#4961;
<39526>=#4962;
<39099>=#8819;
<39529>=#4963;
<39100>=#8820;
<39431>=#4964;
<39528>=#4965;
<39101>=#8821;
<39433>=#4966;
<39102>=#8822;
<39531>=#4967;
<39103>=#8823;
<39436>=#4968;
<39530>=#4969;
<39104>=#8824;
<39532>=#4970;
<39105>=#8825;
<39533>=#4971;
<39534>=#4972;
<39106>=#8826;
<39440>=#4973;
<39536>=#4974;
<39107>=#8827;
<39539>=#4975;
<39108>=#8828;
<39443>=#4976;
<39538>=#4977;
<39109>=#8829;
<39445>=#4978;
<39110>=#8830;
<39541>=#4979;
<39111>=#8831;
<39448>=#4980;
<39540>=#4981;
<39112>=#8832;
<39542>=#4982;
<39113>=#8833;
<39452>=#4983;
<39543>=#4984;
<39114>=#8834;
<39450>=#4985;
<39115>=#8835;
<39545>=#4986;
<39116>=#8836;
<39456>=#4987;
<39546>=#4988;
<39117>=#8837;
<39549>=#4989;
<39118>=#8838;
<39459>=#4990;
<39548>=#4991;
<39119>=#8839;
<39461>=#4992;
<39120>=#8840;
<39551>=#4993;
<39121>=#8841;
<39464>=#4994;
<39550>=#4995;
<39122>=#8842;
<39552>=#4996;
<39123>=#8843;
<39468>=#4997;
<39553>=#4998;
<39124>=#8844;
<39466>=#4999;
<39125>=#8845;
<39555>=#5000;
<39126>=#8846;
<39557>=#5001;
<39471>=#5002;
<39127>=#8847;
<39558>=#5003;
<39128>=#8848;
<39559>=#5004;
<39474>=#5005;
<39129>=#8849;
<39476>=#5006;
<39130>=#8850;
<39560>=#5007;
<39131>=#8851;
<39561>=#5008;
<39479>=#5009;
<39132>=#8852;
<39562>=#5010;
<39133>=#8853;
<39563>=#5011;
<39565>=#5012;
<39134>=#8854;
<39567>=#5013;
<39483>=#5014;
<39135>=#8855;
<39568>=#5015;
<39136>=#8856;
<39569>=#5016;
<39486>=#5017;
<39137>=#8857;
<39488>=#5018;
<39138>=#8858;
<39570>=#5019;
<39139>=#8859;
<39571>=#5020;
<39491>=#5021;
<39140>=#8860;
<39493>=#5022;
<39141>=#8861;
<39142>=#8862;
<39497>=#5023;
<39143>=#8863;
<39144>=#8864;
<39145>=#8865;
<39146>=#8866;
<39504>=#5024;
<39147>=#8867;
<39148>=#8868;
<39507>=#5025;
<39149>=#8869;
<39150>=#8870;
<39151>=#8871;
<39152>=#8872;
<39515>=#5026;
<39153>=#8873;
<39517>=#5027;
<39154>=#8874;
<39155>=#8875;
<39156>=#8876;
<39157>=#8877;
<39158>=#8878;
<39525>=#5028;
<39159>=#8879;
<39527>=#5029;
<39160>=#8880;
<39161>=#8881;
<39162>=#8882;
<39163>=#8883;
<39164>=#8884;
<39535>=#5030;
<39165>=#8885;
<39537>=#5031;
<39166>=#8886;
<39167>=#8887;
<39168>=#8888;
<39169>=#8889;
<39170>=#8890;
<39544>=#5032;
<39171>=#8891;
<39172>=#8892;
<39547>=#5033;
<39173>=#8893;
<39174>=#8894;
<39175>=#8895;
<39176>=#8896;
<39554>=#5034;
<39177>=#8897;
<39178>=#8898;
<39556>=#5035;
<39179>=#8899;
<39180>=#8900;
<39181>=#8901;
<39182>=#8902;
<39564>=#5036;
<39183>=#8903;
<39566>=#5037;
<39184>=#8904;
<39185>=#8905;
<39186>=#8906;
<39187>=#8907;
<39573>=#8908;
<39577>=#5038;
<39578>=#5039;
<39579>=#5040;
<39581>=#5041;
<39574>=#8909;
<39580>=#5042;
<39582>=#5043;
<39575>=#8910;
<39576>=#8911;
<39584>=#8912;
<39588>=#5044;
<39589>=#5045;
<39590>=#5046;
<39592>=#5047;
<39585>=#8913;
<39591>=#5048;
<39593>=#5049;
<39586>=#8914;
<39587>=#8915;
<39595>=#8916;
<39678>=#5050;
<39668>=#5051;
<39669>=#5052;
<39721>=#5053;
<39596>=#8917;
<39751>=#5054;
<39670>=#5055;
<39671>=#5056;
<39723>=#5057;
<39681>=#5058;
<39597>=#8918;
<39754>=#5059;
<39672>=#5060;
<39673>=#5061;
<39725>=#5062;
<39684>=#5063;
<39598>=#8919;
<39757>=#5064;
<39674>=#5065;
<39675>=#5066;
<39727>=#5067;
<39687>=#5068;
<39599>=#8920;
<39760>=#5069;
<39676>=#5070;
<39677>=#5071;
<39729>=#5072;
<39690>=#5073;
<39600>=#8921;
<39679>=#5074;
<39767>=#5075;
<39748>=#5076;
<39601>=#8922;
<39770>=#5077;
<39680>=#5078;
<39682>=#5079;
<39749>=#5080;
<39602>=#8923;
<39772>=#5081;
<39683>=#5082;
<39685>=#5083;
<39752>=#5084;
<39603>=#8924;
<39774>=#5085;
<39686>=#5086;
<39688>=#5087;
<39755>=#5088;
<39604>=#8925;
<39776>=#5089;
<39689>=#5090;
<39691>=#5091;
<39758>=#5092;
<39605>=#8926;
<39766>=#5093;
<39692>=#5094;
<39828>=#5095;
<39702>=#5096;
<39805>=#5097;
<39606>=#8927;
<39704>=#5098;
<39693>=#5099;
<39694>=#5100;
<39806>=#5101;
<39607>=#8928;
<39707>=#5102;
<39695>=#5103;
<39696>=#5104;
<39808>=#5105;
<39833>=#5106;
<39608>=#8929;
<39710>=#5107;
<39697>=#5108;
<39698>=#5109;
<39810>=#5110;
<39836>=#5111;
<39609>=#8930;
<39712>=#5112;
<39699>=#5113;
<39700>=#5114;
<39812>=#5115;
<39610>=#8931;
<39701>=#5116;
<39703>=#5117;
<39818>=#5118;
<39830>=#5119;
<39611>=#8932;
<39705>=#5120;
<39820>=#5121;
<39832>=#5122;
<39612>=#8933;
<39706>=#5123;
<39708>=#5124;
<39822>=#5125;
<39835>=#5126;
<39613>=#8934;
<39709>=#5127;
<39711>=#5128;
<39824>=#5129;
<39838>=#5130;
<39614>=#8935;
<39713>=#5131;
<39826>=#5132;
<39840>=#5133;
<39615>=#8936;
<39717>=#5134;
<39714>=#5135;
<39814>=#5136;
<39841>=#5137;
<39616>=#8937;
<39720>=#5138;
<39715>=#5139;
<39816>=#5140;
<39842>=#5141;
<39846>=#5142;
<39617>=#8938;
<39849>=#5143;
<39716>=#5144;
<39843>=#5145;
<39618>=#8939;
<39851>=#5146;
<39718>=#5147;
<39719>=#5148;
<39845>=#5149;
<39619>=#8940;
<39722>=#5150;
<39724>=#5151;
<39726>=#5152;
<39728>=#5153;
<39730>=#5154;
<39736>=#5155;
<39740>=#5156;
<39745>=#5157;
<39732>=#5158;
<39620>=#8941;
<39747>=#5159;
<39621>=#8942;
<39750>=#5160;
<39622>=#8943;
<39753>=#5161;
<39623>=#8944;
<39756>=#5162;
<39624>=#8945;
<39759>=#5163;
<39625>=#8946;
<39731>=#5164;
<39737>=#5165;
<39744>=#5166;
<39733>=#5167;
<39761>=#5168;
<39626>=#8947;
<39734>=#5169;
<39762>=#5170;
<39735>=#5171;
<39741>=#5172;
<39627>=#8948;
<39738>=#5173;
<39763>=#5174;
<39739>=#5175;
<39746>=#5176;
<39628>=#8949;
<39742>=#5177;
<39764>=#5178;
<39743>=#5179;
<39629>=#8950;
<39768>=#5180;
<39630>=#8951;
<39769>=#5181;
<39631>=#8952;
<39771>=#5182;
<39632>=#8953;
<39773>=#5183;
<39633>=#8954;
<39775>=#5184;
<39634>=#8955;
<39783>=#5185;
<39786>=#5186;
<39781>=#5187;
<39635>=#8956;
<39784>=#5188;
<39789>=#5189;
<39792>=#5190;
<39636>=#8957;
<39793>=#5191;
<39796>=#5192;
<39799>=#5193;
<39637>=#8958;
<39800>=#5194;
<39802>=#5195;
<39785>=#5196;
<39638>=#8959;
<39765>=#5197;
<39639>=#8960;
<39807>=#5198;
<39640>=#8961;
<39809>=#5199;
<39641>=#8962;
<39811>=#5200;
<39642>=#8963;
<39813>=#5201;
<39643>=#8964;
<39777>=#5202;
<39778>=#5203;
<39779>=#5204;
<39780>=#5205;
<39782>=#5206;
<39644>=#8965;
<39790>=#5207;
<39645>=#8966;
<39801>=#5208;
<39646>=#8967;
<39787>=#5209;
<39788>=#5210;
<39791>=#5211;
<39647>=#8968;
<39797>=#5212;
<39648>=#8969;
<39794>=#5213;
<39795>=#5214;
<39798>=#5215;
<39649>=#8970;
<39803>=#5216;
<39650>=#8971;
<39804>=#5217;
<39651>=#8972;
<39829>=#5218;
<39652>=#8973;
<39831>=#5219;
<39653>=#8974;
<39834>=#5220;
<39654>=#8975;
<39837>=#5221;
<39655>=#8976;
<39839>=#5222;
<39656>=#8977;
<39815>=#5223;
<39817>=#5224;
<39819>=#5225;
<39821>=#5226;
<39823>=#5227;
<39825>=#5228;
<39827>=#5229;
<39657>=#8978;
<39658>=#8979;
<39659>=#8980;
<39660>=#8981;
<39661>=#8982;
<39662>=#8983;
<39844>=#5230;
<39663>=#8984;
<39847>=#5231;
<39664>=#8985;
<39848>=#5232;
<39665>=#8986;
<39850>=#5233;
<39666>=#8987;
<39667>=#8988;
<39853>=#8989;
<39963>=#5234;
<39946>=#5235;
<39990>=#5236;
<40034>=#5237;
<39854>=#8990;
<39965>=#5238;
<39947>=#5239;
<39992>=#5240;
<40035>=#5241;
<39855>=#8991;
<39999>=#5242;
<39948>=#5243;
<40078>=#5244;
<40052>=#5245;
<39856>=#8992;
<40001>=#5246;
<39949>=#5247;
<40080>=#5248;
<40053>=#5249;
<39857>=#8993;
<40003>=#5250;
<39950>=#5251;
<40082>=#5252;
<40054>=#5253;
<39858>=#8994;
<40005>=#5254;
<39951>=#5255;
<40084>=#5256;
<40055>=#5257;
<39859>=#8995;
<40007>=#5258;
<39952>=#5259;
<40086>=#5260;
<40056>=#5261;
<39860>=#8996;
<40009>=#5262;
<39953>=#5263;
<40088>=#5264;
<40057>=#5265;
<39861>=#8997;
<40011>=#5266;
<39954>=#5267;
<40090>=#5268;
<40058>=#5269;
<39862>=#8998;
<40013>=#5270;
<39955>=#5271;
<40092>=#5272;
<40059>=#5273;
<39863>=#8999;
<40113>=#5274;
<39956>=#5275;
<40022>=#5276;
<40069>=#5277;
<40111>=#5278;
<40071>=#5279;
<40017>=#5280;
<40073>=#5281;
<40097>=#5282;
<39957>=#5283;
<40033>=#5284;
<40061>=#5285;
<39864>=#9000;
<40026>=#5286;
<39958>=#5287;
<40103>=#5288;
<39959>=#5289;
<39865>=#9001;
<40020>=#5290;
<39960>=#5291;
<40108>=#5292;
<39961>=#5293;
<39866>=#9002;
<40115>=#5294;
<39962>=#5295;
<40074>=#5296;
<39867>=#9003;
<40117>=#5297;
<39964>=#5298;
<40076>=#5299;
<39868>=#9004;
<39966>=#5300;
<39967>=#5301;
<39968>=#5302;
<40147>=#5303;
<39869>=#9005;
<39969>=#5304;
<39970>=#5305;
<39971>=#5306;
<40150>=#5307;
<39870>=#9006;
<39972>=#5308;
<39973>=#5309;
<39974>=#5310;
<40153>=#5311;
<39871>=#9007;
<39975>=#5312;
<39976>=#5313;
<39977>=#5314;
<40156>=#5315;
<39872>=#9008;
<39978>=#5316;
<39979>=#5317;
<39980>=#5318;
<40183>=#5319;
<39873>=#9009;
<39981>=#5320;
<39982>=#5321;
<39983>=#5322;
<40186>=#5323;
<39874>=#9010;
<39984>=#5324;
<39985>=#5325;
<39986>=#5326;
<40189>=#5327;
<39875>=#9011;
<39987>=#5328;
<39988>=#5329;
<39989>=#5330;
<40192>=#5331;
<39876>=#9012;
<39991>=#5332;
<39993>=#5333;
<39994>=#5334;
<39995>=#5335;
<39996>=#5336;
<39997>=#5337;
<39998>=#5338;
<40000>=#5339;
<40002>=#5340;
<40004>=#5341;
<40006>=#5342;
<40008>=#5343;
<40010>=#5344;
<40012>=#5345;
<40014>=#5346;
<40015>=#5347;
<40016>=#5348;
<40018>=#5349;
<40019>=#5350;
<40021>=#5351;
<40023>=#5352;
<40024>=#5353;
<40025>=#5354;
<40027>=#5355;
<40028>=#5356;
<40029>=#5357;
<40030>=#5358;
<40031>=#5359;
<40032>=#5360;
<39877>=#9013;
<40075>=#5361;
<39878>=#9014;
<40077>=#5362;
<39879>=#9015;
<40036>=#5363;
<40037>=#5364;
<40038>=#5365;
<40039>=#5366;
<40040>=#5367;
<39880>=#9016;
<40041>=#5368;
<40042>=#5369;
<40043>=#5370;
<40044>=#5371;
<39881>=#9017;
<40045>=#5372;
<40046>=#5373;
<40047>=#5374;
<40048>=#5375;
<39882>=#9018;
<40049>=#5376;
<40050>=#5377;
<40051>=#5378;
<39883>=#9019;
<40079>=#5379;
<39884>=#9020;
<40081>=#5380;
<39885>=#9021;
<40083>=#5381;
<39886>=#9022;
<40085>=#5382;
<39887>=#9023;
<40087>=#5383;
<39888>=#9024;
<40089>=#5384;
<39889>=#9025;
<40091>=#5385;
<39890>=#9026;
<40093>=#5386;
<39891>=#9027;
<40095>=#5387;
<40072>=#5388;
<40060>=#5389;
<39892>=#9028;
<40096>=#5390;
<39893>=#9029;
<40112>=#5391;
<40062>=#5392;
<40101>=#5393;
<40065>=#5394;
<40066>=#5395;
<40106>=#5396;
<40068>=#5397;
<39894>=#9030;
<40063>=#5398;
<40098>=#5399;
<39895>=#9031;
<40099>=#5400;
<40064>=#5401;
<39896>=#9032;
<40100>=#5402;
<39897>=#9033;
<40102>=#5403;
<39898>=#9034;
<40067>=#5404;
<40104>=#5405;
<39899>=#9035;
<40105>=#5406;
<39900>=#9036;
<40107>=#5407;
<39901>=#9037;
<40070>=#5408;
<40109>=#5409;
<39902>=#9038;
<40110>=#5410;
<39903>=#9039;
<40094>=#5411;
<39904>=#9040;
<40114>=#5412;
<39905>=#9041;
<40116>=#5413;
<39906>=#9042;
<40121>=#5414;
<40123>=#5415;
<40118>=#5416;
<39907>=#9043;
<40124>=#5417;
<40130>=#5418;
<40127>=#5419;
<39908>=#9044;
<40131>=#5420;
<40137>=#5421;
<40134>=#5422;
<39909>=#9045;
<40120>=#5423;
<40145>=#5424;
<40138>=#5425;
<39910>=#9046;
<40119>=#5426;
<40128>=#5427;
<40135>=#5428;
<40142>=#5429;
<40148>=#5430;
<40151>=#5431;
<40154>=#5432;
<40157>=#5433;
<40161>=#5434;
<40164>=#5435;
<40167>=#5436;
<40170>=#5437;
<40173>=#5438;
<40176>=#5439;
<40180>=#5440;
<40159>=#5441;
<39911>=#9047;
<40146>=#5442;
<39912>=#9048;
<40149>=#5443;
<39913>=#9049;
<40152>=#5444;
<39914>=#9050;
<40155>=#5445;
<39915>=#9051;
<40184>=#5446;
<39916>=#9052;
<40187>=#5447;
<39917>=#9053;
<40190>=#5448;
<39918>=#9054;
<40193>=#5449;
<39919>=#9055;
<40172>=#5450;
<40169>=#5451;
<40166>=#5452;
<40163>=#5453;
<40160>=#5454;
<40158>=#5455;
<40178>=#5456;
<40175>=#5457;
<40188>=#5458;
<40191>=#5459;
<40182>=#5460;
<40185>=#5461;
<39920>=#9056;
<39921>=#9057;
<39922>=#9058;
<40122>=#5462;
<40125>=#5463;
<40129>=#5464;
<40141>=#5465;
<39923>=#9059;
<40140>=#5466;
<39924>=#9060;
<40126>=#5467;
<39925>=#9061;
<40132>=#5468;
<40136>=#5469;
<39926>=#9062;
<40133>=#5470;
<39927>=#9063;
<40139>=#5471;
<40143>=#5472;
<39928>=#9064;
<40144>=#5473;
<39929>=#9065;
<39930>=#9066;
<39931>=#9067;
<39932>=#9068;
<39933>=#9069;
<39934>=#9070;
<40162>=#5474;
<40179>=#5475;
<39935>=#9071;
<40165>=#5476;
<39936>=#9072;
<40168>=#5477;
<39937>=#9073;
<40171>=#5478;
<39938>=#9074;
<40174>=#5479;
<39939>=#9075;
<40177>=#5480;
<39940>=#9076;
<40181>=#5481;
<39941>=#9077;
<39942>=#9078;
<39943>=#9079;
<39944>=#9080;
<39945>=#9081;
<40195>=#9082;
<40341>=#5482;
<40305>=#5483;
<40306>=#5484;
<40423>=#5485;
<40196>=#9083;
<40343>=#5486;
<40307>=#5487;
<40308>=#5488;
<40425>=#5489;
<40197>=#9084;
<40349>=#5490;
<40309>=#5491;
<40310>=#5492;
<40311>=#5493;
<40198>=#9085;
<40475>=#5494;
<40312>=#5495;
<40313>=#5496;
<40314>=#5497;
<40199>=#9086;
<40352>=#5498;
<40315>=#5499;
<40316>=#5500;
<40317>=#5501;
<40200>=#9087;
<40356>=#5502;
<40318>=#5503;
<40319>=#5504;
<40440>=#5505;
<40201>=#9088;
<40359>=#5506;
<40320>=#5507;
<40321>=#5508;
<40442>=#5509;
<40202>=#9089;
<40360>=#5510;
<40322>=#5511;
<40323>=#5512;
<40448>=#5513;
<40203>=#9090;
<40362>=#5514;
<40324>=#5515;
<40325>=#5516;
<40450>=#5517;
<40204>=#9091;
<40364>=#5518;
<40326>=#5519;
<40327>=#5520;
<40452>=#5521;
<40205>=#9092;
<40368>=#5522;
<40328>=#5523;
<40329>=#5524;
<40454>=#5525;
<40206>=#9093;
<40371>=#5526;
<40330>=#5527;
<40331>=#5528;
<40456>=#5529;
<40207>=#9094;
<40467>=#5530;
<40332>=#5531;
<40404>=#5532;
<40460>=#5533;
<40513>=#5534;
<40568>=#5535;
<40333>=#5536;
<40334>=#5537;
<40208>=#9095;
<40366>=#5538;
<40504>=#5539;
<40471>=#5540;
<40335>=#5541;
<40406>=#5542;
<40463>=#5543;
<40518>=#5544;
<40576>=#5545;
<40336>=#5546;
<40337>=#5547;
<40209>=#9096;
<40511>=#5548;
<40338>=#5549;
<40416>=#5550;
<40464>=#5551;
<40498>=#5552;
<40524>=#5553;
<40210>=#9097;
<40369>=#5554;
<40507>=#5555;
<40516>=#5556;
<40339>=#5557;
<40418>=#5558;
<40465>=#5559;
<40502>=#5560;
<40532>=#5561;
<40211>=#9098;
<40537>=#5562;
<40340>=#5563;
<40468>=#5564;
<40212>=#9099;
<40540>=#5565;
<40342>=#5566;
<40472>=#5567;
<40213>=#9100;
<40543>=#5568;
<40344>=#5569;
<40345>=#5570;
<40480>=#5571;
<40550>=#5572;
<40479>=#5573;
<40346>=#5574;
<40486>=#5575;
<40554>=#5576;
<40353>=#5577;
<40347>=#5578;
<40474>=#5579;
<40214>=#9101;
<40560>=#5580;
<40348>=#5581;
<40350>=#5582;
<40215>=#9102;
<40556>=#5583;
<40351>=#5584;
<40216>=#9103;
<40354>=#5585;
<40355>=#5586;
<40489>=#5587;
<40217>=#9104;
<40357>=#5588;
<40358>=#5589;
<40492>=#5590;
<40218>=#9105;
<40361>=#5591;
<40544>=#5592;
<40495>=#5593;
<40219>=#9106;
<40363>=#5594;
<40526>=#5595;
<40497>=#5596;
<40220>=#9107;
<40365>=#5597;
<40534>=#5598;
<40501>=#5599;
<40221>=#9108;
<40367>=#5600;
<40505>=#5601;
<40222>=#9109;
<40370>=#5602;
<40508>=#5603;
<40223>=#9110;
<40522>=#5604;
<40372>=#5605;
<40570>=#5606;
<40512>=#5607;
<40224>=#9111;
<40530>=#5608;
<40373>=#5609;
<40578>=#5610;
<40517>=#5611;
<40225>=#9112;
<40374>=#5612;
<40375>=#5613;
<40566>=#5614;
<40377>=#5615;
<40226>=#9113;
<40376>=#5616;
<40565>=#5617;
<40459>=#5618;
<40227>=#9114;
<40378>=#5619;
<40379>=#5620;
<40574>=#5621;
<40381>=#5622;
<40228>=#9115;
<40380>=#5623;
<40573>=#5624;
<40462>=#5625;
<40229>=#9116;
<40387>=#5626;
<40382>=#5627;
<40548>=#5628;
<40582>=#5629;
<40230>=#9117;
<40389>=#5630;
<40383>=#5631;
<40552>=#5632;
<40583>=#5633;
<40231>=#9118;
<40391>=#5634;
<40384>=#5635;
<40557>=#5636;
<40584>=#5637;
<40232>=#9119;
<40393>=#5638;
<40385>=#5639;
<40562>=#5640;
<40585>=#5641;
<40233>=#9120;
<40586>=#5642;
<40386>=#5643;
<40234>=#9121;
<40588>=#5644;
<40388>=#5645;
<40235>=#9122;
<40590>=#5646;
<40390>=#5647;
<40236>=#9123;
<40592>=#5648;
<40392>=#5649;
<40237>=#9124;
<40394>=#5650;
<40399>=#5651;
<40395>=#5652;
<40400>=#5653;
<40396>=#5654;
<40401>=#5655;
<40397>=#5656;
<40398>=#5657;
<40238>=#9125;
<40411>=#5658;
<40422>=#5659;
<40424>=#5660;
<40421>=#5661;
<40402>=#5662;
<40426>=#5663;
<40428>=#5664;
<40430>=#5665;
<40432>=#5666;
<40434>=#5667;
<40436>=#5668;
<40437>=#5669;
<40439>=#5670;
<40427>=#5671;
<40239>=#9126;
<40441>=#5672;
<40443>=#5673;
<40445>=#5674;
<40420>=#5675;
<40409>=#5676;
<40240>=#9127;
<40415>=#5677;
<40447>=#5678;
<40444>=#5679;
<40449>=#5680;
<40451>=#5681;
<40453>=#5682;
<40241>=#9128;
<40413>=#5683;
<40403>=#5684;
<40446>=#5685;
<40455>=#5686;
<40457>=#5687;
<40242>=#9129;
<40412>=#5688;
<40243>=#9130;
<40405>=#5689;
<40407>=#5690;
<40408>=#5691;
<40410>=#5692;
<40414>=#5693;
<40417>=#5694;
<40419>=#5695;
<40244>=#9131;
<40245>=#9132;
<40469>=#5696;
<40246>=#9133;
<40473>=#5697;
<40247>=#9134;
<40429>=#5698;
<40438>=#5699;
<40248>=#9135;
<40478>=#5700;
<40431>=#5701;
<40249>=#9136;
<40477>=#5702;
<40433>=#5703;
<40250>=#9137;
<40481>=#5704;
<40435>=#5705;
<40251>=#9138;
<40476>=#5706;
<40252>=#9139;
<40485>=#5707;
<40253>=#9140;
<40254>=#9141;
<40487>=#5708;
<40255>=#9142;
<40490>=#5709;
<40256>=#9143;
<40493>=#5710;
<40257>=#9144;
<40258>=#9145;
<40259>=#9146;
<40494>=#5711;
<40260>=#9147;
<40496>=#5712;
<40261>=#9148;
<40500>=#5713;
<40262>=#9149;
<40506>=#5714;
<40263>=#9150;
<40509>=#5715;
<40264>=#9151;
<40466>=#5716;
<40458>=#5717;
<40564>=#5718;
<40514>=#5719;
<40488>=#5720;
<40265>=#9152;
<40470>=#5721;
<40461>=#5722;
<40572>=#5723;
<40519>=#5724;
<40266>=#9153;
<40510>=#5725;
<40520>=#5726;
<40499>=#5727;
<40491>=#5728;
<40267>=#9154;
<40515>=#5729;
<40528>=#5730;
<40503>=#5731;
<40268>=#9155;
<40536>=#5732;
<40538>=#5733;
<40269>=#9156;
<40539>=#5734;
<40541>=#5735;
<40270>=#9157;
<40542>=#5736;
<40484>=#5737;
<40561>=#5738;
<40483>=#5739;
<40547>=#5740;
<40482>=#5741;
<40271>=#9158;
<40551>=#5742;
<40272>=#9159;
<40546>=#5743;
<40273>=#9160;
<40559>=#5744;
<40274>=#9161;
<40555>=#5745;
<40275>=#9162;
<40276>=#9163;
<40277>=#9164;
<40545>=#5746;
<40278>=#9165;
<40525>=#5747;
<40527>=#5748;
<40279>=#9166;
<40533>=#5749;
<40535>=#5750;
<40280>=#9167;
<40281>=#9168;
<40282>=#9169;
<40521>=#5751;
<40523>=#5752;
<40569>=#5753;
<40571>=#5754;
<40283>=#9170;
<40529>=#5755;
<40531>=#5756;
<40577>=#5757;
<40579>=#5758;
<40284>=#9171;
<40285>=#9172;
<40286>=#9173;
<40580>=#5759;
<40287>=#9174;
<40581>=#5760;
<40288>=#9175;
<40289>=#9176;
<40549>=#5761;
<40290>=#9177;
<40553>=#5762;
<40291>=#9178;
<40558>=#5763;
<40292>=#9179;
<40563>=#5764;
<40293>=#9180;
<40567>=#5765;
<40294>=#9181;
<40575>=#5766;
<40295>=#9182;
<40296>=#9183;
<40297>=#9184;
<40587>=#5767;
<40298>=#9185;
<40589>=#5768;
<40299>=#9186;
<40591>=#5769;
<40300>=#9187;
<40593>=#5770;
<40301>=#9188;
<40302>=#9189;
<40303>=#9190;
<40304>=#9191;
<40595>=#9192;
<40686>=#5771;
<40682>=#5772;
<40721>=#5773;
<40730>=#5774;
<40596>=#9193;
<40687>=#5775;
<40683>=#5776;
<40723>=#5777;
<40731>=#5778;
<40597>=#9194;
<40689>=#5779;
<40684>=#5780;
<40725>=#5781;
<40732>=#5782;
<40598>=#9195;
<40805>=#5783;
<40685>=#5784;
<40772>=#5785;
<40599>=#9196;
<40688>=#5786;
<40697>=#5787;
<40775>=#5788;
<40600>=#9197;
<40690>=#5789;
<40699>=#5790;
<40777>=#5791;
<40601>=#9198;
<40702>=#5792;
<40691>=#5793;
<40734>=#5794;
<40778>=#5795;
<40602>=#9199;
<40704>=#5796;
<40692>=#5797;
<40737>=#5798;
<40779>=#5799;
<40603>=#9200;
<40705>=#5800;
<40693>=#5801;
<40764>=#5802;
<40793>=#5803;
<40604>=#9201;
<40707>=#5804;
<40694>=#5805;
<40766>=#5806;
<40794>=#5807;
<40605>=#9202;
<40709>=#5808;
<40695>=#5809;
<40768>=#5810;
<40795>=#5811;
<40606>=#9203;
<40711>=#5812;
<40696>=#5813;
<40770>=#5814;
<40796>=#5815;
<40607>=#9204;
<40698>=#5816;
<40817>=#5817;
<40809>=#5818;
<40608>=#9205;
<40700>=#5819;
<40819>=#5820;
<40811>=#5821;
<40609>=#9206;
<40849>=#5822;
<40701>=#5823;
<40812>=#5824;
<40610>=#9207;
<40853>=#5825;
<40703>=#5826;
<40814>=#5827;
<40611>=#9208;
<40706>=#5828;
<40864>=#5829;
<40838>=#5830;
<40612>=#9209;
<40708>=#5831;
<40862>=#5832;
<40840>=#5833;
<40613>=#9210;
<40710>=#5834;
<40850>=#5835;
<40842>=#5836;
<40614>=#9211;
<40712>=#5837;
<40854>=#5838;
<40844>=#5839;
<40615>=#9212;
<40714>=#5840;
<40713>=#5841;
<40806>=#5842;
<40847>=#5843;
<40616>=#9213;
<40715>=#5844;
<40716>=#5845;
<40857>=#5846;
<40617>=#9214;
<40717>=#5847;
<40718>=#5848;
<40719>=#5849;
<40720>=#5850;
<40722>=#5851;
<40724>=#5852;
<40726>=#5853;
<40618>=#9215;
<40740>=#5854;
<40742>=#5855;
<40743>=#5856;
<40747>=#5857;
<40733>=#5858;
<40619>=#9216;
<40752>=#5859;
<40753>=#5860;
<40744>=#5861;
<40620>=#9217;
<40759>=#5862;
<40761>=#5863;
<40750>=#5864;
<40621>=#9218;
<40727>=#5865;
<40728>=#5866;
<40729>=#5867;
<40622>=#9219;
<40773>=#5868;
<40623>=#9220;
<40774>=#5869;
<40624>=#9221;
<40776>=#5870;
<40625>=#9222;
<40735>=#5871;
<40736>=#5872;
<40626>=#9223;
<40738>=#5873;
<40739>=#5874;
<40627>=#9224;
<40741>=#5875;
<40628>=#9225;
<40745>=#5876;
<40629>=#9226;
<40746>=#5877;
<40748>=#5878;
<40749>=#5879;
<40630>=#9227;
<40751>=#5880;
<40631>=#9228;
<40754>=#5881;
<40755>=#5882;
<40756>=#5883;
<40757>=#5884;
<40758>=#5885;
<40632>=#9229;
<40791>=#5886;
<40633>=#9230;
<40760>=#5887;
<40762>=#5888;
<40763>=#5889;
<40765>=#5890;
<40767>=#5891;
<40769>=#5892;
<40771>=#5893;
<40634>=#9231;
<40799>=#5894;
<40792>=#5895;
<40784>=#5896;
<40803>=#5897;
<40797>=#5898;
<40635>=#9232;
<40804>=#5899;
<40636>=#9233;
<40808>=#5900;
<40637>=#9234;
<40810>=#5901;
<40638>=#9235;
<40813>=#5902;
<40639>=#9236;
<40815>=#5903;
<40640>=#9237;
<40780>=#5904;
<40781>=#5905;
<40782>=#5906;
<40641>=#9238;
<40783>=#5907;
<40642>=#9239;
<40822>=#5908;
<40643>=#9240;
<40823>=#5909;
<40644>=#9241;
<40785>=#5910;
<40786>=#5911;
<40787>=#5912;
<40645>=#9242;
<40788>=#5913;
<40789>=#5914;
<40646>=#9243;
<40825>=#5915;
<40828>=#5916;
<40647>=#9244;
<40829>=#5917;
<40824>=#5918;
<40836>=#5919;
<40648>=#9245;
<40790>=#5920;
<40649>=#9246;
<40837>=#5921;
<40650>=#9247;
<40839>=#5922;
<40651>=#9248;
<40841>=#5923;
<40652>=#9249;
<40843>=#5924;
<40653>=#9250;
<40802>=#5925;
<40845>=#5926;
<40800>=#5927;
<40654>=#9251;
<40798>=#5928;
<40801>=#5929;
<40655>=#9252;
<40821>=#5930;
<40816>=#5931;
<40656>=#9253;
<40807>=#5932;
<40657>=#9254;
<40818>=#5933;
<40658>=#9255;
<40820>=#5934;
<40659>=#9256;
<40848>=#5935;
<40660>=#9257;
<40852>=#5936;
<40661>=#9258;
<40662>=#9259;
<40858>=#5937;
<40860>=#5938;
<40866>=#5939;
<40870>=#5940;
<40846>=#5941;
<40826>=#5942;
<40873>=#5943;
<40859>=#5944;
<40663>=#9260;
<40664>=#9261;
<40665>=#9262;
<40827>=#5945;
<40871>=#5946;
<40666>=#9263;
<40830>=#5947;
<40831>=#5948;
<40832>=#5949;
<40833>=#5950;
<40834>=#5951;
<40835>=#5952;
<40667>=#9264;
<40668>=#9265;
<40865>=#5953;
<40669>=#9266;
<40863>=#5954;
<40670>=#9267;
<40851>=#5955;
<40671>=#9268;
<40855>=#5956;
<40672>=#9269;
<40869>=#5957;
<40673>=#9270;
<40856>=#5958;
<40674>=#9271;
<40675>=#9272;
<40676>=#9273;
<40677>=#9274;
<40872>=#5959;
<40861>=#5960;
<40678>=#9275;
<40867>=#5961;
<40679>=#9276;
<40868>=#5962;
<40680>=#9277;
<40681>=#9278;
ENDSEC;

DATA;
#10=B_SPLINE_CURVE_WITH_KNOTS('',3,(#14846,#14847,#14848,#14849),
 .UNSPECIFIED.,.F.,.F.,(4,4),(1.33162169504427E-14,0.00102004407145323),
 .UNSPECIFIED.);
#11=B_SPLINE_CURVE_WITH_KNOTS('',3,(#14858,#14859,#14860,#14861),
 .UNSPECIFIED.,.F.,.F.,(4,4),(1.7194014844462E-14,0.00102004407140978),
 .UNSPECIFIED.);
#12=B_SPLINE_CURVE_WITH_KNOTS('',3,(#14870,#14871,#14872,#14873),
 .UNSPECIFIED.,.F.,.F.,(4,4),(2.64251968447465E-14,0.00102004407143729),
 .UNSPECIFIED.);
#13=B_SPLINE_CURVE_WITH_KNOTS('',3,(#14938,#14939,#14940,#14941),
 .UNSPECIFIED.,.F.,.F.,(4,4),(0.,0.00213668789790034),.UNSPECIFIED.);
#14=B_SPLINE_CURVE_WITH_KNOTS('',3,(#14950,#14951,#14952,#14953,#14954),
 .UNSPECIFIED.,.F.,.F.,(4,1,4),(0.,0.00164283622056603,0.00328567244113205),
 .UNSPECIFIED.);
#15=B_SPLINE_CURVE_WITH_KNOTS('',3,(#14958,#14959,#14960,#14961),
 .UNSPECIFIED.,.F.,.F.,(4,4),(0.,0.0011498041747847),.UNSPECIFIED.);
#16=B_SPLINE_CURVE_WITH_KNOTS('',3,(#14965,#14966,#14967,#14968,#14969,
#14970,#14971,#14972,#14973,#14974,#14975),.UNSPECIFIED.,.F.,.F.,(4,1,1,
1,1,1,1,1,4),(0.,0.000682066298642637,0.00136413259728527,0.00204619889592791,
0.00272826519457055,0.00341033149321319,0.00409239779185582,0.00477446409049846,
0.0054565303891411),.UNSPECIFIED.);
#17=B_SPLINE_CURVE_WITH_KNOTS('',3,(#14978,#14979,#14980,#14981,#14982,
#14983,#14984,#14985,#14986,#14987,#14988),.UNSPECIFIED.,.F.,.F.,(4,1,1,
1,1,1,1,1,4),(0.,0.000682066298642613,0.00136413259728523,0.00204619889592784,
0.00272826519457045,0.00341033149321306,0.00409239779185568,0.00477446409049829,
0.0054565303891409),.UNSPECIFIED.);
#18=B_SPLINE_CURVE_WITH_KNOTS('',3,(#14989,#14990,#14991,#14992),
 .UNSPECIFIED.,.F.,.F.,(4,4),(0.,0.00217152463730061),.UNSPECIFIED.);
#19=B_SPLINE_CURVE_WITH_KNOTS('',3,(#15001,#15002,#15003,#15004,#15005),
 .UNSPECIFIED.,.F.,.F.,(4,1,4),(0.,0.00166398167394764,0.00332796334789528),
 .UNSPECIFIED.);
#20=B_SPLINE_CURVE_WITH_KNOTS('',3,(#15009,#15010,#15011,#15012),
 .UNSPECIFIED.,.F.,.F.,(4,4),(0.,0.00115549847352637),.UNSPECIFIED.);
#21=B_SPLINE_CURVE_WITH_KNOTS('',3,(#15016,#15017,#15018,#15019,#15020),
 .UNSPECIFIED.,.F.,.F.,(4,1,4),(4.563344992841E-17,0.00164290574778077,
0.00328581149556149),.UNSPECIFIED.);
#22=B_SPLINE_CURVE_WITH_KNOTS('',3,(#15029,#15030,#15031,#15032,#15033),
 .UNSPECIFIED.,.F.,.F.,(4,1,4),(0.,0.00164472462486896,0.00328944924973793),
 .UNSPECIFIED.);
#23=B_SPLINE_CURVE_WITH_KNOTS('',3,(#15037,#15038,#15039,#15040,#15041,
#15042,#15043,#15044,#15045,#15046,#15047),.UNSPECIFIED.,.F.,.F.,(4,1,1,
1,1,1,1,1,4),(0.,0.000682066298642613,0.00136413259728523,0.00204619889592784,
0.00272826519457045,0.00341033149321306,0.00409239779185568,0.00477446409049829,
0.0054565303891409),.UNSPECIFIED.);
#24=B_SPLINE_CURVE_WITH_KNOTS('',3,(#15050,#15051,#15052,#15053,#15054,
#15055,#15056,#15057,#15058,#15059,#15060),.UNSPECIFIED.,.F.,.F.,(4,1,1,
1,1,1,1,1,4),(0.,0.000682066298642637,0.00136413259728527,0.00204619889592791,
0.00272826519457055,0.00341033149321319,0.00409239779185582,0.00477446409049846,
0.0054565303891411),.UNSPECIFIED.);
#25=B_SPLINE_CURVE_WITH_KNOTS('',3,(#15061,#15062,#15063,#15064,#15065),
 .UNSPECIFIED.,.F.,.F.,(4,1,4),(0.,0.00166398846296019,0.00332797692592037),
 .UNSPECIFIED.);
#26=B_SPLINE_CURVE_WITH_KNOTS('',3,(#15074,#15075,#15076,#15077,#15078),
 .UNSPECIFIED.,.F.,.F.,(4,1,4),(0.,0.00168308059407786,0.00336616118815572),
 .UNSPECIFIED.);
#27=B_SPLINE_CURVE_WITH_KNOTS('',3,(#15127,#15128,#15129,#15130,#15131,
#15132,#15133,#15134,#15135,#15136,#15137),.UNSPECIFIED.,.F.,.F.,(4,1,1,
1,1,1,1,1,4),(0.,0.000682066298642613,0.00136413259728523,0.00204619889592784,
0.00272826519457045,0.00341033149321306,0.00409239779185568,0.00477446409049829,
0.0054565303891409),.UNSPECIFIED.);
#28=B_SPLINE_CURVE_WITH_KNOTS('',3,(#15143,#15144,#15145,#15146,#15147,
#15148,#15149,#15150,#15151,#15152,#15153),.UNSPECIFIED.,.F.,.F.,(4,1,1,
1,1,1,1,1,4),(0.,0.000682066298642637,0.00136413259728527,0.00204619889592791,
0.00272826519457055,0.00341033149321319,0.00409239779185582,0.00477446409049846,
0.0054565303891411),.UNSPECIFIED.);
#29=B_SPLINE_CURVE_WITH_KNOTS('',3,(#15214,#15215,#15216,#15217),
 .UNSPECIFIED.,.F.,.F.,(4,4),(3.46944695195361E-18,0.00115599914608473),
 .UNSPECIFIED.);
#30=B_SPLINE_CURVE_WITH_KNOTS('',3,(#15232,#15233,#15234,#15235),
 .UNSPECIFIED.,.F.,.F.,(4,4),(6.93889390390723E-18,0.00114982148829899),
 .UNSPECIFIED.);
#31=B_SPLINE_CURVE_WITH_KNOTS('',3,(#15368,#15369,#15370,#15371),
 .UNSPECIFIED.,.F.,.F.,(4,4),(9.26464504665711E-14,0.00102004407138978),
 .UNSPECIFIED.);
#32=B_SPLINE_CURVE_WITH_KNOTS('',3,(#15372,#15373,#15374,#15375),
 .UNSPECIFIED.,.F.,.F.,(4,4),(1.21020004098273E-14,0.00102004407130919),
 .UNSPECIFIED.);
#33=B_SPLINE_CURVE_WITH_KNOTS('',3,(#15378,#15379,#15380,#15381),
 .UNSPECIFIED.,.F.,.F.,(4,4),(9.45139041648696E-14,0.00102004407150331),
 .UNSPECIFIED.);
#34=B_SPLINE_CURVE_WITH_KNOTS('',3,(#15385,#15386,#15387,#15388),
 .UNSPECIFIED.,.F.,.F.,(4,4),(8.4812961257776E-14,0.00102004407140211),
 .UNSPECIFIED.);
#35=B_SPLINE_CURVE_WITH_KNOTS('',3,(#15392,#15393,#15394,#15395),
 .UNSPECIFIED.,.F.,.F.,(4,4),(8.88972811743136E-14,0.00102004407140979),
 .UNSPECIFIED.);
#36=B_SPLINE_CURVE_WITH_KNOTS('',3,(#15420,#15421,#15422,#15423),
 .UNSPECIFIED.,.F.,.F.,(4,4),(3.17980065539225E-17,0.00217146203962421),
 .UNSPECIFIED.);
#37=B_SPLINE_CURVE_WITH_KNOTS('',3,(#15428,#15429,#15430,#15431,#15432),
 .UNSPECIFIED.,.F.,.F.,(4,1,4),(0.,0.00166398846296019,0.00332797692592037),
 .UNSPECIFIED.);
#38=B_SPLINE_CURVE_WITH_KNOTS('',3,(#15433,#15434,#15435,#15436,#15437,
#15438,#15439,#15440,#15441,#15442,#15443),.UNSPECIFIED.,.F.,.F.,(4,1,1,
1,1,1,1,1,4),(0.,0.000682066298642637,0.00136413259728527,0.00204619889592791,
0.00272826519457055,0.00341033149321319,0.00409239779185582,0.00477446409049846,
0.0054565303891411),.UNSPECIFIED.);
#39=B_SPLINE_CURVE_WITH_KNOTS('',3,(#15445,#15446,#15447,#15448),
 .UNSPECIFIED.,.F.,.F.,(4,4),(1.38777878078145E-17,0.00213663596082096),
 .UNSPECIFIED.);
#40=B_SPLINE_CURVE_WITH_KNOTS('',3,(#15453,#15454,#15455,#15456,#15457),
 .UNSPECIFIED.,.F.,.F.,(4,1,4),(4.22076438404016E-17,0.00164290574778077,
0.0032858114955615),.UNSPECIFIED.);
#41=B_SPLINE_CURVE_WITH_KNOTS('',3,(#15459,#15460,#15461,#15462,#15463),
 .UNSPECIFIED.,.F.,.F.,(4,1,4),(0.,0.00166398167394764,0.00332796334789529),
 .UNSPECIFIED.);
#42=B_SPLINE_CURVE_WITH_KNOTS('',3,(#15467,#15468,#15469,#15470,#15471),
 .UNSPECIFIED.,.F.,.F.,(4,1,4),(0.,0.00168314938939736,0.00336629877879472),
 .UNSPECIFIED.);
#43=B_SPLINE_CURVE_WITH_KNOTS('',3,(#15472,#15473,#15474,#15475,#15476,
#15477,#15478,#15479,#15480,#15481,#15482),.UNSPECIFIED.,.F.,.F.,(4,1,1,
1,1,1,1,1,4),(0.,0.000682066298642613,0.00136413259728523,0.00204619889592784,
0.00272826519457045,0.00341033149321306,0.00409239779185568,0.00477446409049829,
0.0054565303891409),.UNSPECIFIED.);
#44=B_SPLINE_CURVE_WITH_KNOTS('',3,(#15484,#15485,#15486,#15487,#15488),
 .UNSPECIFIED.,.F.,.F.,(4,1,4),(0.,0.00164283622056602,0.00328567244113204),
 .UNSPECIFIED.);
#45=B_SPLINE_CURVE_WITH_KNOTS('',3,(#15492,#15493,#15494,#15495,#15496),
 .UNSPECIFIED.,.F.,.F.,(4,1,4),(0.,0.0016448656905783,0.00328973138115661),
 .UNSPECIFIED.);
#46=CONICAL_SURFACE('',#9572,7.5,0.78539816250001);
#47=CONICAL_SURFACE('',#9575,5.99999999958047,0.785398162544797);
#48=CONICAL_SURFACE('',#9579,5.99999999960916,0.785398162544797);
#49=CONICAL_SURFACE('',#9583,5.99999999954511,0.78539816243111);
#50=CONICAL_SURFACE('',#9587,5.99999999951693,0.78539816243111);
#51=CONICAL_SURFACE('',#9623,11.4999999995512,0.785398162499989);
#52=CONICAL_SURFACE('',#9626,3.80000000000589,0.78539816243111);
#53=CONICAL_SURFACE('',#9628,3.79999999986351,0.785398162487954);
#54=CONICAL_SURFACE('',#9631,3.79999999998441,0.785398162544797);
#55=CONICAL_SURFACE('',#9634,3.7999999998989,0.785398162487954);
#56=CONICAL_SURFACE('',#9636,6.49999999942045,0.785398162487954);
#57=CONICAL_SURFACE('',#9639,6.49999999946092,0.785398162487954);
#58=CONICAL_SURFACE('',#9654,7.5,0.78539816250001);
#59=CONICAL_SURFACE('',#9656,5.99999999958047,0.785398162544797);
#60=CONICAL_SURFACE('',#9658,5.99999999960916,0.785398162544797);
#61=CONICAL_SURFACE('',#9660,5.99999999954511,0.78539816243111);
#62=CONICAL_SURFACE('',#9662,5.99999999951693,0.78539816243111);
#63=CONICAL_SURFACE('',#9718,11.4999999995512,0.785398162499989);
#64=CONICAL_SURFACE('',#9719,3.80000000000589,0.78539816243111);
#65=CONICAL_SURFACE('',#9720,3.79999999986351,0.785398162487954);
#66=CONICAL_SURFACE('',#9721,3.79999999998441,0.785398162544797);
#67=CONICAL_SURFACE('',#9722,3.7999999998989,0.785398162487954);
#68=CONICAL_SURFACE('',#9723,6.49999999942045,0.785398162487954);
#69=CONICAL_SURFACE('',#9725,6.49999999946092,0.785398162487954);
#70=CONICAL_SURFACE('',#9733,6.4999999994927,0.785398162544797);
#71=CONICAL_SURFACE('',#9736,6.49999999947633,0.785398162544797);
#72=CONICAL_SURFACE('',#9822,6.4999999994927,0.785398162544797);
#73=CONICAL_SURFACE('',#9824,6.49999999947633,0.785398162544797);
#74=CONICAL_SURFACE('',#9934,10.9999999995513,0.7853981625);
#75=CONICAL_SURFACE('',#9937,10.9999999995513,0.7853981625);
#76=CONICAL_SURFACE('',#9940,4.09999999945978,0.785398162487954);
#77=CONICAL_SURFACE('',#9943,14.,0.7853981625);
#78=CONICAL_SURFACE('',#9946,4.09999999958211,0.785398162487954);
#79=CONICAL_SURFACE('',#9949,2.14999999956092,0.78539816243111);
#80=CONICAL_SURFACE('',#9952,2.14999999956092,0.78539816243111);
#81=CONICAL_SURFACE('',#9955,9.5,0.785398162500003);
#82=CONICAL_SURFACE('',#9958,8.5,0.785398162499993);
#83=CONICAL_SURFACE('',#9961,8.5,0.785398162499993);
#84=CONICAL_SURFACE('',#9964,2.14999999947338,0.785398162487954);
#85=CONICAL_SURFACE('',#9967,2.14999999947338,0.785398162487954);
#86=CONICAL_SURFACE('',#10033,1.64999999996109,1.0297442574813);
#87=CONICAL_SURFACE('',#10034,1.65000000002658,1.02974425750423);
#88=CONICAL_SURFACE('',#10035,1.65000000002658,1.02974425750423);
#89=CONICAL_SURFACE('',#10036,1.64999999996109,1.0297442574813);
#90=CONICAL_SURFACE('',#10066,10.9999999995513,0.7853981625);
#91=CONICAL_SURFACE('',#10068,10.9999999995513,0.7853981625);
#92=CONICAL_SURFACE('',#10070,14.,0.785398162499993);
#93=CONICAL_SURFACE('',#10071,4.09999999952527,0.785398162487954);
#94=CONICAL_SURFACE('',#10073,14.,0.785398162499993);
#95=CONICAL_SURFACE('',#10075,4.09999999945978,0.785398162487954);
#96=CONICAL_SURFACE('',#10077,14.,0.7853981625);
#97=CONICAL_SURFACE('',#10079,4.09999999945978,0.785398162487954);
#98=CONICAL_SURFACE('',#10081,14.,0.7853981625);
#99=CONICAL_SURFACE('',#10082,4.09999999958211,0.785398162487954);
#100=CONICAL_SURFACE('',#10084,2.14999999956092,0.78539816243111);
#101=CONICAL_SURFACE('',#10086,2.14999999956092,0.78539816243111);
#102=CONICAL_SURFACE('',#10090,9.5,0.785398162500003);
#103=CONICAL_SURFACE('',#10092,8.5,0.785398162499993);
#104=CONICAL_SURFACE('',#10094,8.5,0.785398162499993);
#105=CONICAL_SURFACE('',#10096,2.14999999947338,0.785398162487954);
#106=CONICAL_SURFACE('',#10098,2.14999999947338,0.785398162487954);
#107=CONICAL_SURFACE('',#10173,1.64999999996109,1.0297442574813);
#108=CONICAL_SURFACE('',#10174,1.65000000002658,1.02974425750423);
#109=CONICAL_SURFACE('',#10175,1.65000000002658,1.02974425750423);
#110=CONICAL_SURFACE('',#10176,1.64999999996109,1.0297442574813);
#111=CONICAL_SURFACE('',#10177,11.4999999995528,0.785398162500003);
#112=CONICAL_SURFACE('',#10180,6.49999999991557,0.785398162487954);
#113=CONICAL_SURFACE('',#10183,6.50000000004563,0.785398162544797);
#114=CONICAL_SURFACE('',#10192,5.49999999948911,0.78539816243111);
#115=CONICAL_SURFACE('',#10195,5.49999999956596,0.785398162487954);
#116=CONICAL_SURFACE('',#10198,3.24999999984923,0.785398162487954);
#117=CONICAL_SURFACE('',#10201,3.24999999999977,0.785398162487954);
#118=CONICAL_SURFACE('',#10204,3.24999999996292,0.785398162544797);
#119=CONICAL_SURFACE('',#10207,3.24999999994291,0.785398162544797);
#120=CONICAL_SURFACE('',#10210,6.49999999954964,0.785398162487954);
#121=CONICAL_SURFACE('',#10212,6.49999999953328,0.785398162487954);
#122=CONICAL_SURFACE('',#10229,7.5,0.785398162499996);
#123=CONICAL_SURFACE('',#10239,11.4999999995528,0.785398162500003);
#124=CONICAL_SURFACE('',#10241,6.49999999991557,0.785398162487954);
#125=CONICAL_SURFACE('',#10243,6.50000000004563,0.785398162544797);
#126=CONICAL_SURFACE('',#10267,5.49999999948911,0.78539816243111);
#127=CONICAL_SURFACE('',#10269,5.49999999956596,0.785398162487954);
#128=CONICAL_SURFACE('',#10280,3.24999999984923,0.785398162487954);
#129=CONICAL_SURFACE('',#10282,3.24999999999977,0.785398162487954);
#130=CONICAL_SURFACE('',#10284,3.24999999996292,0.785398162544797);
#131=CONICAL_SURFACE('',#10286,3.24999999994291,0.785398162544797);
#132=CONICAL_SURFACE('',#10293,6.49999999954964,0.785398162487954);
#133=CONICAL_SURFACE('',#10295,6.49999999953328,0.785398162487954);
#134=CONICAL_SURFACE('',#10326,7.5,0.785398162499996);
#135=LINE('',#13144,#979);
#136=LINE('',#13148,#980);
#137=LINE('',#13153,#981);
#138=LINE('',#13157,#982);
#139=LINE('',#13162,#983);
#140=LINE('',#13166,#984);
#141=LINE('',#13171,#985);
#142=LINE('',#13175,#986);
#143=LINE('',#13177,#987);
#144=LINE('',#13180,#988);
#145=LINE('',#13182,#989);
#146=LINE('',#13184,#990);
#147=LINE('',#13190,#991);
#148=LINE('',#13194,#992);
#149=LINE('',#13196,#993);
#150=LINE('',#13198,#994);
#151=LINE('',#13200,#995);
#152=LINE('',#13202,#996);
#153=LINE('',#13204,#997);
#154=LINE('',#13206,#998);
#155=LINE('',#13208,#999);
#156=LINE('',#13210,#1000);
#157=LINE('',#13212,#1001);
#158=LINE('',#13214,#1002);
#159=LINE('',#13216,#1003);
#160=LINE('',#13218,#1004);
#161=LINE('',#13220,#1005);
#162=LINE('',#13222,#1006);
#163=LINE('',#13226,#1007);
#164=LINE('',#13228,#1008);
#165=LINE('',#13230,#1009);
#166=LINE('',#13232,#1010);
#167=LINE('',#13234,#1011);
#168=LINE('',#13236,#1012);
#169=LINE('',#13238,#1013);
#170=LINE('',#13240,#1014);
#171=LINE('',#13242,#1015);
#172=LINE('',#13244,#1016);
#173=LINE('',#13246,#1017);
#174=LINE('',#13248,#1018);
#175=LINE('',#13250,#1019);
#176=LINE('',#13252,#1020);
#177=LINE('',#13254,#1021);
#178=LINE('',#13256,#1022);
#179=LINE('',#13258,#1023);
#180=LINE('',#13260,#1024);
#181=LINE('',#13262,#1025);
#182=LINE('',#13264,#1026);
#183=LINE('',#13266,#1027);
#184=LINE('',#13268,#1028);
#185=LINE('',#13270,#1029);
#186=LINE('',#13272,#1030);
#187=LINE('',#13274,#1031);
#188=LINE('',#13276,#1032);
#189=LINE('',#13278,#1033);
#190=LINE('',#13280,#1034);
#191=LINE('',#13282,#1035);
#192=LINE('',#13284,#1036);
#193=LINE('',#13286,#1037);
#194=LINE('',#13288,#1038);
#195=LINE('',#13290,#1039);
#196=LINE('',#13292,#1040);
#197=LINE('',#13294,#1041);
#198=LINE('',#13296,#1042);
#199=LINE('',#13298,#1043);
#200=LINE('',#13300,#1044);
#201=LINE('',#13302,#1045);
#202=LINE('',#13304,#1046);
#203=LINE('',#13306,#1047);
#204=LINE('',#13308,#1048);
#205=LINE('',#13310,#1049);
#206=LINE('',#13312,#1050);
#207=LINE('',#13314,#1051);
#208=LINE('',#13316,#1052);
#209=LINE('',#13318,#1053);
#210=LINE('',#13320,#1054);
#211=LINE('',#13322,#1055);
#212=LINE('',#13324,#1056);
#213=LINE('',#13326,#1057);
#214=LINE('',#13328,#1058);
#215=LINE('',#13330,#1059);
#216=LINE('',#13332,#1060);
#217=LINE('',#13334,#1061);
#218=LINE('',#13336,#1062);
#219=LINE('',#13338,#1063);
#220=LINE('',#13342,#1064);
#221=LINE('',#13344,#1065);
#222=LINE('',#13346,#1066);
#223=LINE('',#13348,#1067);
#224=LINE('',#13350,#1068);
#225=LINE('',#13352,#1069);
#226=LINE('',#13354,#1070);
#227=LINE('',#13356,#1071);
#228=LINE('',#13358,#1072);
#229=LINE('',#13360,#1073);
#230=LINE('',#13362,#1074);
#231=LINE('',#13364,#1075);
#232=LINE('',#13366,#1076);
#233=LINE('',#13368,#1077);
#234=LINE('',#13370,#1078);
#235=LINE('',#13374,#1079);
#236=LINE('',#13376,#1080);
#237=LINE('',#13378,#1081);
#238=LINE('',#13380,#1082);
#239=LINE('',#13382,#1083);
#240=LINE('',#13384,#1084);
#241=LINE('',#13386,#1085);
#242=LINE('',#13388,#1086);
#243=LINE('',#13390,#1087);
#244=LINE('',#13392,#1088);
#245=LINE('',#13394,#1089);
#246=LINE('',#13396,#1090);
#247=LINE('',#13398,#1091);
#248=LINE('',#13400,#1092);
#249=LINE('',#13402,#1093);
#250=LINE('',#13404,#1094);
#251=LINE('',#13406,#1095);
#252=LINE('',#13408,#1096);
#253=LINE('',#13410,#1097);
#254=LINE('',#13412,#1098);
#255=LINE('',#13414,#1099);
#256=LINE('',#13416,#1100);
#257=LINE('',#13418,#1101);
#258=LINE('',#13420,#1102);
#259=LINE('',#13422,#1103);
#260=LINE('',#13424,#1104);
#261=LINE('',#13426,#1105);
#262=LINE('',#13428,#1106);
#263=LINE('',#13430,#1107);
#264=LINE('',#13438,#1108);
#265=LINE('',#13440,#1109);
#266=LINE('',#13442,#1110);
#267=LINE('',#13444,#1111);
#268=LINE('',#13446,#1112);
#269=LINE('',#13448,#1113);
#270=LINE('',#13450,#1114);
#271=LINE('',#13452,#1115);
#272=LINE('',#13454,#1116);
#273=LINE('',#13456,#1117);
#274=LINE('',#13458,#1118);
#275=LINE('',#13460,#1119);
#276=LINE('',#13462,#1120);
#277=LINE('',#13464,#1121);
#278=LINE('',#13466,#1122);
#279=LINE('',#13468,#1123);
#280=LINE('',#13470,#1124);
#281=LINE('',#13472,#1125);
#282=LINE('',#13474,#1126);
#283=LINE('',#13476,#1127);
#284=LINE('',#13478,#1128);
#285=LINE('',#13480,#1129);
#286=LINE('',#13482,#1130);
#287=LINE('',#13484,#1131);
#288=LINE('',#13486,#1132);
#289=LINE('',#13488,#1133);
#290=LINE('',#13490,#1134);
#291=LINE('',#13494,#1135);
#292=LINE('',#13496,#1136);
#293=LINE('',#13498,#1137);
#294=LINE('',#13500,#1138);
#295=LINE('',#13502,#1139);
#296=LINE('',#13504,#1140);
#297=LINE('',#13506,#1141);
#298=LINE('',#13508,#1142);
#299=LINE('',#13510,#1143);
#300=LINE('',#13512,#1144);
#301=LINE('',#13514,#1145);
#302=LINE('',#13516,#1146);
#303=LINE('',#13518,#1147);
#304=LINE('',#13520,#1148);
#305=LINE('',#13522,#1149);
#306=LINE('',#13526,#1150);
#307=LINE('',#13528,#1151);
#308=LINE('',#13530,#1152);
#309=LINE('',#13532,#1153);
#310=LINE('',#13534,#1154);
#311=LINE('',#13536,#1155);
#312=LINE('',#13538,#1156);
#313=LINE('',#13540,#1157);
#314=LINE('',#13542,#1158);
#315=LINE('',#13544,#1159);
#316=LINE('',#13546,#1160);
#317=LINE('',#13548,#1161);
#318=LINE('',#13550,#1162);
#319=LINE('',#13552,#1163);
#320=LINE('',#13554,#1164);
#321=LINE('',#13556,#1165);
#322=LINE('',#13558,#1166);
#323=LINE('',#13560,#1167);
#324=LINE('',#13562,#1168);
#325=LINE('',#13564,#1169);
#326=LINE('',#13566,#1170);
#327=LINE('',#13568,#1171);
#328=LINE('',#13570,#1172);
#329=LINE('',#13572,#1173);
#330=LINE('',#13574,#1174);
#331=LINE('',#13576,#1175);
#332=LINE('',#13578,#1176);
#333=LINE('',#13580,#1177);
#334=LINE('',#13582,#1178);
#335=LINE('',#13584,#1179);
#336=LINE('',#13586,#1180);
#337=LINE('',#13588,#1181);
#338=LINE('',#13590,#1182);
#339=LINE('',#13592,#1183);
#340=LINE('',#13594,#1184);
#341=LINE('',#13596,#1185);
#342=LINE('',#13598,#1186);
#343=LINE('',#13600,#1187);
#344=LINE('',#13602,#1188);
#345=LINE('',#13604,#1189);
#346=LINE('',#13606,#1190);
#347=LINE('',#13608,#1191);
#348=LINE('',#13610,#1192);
#349=LINE('',#13612,#1193);
#350=LINE('',#13614,#1194);
#351=LINE('',#13616,#1195);
#352=LINE('',#13618,#1196);
#353=LINE('',#13620,#1197);
#354=LINE('',#13622,#1198);
#355=LINE('',#13624,#1199);
#356=LINE('',#13626,#1200);
#357=LINE('',#13628,#1201);
#358=LINE('',#13630,#1202);
#359=LINE('',#13632,#1203);
#360=LINE('',#13634,#1204);
#361=LINE('',#13636,#1205);
#362=LINE('',#13638,#1206);
#363=LINE('',#13642,#1207);
#364=LINE('',#13644,#1208);
#365=LINE('',#13646,#1209);
#366=LINE('',#13648,#1210);
#367=LINE('',#13650,#1211);
#368=LINE('',#13652,#1212);
#369=LINE('',#13654,#1213);
#370=LINE('',#13656,#1214);
#371=LINE('',#13658,#1215);
#372=LINE('',#13660,#1216);
#373=LINE('',#13662,#1217);
#374=LINE('',#13664,#1218);
#375=LINE('',#13666,#1219);
#376=LINE('',#13668,#1220);
#377=LINE('',#13670,#1221);
#378=LINE('',#13672,#1222);
#379=LINE('',#13678,#1223);
#380=LINE('',#13680,#1224);
#381=LINE('',#13681,#1225);
#382=LINE('',#13683,#1226);
#383=LINE('',#13685,#1227);
#384=LINE('',#13686,#1228);
#385=LINE('',#13688,#1229);
#386=LINE('',#13690,#1230);
#387=LINE('',#13692,#1231);
#388=LINE('',#13693,#1232);
#389=LINE('',#13695,#1233);
#390=LINE('',#13697,#1234);
#391=LINE('',#13698,#1235);
#392=LINE('',#13700,#1236);
#393=LINE('',#13702,#1237);
#394=LINE('',#13704,#1238);
#395=LINE('',#13705,#1239);
#396=LINE('',#13707,#1240);
#397=LINE('',#13709,#1241);
#398=LINE('',#13710,#1242);
#399=LINE('',#13712,#1243);
#400=LINE('',#13714,#1244);
#401=LINE('',#13716,#1245);
#402=LINE('',#13717,#1246);
#403=LINE('',#13719,#1247);
#404=LINE('',#13721,#1248);
#405=LINE('',#13722,#1249);
#406=LINE('',#13724,#1250);
#407=LINE('',#13725,#1251);
#408=LINE('',#13727,#1252);
#409=LINE('',#13729,#1253);
#410=LINE('',#13730,#1254);
#411=LINE('',#13732,#1255);
#412=LINE('',#13734,#1256);
#413=LINE('',#13736,#1257);
#414=LINE('',#13737,#1258);
#415=LINE('',#13739,#1259);
#416=LINE('',#13741,#1260);
#417=LINE('',#13742,#1261);
#418=LINE('',#13744,#1262);
#419=LINE('',#13745,#1263);
#420=LINE('',#13747,#1264);
#421=LINE('',#13749,#1265);
#422=LINE('',#13750,#1266);
#423=LINE('',#13752,#1267);
#424=LINE('',#13754,#1268);
#425=LINE('',#13756,#1269);
#426=LINE('',#13757,#1270);
#427=LINE('',#13759,#1271);
#428=LINE('',#13761,#1272);
#429=LINE('',#13762,#1273);
#430=LINE('',#13764,#1274);
#431=LINE('',#13765,#1275);
#432=LINE('',#13767,#1276);
#433=LINE('',#13769,#1277);
#434=LINE('',#13770,#1278);
#435=LINE('',#13772,#1279);
#436=LINE('',#13774,#1280);
#437=LINE('',#13776,#1281);
#438=LINE('',#13777,#1282);
#439=LINE('',#13779,#1283);
#440=LINE('',#13781,#1284);
#441=LINE('',#13782,#1285);
#442=LINE('',#13784,#1286);
#443=LINE('',#13786,#1287);
#444=LINE('',#13788,#1288);
#445=LINE('',#13789,#1289);
#446=LINE('',#13791,#1290);
#447=LINE('',#13793,#1291);
#448=LINE('',#13794,#1292);
#449=LINE('',#13796,#1293);
#450=LINE('',#13798,#1294);
#451=LINE('',#13800,#1295);
#452=LINE('',#13801,#1296);
#453=LINE('',#13803,#1297);
#454=LINE('',#13805,#1298);
#455=LINE('',#13806,#1299);
#456=LINE('',#13808,#1300);
#457=LINE('',#13810,#1301);
#458=LINE('',#13812,#1302);
#459=LINE('',#13813,#1303);
#460=LINE('',#13815,#1304);
#461=LINE('',#13817,#1305);
#462=LINE('',#13818,#1306);
#463=LINE('',#13820,#1307);
#464=LINE('',#13822,#1308);
#465=LINE('',#13824,#1309);
#466=LINE('',#13825,#1310);
#467=LINE('',#13827,#1311);
#468=LINE('',#13829,#1312);
#469=LINE('',#13830,#1313);
#470=LINE('',#13832,#1314);
#471=LINE('',#13833,#1315);
#472=LINE('',#13835,#1316);
#473=LINE('',#13837,#1317);
#474=LINE('',#13838,#1318);
#475=LINE('',#13840,#1319);
#476=LINE('',#13842,#1320);
#477=LINE('',#13844,#1321);
#478=LINE('',#13845,#1322);
#479=LINE('',#13847,#1323);
#480=LINE('',#13850,#1324);
#481=LINE('',#13855,#1325);
#482=LINE('',#13858,#1326);
#483=LINE('',#13863,#1327);
#484=LINE('',#13865,#1328);
#485=LINE('',#13871,#1329);
#486=LINE('',#13873,#1330);
#487=LINE('',#13879,#1331);
#488=LINE('',#13881,#1332);
#489=LINE('',#13887,#1333);
#490=LINE('',#13890,#1334);
#491=LINE('',#13895,#1335);
#492=LINE('',#13898,#1336);
#493=LINE('',#13903,#1337);
#494=LINE('',#13905,#1338);
#495=LINE('',#13914,#1339);
#496=LINE('',#13918,#1340);
#497=LINE('',#13928,#1341);
#498=LINE('',#13932,#1342);
#499=LINE('',#13942,#1343);
#500=LINE('',#13946,#1344);
#501=LINE('',#13951,#1345);
#502=LINE('',#13955,#1346);
#503=LINE('',#13962,#1347);
#504=LINE('',#13966,#1348);
#505=LINE('',#13973,#1349);
#506=LINE('',#13977,#1350);
#507=LINE('',#13984,#1351);
#508=LINE('',#13988,#1352);
#509=LINE('',#13992,#1353);
#510=LINE('',#13996,#1354);
#511=LINE('',#14001,#1355);
#512=LINE('',#14004,#1356);
#513=LINE('',#14009,#1357);
#514=LINE('',#14012,#1358);
#515=LINE('',#14017,#1359);
#516=LINE('',#14020,#1360);
#517=LINE('',#14025,#1361);
#518=LINE('',#14028,#1362);
#519=LINE('',#14033,#1363);
#520=LINE('',#14039,#1364);
#521=LINE('',#14044,#1365);
#522=LINE('',#14048,#1366);
#523=LINE('',#14053,#1367);
#524=LINE('',#14057,#1368);
#525=LINE('',#14064,#1369);
#526=LINE('',#14068,#1370);
#527=LINE('',#14075,#1371);
#528=LINE('',#14079,#1372);
#529=LINE('',#14083,#1373);
#530=LINE('',#14087,#1374);
#531=LINE('',#14089,#1375);
#532=LINE('',#14093,#1376);
#533=LINE('',#14097,#1377);
#534=LINE('',#14101,#1378);
#535=LINE('',#14105,#1379);
#536=LINE('',#14109,#1380);
#537=LINE('',#14111,#1381);
#538=LINE('',#14115,#1382);
#539=LINE('',#14120,#1383);
#540=LINE('',#14124,#1384);
#541=LINE('',#14129,#1385);
#542=LINE('',#14133,#1386);
#543=LINE('',#14140,#1387);
#544=LINE('',#14141,#1388);
#545=LINE('',#14146,#1389);
#546=LINE('',#14149,#1390);
#547=LINE('',#14156,#1391);
#548=LINE('',#14159,#1392);
#549=LINE('',#14161,#1393);
#550=LINE('',#14163,#1394);
#551=LINE('',#14175,#1395);
#552=LINE('',#14178,#1396);
#553=LINE('',#14179,#1397);
#554=LINE('',#14181,#1398);
#555=LINE('',#14183,#1399);
#556=LINE('',#14185,#1400);
#557=LINE('',#14187,#1401);
#558=LINE('',#14189,#1402);
#559=LINE('',#14191,#1403);
#560=LINE('',#14193,#1404);
#561=LINE('',#14195,#1405);
#562=LINE('',#14197,#1406);
#563=LINE('',#14199,#1407);
#564=LINE('',#14201,#1408);
#565=LINE('',#14203,#1409);
#566=LINE('',#14205,#1410);
#567=LINE('',#14217,#1411);
#568=LINE('',#14219,#1412);
#569=LINE('',#14221,#1413);
#570=LINE('',#14223,#1414);
#571=LINE('',#14225,#1415);
#572=LINE('',#14227,#1416);
#573=LINE('',#14229,#1417);
#574=LINE('',#14231,#1418);
#575=LINE('',#14233,#1419);
#576=LINE('',#14235,#1420);
#577=LINE('',#14237,#1421);
#578=LINE('',#14239,#1422);
#579=LINE('',#14251,#1423);
#580=LINE('',#14254,#1424);
#581=LINE('',#14256,#1425);
#582=LINE('',#14258,#1426);
#583=LINE('',#14259,#1427);
#584=LINE('',#14261,#1428);
#585=LINE('',#14263,#1429);
#586=LINE('',#14265,#1430);
#587=LINE('',#14268,#1431);
#588=LINE('',#14269,#1432);
#589=LINE('',#14271,#1433);
#590=LINE('',#14273,#1434);
#591=LINE('',#14276,#1435);
#592=LINE('',#14277,#1436);
#593=LINE('',#14279,#1437);
#594=LINE('',#14281,#1438);
#595=LINE('',#14319,#1439);
#596=LINE('',#14323,#1440);
#597=LINE('',#14328,#1441);
#598=LINE('',#14332,#1442);
#599=LINE('',#14337,#1443);
#600=LINE('',#14341,#1444);
#601=LINE('',#14346,#1445);
#602=LINE('',#14350,#1446);
#603=LINE('',#14355,#1447);
#604=LINE('',#14359,#1448);
#605=LINE('',#14364,#1449);
#606=LINE('',#14368,#1450);
#607=LINE('',#14373,#1451);
#608=LINE('',#14377,#1452);
#609=LINE('',#14382,#1453);
#610=LINE('',#14386,#1454);
#611=LINE('',#14391,#1455);
#612=LINE('',#14395,#1456);
#613=LINE('',#14400,#1457);
#614=LINE('',#14404,#1458);
#615=LINE('',#14409,#1459);
#616=LINE('',#14413,#1460);
#617=LINE('',#14417,#1461);
#618=LINE('',#14421,#1462);
#619=LINE('',#14425,#1463);
#620=LINE('',#14429,#1464);
#621=LINE('',#14434,#1465);
#622=LINE('',#14438,#1466);
#623=LINE('',#14443,#1467);
#624=LINE('',#14447,#1468);
#625=LINE('',#14452,#1469);
#626=LINE('',#14453,#1470);
#627=LINE('',#14458,#1471);
#628=LINE('',#14459,#1472);
#629=LINE('',#14464,#1473);
#630=LINE('',#14468,#1474);
#631=LINE('',#14473,#1475);
#632=LINE('',#14477,#1476);
#633=LINE('',#14482,#1477);
#634=LINE('',#14486,#1478);
#635=LINE('',#14491,#1479);
#636=LINE('',#14495,#1480);
#637=LINE('',#14500,#1481);
#638=LINE('',#14504,#1482);
#639=LINE('',#14509,#1483);
#640=LINE('',#14513,#1484);
#641=LINE('',#14518,#1485);
#642=LINE('',#14522,#1486);
#643=LINE('',#14527,#1487);
#644=LINE('',#14531,#1488);
#645=LINE('',#14535,#1489);
#646=LINE('',#14538,#1490);
#647=LINE('',#14540,#1491);
#648=LINE('',#14542,#1492);
#649=LINE('',#14551,#1493);
#650=LINE('',#14555,#1494);
#651=LINE('',#14556,#1495);
#652=LINE('',#14559,#1496);
#653=LINE('',#14562,#1497);
#654=LINE('',#14565,#1498);
#655=LINE('',#14569,#1499);
#656=LINE('',#14573,#1500);
#657=LINE('',#14581,#1501);
#658=LINE('',#14583,#1502);
#659=LINE('',#14585,#1503);
#660=LINE('',#14587,#1504);
#661=LINE('',#14589,#1505);
#662=LINE('',#14591,#1506);
#663=LINE('',#14593,#1507);
#664=LINE('',#14595,#1508);
#665=LINE('',#14597,#1509);
#666=LINE('',#14599,#1510);
#667=LINE('',#14601,#1511);
#668=LINE('',#14603,#1512);
#669=LINE('',#14605,#1513);
#670=LINE('',#14607,#1514);
#671=LINE('',#14609,#1515);
#672=LINE('',#14611,#1516);
#673=LINE('',#14632,#1517);
#674=LINE('',#14633,#1518);
#675=LINE('',#14635,#1519);
#676=LINE('',#14638,#1520);
#677=LINE('',#14642,#1521);
#678=LINE('',#14643,#1522);
#679=LINE('',#14647,#1523);
#680=LINE('',#14649,#1524);
#681=LINE('',#14651,#1525);
#682=LINE('',#14655,#1526);
#683=LINE('',#14657,#1527);
#684=LINE('',#14659,#1528);
#685=LINE('',#14661,#1529);
#686=LINE('',#14665,#1530);
#687=LINE('',#14667,#1531);
#688=LINE('',#14669,#1532);
#689=LINE('',#14673,#1533);
#690=LINE('',#14675,#1534);
#691=LINE('',#14681,#1535);
#692=LINE('',#14683,#1536);
#693=LINE('',#14685,#1537);
#694=LINE('',#14687,#1538);
#695=LINE('',#14689,#1539);
#696=LINE('',#14691,#1540);
#697=LINE('',#14693,#1541);
#698=LINE('',#14695,#1542);
#699=LINE('',#14697,#1543);
#700=LINE('',#14699,#1544);
#701=LINE('',#14701,#1545);
#702=LINE('',#14703,#1546);
#703=LINE('',#14705,#1547);
#704=LINE('',#14708,#1548);
#705=LINE('',#14710,#1549);
#706=LINE('',#14712,#1550);
#707=LINE('',#14720,#1551);
#708=LINE('',#14724,#1552);
#709=LINE('',#14728,#1553);
#710=LINE('',#14732,#1554);
#711=LINE('',#14753,#1555);
#712=LINE('',#14757,#1556);
#713=LINE('',#14761,#1557);
#714=LINE('',#14765,#1558);
#715=LINE('',#14773,#1559);
#716=LINE('',#14775,#1560);
#717=LINE('',#14777,#1561);
#718=LINE('',#14778,#1562);
#719=LINE('',#14780,#1563);
#720=LINE('',#14782,#1564);
#721=LINE('',#14784,#1565);
#722=LINE('',#14786,#1566);
#723=LINE('',#14788,#1567);
#724=LINE('',#14790,#1568);
#725=LINE('',#14792,#1569);
#726=LINE('',#14794,#1570);
#727=LINE('',#14801,#1571);
#728=LINE('',#14802,#1572);
#729=LINE('',#14804,#1573);
#730=LINE('',#14806,#1574);
#731=LINE('',#14808,#1575);
#732=LINE('',#14810,#1576);
#733=LINE('',#14812,#1577);
#734=LINE('',#14814,#1578);
#735=LINE('',#14824,#1579);
#736=LINE('',#14828,#1580);
#737=LINE('',#14833,#1581);
#738=LINE('',#14837,#1582);
#739=LINE('',#14842,#1583);
#740=LINE('',#14854,#1584);
#741=LINE('',#14866,#1585);
#742=LINE('',#14878,#1586);
#743=LINE('',#14882,#1587);
#744=LINE('',#14887,#1588);
#745=LINE('',#14891,#1589);
#746=LINE('',#14896,#1590);
#747=LINE('',#14900,#1591);
#748=LINE('',#14905,#1592);
#749=LINE('',#14909,#1593);
#750=LINE('',#14914,#1594);
#751=LINE('',#14918,#1595);
#752=LINE('',#14923,#1596);
#753=LINE('',#14927,#1597);
#754=LINE('',#14932,#1598);
#755=LINE('',#14936,#1599);
#756=LINE('',#14944,#1600);
#757=LINE('',#14948,#1601);
#758=LINE('',#14956,#1602);
#759=LINE('',#14963,#1603);
#760=LINE('',#14995,#1604);
#761=LINE('',#14999,#1605);
#762=LINE('',#15007,#1606);
#763=LINE('',#15014,#1607);
#764=LINE('',#15023,#1608);
#765=LINE('',#15027,#1609);
#766=LINE('',#15035,#1610);
#767=LINE('',#15068,#1611);
#768=LINE('',#15072,#1612);
#769=LINE('',#15080,#1613);
#770=LINE('',#15085,#1614);
#771=LINE('',#15086,#1615);
#772=LINE('',#15091,#1616);
#773=LINE('',#15092,#1617);
#774=LINE('',#15097,#1618);
#775=LINE('',#15101,#1619);
#776=LINE('',#15105,#1620);
#777=LINE('',#15109,#1621);
#778=LINE('',#15113,#1622);
#779=LINE('',#15115,#1623);
#780=LINE('',#15120,#1624);
#781=LINE('',#15121,#1625);
#782=LINE('',#15125,#1626);
#783=LINE('',#15140,#1627);
#784=LINE('',#15141,#1628);
#785=LINE('',#15156,#1629);
#786=LINE('',#15157,#1630);
#787=LINE('',#15159,#1631);
#788=LINE('',#15163,#1632);
#789=LINE('',#15165,#1633);
#790=LINE('',#15169,#1634);
#791=LINE('',#15171,#1635);
#792=LINE('',#15175,#1636);
#793=LINE('',#15177,#1637);
#794=LINE('',#15178,#1638);
#795=LINE('',#15180,#1639);
#796=LINE('',#15181,#1640);
#797=LINE('',#15186,#1641);
#798=LINE('',#15190,#1642);
#799=LINE('',#15195,#1643);
#800=LINE('',#15199,#1644);
#801=LINE('',#15204,#1645);
#802=LINE('',#15208,#1646);
#803=LINE('',#15222,#1647);
#804=LINE('',#15226,#1648);
#805=LINE('',#15240,#1649);
#806=LINE('',#15244,#1650);
#807=LINE('',#15249,#1651);
#808=LINE('',#15253,#1652);
#809=LINE('',#15258,#1653);
#810=LINE('',#15262,#1654);
#811=LINE('',#15267,#1655);
#812=LINE('',#15271,#1656);
#813=LINE('',#15273,#1657);
#814=LINE('',#15275,#1658);
#815=LINE('',#15277,#1659);
#816=LINE('',#15279,#1660);
#817=LINE('',#15281,#1661);
#818=LINE('',#15283,#1662);
#819=LINE('',#15285,#1663);
#820=LINE('',#15287,#1664);
#821=LINE('',#15289,#1665);
#822=LINE('',#15292,#1666);
#823=LINE('',#15294,#1667);
#824=LINE('',#15296,#1668);
#825=LINE('',#15298,#1669);
#826=LINE('',#15300,#1670);
#827=LINE('',#15302,#1671);
#828=LINE('',#15304,#1672);
#829=LINE('',#15306,#1673);
#830=LINE('',#15309,#1674);
#831=LINE('',#15311,#1675);
#832=LINE('',#15312,#1676);
#833=LINE('',#15330,#1677);
#834=LINE('',#15332,#1678);
#835=LINE('',#15334,#1679);
#836=LINE('',#15336,#1680);
#837=LINE('',#15339,#1681);
#838=LINE('',#15340,#1682);
#839=LINE('',#15345,#1683);
#840=LINE('',#15348,#1684);
#841=LINE('',#15349,#1685);
#842=LINE('',#15353,#1686);
#843=LINE('',#15357,#1687);
#844=LINE('',#15358,#1688);
#845=LINE('',#15359,#1689);
#846=LINE('',#15425,#1690);
#847=LINE('',#15426,#1691);
#848=LINE('',#15450,#1692);
#849=LINE('',#15451,#1693);
#850=LINE('',#15465,#1694);
#851=LINE('',#15490,#1695);
#852=LINE('',#15505,#1696);
#853=LINE('',#15508,#1697);
#854=LINE('',#15512,#1698);
#855=LINE('',#15580,#1699);
#856=LINE('',#15584,#1700);
#857=LINE('',#15589,#1701);
#858=LINE('',#15593,#1702);
#859=LINE('',#15598,#1703);
#860=LINE('',#15602,#1704);
#861=LINE('',#15607,#1705);
#862=LINE('',#15608,#1706);
#863=LINE('',#15610,#1707);
#864=LINE('',#15614,#1708);
#865=LINE('',#15616,#1709);
#866=LINE('',#15620,#1710);
#867=LINE('',#15625,#1711);
#868=LINE('',#15629,#1712);
#869=LINE('',#15634,#1713);
#870=LINE('',#15638,#1714);
#871=LINE('',#15643,#1715);
#872=LINE('',#15647,#1716);
#873=LINE('',#15652,#1717);
#874=LINE('',#15656,#1718);
#875=LINE('',#15661,#1719);
#876=LINE('',#15665,#1720);
#877=LINE('',#15670,#1721);
#878=LINE('',#15674,#1722);
#879=LINE('',#15676,#1723);
#880=LINE('',#15680,#1724);
#881=LINE('',#15682,#1725);
#882=LINE('',#15686,#1726);
#883=LINE('',#15691,#1727);
#884=LINE('',#15692,#1728);
#885=LINE('',#15697,#1729);
#886=LINE('',#15698,#1730);
#887=LINE('',#15700,#1731);
#888=LINE('',#15704,#1732);
#889=LINE('',#15706,#1733);
#890=LINE('',#15710,#1734);
#891=LINE('',#15712,#1735);
#892=LINE('',#15716,#1736);
#893=LINE('',#15718,#1737);
#894=LINE('',#15722,#1738);
#895=LINE('',#15727,#1739);
#896=LINE('',#15731,#1740);
#897=LINE('',#15733,#1741);
#898=LINE('',#15737,#1742);
#899=LINE('',#15739,#1743);
#900=LINE('',#15742,#1744);
#901=LINE('',#15744,#1745);
#902=LINE('',#15746,#1746);
#903=LINE('',#15751,#1747);
#904=LINE('',#15753,#1748);
#905=LINE('',#15754,#1749);
#906=LINE('',#15756,#1750);
#907=LINE('',#15757,#1751);
#908=LINE('',#15759,#1752);
#909=LINE('',#15761,#1753);
#910=LINE('',#15763,#1754);
#911=LINE('',#15765,#1755);
#912=LINE('',#15767,#1756);
#913=LINE('',#15769,#1757);
#914=LINE('',#15771,#1758);
#915=LINE('',#15773,#1759);
#916=LINE('',#15775,#1760);
#917=LINE('',#15783,#1761);
#918=LINE('',#15786,#1762);
#919=LINE('',#15788,#1763);
#920=LINE('',#15790,#1764);
#921=LINE('',#15792,#1765);
#922=LINE('',#15795,#1766);
#923=LINE('',#15797,#1767);
#924=LINE('',#15799,#1768);
#925=LINE('',#15801,#1769);
#926=LINE('',#15803,#1770);
#927=LINE('',#15805,#1771);
#928=LINE('',#15807,#1772);
#929=LINE('',#15809,#1773);
#930=LINE('',#15811,#1774);
#931=LINE('',#15813,#1775);
#932=LINE('',#15815,#1776);
#933=LINE('',#15817,#1777);
#934=LINE('',#15823,#1778);
#935=LINE('',#15826,#1779);
#936=LINE('',#15827,#1780);
#937=LINE('',#15829,#1781);
#938=LINE('',#15831,#1782);
#939=LINE('',#15843,#1783);
#940=LINE('',#15845,#1784);
#941=LINE('',#15847,#1785);
#942=LINE('',#15849,#1786);
#943=LINE('',#15851,#1787);
#944=LINE('',#15853,#1788);
#945=LINE('',#15855,#1789);
#946=LINE('',#15857,#1790);
#947=LINE('',#15858,#1791);
#948=LINE('',#15860,#1792);
#949=LINE('',#15862,#1793);
#950=LINE('',#15864,#1794);
#951=LINE('',#15866,#1795);
#952=LINE('',#15868,#1796);
#953=LINE('',#15870,#1797);
#954=LINE('',#15871,#1798);
#955=LINE('',#15873,#1799);
#956=LINE('',#15883,#1800);
#957=LINE('',#15885,#1801);
#958=LINE('',#15887,#1802);
#959=LINE('',#15889,#1803);
#960=LINE('',#15890,#1804);
#961=LINE('',#15892,#1805);
#962=LINE('',#15893,#1806);
#963=LINE('',#15907,#1807);
#964=LINE('',#15910,#1808);
#965=LINE('',#15914,#1809);
#966=LINE('',#15915,#1810);
#967=LINE('',#15919,#1811);
#968=LINE('',#15923,#1812);
#969=LINE('',#15925,#1813);
#970=LINE('',#15927,#1814);
#971=LINE('',#15931,#1815);
#972=LINE('',#15933,#1816);
#973=LINE('',#15935,#1817);
#974=LINE('',#15948,#1818);
#975=LINE('',#15955,#1819);
#976=LINE('',#15956,#1820);
#977=LINE('',#15958,#1821);
#978=LINE('',#15960,#1822);
#979=VECTOR('',#10396,1000.);
#980=VECTOR('',#10399,1000.);
#981=VECTOR('',#10404,1000.);
#982=VECTOR('',#10407,1000.);
#983=VECTOR('',#10412,1000.);
#984=VECTOR('',#10415,1000.);
#985=VECTOR('',#10420,1000.);
#986=VECTOR('',#10423,1000.);
#987=VECTOR('',#10426,1000.);
#988=VECTOR('',#10427,1000.);
#989=VECTOR('',#10428,1000.);
#990=VECTOR('',#10429,1000.);
#991=VECTOR('',#10440,1000.);
#992=VECTOR('',#10443,1000.);
#993=VECTOR('',#10444,1000.);
#994=VECTOR('',#10445,1000.);
#995=VECTOR('',#10446,1000.);
#996=VECTOR('',#10447,1000.);
#997=VECTOR('',#10448,1000.);
#998=VECTOR('',#10449,1000.);
#999=VECTOR('',#10450,1000.);
#1000=VECTOR('',#10451,1000.);
#1001=VECTOR('',#10452,1000.);
#1002=VECTOR('',#10453,1000.);
#1003=VECTOR('',#10454,1000.);
#1004=VECTOR('',#10455,1000.);
#1005=VECTOR('',#10456,1000.);
#1006=VECTOR('',#10457,1000.);
#1007=VECTOR('',#10460,1000.);
#1008=VECTOR('',#10461,1000.);
#1009=VECTOR('',#10462,1000.);
#1010=VECTOR('',#10463,1000.);
#1011=VECTOR('',#10464,1000.);
#1012=VECTOR('',#10465,1000.);
#1013=VECTOR('',#10466,1000.);
#1014=VECTOR('',#10467,1000.);
#1015=VECTOR('',#10468,1000.);
#1016=VECTOR('',#10469,1000.);
#1017=VECTOR('',#10470,1000.);
#1018=VECTOR('',#10471,1000.);
#1019=VECTOR('',#10472,1000.);
#1020=VECTOR('',#10473,1000.);
#1021=VECTOR('',#10474,1000.);
#1022=VECTOR('',#10475,1000.);
#1023=VECTOR('',#10476,1000.);
#1024=VECTOR('',#10477,1000.);
#1025=VECTOR('',#10478,1000.);
#1026=VECTOR('',#10479,1000.);
#1027=VECTOR('',#10480,1000.);
#1028=VECTOR('',#10481,1000.);
#1029=VECTOR('',#10482,1000.);
#1030=VECTOR('',#10483,1000.);
#1031=VECTOR('',#10484,1000.);
#1032=VECTOR('',#10485,1000.);
#1033=VECTOR('',#10486,1000.);
#1034=VECTOR('',#10487,1000.);
#1035=VECTOR('',#10488,1000.);
#1036=VECTOR('',#10489,1000.);
#1037=VECTOR('',#10490,1000.);
#1038=VECTOR('',#10491,1000.);
#1039=VECTOR('',#10492,1000.);
#1040=VECTOR('',#10493,1000.);
#1041=VECTOR('',#10494,1000.);
#1042=VECTOR('',#10495,1000.);
#1043=VECTOR('',#10496,1000.);
#1044=VECTOR('',#10497,1000.);
#1045=VECTOR('',#10498,1000.);
#1046=VECTOR('',#10499,1000.);
#1047=VECTOR('',#10500,1000.);
#1048=VECTOR('',#10501,1000.);
#1049=VECTOR('',#10502,1000.);
#1050=VECTOR('',#10503,1000.);
#1051=VECTOR('',#10504,1000.);
#1052=VECTOR('',#10505,1000.);
#1053=VECTOR('',#10506,1000.);
#1054=VECTOR('',#10507,1000.);
#1055=VECTOR('',#10508,1000.);
#1056=VECTOR('',#10509,1000.);
#1057=VECTOR('',#10510,1000.);
#1058=VECTOR('',#10511,1000.);
#1059=VECTOR('',#10512,1000.);
#1060=VECTOR('',#10513,1000.);
#1061=VECTOR('',#10514,1000.);
#1062=VECTOR('',#10515,1000.);
#1063=VECTOR('',#10516,1000.);
#1064=VECTOR('',#10519,1000.);
#1065=VECTOR('',#10520,1000.);
#1066=VECTOR('',#10521,1000.);
#1067=VECTOR('',#10522,1000.);
#1068=VECTOR('',#10523,1000.);
#1069=VECTOR('',#10524,1000.);
#1070=VECTOR('',#10525,1000.);
#1071=VECTOR('',#10526,1000.);
#1072=VECTOR('',#10527,1000.);
#1073=VECTOR('',#10528,1000.);
#1074=VECTOR('',#10529,1000.);
#1075=VECTOR('',#10530,1000.);
#1076=VECTOR('',#10531,1000.);
#1077=VECTOR('',#10532,1000.);
#1078=VECTOR('',#10533,1000.);
#1079=VECTOR('',#10536,1000.);
#1080=VECTOR('',#10537,1000.);
#1081=VECTOR('',#10538,1000.);
#1082=VECTOR('',#10539,1000.);
#1083=VECTOR('',#10540,1000.);
#1084=VECTOR('',#10541,1000.);
#1085=VECTOR('',#10542,1000.);
#1086=VECTOR('',#10543,1000.);
#1087=VECTOR('',#10544,1000.);
#1088=VECTOR('',#10545,1000.);
#1089=VECTOR('',#10546,1000.);
#1090=VECTOR('',#10547,1000.);
#1091=VECTOR('',#10548,1000.);
#1092=VECTOR('',#10549,1000.);
#1093=VECTOR('',#10550,1000.);
#1094=VECTOR('',#10551,1000.);
#1095=VECTOR('',#10552,1000.);
#1096=VECTOR('',#10553,1000.);
#1097=VECTOR('',#10554,1000.);
#1098=VECTOR('',#10555,1000.);
#1099=VECTOR('',#10556,1000.);
#1100=VECTOR('',#10557,1000.);
#1101=VECTOR('',#10558,1000.);
#1102=VECTOR('',#10559,1000.);
#1103=VECTOR('',#10560,1000.);
#1104=VECTOR('',#10561,1000.);
#1105=VECTOR('',#10562,1000.);
#1106=VECTOR('',#10565,1000.);
#1107=VECTOR('',#10566,1000.);
#1108=VECTOR('',#10579,1000.);
#1109=VECTOR('',#10580,1000.);
#1110=VECTOR('',#10581,1000.);
#1111=VECTOR('',#10582,1000.);
#1112=VECTOR('',#10583,1000.);
#1113=VECTOR('',#10584,1000.);
#1114=VECTOR('',#10585,1000.);
#1115=VECTOR('',#10586,1000.);
#1116=VECTOR('',#10587,1000.);
#1117=VECTOR('',#10588,1000.);
#1118=VECTOR('',#10589,1000.);
#1119=VECTOR('',#10590,1000.);
#1120=VECTOR('',#10591,1000.);
#1121=VECTOR('',#10592,1000.);
#1122=VECTOR('',#10593,1000.);
#1123=VECTOR('',#10594,1000.);
#1124=VECTOR('',#10595,1000.);
#1125=VECTOR('',#10596,1000.);
#1126=VECTOR('',#10597,1000.);
#1127=VECTOR('',#10598,1000.);
#1128=VECTOR('',#10599,1000.);
#1129=VECTOR('',#10600,1000.);
#1130=VECTOR('',#10601,1000.);
#1131=VECTOR('',#10602,1000.);
#1132=VECTOR('',#10603,1000.);
#1133=VECTOR('',#10604,1000.);
#1134=VECTOR('',#10605,1000.);
#1135=VECTOR('',#10608,1000.);
#1136=VECTOR('',#10609,1000.);
#1137=VECTOR('',#10610,1000.);
#1138=VECTOR('',#10611,1000.);
#1139=VECTOR('',#10612,1000.);
#1140=VECTOR('',#10613,1000.);
#1141=VECTOR('',#10614,1000.);
#1142=VECTOR('',#10615,1000.);
#1143=VECTOR('',#10616,1000.);
#1144=VECTOR('',#10617,1000.);
#1145=VECTOR('',#10618,1000.);
#1146=VECTOR('',#10619,1000.);
#1147=VECTOR('',#10620,1000.);
#1148=VECTOR('',#10621,1000.);
#1149=VECTOR('',#10622,1000.);
#1150=VECTOR('',#10625,1000.);
#1151=VECTOR('',#10626,1000.);
#1152=VECTOR('',#10627,1000.);
#1153=VECTOR('',#10628,1000.);
#1154=VECTOR('',#10629,1000.);
#1155=VECTOR('',#10630,1000.);
#1156=VECTOR('',#10631,1000.);
#1157=VECTOR('',#10632,1000.);
#1158=VECTOR('',#10633,1000.);
#1159=VECTOR('',#10634,1000.);
#1160=VECTOR('',#10635,1000.);
#1161=VECTOR('',#10636,1000.);
#1162=VECTOR('',#10637,1000.);
#1163=VECTOR('',#10638,1000.);
#1164=VECTOR('',#10639,1000.);
#1165=VECTOR('',#10640,1000.);
#1166=VECTOR('',#10641,1000.);
#1167=VECTOR('',#10642,1000.);
#1168=VECTOR('',#10643,1000.);
#1169=VECTOR('',#10644,1000.);
#1170=VECTOR('',#10645,1000.);
#1171=VECTOR('',#10646,1000.);
#1172=VECTOR('',#10647,1000.);
#1173=VECTOR('',#10648,1000.);
#1174=VECTOR('',#10649,1000.);
#1175=VECTOR('',#10650,1000.);
#1176=VECTOR('',#10651,1000.);
#1177=VECTOR('',#10652,1000.);
#1178=VECTOR('',#10653,1000.);
#1179=VECTOR('',#10654,1000.);
#1180=VECTOR('',#10655,1000.);
#1181=VECTOR('',#10656,1000.);
#1182=VECTOR('',#10657,1000.);
#1183=VECTOR('',#10658,1000.);
#1184=VECTOR('',#10659,1000.);
#1185=VECTOR('',#10660,1000.);
#1186=VECTOR('',#10661,1000.);
#1187=VECTOR('',#10662,1000.);
#1188=VECTOR('',#10663,1000.);
#1189=VECTOR('',#10664,1000.);
#1190=VECTOR('',#10665,1000.);
#1191=VECTOR('',#10666,1000.);
#1192=VECTOR('',#10667,1000.);
#1193=VECTOR('',#10668,1000.);
#1194=VECTOR('',#10669,1000.);
#1195=VECTOR('',#10670,1000.);
#1196=VECTOR('',#10671,1000.);
#1197=VECTOR('',#10672,1000.);
#1198=VECTOR('',#10673,1000.);
#1199=VECTOR('',#10674,1000.);
#1200=VECTOR('',#10675,1000.);
#1201=VECTOR('',#10676,1000.);
#1202=VECTOR('',#10677,1000.);
#1203=VECTOR('',#10678,1000.);
#1204=VECTOR('',#10679,1000.);
#1205=VECTOR('',#10680,1000.);
#1206=VECTOR('',#10681,1000.);
#1207=VECTOR('',#10684,1000.);
#1208=VECTOR('',#10685,1000.);
#1209=VECTOR('',#10686,1000.);
#1210=VECTOR('',#10687,1000.);
#1211=VECTOR('',#10688,1000.);
#1212=VECTOR('',#10689,1000.);
#1213=VECTOR('',#10690,1000.);
#1214=VECTOR('',#10691,1000.);
#1215=VECTOR('',#10692,1000.);
#1216=VECTOR('',#10693,1000.);
#1217=VECTOR('',#10694,1000.);
#1218=VECTOR('',#10695,1000.);
#1219=VECTOR('',#10696,1000.);
#1220=VECTOR('',#10697,1000.);
#1221=VECTOR('',#10698,1000.);
#1222=VECTOR('',#10701,1000.);
#1223=VECTOR('',#10712,1000.);
#1224=VECTOR('',#10715,1000.);
#1225=VECTOR('',#10716,1000.);
#1226=VECTOR('',#10719,1000.);
#1227=VECTOR('',#10722,1000.);
#1228=VECTOR('',#10723,1000.);
#1229=VECTOR('',#10726,1000.);
#1230=VECTOR('',#10729,1000.);
#1231=VECTOR('',#10732,1000.);
#1232=VECTOR('',#10733,1000.);
#1233=VECTOR('',#10736,1000.);
#1234=VECTOR('',#10739,1000.);
#1235=VECTOR('',#10740,1000.);
#1236=VECTOR('',#10743,1000.);
#1237=VECTOR('',#10746,1000.);
#1238=VECTOR('',#10749,1000.);
#1239=VECTOR('',#10750,1000.);
#1240=VECTOR('',#10753,1000.);
#1241=VECTOR('',#10756,1000.);
#1242=VECTOR('',#10757,1000.);
#1243=VECTOR('',#10760,1000.);
#1244=VECTOR('',#10763,1000.);
#1245=VECTOR('',#10766,1000.);
#1246=VECTOR('',#10767,1000.);
#1247=VECTOR('',#10770,1000.);
#1248=VECTOR('',#10773,1000.);
#1249=VECTOR('',#10774,1000.);
#1250=VECTOR('',#10777,1000.);
#1251=VECTOR('',#10778,1000.);
#1252=VECTOR('',#10781,1000.);
#1253=VECTOR('',#10784,1000.);
#1254=VECTOR('',#10785,1000.);
#1255=VECTOR('',#10788,1000.);
#1256=VECTOR('',#10791,1000.);
#1257=VECTOR('',#10794,1000.);
#1258=VECTOR('',#10795,1000.);
#1259=VECTOR('',#10798,1000.);
#1260=VECTOR('',#10801,1000.);
#1261=VECTOR('',#10802,1000.);
#1262=VECTOR('',#10805,1000.);
#1263=VECTOR('',#10806,1000.);
#1264=VECTOR('',#10809,1000.);
#1265=VECTOR('',#10812,1000.);
#1266=VECTOR('',#10813,1000.);
#1267=VECTOR('',#10816,1000.);
#1268=VECTOR('',#10819,1000.);
#1269=VECTOR('',#10822,1000.);
#1270=VECTOR('',#10823,1000.);
#1271=VECTOR('',#10826,1000.);
#1272=VECTOR('',#10829,1000.);
#1273=VECTOR('',#10830,1000.);
#1274=VECTOR('',#10833,1000.);
#1275=VECTOR('',#10834,1000.);
#1276=VECTOR('',#10837,1000.);
#1277=VECTOR('',#10840,1000.);
#1278=VECTOR('',#10841,1000.);
#1279=VECTOR('',#10844,1000.);
#1280=VECTOR('',#10847,1000.);
#1281=VECTOR('',#10850,1000.);
#1282=VECTOR('',#10851,1000.);
#1283=VECTOR('',#10854,1000.);
#1284=VECTOR('',#10857,1000.);
#1285=VECTOR('',#10858,1000.);
#1286=VECTOR('',#10861,1000.);
#1287=VECTOR('',#10864,1000.);
#1288=VECTOR('',#10867,1000.);
#1289=VECTOR('',#10868,1000.);
#1290=VECTOR('',#10871,1000.);
#1291=VECTOR('',#10874,1000.);
#1292=VECTOR('',#10875,1000.);
#1293=VECTOR('',#10878,1000.);
#1294=VECTOR('',#10881,1000.);
#1295=VECTOR('',#10884,1000.);
#1296=VECTOR('',#10885,1000.);
#1297=VECTOR('',#10888,1000.);
#1298=VECTOR('',#10891,1000.);
#1299=VECTOR('',#10892,1000.);
#1300=VECTOR('',#10895,1000.);
#1301=VECTOR('',#10898,1000.);
#1302=VECTOR('',#10901,1000.);
#1303=VECTOR('',#10902,1000.);
#1304=VECTOR('',#10905,1000.);
#1305=VECTOR('',#10908,1000.);
#1306=VECTOR('',#10909,1000.);
#1307=VECTOR('',#10912,1000.);
#1308=VECTOR('',#10915,1000.);
#1309=VECTOR('',#10918,1000.);
#1310=VECTOR('',#10919,1000.);
#1311=VECTOR('',#10922,1000.);
#1312=VECTOR('',#10925,1000.);
#1313=VECTOR('',#10926,1000.);
#1314=VECTOR('',#10929,1000.);
#1315=VECTOR('',#10930,1000.);
#1316=VECTOR('',#10933,1000.);
#1317=VECTOR('',#10936,1000.);
#1318=VECTOR('',#10937,1000.);
#1319=VECTOR('',#10940,1000.);
#1320=VECTOR('',#10943,1000.);
#1321=VECTOR('',#10946,1000.);
#1322=VECTOR('',#10947,1000.);
#1323=VECTOR('',#10950,1000.);
#1324=VECTOR('',#10955,1000.);
#1325=VECTOR('',#10964,1000.);
#1326=VECTOR('',#10969,1000.);
#1327=VECTOR('',#10978,1000.);
#1328=VECTOR('',#10981,1000.);
#1329=VECTOR('',#10992,1000.);
#1330=VECTOR('',#10995,1000.);
#1331=VECTOR('',#11006,1000.);
#1332=VECTOR('',#11009,1000.);
#1333=VECTOR('',#11020,1000.);
#1334=VECTOR('',#11025,1000.);
#1335=VECTOR('',#11034,1000.);
#1336=VECTOR('',#11039,1000.);
#1337=VECTOR('',#11048,1000.);
#1338=VECTOR('',#11051,1000.);
#1339=VECTOR('',#11064,1000.);
#1340=VECTOR('',#11067,1000.);
#1341=VECTOR('',#11082,1000.);
#1342=VECTOR('',#11085,1000.);
#1343=VECTOR('',#11100,1000.);
#1344=VECTOR('',#11103,1000.);
#1345=VECTOR('',#11108,1000.);
#1346=VECTOR('',#11111,1000.);
#1347=VECTOR('',#11118,1000.);
#1348=VECTOR('',#11121,1000.);
#1349=VECTOR('',#11128,1000.);
#1350=VECTOR('',#11131,1000.);
#1351=VECTOR('',#11138,1000.);
#1352=VECTOR('',#11141,1000.);
#1353=VECTOR('',#11146,1000.);
#1354=VECTOR('',#11149,1000.);
#1355=VECTOR('',#11154,1000.);
#1356=VECTOR('',#11157,1000.);
#1357=VECTOR('',#11162,1000.);
#1358=VECTOR('',#11165,1000.);
#1359=VECTOR('',#11170,1000.);
#1360=VECTOR('',#11173,1000.);
#1361=VECTOR('',#11178,1000.);
#1362=VECTOR('',#11181,1000.);
#1363=VECTOR('',#11186,1000.);
#1364=VECTOR('',#11191,1000.);
#1365=VECTOR('',#11196,1000.);
#1366=VECTOR('',#11199,1000.);
#1367=VECTOR('',#11204,1000.);
#1368=VECTOR('',#11207,1000.);
#1369=VECTOR('',#11214,1000.);
#1370=VECTOR('',#11217,1000.);
#1371=VECTOR('',#11224,1000.);
#1372=VECTOR('',#11227,1000.);
#1373=VECTOR('',#11232,1000.);
#1374=VECTOR('',#11235,1000.);
#1375=VECTOR('',#11238,1000.);
#1376=VECTOR('',#11241,1000.);
#1377=VECTOR('',#11246,1000.);
#1378=VECTOR('',#11249,1000.);
#1379=VECTOR('',#11254,1000.);
#1380=VECTOR('',#11257,1000.);
#1381=VECTOR('',#11260,1000.);
#1382=VECTOR('',#11263,1000.);
#1383=VECTOR('',#11268,1000.);
#1384=VECTOR('',#11271,1000.);
#1385=VECTOR('',#11276,1000.);
#1386=VECTOR('',#11279,1000.);
#1387=VECTOR('',#11286,1000.);
#1388=VECTOR('',#11287,1000.);
#1389=VECTOR('',#11292,1000.);
#1390=VECTOR('',#11295,1000.);
#1391=VECTOR('',#11308,1000.);
#1392=VECTOR('',#11309,1000.);
#1393=VECTOR('',#11310,1000.);
#1394=VECTOR('',#11311,1000.);
#1395=VECTOR('',#11334,1000.);
#1396=VECTOR('',#11335,1000.);
#1397=VECTOR('',#11336,1000.);
#1398=VECTOR('',#11337,1000.);
#1399=VECTOR('',#11338,1000.);
#1400=VECTOR('',#11341,1000.);
#1401=VECTOR('',#11342,1000.);
#1402=VECTOR('',#11343,1000.);
#1403=VECTOR('',#11344,1000.);
#1404=VECTOR('',#11347,1000.);
#1405=VECTOR('',#11348,1000.);
#1406=VECTOR('',#11349,1000.);
#1407=VECTOR('',#11350,1000.);
#1408=VECTOR('',#11353,1000.);
#1409=VECTOR('',#11354,1000.);
#1410=VECTOR('',#11355,1000.);
#1411=VECTOR('',#11378,1000.);
#1412=VECTOR('',#11379,1000.);
#1413=VECTOR('',#11380,1000.);
#1414=VECTOR('',#11383,1000.);
#1415=VECTOR('',#11384,1000.);
#1416=VECTOR('',#11385,1000.);
#1417=VECTOR('',#11388,1000.);
#1418=VECTOR('',#11389,1000.);
#1419=VECTOR('',#11390,1000.);
#1420=VECTOR('',#11393,1000.);
#1421=VECTOR('',#11394,1000.);
#1422=VECTOR('',#11395,1000.);
#1423=VECTOR('',#11418,1000.);
#1424=VECTOR('',#11419,1000.);
#1425=VECTOR('',#11420,1000.);
#1426=VECTOR('',#11421,1000.);
#1427=VECTOR('',#11422,1000.);
#1428=VECTOR('',#11425,1000.);
#1429=VECTOR('',#11428,1000.);
#1430=VECTOR('',#11431,1000.);
#1431=VECTOR('',#11432,1000.);
#1432=VECTOR('',#11433,1000.);
#1433=VECTOR('',#11436,1000.);
#1434=VECTOR('',#11439,1000.);
#1435=VECTOR('',#11440,1000.);
#1436=VECTOR('',#11441,1000.);
#1437=VECTOR('',#11444,1000.);
#1438=VECTOR('',#11447,1000.);
#1439=VECTOR('',#11518,1000.);
#1440=VECTOR('',#11521,1000.);
#1441=VECTOR('',#11526,1000.);
#1442=VECTOR('',#11529,1000.);
#1443=VECTOR('',#11534,1000.);
#1444=VECTOR('',#11537,1000.);
#1445=VECTOR('',#11542,1000.);
#1446=VECTOR('',#11545,1000.);
#1447=VECTOR('',#11550,1000.);
#1448=VECTOR('',#11553,1000.);
#1449=VECTOR('',#11558,1000.);
#1450=VECTOR('',#11561,1000.);
#1451=VECTOR('',#11566,1000.);
#1452=VECTOR('',#11569,1000.);
#1453=VECTOR('',#11574,1000.);
#1454=VECTOR('',#11577,1000.);
#1455=VECTOR('',#11582,1000.);
#1456=VECTOR('',#11585,1000.);
#1457=VECTOR('',#11590,1000.);
#1458=VECTOR('',#11593,1000.);
#1459=VECTOR('',#11598,1000.);
#1460=VECTOR('',#11601,1000.);
#1461=VECTOR('',#11604,1000.);
#1462=VECTOR('',#11607,1000.);
#1463=VECTOR('',#11610,1000.);
#1464=VECTOR('',#11613,1000.);
#1465=VECTOR('',#11618,1000.);
#1466=VECTOR('',#11621,1000.);
#1467=VECTOR('',#11626,1000.);
#1468=VECTOR('',#11629,1000.);
#1469=VECTOR('',#11634,1000.);
#1470=VECTOR('',#11635,1000.);
#1471=VECTOR('',#11640,1000.);
#1472=VECTOR('',#11641,1000.);
#1473=VECTOR('',#11646,1000.);
#1474=VECTOR('',#11649,1000.);
#1475=VECTOR('',#11654,1000.);
#1476=VECTOR('',#11657,1000.);
#1477=VECTOR('',#11662,1000.);
#1478=VECTOR('',#11665,1000.);
#1479=VECTOR('',#11670,1000.);
#1480=VECTOR('',#11673,1000.);
#1481=VECTOR('',#11678,1000.);
#1482=VECTOR('',#11681,1000.);
#1483=VECTOR('',#11686,1000.);
#1484=VECTOR('',#11689,1000.);
#1485=VECTOR('',#11694,1000.);
#1486=VECTOR('',#11697,1000.);
#1487=VECTOR('',#11702,1000.);
#1488=VECTOR('',#11705,1000.);
#1489=VECTOR('',#11712,1000.);
#1490=VECTOR('',#11713,1000.);
#1491=VECTOR('',#11714,1000.);
#1492=VECTOR('',#11715,1000.);
#1493=VECTOR('',#11732,1000.);
#1494=VECTOR('',#11735,1000.);
#1495=VECTOR('',#11736,1000.);
#1496=VECTOR('',#11739,1000.);
#1497=VECTOR('',#11742,1000.);
#1498=VECTOR('',#11745,1000.);
#1499=VECTOR('',#11748,1000.);
#1500=VECTOR('',#11751,1000.);
#1501=VECTOR('',#11764,1000.);
#1502=VECTOR('',#11765,1000.);
#1503=VECTOR('',#11766,1000.);
#1504=VECTOR('',#11767,1000.);
#1505=VECTOR('',#11768,1000.);
#1506=VECTOR('',#11771,1000.);
#1507=VECTOR('',#11772,1000.);
#1508=VECTOR('',#11773,1000.);
#1509=VECTOR('',#11774,1000.);
#1510=VECTOR('',#11777,1000.);
#1511=VECTOR('',#11778,1000.);
#1512=VECTOR('',#11779,1000.);
#1513=VECTOR('',#11780,1000.);
#1514=VECTOR('',#11783,1000.);
#1515=VECTOR('',#11784,1000.);
#1516=VECTOR('',#11785,1000.);
#1517=VECTOR('',#11822,1000.);
#1518=VECTOR('',#11823,1000.);
#1519=VECTOR('',#11826,1000.);
#1520=VECTOR('',#11831,1000.);
#1521=VECTOR('',#11834,1000.);
#1522=VECTOR('',#11835,1000.);
#1523=VECTOR('',#11838,1000.);
#1524=VECTOR('',#11841,1000.);
#1525=VECTOR('',#11842,1000.);
#1526=VECTOR('',#11847,1000.);
#1527=VECTOR('',#11850,1000.);
#1528=VECTOR('',#11853,1000.);
#1529=VECTOR('',#11856,1000.);
#1530=VECTOR('',#11861,1000.);
#1531=VECTOR('',#11864,1000.);
#1532=VECTOR('',#11867,1000.);
#1533=VECTOR('',#11872,1000.);
#1534=VECTOR('',#11875,1000.);
#1535=VECTOR('',#11886,1000.);
#1536=VECTOR('',#11887,1000.);
#1537=VECTOR('',#11888,1000.);
#1538=VECTOR('',#11891,1000.);
#1539=VECTOR('',#11892,1000.);
#1540=VECTOR('',#11893,1000.);
#1541=VECTOR('',#11896,1000.);
#1542=VECTOR('',#11897,1000.);
#1543=VECTOR('',#11898,1000.);
#1544=VECTOR('',#11901,1000.);
#1545=VECTOR('',#11902,1000.);
#1546=VECTOR('',#11903,1000.);
#1547=VECTOR('',#11906,1000.);
#1548=VECTOR('',#11907,1000.);
#1549=VECTOR('',#11908,1000.);
#1550=VECTOR('',#11909,1000.);
#1551=VECTOR('',#11920,1000.);
#1552=VECTOR('',#11923,1000.);
#1553=VECTOR('',#11926,1000.);
#1554=VECTOR('',#11929,1000.);
#1555=VECTOR('',#11966,1000.);
#1556=VECTOR('',#11969,1000.);
#1557=VECTOR('',#11972,1000.);
#1558=VECTOR('',#11975,1000.);
#1559=VECTOR('',#11990,1000.);
#1560=VECTOR('',#11991,1000.);
#1561=VECTOR('',#11992,1000.);
#1562=VECTOR('',#11993,1000.);
#1563=VECTOR('',#11996,1000.);
#1564=VECTOR('',#11999,1000.);
#1565=VECTOR('',#12002,1000.);
#1566=VECTOR('',#12003,1000.);
#1567=VECTOR('',#12006,1000.);
#1568=VECTOR('',#12009,1000.);
#1569=VECTOR('',#12010,1000.);
#1570=VECTOR('',#12013,1000.);
#1571=VECTOR('',#12026,1000.);
#1572=VECTOR('',#12027,1000.);
#1573=VECTOR('',#12030,1000.);
#1574=VECTOR('',#12033,1000.);
#1575=VECTOR('',#12036,1000.);
#1576=VECTOR('',#12039,1000.);
#1577=VECTOR('',#12042,1000.);
#1578=VECTOR('',#12045,1000.);
#1579=VECTOR('',#12060,1000.);
#1580=VECTOR('',#12063,1000.);
#1581=VECTOR('',#12068,1000.);
#1582=VECTOR('',#12071,1000.);
#1583=VECTOR('',#12076,1000.);
#1584=VECTOR('',#12083,1000.);
#1585=VECTOR('',#12090,1000.);
#1586=VECTOR('',#12097,1000.);
#1587=VECTOR('',#12100,1000.);
#1588=VECTOR('',#12105,1000.);
#1589=VECTOR('',#12108,1000.);
#1590=VECTOR('',#12113,1000.);
#1591=VECTOR('',#12116,1000.);
#1592=VECTOR('',#12121,1000.);
#1593=VECTOR('',#12124,1000.);
#1594=VECTOR('',#12129,1000.);
#1595=VECTOR('',#12132,1000.);
#1596=VECTOR('',#12137,1000.);
#1597=VECTOR('',#12140,1000.);
#1598=VECTOR('',#12145,1000.);
#1599=VECTOR('',#12148,1000.);
#1600=VECTOR('',#12151,1000.);
#1601=VECTOR('',#12154,1000.);
#1602=VECTOR('',#12155,1000.);
#1603=VECTOR('',#12156,1000.);
#1604=VECTOR('',#12159,1000.);
#1605=VECTOR('',#12162,1000.);
#1606=VECTOR('',#12163,1000.);
#1607=VECTOR('',#12164,1000.);
#1608=VECTOR('',#12167,1000.);
#1609=VECTOR('',#12170,1000.);
#1610=VECTOR('',#12171,1000.);
#1611=VECTOR('',#12174,1000.);
#1612=VECTOR('',#12177,1000.);
#1613=VECTOR('',#12178,1000.);
#1614=VECTOR('',#12183,1000.);
#1615=VECTOR('',#12184,1000.);
#1616=VECTOR('',#12189,1000.);
#1617=VECTOR('',#12190,1000.);
#1618=VECTOR('',#12195,1000.);
#1619=VECTOR('',#12198,1000.);
#1620=VECTOR('',#12201,1000.);
#1621=VECTOR('',#12204,1000.);
#1622=VECTOR('',#12207,1000.);
#1623=VECTOR('',#12210,1000.);
#1624=VECTOR('',#12215,1000.);
#1625=VECTOR('',#12216,1000.);
#1626=VECTOR('',#12221,1000.);
#1627=VECTOR('',#12224,1000.);
#1628=VECTOR('',#12225,1000.);
#1629=VECTOR('',#12228,1000.);
#1630=VECTOR('',#12229,1000.);
#1631=VECTOR('',#12232,1000.);
#1632=VECTOR('',#12235,1000.);
#1633=VECTOR('',#12238,1000.);
#1634=VECTOR('',#12241,1000.);
#1635=VECTOR('',#12244,1000.);
#1636=VECTOR('',#12247,1000.);
#1637=VECTOR('',#12250,1000.);
#1638=VECTOR('',#12251,1000.);
#1639=VECTOR('',#12254,1000.);
#1640=VECTOR('',#12255,1000.);
#1641=VECTOR('',#12260,1000.);
#1642=VECTOR('',#12263,1000.);
#1643=VECTOR('',#12268,1000.);
#1644=VECTOR('',#12271,1000.);
#1645=VECTOR('',#12276,1000.);
#1646=VECTOR('',#12279,1000.);
#1647=VECTOR('',#12290,1000.);
#1648=VECTOR('',#12293,1000.);
#1649=VECTOR('',#12304,1000.);
#1650=VECTOR('',#12307,1000.);
#1651=VECTOR('',#12312,1000.);
#1652=VECTOR('',#12315,1000.);
#1653=VECTOR('',#12320,1000.);
#1654=VECTOR('',#12323,1000.);
#1655=VECTOR('',#12328,1000.);
#1656=VECTOR('',#12331,1000.);
#1657=VECTOR('',#12334,1000.);
#1658=VECTOR('',#12335,1000.);
#1659=VECTOR('',#12338,1000.);
#1660=VECTOR('',#12339,1000.);
#1661=VECTOR('',#12342,1000.);
#1662=VECTOR('',#12343,1000.);
#1663=VECTOR('',#12346,1000.);
#1664=VECTOR('',#12347,1000.);
#1665=VECTOR('',#12350,1000.);
#1666=VECTOR('',#12351,1000.);
#1667=VECTOR('',#12352,1000.);
#1668=VECTOR('',#12353,1000.);
#1669=VECTOR('',#12354,1000.);
#1670=VECTOR('',#12355,1000.);
#1671=VECTOR('',#12356,1000.);
#1672=VECTOR('',#12357,1000.);
#1673=VECTOR('',#12360,1000.);
#1674=VECTOR('',#12361,1000.);
#1675=VECTOR('',#12364,1000.);
#1676=VECTOR('',#12365,1000.);
#1677=VECTOR('',#12390,1000.);
#1678=VECTOR('',#12391,1000.);
#1679=VECTOR('',#12392,1000.);
#1680=VECTOR('',#12395,1000.);
#1681=VECTOR('',#12396,1000.);
#1682=VECTOR('',#12397,1000.);
#1683=VECTOR('',#12406,1000.);
#1684=VECTOR('',#12407,1000.);
#1685=VECTOR('',#12408,1000.);
#1686=VECTOR('',#12415,1000.);
#1687=VECTOR('',#12422,1000.);
#1688=VECTOR('',#12423,1000.);
#1689=VECTOR('',#12424,1000.);
#1690=VECTOR('',#12501,1000.);
#1691=VECTOR('',#12502,1000.);
#1692=VECTOR('',#12505,1000.);
#1693=VECTOR('',#12506,1000.);
#1694=VECTOR('',#12509,1000.);
#1695=VECTOR('',#12512,1000.);
#1696=VECTOR('',#12529,1000.);
#1697=VECTOR('',#12532,1000.);
#1698=VECTOR('',#12535,1000.);
#1699=VECTOR('',#12666,1000.);
#1700=VECTOR('',#12669,1000.);
#1701=VECTOR('',#12674,1000.);
#1702=VECTOR('',#12677,1000.);
#1703=VECTOR('',#12682,1000.);
#1704=VECTOR('',#12685,1000.);
#1705=VECTOR('',#12690,1000.);
#1706=VECTOR('',#12691,1000.);
#1707=VECTOR('',#12694,1000.);
#1708=VECTOR('',#12697,1000.);
#1709=VECTOR('',#12700,1000.);
#1710=VECTOR('',#12703,1000.);
#1711=VECTOR('',#12708,1000.);
#1712=VECTOR('',#12711,1000.);
#1713=VECTOR('',#12716,1000.);
#1714=VECTOR('',#12719,1000.);
#1715=VECTOR('',#12724,1000.);
#1716=VECTOR('',#12727,1000.);
#1717=VECTOR('',#12732,1000.);
#1718=VECTOR('',#12735,1000.);
#1719=VECTOR('',#12740,1000.);
#1720=VECTOR('',#12743,1000.);
#1721=VECTOR('',#12748,1000.);
#1722=VECTOR('',#12751,1000.);
#1723=VECTOR('',#12754,1000.);
#1724=VECTOR('',#12757,1000.);
#1725=VECTOR('',#12760,1000.);
#1726=VECTOR('',#12763,1000.);
#1727=VECTOR('',#12768,1000.);
#1728=VECTOR('',#12769,1000.);
#1729=VECTOR('',#12774,1000.);
#1730=VECTOR('',#12775,1000.);
#1731=VECTOR('',#12778,1000.);
#1732=VECTOR('',#12781,1000.);
#1733=VECTOR('',#12784,1000.);
#1734=VECTOR('',#12787,1000.);
#1735=VECTOR('',#12790,1000.);
#1736=VECTOR('',#12793,1000.);
#1737=VECTOR('',#12796,1000.);
#1738=VECTOR('',#12799,1000.);
#1739=VECTOR('',#12804,1000.);
#1740=VECTOR('',#12807,1000.);
#1741=VECTOR('',#12810,1000.);
#1742=VECTOR('',#12813,1000.);
#1743=VECTOR('',#12816,1000.);
#1744=VECTOR('',#12817,1000.);
#1745=VECTOR('',#12818,1000.);
#1746=VECTOR('',#12819,1000.);
#1747=VECTOR('',#12828,1000.);
#1748=VECTOR('',#12829,1000.);
#1749=VECTOR('',#12830,1000.);
#1750=VECTOR('',#12831,1000.);
#1751=VECTOR('',#12832,1000.);
#1752=VECTOR('',#12835,1000.);
#1753=VECTOR('',#12836,1000.);
#1754=VECTOR('',#12837,1000.);
#1755=VECTOR('',#12840,1000.);
#1756=VECTOR('',#12841,1000.);
#1757=VECTOR('',#12842,1000.);
#1758=VECTOR('',#12845,1000.);
#1759=VECTOR('',#12846,1000.);
#1760=VECTOR('',#12847,1000.);
#1761=VECTOR('',#12862,1000.);
#1762=VECTOR('',#12867,1000.);
#1763=VECTOR('',#12868,1000.);
#1764=VECTOR('',#12871,1000.);
#1765=VECTOR('',#12874,1000.);
#1766=VECTOR('',#12879,1000.);
#1767=VECTOR('',#12880,1000.);
#1768=VECTOR('',#12883,1000.);
#1769=VECTOR('',#12886,1000.);
#1770=VECTOR('',#12887,1000.);
#1771=VECTOR('',#12888,1000.);
#1772=VECTOR('',#12889,1000.);
#1773=VECTOR('',#12890,1000.);
#1774=VECTOR('',#12893,1000.);
#1775=VECTOR('',#12896,1000.);
#1776=VECTOR('',#12897,1000.);
#1777=VECTOR('',#12898,1000.);
#1778=VECTOR('',#12909,1000.);
#1779=VECTOR('',#12910,1000.);
#1780=VECTOR('',#12911,1000.);
#1781=VECTOR('',#12912,1000.);
#1782=VECTOR('',#12913,1000.);
#1783=VECTOR('',#12936,1000.);
#1784=VECTOR('',#12937,1000.);
#1785=VECTOR('',#12938,1000.);
#1786=VECTOR('',#12941,1000.);
#1787=VECTOR('',#12944,1000.);
#1788=VECTOR('',#12947,1000.);
#1789=VECTOR('',#12950,1000.);
#1790=VECTOR('',#12951,1000.);
#1791=VECTOR('',#12952,1000.);
#1792=VECTOR('',#12955,1000.);
#1793=VECTOR('',#12956,1000.);
#1794=VECTOR('',#12959,1000.);
#1795=VECTOR('',#12960,1000.);
#1796=VECTOR('',#12963,1000.);
#1797=VECTOR('',#12964,1000.);
#1798=VECTOR('',#12965,1000.);
#1799=VECTOR('',#12968,1000.);
#1800=VECTOR('',#12987,1000.);
#1801=VECTOR('',#12988,1000.);
#1802=VECTOR('',#12989,1000.);
#1803=VECTOR('',#12992,1000.);
#1804=VECTOR('',#12993,1000.);
#1805=VECTOR('',#12996,1000.);
#1806=VECTOR('',#12997,1000.);
#1807=VECTOR('',#13024,1000.);
#1808=VECTOR('',#13025,1000.);
#1809=VECTOR('',#13028,1000.);
#1810=VECTOR('',#13029,1000.);
#1811=VECTOR('',#13032,1000.);
#1812=VECTOR('',#13039,1000.);
#1813=VECTOR('',#13040,1000.);
#1814=VECTOR('',#13043,1000.);
#1815=VECTOR('',#13046,1000.);
#1816=VECTOR('',#13047,1000.);
#1817=VECTOR('',#13048,1000.);
#1818=VECTOR('',#13071,1000.);
#1819=VECTOR('',#13084,1000.);
#1820=VECTOR('',#13085,1000.);
#1821=VECTOR('',#13088,1000.);
#1822=VECTOR('',#13091,1000.);
#1823=SHAPE_REPRESENTATION_RELATIONSHIP('','',#9371,#1824);
#1824=ADVANCED_BREP_SHAPE_REPRESENTATION('',(#9360,#9361,#9362,#9363,#9364,
#9365,#9366,#9367,#9368,#9369),#15964);
#1825=CYLINDRICAL_SURFACE('',#9379,11.);
#1826=CYLINDRICAL_SURFACE('',#9380,8.);
#1827=CYLINDRICAL_SURFACE('',#9387,11.);
#1828=CYLINDRICAL_SURFACE('',#9388,8.);
#1829=CYLINDRICAL_SURFACE('',#9391,4.00000000000064);
#1830=CYLINDRICAL_SURFACE('',#9395,8.00000000000031);
#1831=CYLINDRICAL_SURFACE('',#9399,4.);
#1832=CYLINDRICAL_SURFACE('',#9402,2.5);
#1833=CYLINDRICAL_SURFACE('',#9405,2.5);
#1834=CYLINDRICAL_SURFACE('',#9408,2.5);
#1835=CYLINDRICAL_SURFACE('',#9411,2.5);
#1836=CYLINDRICAL_SURFACE('',#9434,1.49999999999997);
#1837=CYLINDRICAL_SURFACE('',#9435,2.5);
#1838=CYLINDRICAL_SURFACE('',#9436,2.5);
#1839=CYLINDRICAL_SURFACE('',#9437,2.5);
#1840=CYLINDRICAL_SURFACE('',#9438,2.5);
#1841=CYLINDRICAL_SURFACE('',#9448,1.49999999999995);
#1842=CYLINDRICAL_SURFACE('',#9482,1.49999999999995);
#1843=CYLINDRICAL_SURFACE('',#9492,1.49999999999995);
#1844=CYLINDRICAL_SURFACE('',#9556,6.);
#1845=CYLINDRICAL_SURFACE('',#9559,6.);
#1846=CYLINDRICAL_SURFACE('',#9564,6.);
#1847=CYLINDRICAL_SURFACE('',#9567,6.);
#1848=CYLINDRICAL_SURFACE('',#9591,7.);
#1849=CYLINDRICAL_SURFACE('',#9593,5.5);
#1850=CYLINDRICAL_SURFACE('',#9596,5.5);
#1851=CYLINDRICAL_SURFACE('',#9599,5.5);
#1852=CYLINDRICAL_SURFACE('',#9602,5.5);
#1853=CYLINDRICAL_SURFACE('',#9605,11.);
#1854=CYLINDRICAL_SURFACE('',#9609,3.3);
#1855=CYLINDRICAL_SURFACE('',#9612,3.3);
#1856=CYLINDRICAL_SURFACE('',#9616,3.3);
#1857=CYLINDRICAL_SURFACE('',#9620,3.3);
#1858=CYLINDRICAL_SURFACE('',#9643,6.);
#1859=CYLINDRICAL_SURFACE('',#9645,6.);
#1860=CYLINDRICAL_SURFACE('',#9668,7.);
#1861=CYLINDRICAL_SURFACE('',#9670,5.5);
#1862=CYLINDRICAL_SURFACE('',#9672,5.5);
#1863=CYLINDRICAL_SURFACE('',#9674,5.5);
#1864=CYLINDRICAL_SURFACE('',#9676,5.5);
#1865=CYLINDRICAL_SURFACE('',#9700,11.);
#1866=CYLINDRICAL_SURFACE('',#9702,3.3);
#1867=CYLINDRICAL_SURFACE('',#9704,3.3);
#1868=CYLINDRICAL_SURFACE('',#9706,3.3);
#1869=CYLINDRICAL_SURFACE('',#9708,3.3);
#1870=CYLINDRICAL_SURFACE('',#9727,6.);
#1871=CYLINDRICAL_SURFACE('',#9729,6.);
#1872=CYLINDRICAL_SURFACE('',#9739,1.65);
#1873=CYLINDRICAL_SURFACE('',#9742,1.65);
#1874=CYLINDRICAL_SURFACE('',#9745,1.65);
#1875=CYLINDRICAL_SURFACE('',#9748,1.65);
#1876=CYLINDRICAL_SURFACE('',#9751,3.3);
#1877=CYLINDRICAL_SURFACE('',#9754,3.3);
#1878=CYLINDRICAL_SURFACE('',#9757,3.3);
#1879=CYLINDRICAL_SURFACE('',#9760,3.3);
#1880=CYLINDRICAL_SURFACE('',#9763,19.);
#1881=CYLINDRICAL_SURFACE('',#9770,3.);
#1882=CYLINDRICAL_SURFACE('',#9773,3.);
#1883=CYLINDRICAL_SURFACE('',#9776,6.);
#1884=CYLINDRICAL_SURFACE('',#9778,6.);
#1885=CYLINDRICAL_SURFACE('',#9780,5.5);
#1886=CYLINDRICAL_SURFACE('',#9783,5.5);
#1887=CYLINDRICAL_SURFACE('',#9786,5.5);
#1888=CYLINDRICAL_SURFACE('',#9789,5.5);
#1889=CYLINDRICAL_SURFACE('',#9792,1.7);
#1890=CYLINDRICAL_SURFACE('',#9795,1.7);
#1891=CYLINDRICAL_SURFACE('',#9798,1.7);
#1892=CYLINDRICAL_SURFACE('',#9801,1.7);
#1893=CYLINDRICAL_SURFACE('',#9830,1.65);
#1894=CYLINDRICAL_SURFACE('',#9832,1.65);
#1895=CYLINDRICAL_SURFACE('',#9834,1.65);
#1896=CYLINDRICAL_SURFACE('',#9836,1.65);
#1897=CYLINDRICAL_SURFACE('',#9838,3.3);
#1898=CYLINDRICAL_SURFACE('',#9840,3.3);
#1899=CYLINDRICAL_SURFACE('',#9842,3.3);
#1900=CYLINDRICAL_SURFACE('',#9844,3.3);
#1901=CYLINDRICAL_SURFACE('',#9846,3.);
#1902=CYLINDRICAL_SURFACE('',#9849,19.);
#1903=CYLINDRICAL_SURFACE('',#9854,3.);
#1904=CYLINDRICAL_SURFACE('',#9858,3.);
#1905=CYLINDRICAL_SURFACE('',#9862,3.);
#1906=CYLINDRICAL_SURFACE('',#9866,6.);
#1907=CYLINDRICAL_SURFACE('',#9868,6.);
#1908=CYLINDRICAL_SURFACE('',#9918,5.5);
#1909=CYLINDRICAL_SURFACE('',#9919,5.5);
#1910=CYLINDRICAL_SURFACE('',#9920,5.5);
#1911=CYLINDRICAL_SURFACE('',#9921,5.5);
#1912=CYLINDRICAL_SURFACE('',#9923,3.);
#1913=CYLINDRICAL_SURFACE('',#9925,3.);
#1914=CYLINDRICAL_SURFACE('',#9927,3.);
#1915=CYLINDRICAL_SURFACE('',#9929,3.);
#1916=CYLINDRICAL_SURFACE('',#9930,1.7);
#1917=CYLINDRICAL_SURFACE('',#9931,1.7);
#1918=CYLINDRICAL_SURFACE('',#9932,1.7);
#1919=CYLINDRICAL_SURFACE('',#9933,1.7);
#1920=CYLINDRICAL_SURFACE('',#9970,2.09999999999999);
#1921=CYLINDRICAL_SURFACE('',#9972,2.09999999999999);
#1922=CYLINDRICAL_SURFACE('',#9974,2.09999999999999);
#1923=CYLINDRICAL_SURFACE('',#9976,2.09999999999999);
#1924=CYLINDRICAL_SURFACE('',#9978,10.5);
#1925=CYLINDRICAL_SURFACE('',#9980,10.5);
#1926=CYLINDRICAL_SURFACE('',#9982,13.5);
#1927=CYLINDRICAL_SURFACE('',#9989,3.6);
#1928=CYLINDRICAL_SURFACE('',#9991,3.6);
#1929=CYLINDRICAL_SURFACE('',#9993,1.65000000000001);
#1930=CYLINDRICAL_SURFACE('',#9994,1.65000000000001);
#1931=CYLINDRICAL_SURFACE('',#9995,9.00000000000001);
#1932=CYLINDRICAL_SURFACE('',#9997,8.);
#1933=CYLINDRICAL_SURFACE('',#9999,8.);
#1934=CYLINDRICAL_SURFACE('',#10001,1.65000000000001);
#1935=CYLINDRICAL_SURFACE('',#10002,1.65000000000001);
#1936=CYLINDRICAL_SURFACE('',#10003,10.5);
#1937=CYLINDRICAL_SURFACE('',#10006,10.5);
#1938=CYLINDRICAL_SURFACE('',#10009,11.);
#1939=CYLINDRICAL_SURFACE('',#10012,11.);
#1940=CYLINDRICAL_SURFACE('',#10015,11.);
#1941=CYLINDRICAL_SURFACE('',#10018,11.);
#1942=CYLINDRICAL_SURFACE('',#10021,1.65);
#1943=CYLINDRICAL_SURFACE('',#10024,1.65);
#1944=CYLINDRICAL_SURFACE('',#10027,1.65);
#1945=CYLINDRICAL_SURFACE('',#10030,1.65);
#1946=CYLINDRICAL_SURFACE('',#10100,2.09999999999999);
#1947=CYLINDRICAL_SURFACE('',#10101,2.09999999999999);
#1948=CYLINDRICAL_SURFACE('',#10102,2.09999999999999);
#1949=CYLINDRICAL_SURFACE('',#10103,2.09999999999999);
#1950=CYLINDRICAL_SURFACE('',#10104,10.5);
#1951=CYLINDRICAL_SURFACE('',#10107,10.5);
#1952=CYLINDRICAL_SURFACE('',#10110,13.5);
#1953=CYLINDRICAL_SURFACE('',#10114,3.6);
#1954=CYLINDRICAL_SURFACE('',#10116,3.6);
#1955=CYLINDRICAL_SURFACE('',#10118,3.6);
#1956=CYLINDRICAL_SURFACE('',#10120,3.6);
#1957=CYLINDRICAL_SURFACE('',#10122,1.65000000000001);
#1958=CYLINDRICAL_SURFACE('',#10123,1.65000000000001);
#1959=CYLINDRICAL_SURFACE('',#10124,9.00000000000001);
#1960=CYLINDRICAL_SURFACE('',#10126,8.);
#1961=CYLINDRICAL_SURFACE('',#10129,8.);
#1962=CYLINDRICAL_SURFACE('',#10132,1.65000000000001);
#1963=CYLINDRICAL_SURFACE('',#10133,1.65000000000001);
#1964=CYLINDRICAL_SURFACE('',#10134,10.5);
#1965=CYLINDRICAL_SURFACE('',#10139,10.5);
#1966=CYLINDRICAL_SURFACE('',#10163,11.);
#1967=CYLINDRICAL_SURFACE('',#10164,11.);
#1968=CYLINDRICAL_SURFACE('',#10165,1.65);
#1969=CYLINDRICAL_SURFACE('',#10167,1.65);
#1970=CYLINDRICAL_SURFACE('',#10169,1.65);
#1971=CYLINDRICAL_SURFACE('',#10171,1.65);
#1972=CYLINDRICAL_SURFACE('',#10186,11.0000000000015);
#1973=CYLINDRICAL_SURFACE('',#10188,6.);
#1974=CYLINDRICAL_SURFACE('',#10190,6.);
#1975=CYLINDRICAL_SURFACE('',#10214,5.);
#1976=CYLINDRICAL_SURFACE('',#10216,5.);
#1977=CYLINDRICAL_SURFACE('',#10218,2.75);
#1978=CYLINDRICAL_SURFACE('',#10220,2.75);
#1979=CYLINDRICAL_SURFACE('',#10222,2.75);
#1980=CYLINDRICAL_SURFACE('',#10224,2.75);
#1981=CYLINDRICAL_SURFACE('',#10226,7.);
#1982=CYLINDRICAL_SURFACE('',#10261,11.0000000000015);
#1983=CYLINDRICAL_SURFACE('',#10263,6.);
#1984=CYLINDRICAL_SURFACE('',#10265,6.);
#1985=CYLINDRICAL_SURFACE('',#10297,5.);
#1986=CYLINDRICAL_SURFACE('',#10299,5.);
#1987=CYLINDRICAL_SURFACE('',#10313,2.75);
#1988=CYLINDRICAL_SURFACE('',#10315,2.75);
#1989=CYLINDRICAL_SURFACE('',#10317,2.75);
#1990=CYLINDRICAL_SURFACE('',#10319,2.75);
#1991=CYLINDRICAL_SURFACE('',#10322,7.);
#1992=CYLINDRICAL_SURFACE('',#10330,5.);
#1993=CYLINDRICAL_SURFACE('',#10331,5.);
#1994=ORIENTED_EDGE('',*,*,#4640,.F.);
#1995=ORIENTED_EDGE('',*,*,#4641,.F.);
#1996=ORIENTED_EDGE('',*,*,#4642,.F.);
#1997=ORIENTED_EDGE('',*,*,#4643,.F.);
#1998=ORIENTED_EDGE('',*,*,#4641,.T.);
#1999=ORIENTED_EDGE('',*,*,#4643,.T.);
#2000=ORIENTED_EDGE('',*,*,#4642,.T.);
#2001=ORIENTED_EDGE('',*,*,#4640,.T.);
#2002=ORIENTED_EDGE('',*,*,#4644,.F.);
#2003=ORIENTED_EDGE('',*,*,#4645,.F.);
#2004=ORIENTED_EDGE('',*,*,#4646,.F.);
#2005=ORIENTED_EDGE('',*,*,#4647,.F.);
#2006=ORIENTED_EDGE('',*,*,#4645,.T.);
#2007=ORIENTED_EDGE('',*,*,#4647,.T.);
#2008=ORIENTED_EDGE('',*,*,#4646,.T.);
#2009=ORIENTED_EDGE('',*,*,#4644,.T.);
#2010=ORIENTED_EDGE('',*,*,#4648,.F.);
#2011=ORIENTED_EDGE('',*,*,#4649,.F.);
#2012=ORIENTED_EDGE('',*,*,#4648,.T.);
#2013=ORIENTED_EDGE('',*,*,#4650,.F.);
#2014=ORIENTED_EDGE('',*,*,#4649,.T.);
#2015=ORIENTED_EDGE('',*,*,#4651,.F.);
#2016=ORIENTED_EDGE('',*,*,#4650,.T.);
#2017=ORIENTED_EDGE('',*,*,#4652,.F.);
#2018=ORIENTED_EDGE('',*,*,#4651,.T.);
#2019=ORIENTED_EDGE('',*,*,#4653,.F.);
#2020=ORIENTED_EDGE('',*,*,#4652,.T.);
#2021=ORIENTED_EDGE('',*,*,#4653,.T.);
#2022=ORIENTED_EDGE('',*,*,#4654,.F.);
#2023=ORIENTED_EDGE('',*,*,#4655,.T.);
#2024=ORIENTED_EDGE('',*,*,#4656,.T.);
#2025=ORIENTED_EDGE('',*,*,#4657,.F.);
#2026=ORIENTED_EDGE('',*,*,#4658,.F.);
#2027=ORIENTED_EDGE('',*,*,#4659,.T.);
#2028=ORIENTED_EDGE('',*,*,#4660,.T.);
#2029=ORIENTED_EDGE('',*,*,#4661,.F.);
#2030=ORIENTED_EDGE('',*,*,#4662,.F.);
#2031=ORIENTED_EDGE('',*,*,#4663,.T.);
#2032=ORIENTED_EDGE('',*,*,#4664,.T.);
#2033=ORIENTED_EDGE('',*,*,#4665,.F.);
#2034=ORIENTED_EDGE('',*,*,#4666,.F.);
#2035=ORIENTED_EDGE('',*,*,#4667,.T.);
#2036=ORIENTED_EDGE('',*,*,#4668,.T.);
#2037=ORIENTED_EDGE('',*,*,#4669,.F.);
#2038=ORIENTED_EDGE('',*,*,#4670,.F.);
#2039=ORIENTED_EDGE('',*,*,#4671,.F.);
#2040=ORIENTED_EDGE('',*,*,#4672,.F.);
#2041=ORIENTED_EDGE('',*,*,#4673,.F.);
#2042=ORIENTED_EDGE('',*,*,#4674,.F.);
#2043=ORIENTED_EDGE('',*,*,#4656,.F.);
#2044=ORIENTED_EDGE('',*,*,#4675,.F.);
#2045=ORIENTED_EDGE('',*,*,#4660,.F.);
#2046=ORIENTED_EDGE('',*,*,#4676,.F.);
#2047=ORIENTED_EDGE('',*,*,#4664,.F.);
#2048=ORIENTED_EDGE('',*,*,#4677,.F.);
#2049=ORIENTED_EDGE('',*,*,#4668,.F.);
#2050=ORIENTED_EDGE('',*,*,#4678,.F.);
#2051=ORIENTED_EDGE('',*,*,#4673,.T.);
#2052=ORIENTED_EDGE('',*,*,#4679,.F.);
#2053=ORIENTED_EDGE('',*,*,#4680,.F.);
#2054=ORIENTED_EDGE('',*,*,#4681,.T.);
#2055=ORIENTED_EDGE('',*,*,#4682,.T.);
#2056=ORIENTED_EDGE('',*,*,#4683,.F.);
#2057=ORIENTED_EDGE('',*,*,#4684,.F.);
#2058=ORIENTED_EDGE('',*,*,#4685,.T.);
#2059=ORIENTED_EDGE('',*,*,#4686,.F.);
#2060=ORIENTED_EDGE('',*,*,#4687,.F.);
#2061=ORIENTED_EDGE('',*,*,#4688,.F.);
#2062=ORIENTED_EDGE('',*,*,#4689,.T.);
#2063=ORIENTED_EDGE('',*,*,#4690,.F.);
#2064=ORIENTED_EDGE('',*,*,#4691,.F.);
#2065=ORIENTED_EDGE('',*,*,#4692,.T.);
#2066=ORIENTED_EDGE('',*,*,#4693,.T.);
#2067=ORIENTED_EDGE('',*,*,#4694,.F.);
#2068=ORIENTED_EDGE('',*,*,#4695,.F.);
#2069=ORIENTED_EDGE('',*,*,#4696,.F.);
#2070=ORIENTED_EDGE('',*,*,#4697,.T.);
#2071=ORIENTED_EDGE('',*,*,#4698,.T.);
#2072=ORIENTED_EDGE('',*,*,#4699,.F.);
#2073=ORIENTED_EDGE('',*,*,#4700,.F.);
#2074=ORIENTED_EDGE('',*,*,#4701,.T.);
#2075=ORIENTED_EDGE('',*,*,#4702,.F.);
#2076=ORIENTED_EDGE('',*,*,#4703,.F.);
#2077=ORIENTED_EDGE('',*,*,#4704,.F.);
#2078=ORIENTED_EDGE('',*,*,#4705,.T.);
#2079=ORIENTED_EDGE('',*,*,#4706,.F.);
#2080=ORIENTED_EDGE('',*,*,#4707,.F.);
#2081=ORIENTED_EDGE('',*,*,#4708,.T.);
#2082=ORIENTED_EDGE('',*,*,#4709,.T.);
#2083=ORIENTED_EDGE('',*,*,#4710,.F.);
#2084=ORIENTED_EDGE('',*,*,#4711,.T.);
#2085=ORIENTED_EDGE('',*,*,#4712,.T.);
#2086=ORIENTED_EDGE('',*,*,#4713,.F.);
#2087=ORIENTED_EDGE('',*,*,#4714,.F.);
#2088=ORIENTED_EDGE('',*,*,#4715,.T.);
#2089=ORIENTED_EDGE('',*,*,#4716,.F.);
#2090=ORIENTED_EDGE('',*,*,#4717,.F.);
#2091=ORIENTED_EDGE('',*,*,#4718,.F.);
#2092=ORIENTED_EDGE('',*,*,#4719,.T.);
#2093=ORIENTED_EDGE('',*,*,#4720,.F.);
#2094=ORIENTED_EDGE('',*,*,#4721,.F.);
#2095=ORIENTED_EDGE('',*,*,#4722,.T.);
#2096=ORIENTED_EDGE('',*,*,#4723,.T.);
#2097=ORIENTED_EDGE('',*,*,#4724,.F.);
#2098=ORIENTED_EDGE('',*,*,#4725,.T.);
#2099=ORIENTED_EDGE('',*,*,#4726,.T.);
#2100=ORIENTED_EDGE('',*,*,#4727,.F.);
#2101=ORIENTED_EDGE('',*,*,#4728,.F.);
#2102=ORIENTED_EDGE('',*,*,#4729,.T.);
#2103=ORIENTED_EDGE('',*,*,#4730,.F.);
#2104=ORIENTED_EDGE('',*,*,#4731,.F.);
#2105=ORIENTED_EDGE('',*,*,#4732,.F.);
#2106=ORIENTED_EDGE('',*,*,#4733,.T.);
#2107=ORIENTED_EDGE('',*,*,#4734,.F.);
#2108=ORIENTED_EDGE('',*,*,#4735,.F.);
#2109=ORIENTED_EDGE('',*,*,#4736,.T.);
#2110=ORIENTED_EDGE('',*,*,#4737,.T.);
#2111=ORIENTED_EDGE('',*,*,#4738,.F.);
#2112=ORIENTED_EDGE('',*,*,#4739,.T.);
#2113=ORIENTED_EDGE('',*,*,#4740,.T.);
#2114=ORIENTED_EDGE('',*,*,#4741,.F.);
#2115=ORIENTED_EDGE('',*,*,#4742,.F.);
#2116=ORIENTED_EDGE('',*,*,#4743,.T.);
#2117=ORIENTED_EDGE('',*,*,#4744,.F.);
#2118=ORIENTED_EDGE('',*,*,#4745,.F.);
#2119=ORIENTED_EDGE('',*,*,#4746,.F.);
#2120=ORIENTED_EDGE('',*,*,#4747,.T.);
#2121=ORIENTED_EDGE('',*,*,#4748,.F.);
#2122=ORIENTED_EDGE('',*,*,#4749,.F.);
#2123=ORIENTED_EDGE('',*,*,#4750,.T.);
#2124=ORIENTED_EDGE('',*,*,#4751,.T.);
#2125=ORIENTED_EDGE('',*,*,#4752,.F.);
#2126=ORIENTED_EDGE('',*,*,#4753,.F.);
#2127=ORIENTED_EDGE('',*,*,#4754,.F.);
#2128=ORIENTED_EDGE('',*,*,#4755,.T.);
#2129=ORIENTED_EDGE('',*,*,#4756,.T.);
#2130=ORIENTED_EDGE('',*,*,#4757,.F.);
#2131=ORIENTED_EDGE('',*,*,#4758,.F.);
#2132=ORIENTED_EDGE('',*,*,#4759,.T.);
#2133=ORIENTED_EDGE('',*,*,#4760,.F.);
#2134=ORIENTED_EDGE('',*,*,#4761,.F.);
#2135=ORIENTED_EDGE('',*,*,#4762,.F.);
#2136=ORIENTED_EDGE('',*,*,#4763,.T.);
#2137=ORIENTED_EDGE('',*,*,#4764,.F.);
#2138=ORIENTED_EDGE('',*,*,#4765,.F.);
#2139=ORIENTED_EDGE('',*,*,#4766,.T.);
#2140=ORIENTED_EDGE('',*,*,#4767,.T.);
#2141=ORIENTED_EDGE('',*,*,#4768,.F.);
#2142=ORIENTED_EDGE('',*,*,#4769,.F.);
#2143=ORIENTED_EDGE('',*,*,#4770,.F.);
#2144=ORIENTED_EDGE('',*,*,#4771,.T.);
#2145=ORIENTED_EDGE('',*,*,#4772,.T.);
#2146=ORIENTED_EDGE('',*,*,#4773,.F.);
#2147=ORIENTED_EDGE('',*,*,#4774,.F.);
#2148=ORIENTED_EDGE('',*,*,#4775,.T.);
#2149=ORIENTED_EDGE('',*,*,#4776,.F.);
#2150=ORIENTED_EDGE('',*,*,#4777,.F.);
#2151=ORIENTED_EDGE('',*,*,#4778,.F.);
#2152=ORIENTED_EDGE('',*,*,#4779,.T.);
#2153=ORIENTED_EDGE('',*,*,#4780,.F.);
#2154=ORIENTED_EDGE('',*,*,#4781,.F.);
#2155=ORIENTED_EDGE('',*,*,#4782,.T.);
#2156=ORIENTED_EDGE('',*,*,#4783,.T.);
#2157=ORIENTED_EDGE('',*,*,#4784,.F.);
#2158=ORIENTED_EDGE('',*,*,#4785,.T.);
#2159=ORIENTED_EDGE('',*,*,#4786,.T.);
#2160=ORIENTED_EDGE('',*,*,#4787,.F.);
#2161=ORIENTED_EDGE('',*,*,#4788,.F.);
#2162=ORIENTED_EDGE('',*,*,#4789,.T.);
#2163=ORIENTED_EDGE('',*,*,#4790,.F.);
#2164=ORIENTED_EDGE('',*,*,#4791,.F.);
#2165=ORIENTED_EDGE('',*,*,#4792,.F.);
#2166=ORIENTED_EDGE('',*,*,#4793,.T.);
#2167=ORIENTED_EDGE('',*,*,#4794,.F.);
#2168=ORIENTED_EDGE('',*,*,#4795,.F.);
#2169=ORIENTED_EDGE('',*,*,#4796,.T.);
#2170=ORIENTED_EDGE('',*,*,#4797,.F.);
#2171=ORIENTED_EDGE('',*,*,#4798,.F.);
#2172=ORIENTED_EDGE('',*,*,#4670,.T.);
#2173=ORIENTED_EDGE('',*,*,#4678,.T.);
#2174=ORIENTED_EDGE('',*,*,#4799,.T.);
#2175=ORIENTED_EDGE('',*,*,#4654,.T.);
#2176=ORIENTED_EDGE('',*,*,#4800,.T.);
#2177=ORIENTED_EDGE('',*,*,#4662,.T.);
#2178=ORIENTED_EDGE('',*,*,#4801,.T.);
#2179=ORIENTED_EDGE('',*,*,#4666,.T.);
#2180=ORIENTED_EDGE('',*,*,#4802,.T.);
#2181=ORIENTED_EDGE('',*,*,#4658,.T.);
#2182=ORIENTED_EDGE('',*,*,#4803,.T.);
#2183=ORIENTED_EDGE('',*,*,#4671,.T.);
#2184=ORIENTED_EDGE('',*,*,#4798,.T.);
#2185=ORIENTED_EDGE('',*,*,#4804,.T.);
#2186=ORIENTED_EDGE('',*,*,#4805,.T.);
#2187=ORIENTED_EDGE('',*,*,#4806,.T.);
#2188=ORIENTED_EDGE('',*,*,#4807,.T.);
#2189=ORIENTED_EDGE('',*,*,#4808,.T.);
#2190=ORIENTED_EDGE('',*,*,#4809,.T.);
#2191=ORIENTED_EDGE('',*,*,#4810,.T.);
#2192=ORIENTED_EDGE('',*,*,#4811,.T.);
#2193=ORIENTED_EDGE('',*,*,#4812,.T.);
#2194=ORIENTED_EDGE('',*,*,#4813,.T.);
#2195=ORIENTED_EDGE('',*,*,#4814,.T.);
#2196=ORIENTED_EDGE('',*,*,#4815,.T.);
#2197=ORIENTED_EDGE('',*,*,#4816,.T.);
#2198=ORIENTED_EDGE('',*,*,#4817,.T.);
#2199=ORIENTED_EDGE('',*,*,#4818,.T.);
#2200=ORIENTED_EDGE('',*,*,#4819,.T.);
#2201=ORIENTED_EDGE('',*,*,#4820,.T.);
#2202=ORIENTED_EDGE('',*,*,#4821,.T.);
#2203=ORIENTED_EDGE('',*,*,#4822,.T.);
#2204=ORIENTED_EDGE('',*,*,#4823,.T.);
#2205=ORIENTED_EDGE('',*,*,#4824,.T.);
#2206=ORIENTED_EDGE('',*,*,#4825,.T.);
#2207=ORIENTED_EDGE('',*,*,#4826,.T.);
#2208=ORIENTED_EDGE('',*,*,#4827,.T.);
#2209=ORIENTED_EDGE('',*,*,#4828,.T.);
#2210=ORIENTED_EDGE('',*,*,#4829,.T.);
#2211=ORIENTED_EDGE('',*,*,#4830,.T.);
#2212=ORIENTED_EDGE('',*,*,#4831,.T.);
#2213=ORIENTED_EDGE('',*,*,#4832,.T.);
#2214=ORIENTED_EDGE('',*,*,#4833,.T.);
#2215=ORIENTED_EDGE('',*,*,#4834,.T.);
#2216=ORIENTED_EDGE('',*,*,#4835,.T.);
#2217=ORIENTED_EDGE('',*,*,#4836,.T.);
#2218=ORIENTED_EDGE('',*,*,#4837,.T.);
#2219=ORIENTED_EDGE('',*,*,#4838,.T.);
#2220=ORIENTED_EDGE('',*,*,#4839,.T.);
#2221=ORIENTED_EDGE('',*,*,#4840,.T.);
#2222=ORIENTED_EDGE('',*,*,#4841,.T.);
#2223=ORIENTED_EDGE('',*,*,#4842,.T.);
#2224=ORIENTED_EDGE('',*,*,#4843,.T.);
#2225=ORIENTED_EDGE('',*,*,#4844,.T.);
#2226=ORIENTED_EDGE('',*,*,#4845,.T.);
#2227=ORIENTED_EDGE('',*,*,#4846,.T.);
#2228=ORIENTED_EDGE('',*,*,#4847,.T.);
#2229=ORIENTED_EDGE('',*,*,#4848,.T.);
#2230=ORIENTED_EDGE('',*,*,#4849,.T.);
#2231=ORIENTED_EDGE('',*,*,#4850,.T.);
#2232=ORIENTED_EDGE('',*,*,#4851,.T.);
#2233=ORIENTED_EDGE('',*,*,#4852,.T.);
#2234=ORIENTED_EDGE('',*,*,#4853,.T.);
#2235=ORIENTED_EDGE('',*,*,#4854,.T.);
#2236=ORIENTED_EDGE('',*,*,#4855,.T.);
#2237=ORIENTED_EDGE('',*,*,#4856,.T.);
#2238=ORIENTED_EDGE('',*,*,#4857,.T.);
#2239=ORIENTED_EDGE('',*,*,#4858,.T.);
#2240=ORIENTED_EDGE('',*,*,#4859,.T.);
#2241=ORIENTED_EDGE('',*,*,#4860,.T.);
#2242=ORIENTED_EDGE('',*,*,#4861,.T.);
#2243=ORIENTED_EDGE('',*,*,#4862,.T.);
#2244=ORIENTED_EDGE('',*,*,#4863,.T.);
#2245=ORIENTED_EDGE('',*,*,#4864,.T.);
#2246=ORIENTED_EDGE('',*,*,#4865,.T.);
#2247=ORIENTED_EDGE('',*,*,#4866,.T.);
#2248=ORIENTED_EDGE('',*,*,#4867,.T.);
#2249=ORIENTED_EDGE('',*,*,#4868,.T.);
#2250=ORIENTED_EDGE('',*,*,#4869,.T.);
#2251=ORIENTED_EDGE('',*,*,#4870,.T.);
#2252=ORIENTED_EDGE('',*,*,#4871,.T.);
#2253=ORIENTED_EDGE('',*,*,#4872,.T.);
#2254=ORIENTED_EDGE('',*,*,#4873,.T.);
#2255=ORIENTED_EDGE('',*,*,#4874,.T.);
#2256=ORIENTED_EDGE('',*,*,#4875,.T.);
#2257=ORIENTED_EDGE('',*,*,#4876,.T.);
#2258=ORIENTED_EDGE('',*,*,#4877,.T.);
#2259=ORIENTED_EDGE('',*,*,#4878,.T.);
#2260=ORIENTED_EDGE('',*,*,#4879,.T.);
#2261=ORIENTED_EDGE('',*,*,#4880,.T.);
#2262=ORIENTED_EDGE('',*,*,#4881,.T.);
#2263=ORIENTED_EDGE('',*,*,#4882,.T.);
#2264=ORIENTED_EDGE('',*,*,#4883,.T.);
#2265=ORIENTED_EDGE('',*,*,#4884,.T.);
#2266=ORIENTED_EDGE('',*,*,#4885,.T.);
#2267=ORIENTED_EDGE('',*,*,#4886,.T.);
#2268=ORIENTED_EDGE('',*,*,#4887,.T.);
#2269=ORIENTED_EDGE('',*,*,#4888,.T.);
#2270=ORIENTED_EDGE('',*,*,#4889,.T.);
#2271=ORIENTED_EDGE('',*,*,#4890,.T.);
#2272=ORIENTED_EDGE('',*,*,#4891,.T.);
#2273=ORIENTED_EDGE('',*,*,#4892,.T.);
#2274=ORIENTED_EDGE('',*,*,#4893,.T.);
#2275=ORIENTED_EDGE('',*,*,#4894,.T.);
#2276=ORIENTED_EDGE('',*,*,#4895,.T.);
#2277=ORIENTED_EDGE('',*,*,#4896,.T.);
#2278=ORIENTED_EDGE('',*,*,#4897,.T.);
#2279=ORIENTED_EDGE('',*,*,#4898,.T.);
#2280=ORIENTED_EDGE('',*,*,#4899,.T.);
#2281=ORIENTED_EDGE('',*,*,#4900,.T.);
#2282=ORIENTED_EDGE('',*,*,#4901,.T.);
#2283=ORIENTED_EDGE('',*,*,#4902,.T.);
#2284=ORIENTED_EDGE('',*,*,#4903,.T.);
#2285=ORIENTED_EDGE('',*,*,#4904,.T.);
#2286=ORIENTED_EDGE('',*,*,#4905,.T.);
#2287=ORIENTED_EDGE('',*,*,#4906,.T.);
#2288=ORIENTED_EDGE('',*,*,#4907,.T.);
#2289=ORIENTED_EDGE('',*,*,#4908,.T.);
#2290=ORIENTED_EDGE('',*,*,#4909,.T.);
#2291=ORIENTED_EDGE('',*,*,#4910,.T.);
#2292=ORIENTED_EDGE('',*,*,#4911,.T.);
#2293=ORIENTED_EDGE('',*,*,#4912,.T.);
#2294=ORIENTED_EDGE('',*,*,#4913,.T.);
#2295=ORIENTED_EDGE('',*,*,#4914,.T.);
#2296=ORIENTED_EDGE('',*,*,#4915,.T.);
#2297=ORIENTED_EDGE('',*,*,#4916,.T.);
#2298=ORIENTED_EDGE('',*,*,#4917,.T.);
#2299=ORIENTED_EDGE('',*,*,#4918,.T.);
#2300=ORIENTED_EDGE('',*,*,#4919,.T.);
#2301=ORIENTED_EDGE('',*,*,#4920,.T.);
#2302=ORIENTED_EDGE('',*,*,#4803,.F.);
#2303=ORIENTED_EDGE('',*,*,#4921,.T.);
#2304=ORIENTED_EDGE('',*,*,#4679,.T.);
#2305=ORIENTED_EDGE('',*,*,#4672,.T.);
#2306=ORIENTED_EDGE('',*,*,#4655,.F.);
#2307=ORIENTED_EDGE('',*,*,#4799,.F.);
#2308=ORIENTED_EDGE('',*,*,#4657,.T.);
#2309=ORIENTED_EDGE('',*,*,#4674,.T.);
#2310=ORIENTED_EDGE('',*,*,#4659,.F.);
#2311=ORIENTED_EDGE('',*,*,#4802,.F.);
#2312=ORIENTED_EDGE('',*,*,#4661,.T.);
#2313=ORIENTED_EDGE('',*,*,#4675,.T.);
#2314=ORIENTED_EDGE('',*,*,#4663,.F.);
#2315=ORIENTED_EDGE('',*,*,#4800,.F.);
#2316=ORIENTED_EDGE('',*,*,#4665,.T.);
#2317=ORIENTED_EDGE('',*,*,#4676,.T.);
#2318=ORIENTED_EDGE('',*,*,#4667,.F.);
#2319=ORIENTED_EDGE('',*,*,#4801,.F.);
#2320=ORIENTED_EDGE('',*,*,#4669,.T.);
#2321=ORIENTED_EDGE('',*,*,#4677,.T.);
#2322=ORIENTED_EDGE('',*,*,#4922,.F.);
#2323=ORIENTED_EDGE('',*,*,#4680,.T.);
#2324=ORIENTED_EDGE('',*,*,#4921,.F.);
#2325=ORIENTED_EDGE('',*,*,#4920,.F.);
#2326=ORIENTED_EDGE('',*,*,#4923,.F.);
#2327=ORIENTED_EDGE('',*,*,#4683,.T.);
#2328=ORIENTED_EDGE('',*,*,#4924,.F.);
#2329=ORIENTED_EDGE('',*,*,#4917,.F.);
#2330=ORIENTED_EDGE('',*,*,#4925,.F.);
#2331=ORIENTED_EDGE('',*,*,#4684,.T.);
#2332=ORIENTED_EDGE('',*,*,#4923,.T.);
#2333=ORIENTED_EDGE('',*,*,#4916,.F.);
#2334=ORIENTED_EDGE('',*,*,#4926,.F.);
#2335=ORIENTED_EDGE('',*,*,#4686,.T.);
#2336=ORIENTED_EDGE('',*,*,#4927,.F.);
#2337=ORIENTED_EDGE('',*,*,#4914,.F.);
#2338=ORIENTED_EDGE('',*,*,#4928,.F.);
#2339=ORIENTED_EDGE('',*,*,#4687,.T.);
#2340=ORIENTED_EDGE('',*,*,#4926,.T.);
#2341=ORIENTED_EDGE('',*,*,#4913,.F.);
#2342=ORIENTED_EDGE('',*,*,#4929,.F.);
#2343=ORIENTED_EDGE('',*,*,#4688,.T.);
#2344=ORIENTED_EDGE('',*,*,#4928,.T.);
#2345=ORIENTED_EDGE('',*,*,#4912,.F.);
#2346=ORIENTED_EDGE('',*,*,#4930,.F.);
#2347=ORIENTED_EDGE('',*,*,#4690,.T.);
#2348=ORIENTED_EDGE('',*,*,#4931,.F.);
#2349=ORIENTED_EDGE('',*,*,#4910,.F.);
#2350=ORIENTED_EDGE('',*,*,#4932,.F.);
#2351=ORIENTED_EDGE('',*,*,#4691,.T.);
#2352=ORIENTED_EDGE('',*,*,#4930,.T.);
#2353=ORIENTED_EDGE('',*,*,#4909,.F.);
#2354=ORIENTED_EDGE('',*,*,#4933,.F.);
#2355=ORIENTED_EDGE('',*,*,#4694,.T.);
#2356=ORIENTED_EDGE('',*,*,#4934,.F.);
#2357=ORIENTED_EDGE('',*,*,#4906,.F.);
#2358=ORIENTED_EDGE('',*,*,#4905,.F.);
#2359=ORIENTED_EDGE('',*,*,#4935,.T.);
#2360=ORIENTED_EDGE('',*,*,#4695,.T.);
#2361=ORIENTED_EDGE('',*,*,#4933,.T.);
#2362=ORIENTED_EDGE('',*,*,#4936,.F.);
#2363=ORIENTED_EDGE('',*,*,#4696,.T.);
#2364=ORIENTED_EDGE('',*,*,#4935,.F.);
#2365=ORIENTED_EDGE('',*,*,#4904,.F.);
#2366=ORIENTED_EDGE('',*,*,#4937,.F.);
#2367=ORIENTED_EDGE('',*,*,#4699,.T.);
#2368=ORIENTED_EDGE('',*,*,#4938,.F.);
#2369=ORIENTED_EDGE('',*,*,#4901,.F.);
#2370=ORIENTED_EDGE('',*,*,#4939,.F.);
#2371=ORIENTED_EDGE('',*,*,#4700,.T.);
#2372=ORIENTED_EDGE('',*,*,#4937,.T.);
#2373=ORIENTED_EDGE('',*,*,#4900,.F.);
#2374=ORIENTED_EDGE('',*,*,#4940,.F.);
#2375=ORIENTED_EDGE('',*,*,#4702,.T.);
#2376=ORIENTED_EDGE('',*,*,#4941,.F.);
#2377=ORIENTED_EDGE('',*,*,#4898,.F.);
#2378=ORIENTED_EDGE('',*,*,#4942,.F.);
#2379=ORIENTED_EDGE('',*,*,#4703,.T.);
#2380=ORIENTED_EDGE('',*,*,#4940,.T.);
#2381=ORIENTED_EDGE('',*,*,#4897,.F.);
#2382=ORIENTED_EDGE('',*,*,#4943,.F.);
#2383=ORIENTED_EDGE('',*,*,#4704,.T.);
#2384=ORIENTED_EDGE('',*,*,#4942,.T.);
#2385=ORIENTED_EDGE('',*,*,#4896,.F.);
#2386=ORIENTED_EDGE('',*,*,#4944,.F.);
#2387=ORIENTED_EDGE('',*,*,#4706,.T.);
#2388=ORIENTED_EDGE('',*,*,#4945,.F.);
#2389=ORIENTED_EDGE('',*,*,#4894,.F.);
#2390=ORIENTED_EDGE('',*,*,#4946,.F.);
#2391=ORIENTED_EDGE('',*,*,#4707,.T.);
#2392=ORIENTED_EDGE('',*,*,#4944,.T.);
#2393=ORIENTED_EDGE('',*,*,#4893,.F.);
#2394=ORIENTED_EDGE('',*,*,#4947,.F.);
#2395=ORIENTED_EDGE('',*,*,#4710,.T.);
#2396=ORIENTED_EDGE('',*,*,#4948,.F.);
#2397=ORIENTED_EDGE('',*,*,#4890,.F.);
#2398=ORIENTED_EDGE('',*,*,#4949,.F.);
#2399=ORIENTED_EDGE('',*,*,#4713,.T.);
#2400=ORIENTED_EDGE('',*,*,#4950,.F.);
#2401=ORIENTED_EDGE('',*,*,#4887,.F.);
#2402=ORIENTED_EDGE('',*,*,#4951,.F.);
#2403=ORIENTED_EDGE('',*,*,#4714,.T.);
#2404=ORIENTED_EDGE('',*,*,#4949,.T.);
#2405=ORIENTED_EDGE('',*,*,#4886,.F.);
#2406=ORIENTED_EDGE('',*,*,#4952,.F.);
#2407=ORIENTED_EDGE('',*,*,#4716,.T.);
#2408=ORIENTED_EDGE('',*,*,#4953,.F.);
#2409=ORIENTED_EDGE('',*,*,#4884,.F.);
#2410=ORIENTED_EDGE('',*,*,#4954,.F.);
#2411=ORIENTED_EDGE('',*,*,#4717,.T.);
#2412=ORIENTED_EDGE('',*,*,#4952,.T.);
#2413=ORIENTED_EDGE('',*,*,#4883,.F.);
#2414=ORIENTED_EDGE('',*,*,#4955,.F.);
#2415=ORIENTED_EDGE('',*,*,#4718,.T.);
#2416=ORIENTED_EDGE('',*,*,#4954,.T.);
#2417=ORIENTED_EDGE('',*,*,#4882,.F.);
#2418=ORIENTED_EDGE('',*,*,#4956,.F.);
#2419=ORIENTED_EDGE('',*,*,#4720,.T.);
#2420=ORIENTED_EDGE('',*,*,#4957,.F.);
#2421=ORIENTED_EDGE('',*,*,#4880,.F.);
#2422=ORIENTED_EDGE('',*,*,#4958,.F.);
#2423=ORIENTED_EDGE('',*,*,#4721,.T.);
#2424=ORIENTED_EDGE('',*,*,#4956,.T.);
#2425=ORIENTED_EDGE('',*,*,#4879,.F.);
#2426=ORIENTED_EDGE('',*,*,#4959,.F.);
#2427=ORIENTED_EDGE('',*,*,#4724,.T.);
#2428=ORIENTED_EDGE('',*,*,#4960,.F.);
#2429=ORIENTED_EDGE('',*,*,#4876,.F.);
#2430=ORIENTED_EDGE('',*,*,#4961,.F.);
#2431=ORIENTED_EDGE('',*,*,#4727,.T.);
#2432=ORIENTED_EDGE('',*,*,#4962,.F.);
#2433=ORIENTED_EDGE('',*,*,#4873,.F.);
#2434=ORIENTED_EDGE('',*,*,#4963,.F.);
#2435=ORIENTED_EDGE('',*,*,#4728,.T.);
#2436=ORIENTED_EDGE('',*,*,#4961,.T.);
#2437=ORIENTED_EDGE('',*,*,#4872,.F.);
#2438=ORIENTED_EDGE('',*,*,#4964,.F.);
#2439=ORIENTED_EDGE('',*,*,#4730,.T.);
#2440=ORIENTED_EDGE('',*,*,#4965,.F.);
#2441=ORIENTED_EDGE('',*,*,#4870,.F.);
#2442=ORIENTED_EDGE('',*,*,#4966,.F.);
#2443=ORIENTED_EDGE('',*,*,#4731,.T.);
#2444=ORIENTED_EDGE('',*,*,#4964,.T.);
#2445=ORIENTED_EDGE('',*,*,#4869,.F.);
#2446=ORIENTED_EDGE('',*,*,#4967,.F.);
#2447=ORIENTED_EDGE('',*,*,#4732,.T.);
#2448=ORIENTED_EDGE('',*,*,#4966,.T.);
#2449=ORIENTED_EDGE('',*,*,#4868,.F.);
#2450=ORIENTED_EDGE('',*,*,#4968,.F.);
#2451=ORIENTED_EDGE('',*,*,#4734,.T.);
#2452=ORIENTED_EDGE('',*,*,#4969,.F.);
#2453=ORIENTED_EDGE('',*,*,#4866,.F.);
#2454=ORIENTED_EDGE('',*,*,#4970,.F.);
#2455=ORIENTED_EDGE('',*,*,#4735,.T.);
#2456=ORIENTED_EDGE('',*,*,#4968,.T.);
#2457=ORIENTED_EDGE('',*,*,#4865,.F.);
#2458=ORIENTED_EDGE('',*,*,#4971,.F.);
#2459=ORIENTED_EDGE('',*,*,#4738,.T.);
#2460=ORIENTED_EDGE('',*,*,#4972,.F.);
#2461=ORIENTED_EDGE('',*,*,#4862,.F.);
#2462=ORIENTED_EDGE('',*,*,#4973,.F.);
#2463=ORIENTED_EDGE('',*,*,#4741,.T.);
#2464=ORIENTED_EDGE('',*,*,#4974,.F.);
#2465=ORIENTED_EDGE('',*,*,#4859,.F.);
#2466=ORIENTED_EDGE('',*,*,#4975,.F.);
#2467=ORIENTED_EDGE('',*,*,#4742,.T.);
#2468=ORIENTED_EDGE('',*,*,#4973,.T.);
#2469=ORIENTED_EDGE('',*,*,#4858,.F.);
#2470=ORIENTED_EDGE('',*,*,#4976,.F.);
#2471=ORIENTED_EDGE('',*,*,#4744,.T.);
#2472=ORIENTED_EDGE('',*,*,#4977,.F.);
#2473=ORIENTED_EDGE('',*,*,#4856,.F.);
#2474=ORIENTED_EDGE('',*,*,#4978,.F.);
#2475=ORIENTED_EDGE('',*,*,#4745,.T.);
#2476=ORIENTED_EDGE('',*,*,#4976,.T.);
#2477=ORIENTED_EDGE('',*,*,#4855,.F.);
#2478=ORIENTED_EDGE('',*,*,#4979,.F.);
#2479=ORIENTED_EDGE('',*,*,#4746,.T.);
#2480=ORIENTED_EDGE('',*,*,#4978,.T.);
#2481=ORIENTED_EDGE('',*,*,#4854,.F.);
#2482=ORIENTED_EDGE('',*,*,#4980,.F.);
#2483=ORIENTED_EDGE('',*,*,#4748,.T.);
#2484=ORIENTED_EDGE('',*,*,#4981,.F.);
#2485=ORIENTED_EDGE('',*,*,#4852,.F.);
#2486=ORIENTED_EDGE('',*,*,#4982,.F.);
#2487=ORIENTED_EDGE('',*,*,#4749,.T.);
#2488=ORIENTED_EDGE('',*,*,#4980,.T.);
#2489=ORIENTED_EDGE('',*,*,#4851,.F.);
#2490=ORIENTED_EDGE('',*,*,#4983,.F.);
#2491=ORIENTED_EDGE('',*,*,#4752,.T.);
#2492=ORIENTED_EDGE('',*,*,#4984,.F.);
#2493=ORIENTED_EDGE('',*,*,#4848,.F.);
#2494=ORIENTED_EDGE('',*,*,#4847,.F.);
#2495=ORIENTED_EDGE('',*,*,#4985,.T.);
#2496=ORIENTED_EDGE('',*,*,#4753,.T.);
#2497=ORIENTED_EDGE('',*,*,#4983,.T.);
#2498=ORIENTED_EDGE('',*,*,#4986,.F.);
#2499=ORIENTED_EDGE('',*,*,#4754,.T.);
#2500=ORIENTED_EDGE('',*,*,#4985,.F.);
#2501=ORIENTED_EDGE('',*,*,#4846,.F.);
#2502=ORIENTED_EDGE('',*,*,#4987,.F.);
#2503=ORIENTED_EDGE('',*,*,#4757,.T.);
#2504=ORIENTED_EDGE('',*,*,#4988,.F.);
#2505=ORIENTED_EDGE('',*,*,#4843,.F.);
#2506=ORIENTED_EDGE('',*,*,#4989,.F.);
#2507=ORIENTED_EDGE('',*,*,#4758,.T.);
#2508=ORIENTED_EDGE('',*,*,#4987,.T.);
#2509=ORIENTED_EDGE('',*,*,#4842,.F.);
#2510=ORIENTED_EDGE('',*,*,#4990,.F.);
#2511=ORIENTED_EDGE('',*,*,#4760,.T.);
#2512=ORIENTED_EDGE('',*,*,#4991,.F.);
#2513=ORIENTED_EDGE('',*,*,#4840,.F.);
#2514=ORIENTED_EDGE('',*,*,#4992,.F.);
#2515=ORIENTED_EDGE('',*,*,#4761,.T.);
#2516=ORIENTED_EDGE('',*,*,#4990,.T.);
#2517=ORIENTED_EDGE('',*,*,#4839,.F.);
#2518=ORIENTED_EDGE('',*,*,#4993,.F.);
#2519=ORIENTED_EDGE('',*,*,#4762,.T.);
#2520=ORIENTED_EDGE('',*,*,#4992,.T.);
#2521=ORIENTED_EDGE('',*,*,#4838,.F.);
#2522=ORIENTED_EDGE('',*,*,#4994,.F.);
#2523=ORIENTED_EDGE('',*,*,#4764,.T.);
#2524=ORIENTED_EDGE('',*,*,#4995,.F.);
#2525=ORIENTED_EDGE('',*,*,#4836,.F.);
#2526=ORIENTED_EDGE('',*,*,#4996,.F.);
#2527=ORIENTED_EDGE('',*,*,#4765,.T.);
#2528=ORIENTED_EDGE('',*,*,#4994,.T.);
#2529=ORIENTED_EDGE('',*,*,#4835,.F.);
#2530=ORIENTED_EDGE('',*,*,#4997,.F.);
#2531=ORIENTED_EDGE('',*,*,#4768,.T.);
#2532=ORIENTED_EDGE('',*,*,#4998,.F.);
#2533=ORIENTED_EDGE('',*,*,#4832,.F.);
#2534=ORIENTED_EDGE('',*,*,#4831,.F.);
#2535=ORIENTED_EDGE('',*,*,#4999,.T.);
#2536=ORIENTED_EDGE('',*,*,#4769,.T.);
#2537=ORIENTED_EDGE('',*,*,#4997,.T.);
#2538=ORIENTED_EDGE('',*,*,#5000,.F.);
#2539=ORIENTED_EDGE('',*,*,#4770,.T.);
#2540=ORIENTED_EDGE('',*,*,#4999,.F.);
#2541=ORIENTED_EDGE('',*,*,#4830,.F.);
#2542=ORIENTED_EDGE('',*,*,#5001,.F.);
#2543=ORIENTED_EDGE('',*,*,#4827,.F.);
#2544=ORIENTED_EDGE('',*,*,#5002,.F.);
#2545=ORIENTED_EDGE('',*,*,#4773,.T.);
#2546=ORIENTED_EDGE('',*,*,#5002,.T.);
#2547=ORIENTED_EDGE('',*,*,#4826,.F.);
#2548=ORIENTED_EDGE('',*,*,#5003,.F.);
#2549=ORIENTED_EDGE('',*,*,#4774,.T.);
#2550=ORIENTED_EDGE('',*,*,#5004,.F.);
#2551=ORIENTED_EDGE('',*,*,#4824,.F.);
#2552=ORIENTED_EDGE('',*,*,#5005,.F.);
#2553=ORIENTED_EDGE('',*,*,#4776,.T.);
#2554=ORIENTED_EDGE('',*,*,#5005,.T.);
#2555=ORIENTED_EDGE('',*,*,#4823,.F.);
#2556=ORIENTED_EDGE('',*,*,#5006,.F.);
#2557=ORIENTED_EDGE('',*,*,#4777,.T.);
#2558=ORIENTED_EDGE('',*,*,#5006,.T.);
#2559=ORIENTED_EDGE('',*,*,#4822,.F.);
#2560=ORIENTED_EDGE('',*,*,#5007,.F.);
#2561=ORIENTED_EDGE('',*,*,#4778,.T.);
#2562=ORIENTED_EDGE('',*,*,#5008,.F.);
#2563=ORIENTED_EDGE('',*,*,#4820,.F.);
#2564=ORIENTED_EDGE('',*,*,#5009,.F.);
#2565=ORIENTED_EDGE('',*,*,#4780,.T.);
#2566=ORIENTED_EDGE('',*,*,#5009,.T.);
#2567=ORIENTED_EDGE('',*,*,#4819,.F.);
#2568=ORIENTED_EDGE('',*,*,#5010,.F.);
#2569=ORIENTED_EDGE('',*,*,#4781,.T.);
#2570=ORIENTED_EDGE('',*,*,#5011,.F.);
#2571=ORIENTED_EDGE('',*,*,#4784,.T.);
#2572=ORIENTED_EDGE('',*,*,#5012,.F.);
#2573=ORIENTED_EDGE('',*,*,#4816,.F.);
#2574=ORIENTED_EDGE('',*,*,#5013,.F.);
#2575=ORIENTED_EDGE('',*,*,#4813,.F.);
#2576=ORIENTED_EDGE('',*,*,#5014,.F.);
#2577=ORIENTED_EDGE('',*,*,#4787,.T.);
#2578=ORIENTED_EDGE('',*,*,#5014,.T.);
#2579=ORIENTED_EDGE('',*,*,#4812,.F.);
#2580=ORIENTED_EDGE('',*,*,#5015,.F.);
#2581=ORIENTED_EDGE('',*,*,#4788,.T.);
#2582=ORIENTED_EDGE('',*,*,#5016,.F.);
#2583=ORIENTED_EDGE('',*,*,#4810,.F.);
#2584=ORIENTED_EDGE('',*,*,#5017,.F.);
#2585=ORIENTED_EDGE('',*,*,#4790,.T.);
#2586=ORIENTED_EDGE('',*,*,#5017,.T.);
#2587=ORIENTED_EDGE('',*,*,#4809,.F.);
#2588=ORIENTED_EDGE('',*,*,#5018,.F.);
#2589=ORIENTED_EDGE('',*,*,#4791,.T.);
#2590=ORIENTED_EDGE('',*,*,#5018,.T.);
#2591=ORIENTED_EDGE('',*,*,#4808,.F.);
#2592=ORIENTED_EDGE('',*,*,#5019,.F.);
#2593=ORIENTED_EDGE('',*,*,#4792,.T.);
#2594=ORIENTED_EDGE('',*,*,#5020,.F.);
#2595=ORIENTED_EDGE('',*,*,#4806,.F.);
#2596=ORIENTED_EDGE('',*,*,#5021,.F.);
#2597=ORIENTED_EDGE('',*,*,#4794,.T.);
#2598=ORIENTED_EDGE('',*,*,#5021,.T.);
#2599=ORIENTED_EDGE('',*,*,#4805,.F.);
#2600=ORIENTED_EDGE('',*,*,#5022,.F.);
#2601=ORIENTED_EDGE('',*,*,#4795,.T.);
#2602=ORIENTED_EDGE('',*,*,#5022,.T.);
#2603=ORIENTED_EDGE('',*,*,#4804,.F.);
#2604=ORIENTED_EDGE('',*,*,#4797,.T.);
#2605=ORIENTED_EDGE('',*,*,#4796,.F.);
#2606=ORIENTED_EDGE('',*,*,#5023,.F.);
#2607=ORIENTED_EDGE('',*,*,#4681,.F.);
#2608=ORIENTED_EDGE('',*,*,#4922,.T.);
#2609=ORIENTED_EDGE('',*,*,#4919,.F.);
#2610=ORIENTED_EDGE('',*,*,#4924,.T.);
#2611=ORIENTED_EDGE('',*,*,#4682,.F.);
#2612=ORIENTED_EDGE('',*,*,#5023,.T.);
#2613=ORIENTED_EDGE('',*,*,#4918,.F.);
#2614=ORIENTED_EDGE('',*,*,#4927,.T.);
#2615=ORIENTED_EDGE('',*,*,#4685,.F.);
#2616=ORIENTED_EDGE('',*,*,#4925,.T.);
#2617=ORIENTED_EDGE('',*,*,#4915,.F.);
#2618=ORIENTED_EDGE('',*,*,#4931,.T.);
#2619=ORIENTED_EDGE('',*,*,#4689,.F.);
#2620=ORIENTED_EDGE('',*,*,#4929,.T.);
#2621=ORIENTED_EDGE('',*,*,#4911,.F.);
#2622=ORIENTED_EDGE('',*,*,#5024,.F.);
#2623=ORIENTED_EDGE('',*,*,#4692,.F.);
#2624=ORIENTED_EDGE('',*,*,#4932,.T.);
#2625=ORIENTED_EDGE('',*,*,#4908,.F.);
#2626=ORIENTED_EDGE('',*,*,#4934,.T.);
#2627=ORIENTED_EDGE('',*,*,#4693,.F.);
#2628=ORIENTED_EDGE('',*,*,#5024,.T.);
#2629=ORIENTED_EDGE('',*,*,#4907,.F.);
#2630=ORIENTED_EDGE('',*,*,#5025,.F.);
#2631=ORIENTED_EDGE('',*,*,#4697,.F.);
#2632=ORIENTED_EDGE('',*,*,#4936,.T.);
#2633=ORIENTED_EDGE('',*,*,#4903,.F.);
#2634=ORIENTED_EDGE('',*,*,#4938,.T.);
#2635=ORIENTED_EDGE('',*,*,#4698,.F.);
#2636=ORIENTED_EDGE('',*,*,#5025,.T.);
#2637=ORIENTED_EDGE('',*,*,#4902,.F.);
#2638=ORIENTED_EDGE('',*,*,#4941,.T.);
#2639=ORIENTED_EDGE('',*,*,#4701,.F.);
#2640=ORIENTED_EDGE('',*,*,#4939,.T.);
#2641=ORIENTED_EDGE('',*,*,#4899,.F.);
#2642=ORIENTED_EDGE('',*,*,#4945,.T.);
#2643=ORIENTED_EDGE('',*,*,#4705,.F.);
#2644=ORIENTED_EDGE('',*,*,#4943,.T.);
#2645=ORIENTED_EDGE('',*,*,#4895,.F.);
#2646=ORIENTED_EDGE('',*,*,#5026,.F.);
#2647=ORIENTED_EDGE('',*,*,#4708,.F.);
#2648=ORIENTED_EDGE('',*,*,#4946,.T.);
#2649=ORIENTED_EDGE('',*,*,#4892,.F.);
#2650=ORIENTED_EDGE('',*,*,#5027,.F.);
#2651=ORIENTED_EDGE('',*,*,#4711,.F.);
#2652=ORIENTED_EDGE('',*,*,#4947,.T.);
#2653=ORIENTED_EDGE('',*,*,#4889,.F.);
#2654=ORIENTED_EDGE('',*,*,#4948,.T.);
#2655=ORIENTED_EDGE('',*,*,#4709,.F.);
#2656=ORIENTED_EDGE('',*,*,#5026,.T.);
#2657=ORIENTED_EDGE('',*,*,#4891,.F.);
#2658=ORIENTED_EDGE('',*,*,#4950,.T.);
#2659=ORIENTED_EDGE('',*,*,#4712,.F.);
#2660=ORIENTED_EDGE('',*,*,#5027,.T.);
#2661=ORIENTED_EDGE('',*,*,#4888,.F.);
#2662=ORIENTED_EDGE('',*,*,#4953,.T.);
#2663=ORIENTED_EDGE('',*,*,#4715,.F.);
#2664=ORIENTED_EDGE('',*,*,#4951,.T.);
#2665=ORIENTED_EDGE('',*,*,#4885,.F.);
#2666=ORIENTED_EDGE('',*,*,#4957,.T.);
#2667=ORIENTED_EDGE('',*,*,#4719,.F.);
#2668=ORIENTED_EDGE('',*,*,#4955,.T.);
#2669=ORIENTED_EDGE('',*,*,#4881,.F.);
#2670=ORIENTED_EDGE('',*,*,#5028,.F.);
#2671=ORIENTED_EDGE('',*,*,#4722,.F.);
#2672=ORIENTED_EDGE('',*,*,#4958,.T.);
#2673=ORIENTED_EDGE('',*,*,#4878,.F.);
#2674=ORIENTED_EDGE('',*,*,#5029,.F.);
#2675=ORIENTED_EDGE('',*,*,#4725,.F.);
#2676=ORIENTED_EDGE('',*,*,#4959,.T.);
#2677=ORIENTED_EDGE('',*,*,#4875,.F.);
#2678=ORIENTED_EDGE('',*,*,#4960,.T.);
#2679=ORIENTED_EDGE('',*,*,#4723,.F.);
#2680=ORIENTED_EDGE('',*,*,#5028,.T.);
#2681=ORIENTED_EDGE('',*,*,#4877,.F.);
#2682=ORIENTED_EDGE('',*,*,#4962,.T.);
#2683=ORIENTED_EDGE('',*,*,#4726,.F.);
#2684=ORIENTED_EDGE('',*,*,#5029,.T.);
#2685=ORIENTED_EDGE('',*,*,#4874,.F.);
#2686=ORIENTED_EDGE('',*,*,#4965,.T.);
#2687=ORIENTED_EDGE('',*,*,#4729,.F.);
#2688=ORIENTED_EDGE('',*,*,#4963,.T.);
#2689=ORIENTED_EDGE('',*,*,#4871,.F.);
#2690=ORIENTED_EDGE('',*,*,#4969,.T.);
#2691=ORIENTED_EDGE('',*,*,#4733,.F.);
#2692=ORIENTED_EDGE('',*,*,#4967,.T.);
#2693=ORIENTED_EDGE('',*,*,#4867,.F.);
#2694=ORIENTED_EDGE('',*,*,#5030,.F.);
#2695=ORIENTED_EDGE('',*,*,#4736,.F.);
#2696=ORIENTED_EDGE('',*,*,#4970,.T.);
#2697=ORIENTED_EDGE('',*,*,#4864,.F.);
#2698=ORIENTED_EDGE('',*,*,#5031,.F.);
#2699=ORIENTED_EDGE('',*,*,#4739,.F.);
#2700=ORIENTED_EDGE('',*,*,#4971,.T.);
#2701=ORIENTED_EDGE('',*,*,#4861,.F.);
#2702=ORIENTED_EDGE('',*,*,#4972,.T.);
#2703=ORIENTED_EDGE('',*,*,#4737,.F.);
#2704=ORIENTED_EDGE('',*,*,#5030,.T.);
#2705=ORIENTED_EDGE('',*,*,#4863,.F.);
#2706=ORIENTED_EDGE('',*,*,#4974,.T.);
#2707=ORIENTED_EDGE('',*,*,#4740,.F.);
#2708=ORIENTED_EDGE('',*,*,#5031,.T.);
#2709=ORIENTED_EDGE('',*,*,#4860,.F.);
#2710=ORIENTED_EDGE('',*,*,#4977,.T.);
#2711=ORIENTED_EDGE('',*,*,#4743,.F.);
#2712=ORIENTED_EDGE('',*,*,#4975,.T.);
#2713=ORIENTED_EDGE('',*,*,#4857,.F.);
#2714=ORIENTED_EDGE('',*,*,#4981,.T.);
#2715=ORIENTED_EDGE('',*,*,#4747,.F.);
#2716=ORIENTED_EDGE('',*,*,#4979,.T.);
#2717=ORIENTED_EDGE('',*,*,#4853,.F.);
#2718=ORIENTED_EDGE('',*,*,#5032,.F.);
#2719=ORIENTED_EDGE('',*,*,#4750,.F.);
#2720=ORIENTED_EDGE('',*,*,#4982,.T.);
#2721=ORIENTED_EDGE('',*,*,#4850,.F.);
#2722=ORIENTED_EDGE('',*,*,#4984,.T.);
#2723=ORIENTED_EDGE('',*,*,#4751,.F.);
#2724=ORIENTED_EDGE('',*,*,#5032,.T.);
#2725=ORIENTED_EDGE('',*,*,#4849,.F.);
#2726=ORIENTED_EDGE('',*,*,#5033,.F.);
#2727=ORIENTED_EDGE('',*,*,#4755,.F.);
#2728=ORIENTED_EDGE('',*,*,#4986,.T.);
#2729=ORIENTED_EDGE('',*,*,#4845,.F.);
#2730=ORIENTED_EDGE('',*,*,#4988,.T.);
#2731=ORIENTED_EDGE('',*,*,#4756,.F.);
#2732=ORIENTED_EDGE('',*,*,#5033,.T.);
#2733=ORIENTED_EDGE('',*,*,#4844,.F.);
#2734=ORIENTED_EDGE('',*,*,#4991,.T.);
#2735=ORIENTED_EDGE('',*,*,#4759,.F.);
#2736=ORIENTED_EDGE('',*,*,#4989,.T.);
#2737=ORIENTED_EDGE('',*,*,#4841,.F.);
#2738=ORIENTED_EDGE('',*,*,#4995,.T.);
#2739=ORIENTED_EDGE('',*,*,#4763,.F.);
#2740=ORIENTED_EDGE('',*,*,#4993,.T.);
#2741=ORIENTED_EDGE('',*,*,#4837,.F.);
#2742=ORIENTED_EDGE('',*,*,#5034,.F.);
#2743=ORIENTED_EDGE('',*,*,#4766,.F.);
#2744=ORIENTED_EDGE('',*,*,#4996,.T.);
#2745=ORIENTED_EDGE('',*,*,#4834,.F.);
#2746=ORIENTED_EDGE('',*,*,#4998,.T.);
#2747=ORIENTED_EDGE('',*,*,#4767,.F.);
#2748=ORIENTED_EDGE('',*,*,#5034,.T.);
#2749=ORIENTED_EDGE('',*,*,#4833,.F.);
#2750=ORIENTED_EDGE('',*,*,#5000,.T.);
#2751=ORIENTED_EDGE('',*,*,#4829,.F.);
#2752=ORIENTED_EDGE('',*,*,#5035,.F.);
#2753=ORIENTED_EDGE('',*,*,#4771,.F.);
#2754=ORIENTED_EDGE('',*,*,#5035,.T.);
#2755=ORIENTED_EDGE('',*,*,#4828,.F.);
#2756=ORIENTED_EDGE('',*,*,#5001,.T.);
#2757=ORIENTED_EDGE('',*,*,#4772,.F.);
#2758=ORIENTED_EDGE('',*,*,#5003,.T.);
#2759=ORIENTED_EDGE('',*,*,#4825,.F.);
#2760=ORIENTED_EDGE('',*,*,#5004,.T.);
#2761=ORIENTED_EDGE('',*,*,#4775,.F.);
#2762=ORIENTED_EDGE('',*,*,#5007,.T.);
#2763=ORIENTED_EDGE('',*,*,#4821,.F.);
#2764=ORIENTED_EDGE('',*,*,#5008,.T.);
#2765=ORIENTED_EDGE('',*,*,#4779,.F.);
#2766=ORIENTED_EDGE('',*,*,#5010,.T.);
#2767=ORIENTED_EDGE('',*,*,#4818,.F.);
#2768=ORIENTED_EDGE('',*,*,#5036,.F.);
#2769=ORIENTED_EDGE('',*,*,#4782,.F.);
#2770=ORIENTED_EDGE('',*,*,#5011,.T.);
#2771=ORIENTED_EDGE('',*,*,#4815,.F.);
#2772=ORIENTED_EDGE('',*,*,#5037,.F.);
#2773=ORIENTED_EDGE('',*,*,#4785,.F.);
#2774=ORIENTED_EDGE('',*,*,#5036,.T.);
#2775=ORIENTED_EDGE('',*,*,#4817,.F.);
#2776=ORIENTED_EDGE('',*,*,#5012,.T.);
#2777=ORIENTED_EDGE('',*,*,#4783,.F.);
#2778=ORIENTED_EDGE('',*,*,#5037,.T.);
#2779=ORIENTED_EDGE('',*,*,#4814,.F.);
#2780=ORIENTED_EDGE('',*,*,#5013,.T.);
#2781=ORIENTED_EDGE('',*,*,#4786,.F.);
#2782=ORIENTED_EDGE('',*,*,#5015,.T.);
#2783=ORIENTED_EDGE('',*,*,#4811,.F.);
#2784=ORIENTED_EDGE('',*,*,#5016,.T.);
#2785=ORIENTED_EDGE('',*,*,#4789,.F.);
#2786=ORIENTED_EDGE('',*,*,#5019,.T.);
#2787=ORIENTED_EDGE('',*,*,#4807,.F.);
#2788=ORIENTED_EDGE('',*,*,#5020,.T.);
#2789=ORIENTED_EDGE('',*,*,#4793,.F.);
#2790=ORIENTED_EDGE('',*,*,#5038,.T.);
#2791=ORIENTED_EDGE('',*,*,#5039,.T.);
#2792=ORIENTED_EDGE('',*,*,#5040,.T.);
#2793=ORIENTED_EDGE('',*,*,#5041,.F.);
#2794=ORIENTED_EDGE('',*,*,#5039,.F.);
#2795=ORIENTED_EDGE('',*,*,#5042,.T.);
#2796=ORIENTED_EDGE('',*,*,#5041,.T.);
#2797=ORIENTED_EDGE('',*,*,#5043,.T.);
#2798=ORIENTED_EDGE('',*,*,#5043,.F.);
#2799=ORIENTED_EDGE('',*,*,#5040,.F.);
#2800=ORIENTED_EDGE('',*,*,#5038,.F.);
#2801=ORIENTED_EDGE('',*,*,#5042,.F.);
#2802=ORIENTED_EDGE('',*,*,#5044,.T.);
#2803=ORIENTED_EDGE('',*,*,#5045,.T.);
#2804=ORIENTED_EDGE('',*,*,#5046,.T.);
#2805=ORIENTED_EDGE('',*,*,#5047,.F.);
#2806=ORIENTED_EDGE('',*,*,#5045,.F.);
#2807=ORIENTED_EDGE('',*,*,#5048,.T.);
#2808=ORIENTED_EDGE('',*,*,#5047,.T.);
#2809=ORIENTED_EDGE('',*,*,#5049,.T.);
#2810=ORIENTED_EDGE('',*,*,#5049,.F.);
#2811=ORIENTED_EDGE('',*,*,#5046,.F.);
#2812=ORIENTED_EDGE('',*,*,#5044,.F.);
#2813=ORIENTED_EDGE('',*,*,#5048,.F.);
#2814=ORIENTED_EDGE('',*,*,#5050,.F.);
#2815=ORIENTED_EDGE('',*,*,#5051,.T.);
#2816=ORIENTED_EDGE('',*,*,#5052,.T.);
#2817=ORIENTED_EDGE('',*,*,#5053,.F.);
#2818=ORIENTED_EDGE('',*,*,#5054,.F.);
#2819=ORIENTED_EDGE('',*,*,#5055,.T.);
#2820=ORIENTED_EDGE('',*,*,#5056,.T.);
#2821=ORIENTED_EDGE('',*,*,#5057,.F.);
#2822=ORIENTED_EDGE('',*,*,#5058,.F.);
#2823=ORIENTED_EDGE('',*,*,#5059,.F.);
#2824=ORIENTED_EDGE('',*,*,#5060,.T.);
#2825=ORIENTED_EDGE('',*,*,#5061,.T.);
#2826=ORIENTED_EDGE('',*,*,#5062,.F.);
#2827=ORIENTED_EDGE('',*,*,#5063,.F.);
#2828=ORIENTED_EDGE('',*,*,#5064,.F.);
#2829=ORIENTED_EDGE('',*,*,#5065,.T.);
#2830=ORIENTED_EDGE('',*,*,#5066,.T.);
#2831=ORIENTED_EDGE('',*,*,#5067,.F.);
#2832=ORIENTED_EDGE('',*,*,#5068,.F.);
#2833=ORIENTED_EDGE('',*,*,#5069,.F.);
#2834=ORIENTED_EDGE('',*,*,#5070,.T.);
#2835=ORIENTED_EDGE('',*,*,#5071,.T.);
#2836=ORIENTED_EDGE('',*,*,#5072,.F.);
#2837=ORIENTED_EDGE('',*,*,#5073,.F.);
#2838=ORIENTED_EDGE('',*,*,#5050,.T.);
#2839=ORIENTED_EDGE('',*,*,#5074,.T.);
#2840=ORIENTED_EDGE('',*,*,#5075,.F.);
#2841=ORIENTED_EDGE('',*,*,#5076,.F.);
#2842=ORIENTED_EDGE('',*,*,#5077,.F.);
#2843=ORIENTED_EDGE('',*,*,#5078,.T.);
#2844=ORIENTED_EDGE('',*,*,#5058,.T.);
#2845=ORIENTED_EDGE('',*,*,#5079,.T.);
#2846=ORIENTED_EDGE('',*,*,#5080,.F.);
#2847=ORIENTED_EDGE('',*,*,#5081,.F.);
#2848=ORIENTED_EDGE('',*,*,#5082,.T.);
#2849=ORIENTED_EDGE('',*,*,#5063,.T.);
#2850=ORIENTED_EDGE('',*,*,#5083,.T.);
#2851=ORIENTED_EDGE('',*,*,#5084,.F.);
#2852=ORIENTED_EDGE('',*,*,#5085,.F.);
#2853=ORIENTED_EDGE('',*,*,#5086,.T.);
#2854=ORIENTED_EDGE('',*,*,#5068,.T.);
#2855=ORIENTED_EDGE('',*,*,#5087,.T.);
#2856=ORIENTED_EDGE('',*,*,#5088,.F.);
#2857=ORIENTED_EDGE('',*,*,#5089,.F.);
#2858=ORIENTED_EDGE('',*,*,#5090,.T.);
#2859=ORIENTED_EDGE('',*,*,#5073,.T.);
#2860=ORIENTED_EDGE('',*,*,#5091,.T.);
#2861=ORIENTED_EDGE('',*,*,#5092,.F.);
#2862=ORIENTED_EDGE('',*,*,#5093,.F.);
#2863=ORIENTED_EDGE('',*,*,#5094,.T.);
#2864=ORIENTED_EDGE('',*,*,#5095,.F.);
#2865=ORIENTED_EDGE('',*,*,#5096,.F.);
#2866=ORIENTED_EDGE('',*,*,#5097,.F.);
#2867=ORIENTED_EDGE('',*,*,#5098,.F.);
#2868=ORIENTED_EDGE('',*,*,#5099,.T.);
#2869=ORIENTED_EDGE('',*,*,#5100,.T.);
#2870=ORIENTED_EDGE('',*,*,#5101,.F.);
#2871=ORIENTED_EDGE('',*,*,#5102,.F.);
#2872=ORIENTED_EDGE('',*,*,#5103,.T.);
#2873=ORIENTED_EDGE('',*,*,#5104,.T.);
#2874=ORIENTED_EDGE('',*,*,#5105,.F.);
#2875=ORIENTED_EDGE('',*,*,#5106,.F.);
#2876=ORIENTED_EDGE('',*,*,#5107,.F.);
#2877=ORIENTED_EDGE('',*,*,#5108,.T.);
#2878=ORIENTED_EDGE('',*,*,#5109,.T.);
#2879=ORIENTED_EDGE('',*,*,#5110,.F.);
#2880=ORIENTED_EDGE('',*,*,#5111,.F.);
#2881=ORIENTED_EDGE('',*,*,#5112,.F.);
#2882=ORIENTED_EDGE('',*,*,#5113,.T.);
#2883=ORIENTED_EDGE('',*,*,#5114,.T.);
#2884=ORIENTED_EDGE('',*,*,#5115,.F.);
#2885=ORIENTED_EDGE('',*,*,#5116,.T.);
#2886=ORIENTED_EDGE('',*,*,#5096,.T.);
#2887=ORIENTED_EDGE('',*,*,#5117,.T.);
#2888=ORIENTED_EDGE('',*,*,#5118,.F.);
#2889=ORIENTED_EDGE('',*,*,#5119,.F.);
#2890=ORIENTED_EDGE('',*,*,#5098,.T.);
#2891=ORIENTED_EDGE('',*,*,#5120,.T.);
#2892=ORIENTED_EDGE('',*,*,#5121,.F.);
#2893=ORIENTED_EDGE('',*,*,#5122,.F.);
#2894=ORIENTED_EDGE('',*,*,#5123,.T.);
#2895=ORIENTED_EDGE('',*,*,#5102,.T.);
#2896=ORIENTED_EDGE('',*,*,#5124,.T.);
#2897=ORIENTED_EDGE('',*,*,#5125,.F.);
#2898=ORIENTED_EDGE('',*,*,#5126,.F.);
#2899=ORIENTED_EDGE('',*,*,#5127,.T.);
#2900=ORIENTED_EDGE('',*,*,#5107,.T.);
#2901=ORIENTED_EDGE('',*,*,#5128,.T.);
#2902=ORIENTED_EDGE('',*,*,#5129,.F.);
#2903=ORIENTED_EDGE('',*,*,#5130,.F.);
#2904=ORIENTED_EDGE('',*,*,#5112,.T.);
#2905=ORIENTED_EDGE('',*,*,#5131,.T.);
#2906=ORIENTED_EDGE('',*,*,#5132,.F.);
#2907=ORIENTED_EDGE('',*,*,#5133,.F.);
#2908=ORIENTED_EDGE('',*,*,#5134,.F.);
#2909=ORIENTED_EDGE('',*,*,#5135,.T.);
#2910=ORIENTED_EDGE('',*,*,#5136,.F.);
#2911=ORIENTED_EDGE('',*,*,#5137,.F.);
#2912=ORIENTED_EDGE('',*,*,#5138,.F.);
#2913=ORIENTED_EDGE('',*,*,#5139,.T.);
#2914=ORIENTED_EDGE('',*,*,#5140,.F.);
#2915=ORIENTED_EDGE('',*,*,#5141,.F.);
#2916=ORIENTED_EDGE('',*,*,#5142,.F.);
#2917=ORIENTED_EDGE('',*,*,#5143,.F.);
#2918=ORIENTED_EDGE('',*,*,#5144,.T.);
#2919=ORIENTED_EDGE('',*,*,#5134,.T.);
#2920=ORIENTED_EDGE('',*,*,#5145,.F.);
#2921=ORIENTED_EDGE('',*,*,#5146,.F.);
#2922=ORIENTED_EDGE('',*,*,#5147,.T.);
#2923=ORIENTED_EDGE('',*,*,#5148,.T.);
#2924=ORIENTED_EDGE('',*,*,#5138,.T.);
#2925=ORIENTED_EDGE('',*,*,#5149,.F.);
#2926=ORIENTED_EDGE('',*,*,#5150,.F.);
#2927=ORIENTED_EDGE('',*,*,#5052,.F.);
#2928=ORIENTED_EDGE('',*,*,#5151,.F.);
#2929=ORIENTED_EDGE('',*,*,#5056,.F.);
#2930=ORIENTED_EDGE('',*,*,#5152,.F.);
#2931=ORIENTED_EDGE('',*,*,#5061,.F.);
#2932=ORIENTED_EDGE('',*,*,#5153,.F.);
#2933=ORIENTED_EDGE('',*,*,#5066,.F.);
#2934=ORIENTED_EDGE('',*,*,#5154,.F.);
#2935=ORIENTED_EDGE('',*,*,#5071,.F.);
#2936=ORIENTED_EDGE('',*,*,#5155,.F.);
#2937=ORIENTED_EDGE('',*,*,#5156,.F.);
#2938=ORIENTED_EDGE('',*,*,#5157,.F.);
#2939=ORIENTED_EDGE('',*,*,#5158,.F.);
#2940=ORIENTED_EDGE('',*,*,#5051,.F.);
#2941=ORIENTED_EDGE('',*,*,#5159,.F.);
#2942=ORIENTED_EDGE('',*,*,#5053,.T.);
#2943=ORIENTED_EDGE('',*,*,#5150,.T.);
#2944=ORIENTED_EDGE('',*,*,#5055,.F.);
#2945=ORIENTED_EDGE('',*,*,#5160,.F.);
#2946=ORIENTED_EDGE('',*,*,#5079,.F.);
#2947=ORIENTED_EDGE('',*,*,#5057,.T.);
#2948=ORIENTED_EDGE('',*,*,#5151,.T.);
#2949=ORIENTED_EDGE('',*,*,#5060,.F.);
#2950=ORIENTED_EDGE('',*,*,#5161,.F.);
#2951=ORIENTED_EDGE('',*,*,#5083,.F.);
#2952=ORIENTED_EDGE('',*,*,#5062,.T.);
#2953=ORIENTED_EDGE('',*,*,#5152,.T.);
#2954=ORIENTED_EDGE('',*,*,#5065,.F.);
#2955=ORIENTED_EDGE('',*,*,#5162,.F.);
#2956=ORIENTED_EDGE('',*,*,#5087,.F.);
#2957=ORIENTED_EDGE('',*,*,#5067,.T.);
#2958=ORIENTED_EDGE('',*,*,#5153,.T.);
#2959=ORIENTED_EDGE('',*,*,#5070,.F.);
#2960=ORIENTED_EDGE('',*,*,#5163,.F.);
#2961=ORIENTED_EDGE('',*,*,#5091,.F.);
#2962=ORIENTED_EDGE('',*,*,#5072,.T.);
#2963=ORIENTED_EDGE('',*,*,#5154,.T.);
#2964=ORIENTED_EDGE('',*,*,#5164,.T.);
#2965=ORIENTED_EDGE('',*,*,#5165,.F.);
#2966=ORIENTED_EDGE('',*,*,#5158,.T.);
#2967=ORIENTED_EDGE('',*,*,#5166,.F.);
#2968=ORIENTED_EDGE('',*,*,#5167,.T.);
#2969=ORIENTED_EDGE('',*,*,#5168,.F.);
#2970=ORIENTED_EDGE('',*,*,#5169,.T.);
#2971=ORIENTED_EDGE('',*,*,#5170,.F.);
#2972=ORIENTED_EDGE('',*,*,#5171,.T.);
#2973=ORIENTED_EDGE('',*,*,#5172,.F.);
#2974=ORIENTED_EDGE('',*,*,#5155,.T.);
#2975=ORIENTED_EDGE('',*,*,#5165,.T.);
#2976=ORIENTED_EDGE('',*,*,#5173,.T.);
#2977=ORIENTED_EDGE('',*,*,#5174,.F.);
#2978=ORIENTED_EDGE('',*,*,#5175,.T.);
#2979=ORIENTED_EDGE('',*,*,#5176,.F.);
#2980=ORIENTED_EDGE('',*,*,#5156,.T.);
#2981=ORIENTED_EDGE('',*,*,#5172,.T.);
#2982=ORIENTED_EDGE('',*,*,#5177,.T.);
#2983=ORIENTED_EDGE('',*,*,#5178,.F.);
#2984=ORIENTED_EDGE('',*,*,#5179,.T.);
#2985=ORIENTED_EDGE('',*,*,#5166,.T.);
#2986=ORIENTED_EDGE('',*,*,#5157,.T.);
#2987=ORIENTED_EDGE('',*,*,#5176,.T.);
#2988=ORIENTED_EDGE('',*,*,#5074,.F.);
#2989=ORIENTED_EDGE('',*,*,#5159,.T.);
#2990=ORIENTED_EDGE('',*,*,#5076,.T.);
#2991=ORIENTED_EDGE('',*,*,#5180,.F.);
#2992=ORIENTED_EDGE('',*,*,#5078,.F.);
#2993=ORIENTED_EDGE('',*,*,#5181,.F.);
#2994=ORIENTED_EDGE('',*,*,#5080,.T.);
#2995=ORIENTED_EDGE('',*,*,#5160,.T.);
#2996=ORIENTED_EDGE('',*,*,#5054,.T.);
#2997=ORIENTED_EDGE('',*,*,#5082,.F.);
#2998=ORIENTED_EDGE('',*,*,#5182,.F.);
#2999=ORIENTED_EDGE('',*,*,#5084,.T.);
#3000=ORIENTED_EDGE('',*,*,#5161,.T.);
#3001=ORIENTED_EDGE('',*,*,#5059,.T.);
#3002=ORIENTED_EDGE('',*,*,#5086,.F.);
#3003=ORIENTED_EDGE('',*,*,#5183,.F.);
#3004=ORIENTED_EDGE('',*,*,#5088,.T.);
#3005=ORIENTED_EDGE('',*,*,#5162,.T.);
#3006=ORIENTED_EDGE('',*,*,#5064,.T.);
#3007=ORIENTED_EDGE('',*,*,#5090,.F.);
#3008=ORIENTED_EDGE('',*,*,#5184,.F.);
#3009=ORIENTED_EDGE('',*,*,#5092,.T.);
#3010=ORIENTED_EDGE('',*,*,#5163,.T.);
#3011=ORIENTED_EDGE('',*,*,#5069,.T.);
#3012=ORIENTED_EDGE('',*,*,#5185,.F.);
#3013=ORIENTED_EDGE('',*,*,#5168,.T.);
#3014=ORIENTED_EDGE('',*,*,#5186,.F.);
#3015=ORIENTED_EDGE('',*,*,#5187,.F.);
#3016=ORIENTED_EDGE('',*,*,#5188,.F.);
#3017=ORIENTED_EDGE('',*,*,#5189,.F.);
#3018=ORIENTED_EDGE('',*,*,#5190,.F.);
#3019=ORIENTED_EDGE('',*,*,#5170,.T.);
#3020=ORIENTED_EDGE('',*,*,#5191,.F.);
#3021=ORIENTED_EDGE('',*,*,#5192,.F.);
#3022=ORIENTED_EDGE('',*,*,#5193,.F.);
#3023=ORIENTED_EDGE('',*,*,#5174,.T.);
#3024=ORIENTED_EDGE('',*,*,#5194,.F.);
#3025=ORIENTED_EDGE('',*,*,#5195,.F.);
#3026=ORIENTED_EDGE('',*,*,#5196,.F.);
#3027=ORIENTED_EDGE('',*,*,#5178,.T.);
#3028=ORIENTED_EDGE('',*,*,#5197,.T.);
#3029=ORIENTED_EDGE('',*,*,#5093,.T.);
#3030=ORIENTED_EDGE('',*,*,#5075,.T.);
#3031=ORIENTED_EDGE('',*,*,#5180,.T.);
#3032=ORIENTED_EDGE('',*,*,#5181,.T.);
#3033=ORIENTED_EDGE('',*,*,#5077,.T.);
#3034=ORIENTED_EDGE('',*,*,#5198,.F.);
#3035=ORIENTED_EDGE('',*,*,#5100,.F.);
#3036=ORIENTED_EDGE('',*,*,#5182,.T.);
#3037=ORIENTED_EDGE('',*,*,#5081,.T.);
#3038=ORIENTED_EDGE('',*,*,#5199,.F.);
#3039=ORIENTED_EDGE('',*,*,#5104,.F.);
#3040=ORIENTED_EDGE('',*,*,#5183,.T.);
#3041=ORIENTED_EDGE('',*,*,#5085,.T.);
#3042=ORIENTED_EDGE('',*,*,#5200,.F.);
#3043=ORIENTED_EDGE('',*,*,#5109,.F.);
#3044=ORIENTED_EDGE('',*,*,#5184,.T.);
#3045=ORIENTED_EDGE('',*,*,#5089,.T.);
#3046=ORIENTED_EDGE('',*,*,#5201,.F.);
#3047=ORIENTED_EDGE('',*,*,#5114,.F.);
#3048=ORIENTED_EDGE('',*,*,#5202,.T.);
#3049=ORIENTED_EDGE('',*,*,#5203,.T.);
#3050=ORIENTED_EDGE('',*,*,#5204,.T.);
#3051=ORIENTED_EDGE('',*,*,#5205,.T.);
#3052=ORIENTED_EDGE('',*,*,#5187,.T.);
#3053=ORIENTED_EDGE('',*,*,#5206,.T.);
#3054=ORIENTED_EDGE('',*,*,#5185,.T.);
#3055=ORIENTED_EDGE('',*,*,#5205,.F.);
#3056=ORIENTED_EDGE('',*,*,#5207,.F.);
#3057=ORIENTED_EDGE('',*,*,#5188,.T.);
#3058=ORIENTED_EDGE('',*,*,#5169,.F.);
#3059=ORIENTED_EDGE('',*,*,#5164,.F.);
#3060=ORIENTED_EDGE('',*,*,#5196,.T.);
#3061=ORIENTED_EDGE('',*,*,#5208,.F.);
#3062=ORIENTED_EDGE('',*,*,#5206,.F.);
#3063=ORIENTED_EDGE('',*,*,#5186,.T.);
#3064=ORIENTED_EDGE('',*,*,#5167,.F.);
#3065=ORIENTED_EDGE('',*,*,#5179,.F.);
#3066=ORIENTED_EDGE('',*,*,#5209,.T.);
#3067=ORIENTED_EDGE('',*,*,#5210,.T.);
#3068=ORIENTED_EDGE('',*,*,#5189,.T.);
#3069=ORIENTED_EDGE('',*,*,#5207,.T.);
#3070=ORIENTED_EDGE('',*,*,#5204,.F.);
#3071=ORIENTED_EDGE('',*,*,#5211,.T.);
#3072=ORIENTED_EDGE('',*,*,#5190,.T.);
#3073=ORIENTED_EDGE('',*,*,#5210,.F.);
#3074=ORIENTED_EDGE('',*,*,#5212,.F.);
#3075=ORIENTED_EDGE('',*,*,#5191,.T.);
#3076=ORIENTED_EDGE('',*,*,#5173,.F.);
#3077=ORIENTED_EDGE('',*,*,#5171,.F.);
#3078=ORIENTED_EDGE('',*,*,#5213,.T.);
#3079=ORIENTED_EDGE('',*,*,#5214,.T.);
#3080=ORIENTED_EDGE('',*,*,#5192,.T.);
#3081=ORIENTED_EDGE('',*,*,#5212,.T.);
#3082=ORIENTED_EDGE('',*,*,#5209,.F.);
#3083=ORIENTED_EDGE('',*,*,#5215,.T.);
#3084=ORIENTED_EDGE('',*,*,#5193,.T.);
#3085=ORIENTED_EDGE('',*,*,#5214,.F.);
#3086=ORIENTED_EDGE('',*,*,#5216,.F.);
#3087=ORIENTED_EDGE('',*,*,#5194,.T.);
#3088=ORIENTED_EDGE('',*,*,#5177,.F.);
#3089=ORIENTED_EDGE('',*,*,#5175,.F.);
#3090=ORIENTED_EDGE('',*,*,#5202,.F.);
#3091=ORIENTED_EDGE('',*,*,#5208,.T.);
#3092=ORIENTED_EDGE('',*,*,#5195,.T.);
#3093=ORIENTED_EDGE('',*,*,#5216,.T.);
#3094=ORIENTED_EDGE('',*,*,#5213,.F.);
#3095=ORIENTED_EDGE('',*,*,#5217,.T.);
#3096=ORIENTED_EDGE('',*,*,#5094,.F.);
#3097=ORIENTED_EDGE('',*,*,#5197,.F.);
#3098=ORIENTED_EDGE('',*,*,#5097,.T.);
#3099=ORIENTED_EDGE('',*,*,#5116,.F.);
#3100=ORIENTED_EDGE('',*,*,#5218,.F.);
#3101=ORIENTED_EDGE('',*,*,#5099,.F.);
#3102=ORIENTED_EDGE('',*,*,#5219,.F.);
#3103=ORIENTED_EDGE('',*,*,#5101,.T.);
#3104=ORIENTED_EDGE('',*,*,#5198,.T.);
#3105=ORIENTED_EDGE('',*,*,#5103,.F.);
#3106=ORIENTED_EDGE('',*,*,#5123,.F.);
#3107=ORIENTED_EDGE('',*,*,#5220,.F.);
#3108=ORIENTED_EDGE('',*,*,#5105,.T.);
#3109=ORIENTED_EDGE('',*,*,#5199,.T.);
#3110=ORIENTED_EDGE('',*,*,#5108,.F.);
#3111=ORIENTED_EDGE('',*,*,#5127,.F.);
#3112=ORIENTED_EDGE('',*,*,#5221,.F.);
#3113=ORIENTED_EDGE('',*,*,#5110,.T.);
#3114=ORIENTED_EDGE('',*,*,#5200,.T.);
#3115=ORIENTED_EDGE('',*,*,#5113,.F.);
#3116=ORIENTED_EDGE('',*,*,#5222,.F.);
#3117=ORIENTED_EDGE('',*,*,#5115,.T.);
#3118=ORIENTED_EDGE('',*,*,#5201,.T.);
#3119=ORIENTED_EDGE('',*,*,#5136,.T.);
#3120=ORIENTED_EDGE('',*,*,#5223,.T.);
#3121=ORIENTED_EDGE('',*,*,#5140,.T.);
#3122=ORIENTED_EDGE('',*,*,#5224,.T.);
#3123=ORIENTED_EDGE('',*,*,#5118,.T.);
#3124=ORIENTED_EDGE('',*,*,#5225,.T.);
#3125=ORIENTED_EDGE('',*,*,#5121,.T.);
#3126=ORIENTED_EDGE('',*,*,#5226,.T.);
#3127=ORIENTED_EDGE('',*,*,#5125,.T.);
#3128=ORIENTED_EDGE('',*,*,#5227,.T.);
#3129=ORIENTED_EDGE('',*,*,#5129,.T.);
#3130=ORIENTED_EDGE('',*,*,#5228,.T.);
#3131=ORIENTED_EDGE('',*,*,#5132,.T.);
#3132=ORIENTED_EDGE('',*,*,#5229,.T.);
#3133=ORIENTED_EDGE('',*,*,#5215,.F.);
#3134=ORIENTED_EDGE('',*,*,#5211,.F.);
#3135=ORIENTED_EDGE('',*,*,#5203,.F.);
#3136=ORIENTED_EDGE('',*,*,#5217,.F.);
#3137=ORIENTED_EDGE('',*,*,#5117,.F.);
#3138=ORIENTED_EDGE('',*,*,#5095,.T.);
#3139=ORIENTED_EDGE('',*,*,#5218,.T.);
#3140=ORIENTED_EDGE('',*,*,#5119,.T.);
#3141=ORIENTED_EDGE('',*,*,#5225,.F.);
#3142=ORIENTED_EDGE('',*,*,#5120,.F.);
#3143=ORIENTED_EDGE('',*,*,#5219,.T.);
#3144=ORIENTED_EDGE('',*,*,#5122,.T.);
#3145=ORIENTED_EDGE('',*,*,#5226,.F.);
#3146=ORIENTED_EDGE('',*,*,#5124,.F.);
#3147=ORIENTED_EDGE('',*,*,#5106,.T.);
#3148=ORIENTED_EDGE('',*,*,#5220,.T.);
#3149=ORIENTED_EDGE('',*,*,#5126,.T.);
#3150=ORIENTED_EDGE('',*,*,#5227,.F.);
#3151=ORIENTED_EDGE('',*,*,#5128,.F.);
#3152=ORIENTED_EDGE('',*,*,#5111,.T.);
#3153=ORIENTED_EDGE('',*,*,#5221,.T.);
#3154=ORIENTED_EDGE('',*,*,#5130,.T.);
#3155=ORIENTED_EDGE('',*,*,#5228,.F.);
#3156=ORIENTED_EDGE('',*,*,#5131,.F.);
#3157=ORIENTED_EDGE('',*,*,#5222,.T.);
#3158=ORIENTED_EDGE('',*,*,#5133,.T.);
#3159=ORIENTED_EDGE('',*,*,#5229,.F.);
#3160=ORIENTED_EDGE('',*,*,#5135,.F.);
#3161=ORIENTED_EDGE('',*,*,#5230,.F.);
#3162=ORIENTED_EDGE('',*,*,#5137,.T.);
#3163=ORIENTED_EDGE('',*,*,#5223,.F.);
#3164=ORIENTED_EDGE('',*,*,#5139,.F.);
#3165=ORIENTED_EDGE('',*,*,#5148,.F.);
#3166=ORIENTED_EDGE('',*,*,#5231,.F.);
#3167=ORIENTED_EDGE('',*,*,#5141,.T.);
#3168=ORIENTED_EDGE('',*,*,#5224,.F.);
#3169=ORIENTED_EDGE('',*,*,#5144,.F.);
#3170=ORIENTED_EDGE('',*,*,#5232,.F.);
#3171=ORIENTED_EDGE('',*,*,#5145,.T.);
#3172=ORIENTED_EDGE('',*,*,#5230,.T.);
#3173=ORIENTED_EDGE('',*,*,#5147,.F.);
#3174=ORIENTED_EDGE('',*,*,#5233,.F.);
#3175=ORIENTED_EDGE('',*,*,#5149,.T.);
#3176=ORIENTED_EDGE('',*,*,#5142,.T.);
#3177=ORIENTED_EDGE('',*,*,#5231,.T.);
#3178=ORIENTED_EDGE('',*,*,#5232,.T.);
#3179=ORIENTED_EDGE('',*,*,#5143,.T.);
#3180=ORIENTED_EDGE('',*,*,#5233,.T.);
#3181=ORIENTED_EDGE('',*,*,#5146,.T.);
#3182=ORIENTED_EDGE('',*,*,#5234,.F.);
#3183=ORIENTED_EDGE('',*,*,#5235,.T.);
#3184=ORIENTED_EDGE('',*,*,#5236,.F.);
#3185=ORIENTED_EDGE('',*,*,#5237,.F.);
#3186=ORIENTED_EDGE('',*,*,#5238,.F.);
#3187=ORIENTED_EDGE('',*,*,#5239,.T.);
#3188=ORIENTED_EDGE('',*,*,#5240,.F.);
#3189=ORIENTED_EDGE('',*,*,#5241,.F.);
#3190=ORIENTED_EDGE('',*,*,#5242,.F.);
#3191=ORIENTED_EDGE('',*,*,#5243,.T.);
#3192=ORIENTED_EDGE('',*,*,#5244,.F.);
#3193=ORIENTED_EDGE('',*,*,#5245,.F.);
#3194=ORIENTED_EDGE('',*,*,#5246,.F.);
#3195=ORIENTED_EDGE('',*,*,#5247,.T.);
#3196=ORIENTED_EDGE('',*,*,#5248,.F.);
#3197=ORIENTED_EDGE('',*,*,#5249,.F.);
#3198=ORIENTED_EDGE('',*,*,#5250,.F.);
#3199=ORIENTED_EDGE('',*,*,#5251,.T.);
#3200=ORIENTED_EDGE('',*,*,#5252,.F.);
#3201=ORIENTED_EDGE('',*,*,#5253,.F.);
#3202=ORIENTED_EDGE('',*,*,#5254,.F.);
#3203=ORIENTED_EDGE('',*,*,#5255,.T.);
#3204=ORIENTED_EDGE('',*,*,#5256,.F.);
#3205=ORIENTED_EDGE('',*,*,#5257,.F.);
#3206=ORIENTED_EDGE('',*,*,#5258,.F.);
#3207=ORIENTED_EDGE('',*,*,#5259,.T.);
#3208=ORIENTED_EDGE('',*,*,#5260,.F.);
#3209=ORIENTED_EDGE('',*,*,#5261,.F.);
#3210=ORIENTED_EDGE('',*,*,#5262,.F.);
#3211=ORIENTED_EDGE('',*,*,#5263,.T.);
#3212=ORIENTED_EDGE('',*,*,#5264,.F.);
#3213=ORIENTED_EDGE('',*,*,#5265,.F.);
#3214=ORIENTED_EDGE('',*,*,#5266,.F.);
#3215=ORIENTED_EDGE('',*,*,#5267,.T.);
#3216=ORIENTED_EDGE('',*,*,#5268,.F.);
#3217=ORIENTED_EDGE('',*,*,#5269,.F.);
#3218=ORIENTED_EDGE('',*,*,#5270,.F.);
#3219=ORIENTED_EDGE('',*,*,#5271,.T.);
#3220=ORIENTED_EDGE('',*,*,#5272,.F.);
#3221=ORIENTED_EDGE('',*,*,#5273,.F.);
#3222=ORIENTED_EDGE('',*,*,#5274,.F.);
#3223=ORIENTED_EDGE('',*,*,#5275,.T.);
#3224=ORIENTED_EDGE('',*,*,#5276,.F.);
#3225=ORIENTED_EDGE('',*,*,#5277,.F.);
#3226=ORIENTED_EDGE('',*,*,#5278,.F.);
#3227=ORIENTED_EDGE('',*,*,#5279,.F.);
#3228=ORIENTED_EDGE('',*,*,#5280,.F.);
#3229=ORIENTED_EDGE('',*,*,#5281,.F.);
#3230=ORIENTED_EDGE('',*,*,#5282,.F.);
#3231=ORIENTED_EDGE('',*,*,#5283,.T.);
#3232=ORIENTED_EDGE('',*,*,#5284,.F.);
#3233=ORIENTED_EDGE('',*,*,#5285,.F.);
#3234=ORIENTED_EDGE('',*,*,#5286,.F.);
#3235=ORIENTED_EDGE('',*,*,#5287,.T.);
#3236=ORIENTED_EDGE('',*,*,#5288,.F.);
#3237=ORIENTED_EDGE('',*,*,#5289,.T.);
#3238=ORIENTED_EDGE('',*,*,#5290,.F.);
#3239=ORIENTED_EDGE('',*,*,#5291,.T.);
#3240=ORIENTED_EDGE('',*,*,#5292,.F.);
#3241=ORIENTED_EDGE('',*,*,#5293,.T.);
#3242=ORIENTED_EDGE('',*,*,#5294,.F.);
#3243=ORIENTED_EDGE('',*,*,#5295,.T.);
#3244=ORIENTED_EDGE('',*,*,#5234,.T.);
#3245=ORIENTED_EDGE('',*,*,#5296,.F.);
#3246=ORIENTED_EDGE('',*,*,#5297,.F.);
#3247=ORIENTED_EDGE('',*,*,#5298,.T.);
#3248=ORIENTED_EDGE('',*,*,#5238,.T.);
#3249=ORIENTED_EDGE('',*,*,#5299,.F.);
#3250=ORIENTED_EDGE('',*,*,#5300,.T.);
#3251=ORIENTED_EDGE('',*,*,#5301,.T.);
#3252=ORIENTED_EDGE('',*,*,#5302,.T.);
#3253=ORIENTED_EDGE('',*,*,#5303,.F.);
#3254=ORIENTED_EDGE('',*,*,#5304,.T.);
#3255=ORIENTED_EDGE('',*,*,#5305,.T.);
#3256=ORIENTED_EDGE('',*,*,#5306,.T.);
#3257=ORIENTED_EDGE('',*,*,#5307,.F.);
#3258=ORIENTED_EDGE('',*,*,#5308,.T.);
#3259=ORIENTED_EDGE('',*,*,#5309,.T.);
#3260=ORIENTED_EDGE('',*,*,#5310,.T.);
#3261=ORIENTED_EDGE('',*,*,#5311,.F.);
#3262=ORIENTED_EDGE('',*,*,#5312,.T.);
#3263=ORIENTED_EDGE('',*,*,#5313,.T.);
#3264=ORIENTED_EDGE('',*,*,#5314,.T.);
#3265=ORIENTED_EDGE('',*,*,#5315,.F.);
#3266=ORIENTED_EDGE('',*,*,#5316,.T.);
#3267=ORIENTED_EDGE('',*,*,#5317,.T.);
#3268=ORIENTED_EDGE('',*,*,#5318,.T.);
#3269=ORIENTED_EDGE('',*,*,#5319,.F.);
#3270=ORIENTED_EDGE('',*,*,#5320,.T.);
#3271=ORIENTED_EDGE('',*,*,#5321,.T.);
#3272=ORIENTED_EDGE('',*,*,#5322,.T.);
#3273=ORIENTED_EDGE('',*,*,#5323,.F.);
#3274=ORIENTED_EDGE('',*,*,#5324,.T.);
#3275=ORIENTED_EDGE('',*,*,#5325,.T.);
#3276=ORIENTED_EDGE('',*,*,#5326,.T.);
#3277=ORIENTED_EDGE('',*,*,#5327,.F.);
#3278=ORIENTED_EDGE('',*,*,#5328,.T.);
#3279=ORIENTED_EDGE('',*,*,#5329,.T.);
#3280=ORIENTED_EDGE('',*,*,#5330,.T.);
#3281=ORIENTED_EDGE('',*,*,#5331,.F.);
#3282=ORIENTED_EDGE('',*,*,#5236,.T.);
#3283=ORIENTED_EDGE('',*,*,#5332,.T.);
#3284=ORIENTED_EDGE('',*,*,#5240,.T.);
#3285=ORIENTED_EDGE('',*,*,#5333,.T.);
#3286=ORIENTED_EDGE('',*,*,#5334,.T.);
#3287=ORIENTED_EDGE('',*,*,#5335,.T.);
#3288=ORIENTED_EDGE('',*,*,#5336,.T.);
#3289=ORIENTED_EDGE('',*,*,#5337,.T.);
#3290=ORIENTED_EDGE('',*,*,#5338,.T.);
#3291=ORIENTED_EDGE('',*,*,#5242,.T.);
#3292=ORIENTED_EDGE('',*,*,#5339,.T.);
#3293=ORIENTED_EDGE('',*,*,#5246,.T.);
#3294=ORIENTED_EDGE('',*,*,#5340,.T.);
#3295=ORIENTED_EDGE('',*,*,#5250,.T.);
#3296=ORIENTED_EDGE('',*,*,#5341,.T.);
#3297=ORIENTED_EDGE('',*,*,#5254,.T.);
#3298=ORIENTED_EDGE('',*,*,#5342,.T.);
#3299=ORIENTED_EDGE('',*,*,#5258,.T.);
#3300=ORIENTED_EDGE('',*,*,#5343,.T.);
#3301=ORIENTED_EDGE('',*,*,#5262,.T.);
#3302=ORIENTED_EDGE('',*,*,#5344,.T.);
#3303=ORIENTED_EDGE('',*,*,#5266,.T.);
#3304=ORIENTED_EDGE('',*,*,#5345,.T.);
#3305=ORIENTED_EDGE('',*,*,#5270,.T.);
#3306=ORIENTED_EDGE('',*,*,#5346,.T.);
#3307=ORIENTED_EDGE('',*,*,#5347,.T.);
#3308=ORIENTED_EDGE('',*,*,#5348,.T.);
#3309=ORIENTED_EDGE('',*,*,#5280,.T.);
#3310=ORIENTED_EDGE('',*,*,#5349,.T.);
#3311=ORIENTED_EDGE('',*,*,#5350,.T.);
#3312=ORIENTED_EDGE('',*,*,#5290,.T.);
#3313=ORIENTED_EDGE('',*,*,#5351,.T.);
#3314=ORIENTED_EDGE('',*,*,#5276,.T.);
#3315=ORIENTED_EDGE('',*,*,#5352,.T.);
#3316=ORIENTED_EDGE('',*,*,#5353,.T.);
#3317=ORIENTED_EDGE('',*,*,#5354,.T.);
#3318=ORIENTED_EDGE('',*,*,#5286,.T.);
#3319=ORIENTED_EDGE('',*,*,#5355,.T.);
#3320=ORIENTED_EDGE('',*,*,#5356,.T.);
#3321=ORIENTED_EDGE('',*,*,#5357,.T.);
#3322=ORIENTED_EDGE('',*,*,#5358,.T.);
#3323=ORIENTED_EDGE('',*,*,#5359,.T.);
#3324=ORIENTED_EDGE('',*,*,#5360,.T.);
#3325=ORIENTED_EDGE('',*,*,#5284,.T.);
#3326=ORIENTED_EDGE('',*,*,#5235,.F.);
#3327=ORIENTED_EDGE('',*,*,#5361,.F.);
#3328=ORIENTED_EDGE('',*,*,#5237,.T.);
#3329=ORIENTED_EDGE('',*,*,#5332,.F.);
#3330=ORIENTED_EDGE('',*,*,#5239,.F.);
#3331=ORIENTED_EDGE('',*,*,#5362,.F.);
#3332=ORIENTED_EDGE('',*,*,#5241,.T.);
#3333=ORIENTED_EDGE('',*,*,#5333,.F.);
#3334=ORIENTED_EDGE('',*,*,#5363,.T.);
#3335=ORIENTED_EDGE('',*,*,#5364,.T.);
#3336=ORIENTED_EDGE('',*,*,#5365,.T.);
#3337=ORIENTED_EDGE('',*,*,#5366,.T.);
#3338=ORIENTED_EDGE('',*,*,#5367,.T.);
#3339=ORIENTED_EDGE('',*,*,#5335,.F.);
#3340=ORIENTED_EDGE('',*,*,#5368,.T.);
#3341=ORIENTED_EDGE('',*,*,#5369,.T.);
#3342=ORIENTED_EDGE('',*,*,#5370,.T.);
#3343=ORIENTED_EDGE('',*,*,#5371,.T.);
#3344=ORIENTED_EDGE('',*,*,#5363,.F.);
#3345=ORIENTED_EDGE('',*,*,#5334,.F.);
#3346=ORIENTED_EDGE('',*,*,#5372,.T.);
#3347=ORIENTED_EDGE('',*,*,#5373,.T.);
#3348=ORIENTED_EDGE('',*,*,#5374,.T.);
#3349=ORIENTED_EDGE('',*,*,#5375,.T.);
#3350=ORIENTED_EDGE('',*,*,#5368,.F.);
#3351=ORIENTED_EDGE('',*,*,#5337,.F.);
#3352=ORIENTED_EDGE('',*,*,#5372,.F.);
#3353=ORIENTED_EDGE('',*,*,#5336,.F.);
#3354=ORIENTED_EDGE('',*,*,#5367,.F.);
#3355=ORIENTED_EDGE('',*,*,#5376,.T.);
#3356=ORIENTED_EDGE('',*,*,#5377,.T.);
#3357=ORIENTED_EDGE('',*,*,#5378,.T.);
#3358=ORIENTED_EDGE('',*,*,#5243,.F.);
#3359=ORIENTED_EDGE('',*,*,#5338,.F.);
#3360=ORIENTED_EDGE('',*,*,#5245,.T.);
#3361=ORIENTED_EDGE('',*,*,#5379,.F.);
#3362=ORIENTED_EDGE('',*,*,#5247,.F.);
#3363=ORIENTED_EDGE('',*,*,#5339,.F.);
#3364=ORIENTED_EDGE('',*,*,#5249,.T.);
#3365=ORIENTED_EDGE('',*,*,#5380,.F.);
#3366=ORIENTED_EDGE('',*,*,#5251,.F.);
#3367=ORIENTED_EDGE('',*,*,#5340,.F.);
#3368=ORIENTED_EDGE('',*,*,#5253,.T.);
#3369=ORIENTED_EDGE('',*,*,#5381,.F.);
#3370=ORIENTED_EDGE('',*,*,#5255,.F.);
#3371=ORIENTED_EDGE('',*,*,#5341,.F.);
#3372=ORIENTED_EDGE('',*,*,#5257,.T.);
#3373=ORIENTED_EDGE('',*,*,#5382,.F.);
#3374=ORIENTED_EDGE('',*,*,#5259,.F.);
#3375=ORIENTED_EDGE('',*,*,#5342,.F.);
#3376=ORIENTED_EDGE('',*,*,#5261,.T.);
#3377=ORIENTED_EDGE('',*,*,#5383,.F.);
#3378=ORIENTED_EDGE('',*,*,#5263,.F.);
#3379=ORIENTED_EDGE('',*,*,#5343,.F.);
#3380=ORIENTED_EDGE('',*,*,#5265,.T.);
#3381=ORIENTED_EDGE('',*,*,#5384,.F.);
#3382=ORIENTED_EDGE('',*,*,#5267,.F.);
#3383=ORIENTED_EDGE('',*,*,#5344,.F.);
#3384=ORIENTED_EDGE('',*,*,#5269,.T.);
#3385=ORIENTED_EDGE('',*,*,#5385,.F.);
#3386=ORIENTED_EDGE('',*,*,#5271,.F.);
#3387=ORIENTED_EDGE('',*,*,#5345,.F.);
#3388=ORIENTED_EDGE('',*,*,#5273,.T.);
#3389=ORIENTED_EDGE('',*,*,#5386,.F.);
#3390=ORIENTED_EDGE('',*,*,#5387,.F.);
#3391=ORIENTED_EDGE('',*,*,#5388,.F.);
#3392=ORIENTED_EDGE('',*,*,#5347,.F.);
#3393=ORIENTED_EDGE('',*,*,#5389,.F.);
#3394=ORIENTED_EDGE('',*,*,#5389,.T.);
#3395=ORIENTED_EDGE('',*,*,#5346,.F.);
#3396=ORIENTED_EDGE('',*,*,#5283,.F.);
#3397=ORIENTED_EDGE('',*,*,#5390,.F.);
#3398=ORIENTED_EDGE('',*,*,#5275,.F.);
#3399=ORIENTED_EDGE('',*,*,#5391,.F.);
#3400=ORIENTED_EDGE('',*,*,#5285,.T.);
#3401=ORIENTED_EDGE('',*,*,#5360,.F.);
#3402=ORIENTED_EDGE('',*,*,#5392,.F.);
#3403=ORIENTED_EDGE('',*,*,#5393,.F.);
#3404=ORIENTED_EDGE('',*,*,#5394,.F.);
#3405=ORIENTED_EDGE('',*,*,#5356,.F.);
#3406=ORIENTED_EDGE('',*,*,#5395,.F.);
#3407=ORIENTED_EDGE('',*,*,#5396,.F.);
#3408=ORIENTED_EDGE('',*,*,#5397,.F.);
#3409=ORIENTED_EDGE('',*,*,#5352,.F.);
#3410=ORIENTED_EDGE('',*,*,#5398,.F.);
#3411=ORIENTED_EDGE('',*,*,#5399,.F.);
#3412=ORIENTED_EDGE('',*,*,#5392,.T.);
#3413=ORIENTED_EDGE('',*,*,#5359,.F.);
#3414=ORIENTED_EDGE('',*,*,#5400,.F.);
#3415=ORIENTED_EDGE('',*,*,#5398,.T.);
#3416=ORIENTED_EDGE('',*,*,#5358,.F.);
#3417=ORIENTED_EDGE('',*,*,#5401,.F.);
#3418=ORIENTED_EDGE('',*,*,#5401,.T.);
#3419=ORIENTED_EDGE('',*,*,#5357,.F.);
#3420=ORIENTED_EDGE('',*,*,#5394,.T.);
#3421=ORIENTED_EDGE('',*,*,#5402,.F.);
#3422=ORIENTED_EDGE('',*,*,#5289,.F.);
#3423=ORIENTED_EDGE('',*,*,#5403,.F.);
#3424=ORIENTED_EDGE('',*,*,#5395,.T.);
#3425=ORIENTED_EDGE('',*,*,#5355,.F.);
#3426=ORIENTED_EDGE('',*,*,#5287,.F.);
#3427=ORIENTED_EDGE('',*,*,#5354,.F.);
#3428=ORIENTED_EDGE('',*,*,#5404,.F.);
#3429=ORIENTED_EDGE('',*,*,#5405,.F.);
#3430=ORIENTED_EDGE('',*,*,#5404,.T.);
#3431=ORIENTED_EDGE('',*,*,#5353,.F.);
#3432=ORIENTED_EDGE('',*,*,#5397,.T.);
#3433=ORIENTED_EDGE('',*,*,#5406,.F.);
#3434=ORIENTED_EDGE('',*,*,#5293,.F.);
#3435=ORIENTED_EDGE('',*,*,#5407,.F.);
#3436=ORIENTED_EDGE('',*,*,#5277,.T.);
#3437=ORIENTED_EDGE('',*,*,#5351,.F.);
#3438=ORIENTED_EDGE('',*,*,#5291,.F.);
#3439=ORIENTED_EDGE('',*,*,#5350,.F.);
#3440=ORIENTED_EDGE('',*,*,#5408,.F.);
#3441=ORIENTED_EDGE('',*,*,#5409,.F.);
#3442=ORIENTED_EDGE('',*,*,#5408,.T.);
#3443=ORIENTED_EDGE('',*,*,#5349,.F.);
#3444=ORIENTED_EDGE('',*,*,#5279,.T.);
#3445=ORIENTED_EDGE('',*,*,#5410,.F.);
#3446=ORIENTED_EDGE('',*,*,#5388,.T.);
#3447=ORIENTED_EDGE('',*,*,#5411,.F.);
#3448=ORIENTED_EDGE('',*,*,#5281,.T.);
#3449=ORIENTED_EDGE('',*,*,#5348,.F.);
#3450=ORIENTED_EDGE('',*,*,#5295,.F.);
#3451=ORIENTED_EDGE('',*,*,#5412,.F.);
#3452=ORIENTED_EDGE('',*,*,#5296,.T.);
#3453=ORIENTED_EDGE('',*,*,#5361,.T.);
#3454=ORIENTED_EDGE('',*,*,#5298,.F.);
#3455=ORIENTED_EDGE('',*,*,#5413,.F.);
#3456=ORIENTED_EDGE('',*,*,#5299,.T.);
#3457=ORIENTED_EDGE('',*,*,#5362,.T.);
#3458=ORIENTED_EDGE('',*,*,#5414,.F.);
#3459=ORIENTED_EDGE('',*,*,#5365,.F.);
#3460=ORIENTED_EDGE('',*,*,#5415,.F.);
#3461=ORIENTED_EDGE('',*,*,#5416,.F.);
#3462=ORIENTED_EDGE('',*,*,#5417,.F.);
#3463=ORIENTED_EDGE('',*,*,#5370,.F.);
#3464=ORIENTED_EDGE('',*,*,#5418,.F.);
#3465=ORIENTED_EDGE('',*,*,#5419,.F.);
#3466=ORIENTED_EDGE('',*,*,#5420,.F.);
#3467=ORIENTED_EDGE('',*,*,#5374,.F.);
#3468=ORIENTED_EDGE('',*,*,#5421,.F.);
#3469=ORIENTED_EDGE('',*,*,#5422,.F.);
#3470=ORIENTED_EDGE('',*,*,#5423,.F.);
#3471=ORIENTED_EDGE('',*,*,#5424,.F.);
#3472=ORIENTED_EDGE('',*,*,#5425,.F.);
#3473=ORIENTED_EDGE('',*,*,#5377,.F.);
#3474=ORIENTED_EDGE('',*,*,#5426,.F.);
#3475=ORIENTED_EDGE('',*,*,#5427,.F.);
#3476=ORIENTED_EDGE('',*,*,#5428,.F.);
#3477=ORIENTED_EDGE('',*,*,#5429,.F.);
#3478=ORIENTED_EDGE('',*,*,#5244,.T.);
#3479=ORIENTED_EDGE('',*,*,#5379,.T.);
#3480=ORIENTED_EDGE('',*,*,#5248,.T.);
#3481=ORIENTED_EDGE('',*,*,#5380,.T.);
#3482=ORIENTED_EDGE('',*,*,#5252,.T.);
#3483=ORIENTED_EDGE('',*,*,#5381,.T.);
#3484=ORIENTED_EDGE('',*,*,#5256,.T.);
#3485=ORIENTED_EDGE('',*,*,#5382,.T.);
#3486=ORIENTED_EDGE('',*,*,#5430,.F.);
#3487=ORIENTED_EDGE('',*,*,#5302,.F.);
#3488=ORIENTED_EDGE('',*,*,#5431,.F.);
#3489=ORIENTED_EDGE('',*,*,#5306,.F.);
#3490=ORIENTED_EDGE('',*,*,#5432,.F.);
#3491=ORIENTED_EDGE('',*,*,#5310,.F.);
#3492=ORIENTED_EDGE('',*,*,#5433,.F.);
#3493=ORIENTED_EDGE('',*,*,#5314,.F.);
#3494=ORIENTED_EDGE('',*,*,#5434,.F.);
#3495=ORIENTED_EDGE('',*,*,#5435,.F.);
#3496=ORIENTED_EDGE('',*,*,#5436,.F.);
#3497=ORIENTED_EDGE('',*,*,#5437,.F.);
#3498=ORIENTED_EDGE('',*,*,#5438,.F.);
#3499=ORIENTED_EDGE('',*,*,#5439,.F.);
#3500=ORIENTED_EDGE('',*,*,#5440,.F.);
#3501=ORIENTED_EDGE('',*,*,#5441,.F.);
#3502=ORIENTED_EDGE('',*,*,#5300,.F.);
#3503=ORIENTED_EDGE('',*,*,#5442,.F.);
#3504=ORIENTED_EDGE('',*,*,#5260,.T.);
#3505=ORIENTED_EDGE('',*,*,#5383,.T.);
#3506=ORIENTED_EDGE('',*,*,#5304,.F.);
#3507=ORIENTED_EDGE('',*,*,#5443,.F.);
#3508=ORIENTED_EDGE('',*,*,#5264,.T.);
#3509=ORIENTED_EDGE('',*,*,#5384,.T.);
#3510=ORIENTED_EDGE('',*,*,#5308,.F.);
#3511=ORIENTED_EDGE('',*,*,#5444,.F.);
#3512=ORIENTED_EDGE('',*,*,#5268,.T.);
#3513=ORIENTED_EDGE('',*,*,#5385,.T.);
#3514=ORIENTED_EDGE('',*,*,#5312,.F.);
#3515=ORIENTED_EDGE('',*,*,#5445,.F.);
#3516=ORIENTED_EDGE('',*,*,#5272,.T.);
#3517=ORIENTED_EDGE('',*,*,#5386,.T.);
#3518=ORIENTED_EDGE('',*,*,#5411,.T.);
#3519=ORIENTED_EDGE('',*,*,#5387,.T.);
#3520=ORIENTED_EDGE('',*,*,#5390,.T.);
#3521=ORIENTED_EDGE('',*,*,#5282,.T.);
#3522=ORIENTED_EDGE('',*,*,#5446,.F.);
#3523=ORIENTED_EDGE('',*,*,#5318,.F.);
#3524=ORIENTED_EDGE('',*,*,#5399,.T.);
#3525=ORIENTED_EDGE('',*,*,#5400,.T.);
#3526=ORIENTED_EDGE('',*,*,#5402,.T.);
#3527=ORIENTED_EDGE('',*,*,#5393,.T.);
#3528=ORIENTED_EDGE('',*,*,#5447,.F.);
#3529=ORIENTED_EDGE('',*,*,#5322,.F.);
#3530=ORIENTED_EDGE('',*,*,#5403,.T.);
#3531=ORIENTED_EDGE('',*,*,#5288,.T.);
#3532=ORIENTED_EDGE('',*,*,#5405,.T.);
#3533=ORIENTED_EDGE('',*,*,#5406,.T.);
#3534=ORIENTED_EDGE('',*,*,#5396,.T.);
#3535=ORIENTED_EDGE('',*,*,#5448,.F.);
#3536=ORIENTED_EDGE('',*,*,#5326,.F.);
#3537=ORIENTED_EDGE('',*,*,#5407,.T.);
#3538=ORIENTED_EDGE('',*,*,#5292,.T.);
#3539=ORIENTED_EDGE('',*,*,#5409,.T.);
#3540=ORIENTED_EDGE('',*,*,#5410,.T.);
#3541=ORIENTED_EDGE('',*,*,#5278,.T.);
#3542=ORIENTED_EDGE('',*,*,#5449,.F.);
#3543=ORIENTED_EDGE('',*,*,#5330,.F.);
#3544=ORIENTED_EDGE('',*,*,#5391,.T.);
#3545=ORIENTED_EDGE('',*,*,#5274,.T.);
#3546=ORIENTED_EDGE('',*,*,#5450,.F.);
#3547=ORIENTED_EDGE('',*,*,#5451,.F.);
#3548=ORIENTED_EDGE('',*,*,#5452,.F.);
#3549=ORIENTED_EDGE('',*,*,#5453,.F.);
#3550=ORIENTED_EDGE('',*,*,#5454,.F.);
#3551=ORIENTED_EDGE('',*,*,#5455,.F.);
#3552=ORIENTED_EDGE('',*,*,#5456,.F.);
#3553=ORIENTED_EDGE('',*,*,#5457,.F.);
#3554=ORIENTED_EDGE('',*,*,#5324,.F.);
#3555=ORIENTED_EDGE('',*,*,#5458,.F.);
#3556=ORIENTED_EDGE('',*,*,#5328,.F.);
#3557=ORIENTED_EDGE('',*,*,#5459,.F.);
#3558=ORIENTED_EDGE('',*,*,#5316,.F.);
#3559=ORIENTED_EDGE('',*,*,#5460,.F.);
#3560=ORIENTED_EDGE('',*,*,#5320,.F.);
#3561=ORIENTED_EDGE('',*,*,#5461,.F.);
#3562=ORIENTED_EDGE('',*,*,#5412,.T.);
#3563=ORIENTED_EDGE('',*,*,#5294,.T.);
#3564=ORIENTED_EDGE('',*,*,#5413,.T.);
#3565=ORIENTED_EDGE('',*,*,#5297,.T.);
#3566=ORIENTED_EDGE('',*,*,#5462,.F.);
#3567=ORIENTED_EDGE('',*,*,#5416,.T.);
#3568=ORIENTED_EDGE('',*,*,#5463,.F.);
#3569=ORIENTED_EDGE('',*,*,#5464,.F.);
#3570=ORIENTED_EDGE('',*,*,#5426,.T.);
#3571=ORIENTED_EDGE('',*,*,#5465,.F.);
#3572=ORIENTED_EDGE('',*,*,#5423,.T.);
#3573=ORIENTED_EDGE('',*,*,#5376,.F.);
#3574=ORIENTED_EDGE('',*,*,#5366,.F.);
#3575=ORIENTED_EDGE('',*,*,#5414,.T.);
#3576=ORIENTED_EDGE('',*,*,#5462,.T.);
#3577=ORIENTED_EDGE('',*,*,#5466,.F.);
#3578=ORIENTED_EDGE('',*,*,#5415,.T.);
#3579=ORIENTED_EDGE('',*,*,#5364,.F.);
#3580=ORIENTED_EDGE('',*,*,#5371,.F.);
#3581=ORIENTED_EDGE('',*,*,#5417,.T.);
#3582=ORIENTED_EDGE('',*,*,#5467,.F.);
#3583=ORIENTED_EDGE('',*,*,#5463,.T.);
#3584=ORIENTED_EDGE('',*,*,#5467,.T.);
#3585=ORIENTED_EDGE('',*,*,#5419,.T.);
#3586=ORIENTED_EDGE('',*,*,#5468,.F.);
#3587=ORIENTED_EDGE('',*,*,#5469,.F.);
#3588=ORIENTED_EDGE('',*,*,#5427,.T.);
#3589=ORIENTED_EDGE('',*,*,#5464,.T.);
#3590=ORIENTED_EDGE('',*,*,#5418,.T.);
#3591=ORIENTED_EDGE('',*,*,#5369,.F.);
#3592=ORIENTED_EDGE('',*,*,#5375,.F.);
#3593=ORIENTED_EDGE('',*,*,#5420,.T.);
#3594=ORIENTED_EDGE('',*,*,#5470,.F.);
#3595=ORIENTED_EDGE('',*,*,#5468,.T.);
#3596=ORIENTED_EDGE('',*,*,#5470,.T.);
#3597=ORIENTED_EDGE('',*,*,#5422,.T.);
#3598=ORIENTED_EDGE('',*,*,#5471,.F.);
#3599=ORIENTED_EDGE('',*,*,#5472,.F.);
#3600=ORIENTED_EDGE('',*,*,#5428,.T.);
#3601=ORIENTED_EDGE('',*,*,#5469,.T.);
#3602=ORIENTED_EDGE('',*,*,#5421,.T.);
#3603=ORIENTED_EDGE('',*,*,#5373,.F.);
#3604=ORIENTED_EDGE('',*,*,#5378,.F.);
#3605=ORIENTED_EDGE('',*,*,#5425,.T.);
#3606=ORIENTED_EDGE('',*,*,#5473,.F.);
#3607=ORIENTED_EDGE('',*,*,#5471,.T.);
#3608=ORIENTED_EDGE('',*,*,#5466,.T.);
#3609=ORIENTED_EDGE('',*,*,#5465,.T.);
#3610=ORIENTED_EDGE('',*,*,#5429,.T.);
#3611=ORIENTED_EDGE('',*,*,#5472,.T.);
#3612=ORIENTED_EDGE('',*,*,#5473,.T.);
#3613=ORIENTED_EDGE('',*,*,#5424,.T.);
#3614=ORIENTED_EDGE('',*,*,#5301,.F.);
#3615=ORIENTED_EDGE('',*,*,#5442,.T.);
#3616=ORIENTED_EDGE('',*,*,#5303,.T.);
#3617=ORIENTED_EDGE('',*,*,#5430,.T.);
#3618=ORIENTED_EDGE('',*,*,#5305,.F.);
#3619=ORIENTED_EDGE('',*,*,#5443,.T.);
#3620=ORIENTED_EDGE('',*,*,#5307,.T.);
#3621=ORIENTED_EDGE('',*,*,#5431,.T.);
#3622=ORIENTED_EDGE('',*,*,#5309,.F.);
#3623=ORIENTED_EDGE('',*,*,#5444,.T.);
#3624=ORIENTED_EDGE('',*,*,#5311,.T.);
#3625=ORIENTED_EDGE('',*,*,#5432,.T.);
#3626=ORIENTED_EDGE('',*,*,#5313,.F.);
#3627=ORIENTED_EDGE('',*,*,#5445,.T.);
#3628=ORIENTED_EDGE('',*,*,#5315,.T.);
#3629=ORIENTED_EDGE('',*,*,#5433,.T.);
#3630=ORIENTED_EDGE('',*,*,#5455,.T.);
#3631=ORIENTED_EDGE('',*,*,#5474,.F.);
#3632=ORIENTED_EDGE('',*,*,#5441,.T.);
#3633=ORIENTED_EDGE('',*,*,#5475,.F.);
#3634=ORIENTED_EDGE('',*,*,#5454,.T.);
#3635=ORIENTED_EDGE('',*,*,#5476,.F.);
#3636=ORIENTED_EDGE('',*,*,#5434,.T.);
#3637=ORIENTED_EDGE('',*,*,#5474,.T.);
#3638=ORIENTED_EDGE('',*,*,#5453,.T.);
#3639=ORIENTED_EDGE('',*,*,#5477,.F.);
#3640=ORIENTED_EDGE('',*,*,#5435,.T.);
#3641=ORIENTED_EDGE('',*,*,#5476,.T.);
#3642=ORIENTED_EDGE('',*,*,#5452,.T.);
#3643=ORIENTED_EDGE('',*,*,#5478,.F.);
#3644=ORIENTED_EDGE('',*,*,#5436,.T.);
#3645=ORIENTED_EDGE('',*,*,#5477,.T.);
#3646=ORIENTED_EDGE('',*,*,#5451,.T.);
#3647=ORIENTED_EDGE('',*,*,#5479,.F.);
#3648=ORIENTED_EDGE('',*,*,#5437,.T.);
#3649=ORIENTED_EDGE('',*,*,#5478,.T.);
#3650=ORIENTED_EDGE('',*,*,#5450,.T.);
#3651=ORIENTED_EDGE('',*,*,#5480,.F.);
#3652=ORIENTED_EDGE('',*,*,#5438,.T.);
#3653=ORIENTED_EDGE('',*,*,#5479,.T.);
#3654=ORIENTED_EDGE('',*,*,#5457,.T.);
#3655=ORIENTED_EDGE('',*,*,#5481,.F.);
#3656=ORIENTED_EDGE('',*,*,#5439,.T.);
#3657=ORIENTED_EDGE('',*,*,#5480,.T.);
#3658=ORIENTED_EDGE('',*,*,#5456,.T.);
#3659=ORIENTED_EDGE('',*,*,#5475,.T.);
#3660=ORIENTED_EDGE('',*,*,#5440,.T.);
#3661=ORIENTED_EDGE('',*,*,#5481,.T.);
#3662=ORIENTED_EDGE('',*,*,#5317,.F.);
#3663=ORIENTED_EDGE('',*,*,#5460,.T.);
#3664=ORIENTED_EDGE('',*,*,#5319,.T.);
#3665=ORIENTED_EDGE('',*,*,#5446,.T.);
#3666=ORIENTED_EDGE('',*,*,#5321,.F.);
#3667=ORIENTED_EDGE('',*,*,#5461,.T.);
#3668=ORIENTED_EDGE('',*,*,#5323,.T.);
#3669=ORIENTED_EDGE('',*,*,#5447,.T.);
#3670=ORIENTED_EDGE('',*,*,#5325,.F.);
#3671=ORIENTED_EDGE('',*,*,#5458,.T.);
#3672=ORIENTED_EDGE('',*,*,#5327,.T.);
#3673=ORIENTED_EDGE('',*,*,#5448,.T.);
#3674=ORIENTED_EDGE('',*,*,#5329,.F.);
#3675=ORIENTED_EDGE('',*,*,#5459,.T.);
#3676=ORIENTED_EDGE('',*,*,#5331,.T.);
#3677=ORIENTED_EDGE('',*,*,#5449,.T.);
#3678=ORIENTED_EDGE('',*,*,#5482,.F.);
#3679=ORIENTED_EDGE('',*,*,#5483,.T.);
#3680=ORIENTED_EDGE('',*,*,#5484,.T.);
#3681=ORIENTED_EDGE('',*,*,#5485,.F.);
#3682=ORIENTED_EDGE('',*,*,#5486,.F.);
#3683=ORIENTED_EDGE('',*,*,#5487,.T.);
#3684=ORIENTED_EDGE('',*,*,#5488,.T.);
#3685=ORIENTED_EDGE('',*,*,#5489,.F.);
#3686=ORIENTED_EDGE('',*,*,#5490,.F.);
#3687=ORIENTED_EDGE('',*,*,#5491,.T.);
#3688=ORIENTED_EDGE('',*,*,#5492,.T.);
#3689=ORIENTED_EDGE('',*,*,#5493,.T.);
#3690=ORIENTED_EDGE('',*,*,#5494,.F.);
#3691=ORIENTED_EDGE('',*,*,#5495,.T.);
#3692=ORIENTED_EDGE('',*,*,#5496,.T.);
#3693=ORIENTED_EDGE('',*,*,#5497,.T.);
#3694=ORIENTED_EDGE('',*,*,#5498,.F.);
#3695=ORIENTED_EDGE('',*,*,#5499,.T.);
#3696=ORIENTED_EDGE('',*,*,#5500,.T.);
#3697=ORIENTED_EDGE('',*,*,#5501,.T.);
#3698=ORIENTED_EDGE('',*,*,#5502,.F.);
#3699=ORIENTED_EDGE('',*,*,#5503,.T.);
#3700=ORIENTED_EDGE('',*,*,#5504,.T.);
#3701=ORIENTED_EDGE('',*,*,#5505,.F.);
#3702=ORIENTED_EDGE('',*,*,#5506,.F.);
#3703=ORIENTED_EDGE('',*,*,#5507,.T.);
#3704=ORIENTED_EDGE('',*,*,#5508,.T.);
#3705=ORIENTED_EDGE('',*,*,#5509,.F.);
#3706=ORIENTED_EDGE('',*,*,#5510,.F.);
#3707=ORIENTED_EDGE('',*,*,#5511,.T.);
#3708=ORIENTED_EDGE('',*,*,#5512,.T.);
#3709=ORIENTED_EDGE('',*,*,#5513,.F.);
#3710=ORIENTED_EDGE('',*,*,#5514,.F.);
#3711=ORIENTED_EDGE('',*,*,#5515,.T.);
#3712=ORIENTED_EDGE('',*,*,#5516,.T.);
#3713=ORIENTED_EDGE('',*,*,#5517,.F.);
#3714=ORIENTED_EDGE('',*,*,#5518,.F.);
#3715=ORIENTED_EDGE('',*,*,#5519,.T.);
#3716=ORIENTED_EDGE('',*,*,#5520,.T.);
#3717=ORIENTED_EDGE('',*,*,#5521,.F.);
#3718=ORIENTED_EDGE('',*,*,#5522,.F.);
#3719=ORIENTED_EDGE('',*,*,#5523,.T.);
#3720=ORIENTED_EDGE('',*,*,#5524,.T.);
#3721=ORIENTED_EDGE('',*,*,#5525,.F.);
#3722=ORIENTED_EDGE('',*,*,#5526,.F.);
#3723=ORIENTED_EDGE('',*,*,#5527,.T.);
#3724=ORIENTED_EDGE('',*,*,#5528,.T.);
#3725=ORIENTED_EDGE('',*,*,#5529,.F.);
#3726=ORIENTED_EDGE('',*,*,#5530,.F.);
#3727=ORIENTED_EDGE('',*,*,#5531,.T.);
#3728=ORIENTED_EDGE('',*,*,#5532,.F.);
#3729=ORIENTED_EDGE('',*,*,#5533,.F.);
#3730=ORIENTED_EDGE('',*,*,#5534,.F.);
#3731=ORIENTED_EDGE('',*,*,#5535,.F.);
#3732=ORIENTED_EDGE('',*,*,#5536,.T.);
#3733=ORIENTED_EDGE('',*,*,#5537,.T.);
#3734=ORIENTED_EDGE('',*,*,#5538,.F.);
#3735=ORIENTED_EDGE('',*,*,#5539,.F.);
#3736=ORIENTED_EDGE('',*,*,#5540,.F.);
#3737=ORIENTED_EDGE('',*,*,#5541,.T.);
#3738=ORIENTED_EDGE('',*,*,#5542,.F.);
#3739=ORIENTED_EDGE('',*,*,#5543,.F.);
#3740=ORIENTED_EDGE('',*,*,#5544,.F.);
#3741=ORIENTED_EDGE('',*,*,#5545,.F.);
#3742=ORIENTED_EDGE('',*,*,#5546,.T.);
#3743=ORIENTED_EDGE('',*,*,#5547,.T.);
#3744=ORIENTED_EDGE('',*,*,#5548,.F.);
#3745=ORIENTED_EDGE('',*,*,#5549,.T.);
#3746=ORIENTED_EDGE('',*,*,#5550,.F.);
#3747=ORIENTED_EDGE('',*,*,#5551,.F.);
#3748=ORIENTED_EDGE('',*,*,#5552,.F.);
#3749=ORIENTED_EDGE('',*,*,#5553,.F.);
#3750=ORIENTED_EDGE('',*,*,#5554,.F.);
#3751=ORIENTED_EDGE('',*,*,#5555,.F.);
#3752=ORIENTED_EDGE('',*,*,#5556,.F.);
#3753=ORIENTED_EDGE('',*,*,#5557,.T.);
#3754=ORIENTED_EDGE('',*,*,#5558,.F.);
#3755=ORIENTED_EDGE('',*,*,#5559,.F.);
#3756=ORIENTED_EDGE('',*,*,#5560,.F.);
#3757=ORIENTED_EDGE('',*,*,#5561,.F.);
#3758=ORIENTED_EDGE('',*,*,#5562,.F.);
#3759=ORIENTED_EDGE('',*,*,#5563,.T.);
#3760=ORIENTED_EDGE('',*,*,#5482,.T.);
#3761=ORIENTED_EDGE('',*,*,#5564,.F.);
#3762=ORIENTED_EDGE('',*,*,#5565,.F.);
#3763=ORIENTED_EDGE('',*,*,#5566,.T.);
#3764=ORIENTED_EDGE('',*,*,#5486,.T.);
#3765=ORIENTED_EDGE('',*,*,#5567,.F.);
#3766=ORIENTED_EDGE('',*,*,#5568,.F.);
#3767=ORIENTED_EDGE('',*,*,#5569,.T.);
#3768=ORIENTED_EDGE('',*,*,#5570,.T.);
#3769=ORIENTED_EDGE('',*,*,#5571,.F.);
#3770=ORIENTED_EDGE('',*,*,#5572,.F.);
#3771=ORIENTED_EDGE('',*,*,#5573,.F.);
#3772=ORIENTED_EDGE('',*,*,#5574,.T.);
#3773=ORIENTED_EDGE('',*,*,#5575,.F.);
#3774=ORIENTED_EDGE('',*,*,#5576,.F.);
#3775=ORIENTED_EDGE('',*,*,#5577,.F.);
#3776=ORIENTED_EDGE('',*,*,#5578,.T.);
#3777=ORIENTED_EDGE('',*,*,#5579,.F.);
#3778=ORIENTED_EDGE('',*,*,#5580,.F.);
#3779=ORIENTED_EDGE('',*,*,#5581,.T.);
#3780=ORIENTED_EDGE('',*,*,#5490,.T.);
#3781=ORIENTED_EDGE('',*,*,#5582,.T.);
#3782=ORIENTED_EDGE('',*,*,#5583,.F.);
#3783=ORIENTED_EDGE('',*,*,#5584,.T.);
#3784=ORIENTED_EDGE('',*,*,#5498,.T.);
#3785=ORIENTED_EDGE('',*,*,#5577,.T.);
#3786=ORIENTED_EDGE('',*,*,#5585,.T.);
#3787=ORIENTED_EDGE('',*,*,#5586,.T.);
#3788=ORIENTED_EDGE('',*,*,#5502,.T.);
#3789=ORIENTED_EDGE('',*,*,#5587,.F.);
#3790=ORIENTED_EDGE('',*,*,#5588,.T.);
#3791=ORIENTED_EDGE('',*,*,#5589,.T.);
#3792=ORIENTED_EDGE('',*,*,#5506,.T.);
#3793=ORIENTED_EDGE('',*,*,#5590,.F.);
#3794=ORIENTED_EDGE('',*,*,#5510,.T.);
#3795=ORIENTED_EDGE('',*,*,#5591,.T.);
#3796=ORIENTED_EDGE('',*,*,#5592,.F.);
#3797=ORIENTED_EDGE('',*,*,#5593,.F.);
#3798=ORIENTED_EDGE('',*,*,#5514,.T.);
#3799=ORIENTED_EDGE('',*,*,#5594,.T.);
#3800=ORIENTED_EDGE('',*,*,#5595,.F.);
#3801=ORIENTED_EDGE('',*,*,#5596,.F.);
#3802=ORIENTED_EDGE('',*,*,#5518,.T.);
#3803=ORIENTED_EDGE('',*,*,#5597,.T.);
#3804=ORIENTED_EDGE('',*,*,#5598,.F.);
#3805=ORIENTED_EDGE('',*,*,#5599,.F.);
#3806=ORIENTED_EDGE('',*,*,#5538,.T.);
#3807=ORIENTED_EDGE('',*,*,#5600,.T.);
#3808=ORIENTED_EDGE('',*,*,#5522,.T.);
#3809=ORIENTED_EDGE('',*,*,#5601,.F.);
#3810=ORIENTED_EDGE('',*,*,#5554,.T.);
#3811=ORIENTED_EDGE('',*,*,#5602,.T.);
#3812=ORIENTED_EDGE('',*,*,#5526,.T.);
#3813=ORIENTED_EDGE('',*,*,#5603,.F.);
#3814=ORIENTED_EDGE('',*,*,#5604,.F.);
#3815=ORIENTED_EDGE('',*,*,#5605,.T.);
#3816=ORIENTED_EDGE('',*,*,#5606,.F.);
#3817=ORIENTED_EDGE('',*,*,#5607,.F.);
#3818=ORIENTED_EDGE('',*,*,#5608,.F.);
#3819=ORIENTED_EDGE('',*,*,#5609,.T.);
#3820=ORIENTED_EDGE('',*,*,#5610,.F.);
#3821=ORIENTED_EDGE('',*,*,#5611,.F.);
#3822=ORIENTED_EDGE('',*,*,#5612,.T.);
#3823=ORIENTED_EDGE('',*,*,#5613,.T.);
#3824=ORIENTED_EDGE('',*,*,#5614,.F.);
#3825=ORIENTED_EDGE('',*,*,#5615,.F.);
#3826=ORIENTED_EDGE('',*,*,#5616,.T.);
#3827=ORIENTED_EDGE('',*,*,#5615,.T.);
#3828=ORIENTED_EDGE('',*,*,#5617,.F.);
#3829=ORIENTED_EDGE('',*,*,#5618,.F.);
#3830=ORIENTED_EDGE('',*,*,#5619,.T.);
#3831=ORIENTED_EDGE('',*,*,#5620,.T.);
#3832=ORIENTED_EDGE('',*,*,#5621,.F.);
#3833=ORIENTED_EDGE('',*,*,#5622,.F.);
#3834=ORIENTED_EDGE('',*,*,#5623,.T.);
#3835=ORIENTED_EDGE('',*,*,#5622,.T.);
#3836=ORIENTED_EDGE('',*,*,#5624,.F.);
#3837=ORIENTED_EDGE('',*,*,#5625,.F.);
#3838=ORIENTED_EDGE('',*,*,#5626,.F.);
#3839=ORIENTED_EDGE('',*,*,#5627,.T.);
#3840=ORIENTED_EDGE('',*,*,#5628,.F.);
#3841=ORIENTED_EDGE('',*,*,#5629,.F.);
#3842=ORIENTED_EDGE('',*,*,#5630,.F.);
#3843=ORIENTED_EDGE('',*,*,#5631,.T.);
#3844=ORIENTED_EDGE('',*,*,#5632,.F.);
#3845=ORIENTED_EDGE('',*,*,#5633,.F.);
#3846=ORIENTED_EDGE('',*,*,#5634,.F.);
#3847=ORIENTED_EDGE('',*,*,#5635,.T.);
#3848=ORIENTED_EDGE('',*,*,#5636,.F.);
#3849=ORIENTED_EDGE('',*,*,#5637,.F.);
#3850=ORIENTED_EDGE('',*,*,#5638,.F.);
#3851=ORIENTED_EDGE('',*,*,#5639,.T.);
#3852=ORIENTED_EDGE('',*,*,#5640,.F.);
#3853=ORIENTED_EDGE('',*,*,#5641,.F.);
#3854=ORIENTED_EDGE('',*,*,#5642,.F.);
#3855=ORIENTED_EDGE('',*,*,#5643,.T.);
#3856=ORIENTED_EDGE('',*,*,#5626,.T.);
#3857=ORIENTED_EDGE('',*,*,#5644,.F.);
#3858=ORIENTED_EDGE('',*,*,#5645,.T.);
#3859=ORIENTED_EDGE('',*,*,#5630,.T.);
#3860=ORIENTED_EDGE('',*,*,#5646,.F.);
#3861=ORIENTED_EDGE('',*,*,#5647,.T.);
#3862=ORIENTED_EDGE('',*,*,#5634,.T.);
#3863=ORIENTED_EDGE('',*,*,#5648,.F.);
#3864=ORIENTED_EDGE('',*,*,#5649,.T.);
#3865=ORIENTED_EDGE('',*,*,#5638,.T.);
#3866=ORIENTED_EDGE('',*,*,#5650,.T.);
#3867=ORIENTED_EDGE('',*,*,#5651,.F.);
#3868=ORIENTED_EDGE('',*,*,#5652,.T.);
#3869=ORIENTED_EDGE('',*,*,#5653,.F.);
#3870=ORIENTED_EDGE('',*,*,#5654,.T.);
#3871=ORIENTED_EDGE('',*,*,#5655,.F.);
#3872=ORIENTED_EDGE('',*,*,#5656,.T.);
#3873=ORIENTED_EDGE('',*,*,#5657,.F.);
#3874=ORIENTED_EDGE('',*,*,#5658,.F.);
#3875=ORIENTED_EDGE('',*,*,#5659,.F.);
#3876=ORIENTED_EDGE('',*,*,#5660,.F.);
#3877=ORIENTED_EDGE('',*,*,#5484,.F.);
#3878=ORIENTED_EDGE('',*,*,#5661,.F.);
#3879=ORIENTED_EDGE('',*,*,#5657,.T.);
#3880=ORIENTED_EDGE('',*,*,#5662,.F.);
#3881=ORIENTED_EDGE('',*,*,#5663,.F.);
#3882=ORIENTED_EDGE('',*,*,#5488,.F.);
#3883=ORIENTED_EDGE('',*,*,#5664,.F.);
#3884=ORIENTED_EDGE('',*,*,#5665,.F.);
#3885=ORIENTED_EDGE('',*,*,#5666,.F.);
#3886=ORIENTED_EDGE('',*,*,#5667,.F.);
#3887=ORIENTED_EDGE('',*,*,#5492,.F.);
#3888=ORIENTED_EDGE('',*,*,#5668,.F.);
#3889=ORIENTED_EDGE('',*,*,#5496,.F.);
#3890=ORIENTED_EDGE('',*,*,#5669,.F.);
#3891=ORIENTED_EDGE('',*,*,#5500,.F.);
#3892=ORIENTED_EDGE('',*,*,#5670,.F.);
#3893=ORIENTED_EDGE('',*,*,#5671,.F.);
#3894=ORIENTED_EDGE('',*,*,#5672,.F.);
#3895=ORIENTED_EDGE('',*,*,#5504,.F.);
#3896=ORIENTED_EDGE('',*,*,#5673,.F.);
#3897=ORIENTED_EDGE('',*,*,#5508,.F.);
#3898=ORIENTED_EDGE('',*,*,#5674,.F.);
#3899=ORIENTED_EDGE('',*,*,#5651,.T.);
#3900=ORIENTED_EDGE('',*,*,#5675,.F.);
#3901=ORIENTED_EDGE('',*,*,#5676,.F.);
#3902=ORIENTED_EDGE('',*,*,#5677,.F.);
#3903=ORIENTED_EDGE('',*,*,#5678,.F.);
#3904=ORIENTED_EDGE('',*,*,#5653,.T.);
#3905=ORIENTED_EDGE('',*,*,#5679,.F.);
#3906=ORIENTED_EDGE('',*,*,#5680,.F.);
#3907=ORIENTED_EDGE('',*,*,#5512,.F.);
#3908=ORIENTED_EDGE('',*,*,#5681,.F.);
#3909=ORIENTED_EDGE('',*,*,#5516,.F.);
#3910=ORIENTED_EDGE('',*,*,#5682,.F.);
#3911=ORIENTED_EDGE('',*,*,#5520,.F.);
#3912=ORIENTED_EDGE('',*,*,#5683,.F.);
#3913=ORIENTED_EDGE('',*,*,#5684,.F.);
#3914=ORIENTED_EDGE('',*,*,#5655,.T.);
#3915=ORIENTED_EDGE('',*,*,#5685,.F.);
#3916=ORIENTED_EDGE('',*,*,#5686,.F.);
#3917=ORIENTED_EDGE('',*,*,#5524,.F.);
#3918=ORIENTED_EDGE('',*,*,#5687,.F.);
#3919=ORIENTED_EDGE('',*,*,#5528,.F.);
#3920=ORIENTED_EDGE('',*,*,#5688,.F.);
#3921=ORIENTED_EDGE('',*,*,#5662,.T.);
#3922=ORIENTED_EDGE('',*,*,#5656,.F.);
#3923=ORIENTED_EDGE('',*,*,#5684,.T.);
#3924=ORIENTED_EDGE('',*,*,#5532,.T.);
#3925=ORIENTED_EDGE('',*,*,#5689,.T.);
#3926=ORIENTED_EDGE('',*,*,#5542,.T.);
#3927=ORIENTED_EDGE('',*,*,#5690,.T.);
#3928=ORIENTED_EDGE('',*,*,#5691,.T.);
#3929=ORIENTED_EDGE('',*,*,#5676,.T.);
#3930=ORIENTED_EDGE('',*,*,#5692,.T.);
#3931=ORIENTED_EDGE('',*,*,#5658,.T.);
#3932=ORIENTED_EDGE('',*,*,#5688,.T.);
#3933=ORIENTED_EDGE('',*,*,#5683,.T.);
#3934=ORIENTED_EDGE('',*,*,#5693,.T.);
#3935=ORIENTED_EDGE('',*,*,#5677,.T.);
#3936=ORIENTED_EDGE('',*,*,#5550,.T.);
#3937=ORIENTED_EDGE('',*,*,#5694,.T.);
#3938=ORIENTED_EDGE('',*,*,#5558,.T.);
#3939=ORIENTED_EDGE('',*,*,#5695,.T.);
#3940=ORIENTED_EDGE('',*,*,#5692,.F.);
#3941=ORIENTED_EDGE('',*,*,#5675,.T.);
#3942=ORIENTED_EDGE('',*,*,#5650,.F.);
#3943=ORIENTED_EDGE('',*,*,#5661,.T.);
#3944=ORIENTED_EDGE('',*,*,#5659,.T.);
#3945=ORIENTED_EDGE('',*,*,#5483,.F.);
#3946=ORIENTED_EDGE('',*,*,#5696,.F.);
#3947=ORIENTED_EDGE('',*,*,#5485,.T.);
#3948=ORIENTED_EDGE('',*,*,#5660,.T.);
#3949=ORIENTED_EDGE('',*,*,#5487,.F.);
#3950=ORIENTED_EDGE('',*,*,#5697,.F.);
#3951=ORIENTED_EDGE('',*,*,#5489,.T.);
#3952=ORIENTED_EDGE('',*,*,#5663,.T.);
#3953=ORIENTED_EDGE('',*,*,#5698,.F.);
#3954=ORIENTED_EDGE('',*,*,#5671,.T.);
#3955=ORIENTED_EDGE('',*,*,#5699,.F.);
#3956=ORIENTED_EDGE('',*,*,#5574,.F.);
#3957=ORIENTED_EDGE('',*,*,#5664,.T.);
#3958=ORIENTED_EDGE('',*,*,#5698,.T.);
#3959=ORIENTED_EDGE('',*,*,#5700,.F.);
#3960=ORIENTED_EDGE('',*,*,#5701,.F.);
#3961=ORIENTED_EDGE('',*,*,#5702,.F.);
#3962=ORIENTED_EDGE('',*,*,#5703,.F.);
#3963=ORIENTED_EDGE('',*,*,#5665,.T.);
#3964=ORIENTED_EDGE('',*,*,#5701,.T.);
#3965=ORIENTED_EDGE('',*,*,#5570,.F.);
#3966=ORIENTED_EDGE('',*,*,#5666,.T.);
#3967=ORIENTED_EDGE('',*,*,#5703,.T.);
#3968=ORIENTED_EDGE('',*,*,#5704,.F.);
#3969=ORIENTED_EDGE('',*,*,#5705,.F.);
#3970=ORIENTED_EDGE('',*,*,#5667,.T.);
#3971=ORIENTED_EDGE('',*,*,#5705,.T.);
#3972=ORIENTED_EDGE('',*,*,#5706,.F.);
#3973=ORIENTED_EDGE('',*,*,#5493,.F.);
#3974=ORIENTED_EDGE('',*,*,#5491,.F.);
#3975=ORIENTED_EDGE('',*,*,#5707,.F.);
#3976=ORIENTED_EDGE('',*,*,#5497,.F.);
#3977=ORIENTED_EDGE('',*,*,#5668,.T.);
#3978=ORIENTED_EDGE('',*,*,#5495,.F.);
#3979=ORIENTED_EDGE('',*,*,#5578,.F.);
#3980=ORIENTED_EDGE('',*,*,#5501,.F.);
#3981=ORIENTED_EDGE('',*,*,#5669,.T.);
#3982=ORIENTED_EDGE('',*,*,#5499,.F.);
#3983=ORIENTED_EDGE('',*,*,#5708,.F.);
#3984=ORIENTED_EDGE('',*,*,#5699,.T.);
#3985=ORIENTED_EDGE('',*,*,#5670,.T.);
#3986=ORIENTED_EDGE('',*,*,#5503,.F.);
#3987=ORIENTED_EDGE('',*,*,#5709,.F.);
#3988=ORIENTED_EDGE('',*,*,#5505,.T.);
#3989=ORIENTED_EDGE('',*,*,#5672,.T.);
#3990=ORIENTED_EDGE('',*,*,#5507,.F.);
#3991=ORIENTED_EDGE('',*,*,#5710,.F.);
#3992=ORIENTED_EDGE('',*,*,#5509,.T.);
#3993=ORIENTED_EDGE('',*,*,#5673,.T.);
#3994=ORIENTED_EDGE('',*,*,#5691,.F.);
#3995=ORIENTED_EDGE('',*,*,#5679,.T.);
#3996=ORIENTED_EDGE('',*,*,#5652,.F.);
#3997=ORIENTED_EDGE('',*,*,#5674,.T.);
#3998=ORIENTED_EDGE('',*,*,#5693,.F.);
#3999=ORIENTED_EDGE('',*,*,#5685,.T.);
#4000=ORIENTED_EDGE('',*,*,#5654,.F.);
#4001=ORIENTED_EDGE('',*,*,#5678,.T.);
#4002=ORIENTED_EDGE('',*,*,#5511,.F.);
#4003=ORIENTED_EDGE('',*,*,#5711,.F.);
#4004=ORIENTED_EDGE('',*,*,#5513,.T.);
#4005=ORIENTED_EDGE('',*,*,#5680,.T.);
#4006=ORIENTED_EDGE('',*,*,#5515,.F.);
#4007=ORIENTED_EDGE('',*,*,#5712,.F.);
#4008=ORIENTED_EDGE('',*,*,#5517,.T.);
#4009=ORIENTED_EDGE('',*,*,#5681,.T.);
#4010=ORIENTED_EDGE('',*,*,#5519,.F.);
#4011=ORIENTED_EDGE('',*,*,#5713,.F.);
#4012=ORIENTED_EDGE('',*,*,#5521,.T.);
#4013=ORIENTED_EDGE('',*,*,#5682,.T.);
#4014=ORIENTED_EDGE('',*,*,#5523,.F.);
#4015=ORIENTED_EDGE('',*,*,#5714,.F.);
#4016=ORIENTED_EDGE('',*,*,#5525,.T.);
#4017=ORIENTED_EDGE('',*,*,#5686,.T.);
#4018=ORIENTED_EDGE('',*,*,#5527,.F.);
#4019=ORIENTED_EDGE('',*,*,#5715,.F.);
#4020=ORIENTED_EDGE('',*,*,#5529,.T.);
#4021=ORIENTED_EDGE('',*,*,#5687,.T.);
#4022=ORIENTED_EDGE('',*,*,#5531,.F.);
#4023=ORIENTED_EDGE('',*,*,#5716,.F.);
#4024=ORIENTED_EDGE('',*,*,#5717,.T.);
#4025=ORIENTED_EDGE('',*,*,#5618,.T.);
#4026=ORIENTED_EDGE('',*,*,#5718,.F.);
#4027=ORIENTED_EDGE('',*,*,#5719,.F.);
#4028=ORIENTED_EDGE('',*,*,#5533,.T.);
#4029=ORIENTED_EDGE('',*,*,#5689,.F.);
#4030=ORIENTED_EDGE('',*,*,#5585,.F.);
#4031=ORIENTED_EDGE('',*,*,#5720,.F.);
#4032=ORIENTED_EDGE('',*,*,#5541,.F.);
#4033=ORIENTED_EDGE('',*,*,#5721,.F.);
#4034=ORIENTED_EDGE('',*,*,#5722,.T.);
#4035=ORIENTED_EDGE('',*,*,#5625,.T.);
#4036=ORIENTED_EDGE('',*,*,#5723,.F.);
#4037=ORIENTED_EDGE('',*,*,#5724,.F.);
#4038=ORIENTED_EDGE('',*,*,#5543,.T.);
#4039=ORIENTED_EDGE('',*,*,#5690,.F.);
#4040=ORIENTED_EDGE('',*,*,#5549,.F.);
#4041=ORIENTED_EDGE('',*,*,#5725,.F.);
#4042=ORIENTED_EDGE('',*,*,#5726,.F.);
#4043=ORIENTED_EDGE('',*,*,#5727,.F.);
#4044=ORIENTED_EDGE('',*,*,#5551,.T.);
#4045=ORIENTED_EDGE('',*,*,#5694,.F.);
#4046=ORIENTED_EDGE('',*,*,#5588,.F.);
#4047=ORIENTED_EDGE('',*,*,#5728,.F.);
#4048=ORIENTED_EDGE('',*,*,#5557,.F.);
#4049=ORIENTED_EDGE('',*,*,#5729,.F.);
#4050=ORIENTED_EDGE('',*,*,#5730,.F.);
#4051=ORIENTED_EDGE('',*,*,#5731,.F.);
#4052=ORIENTED_EDGE('',*,*,#5559,.T.);
#4053=ORIENTED_EDGE('',*,*,#5695,.F.);
#4054=ORIENTED_EDGE('',*,*,#5563,.F.);
#4055=ORIENTED_EDGE('',*,*,#5732,.F.);
#4056=ORIENTED_EDGE('',*,*,#5716,.T.);
#4057=ORIENTED_EDGE('',*,*,#5530,.T.);
#4058=ORIENTED_EDGE('',*,*,#5733,.F.);
#4059=ORIENTED_EDGE('',*,*,#5564,.T.);
#4060=ORIENTED_EDGE('',*,*,#5696,.T.);
#4061=ORIENTED_EDGE('',*,*,#5566,.F.);
#4062=ORIENTED_EDGE('',*,*,#5734,.F.);
#4063=ORIENTED_EDGE('',*,*,#5721,.T.);
#4064=ORIENTED_EDGE('',*,*,#5540,.T.);
#4065=ORIENTED_EDGE('',*,*,#5735,.F.);
#4066=ORIENTED_EDGE('',*,*,#5567,.T.);
#4067=ORIENTED_EDGE('',*,*,#5697,.T.);
#4068=ORIENTED_EDGE('',*,*,#5569,.F.);
#4069=ORIENTED_EDGE('',*,*,#5736,.F.);
#4070=ORIENTED_EDGE('',*,*,#5579,.T.);
#4071=ORIENTED_EDGE('',*,*,#5494,.T.);
#4072=ORIENTED_EDGE('',*,*,#5737,.F.);
#4073=ORIENTED_EDGE('',*,*,#5738,.F.);
#4074=ORIENTED_EDGE('',*,*,#5582,.F.);
#4075=ORIENTED_EDGE('',*,*,#5706,.T.);
#4076=ORIENTED_EDGE('',*,*,#5739,.F.);
#4077=ORIENTED_EDGE('',*,*,#5740,.F.);
#4078=ORIENTED_EDGE('',*,*,#5741,.F.);
#4079=ORIENTED_EDGE('',*,*,#5702,.T.);
#4080=ORIENTED_EDGE('',*,*,#5700,.T.);
#4081=ORIENTED_EDGE('',*,*,#5573,.T.);
#4082=ORIENTED_EDGE('',*,*,#5742,.F.);
#4083=ORIENTED_EDGE('',*,*,#5571,.T.);
#4084=ORIENTED_EDGE('',*,*,#5704,.T.);
#4085=ORIENTED_EDGE('',*,*,#5741,.T.);
#4086=ORIENTED_EDGE('',*,*,#5743,.F.);
#4087=ORIENTED_EDGE('',*,*,#5739,.T.);
#4088=ORIENTED_EDGE('',*,*,#5581,.F.);
#4089=ORIENTED_EDGE('',*,*,#5744,.F.);
#4090=ORIENTED_EDGE('',*,*,#5737,.T.);
#4091=ORIENTED_EDGE('',*,*,#5707,.T.);
#4092=ORIENTED_EDGE('',*,*,#5584,.F.);
#4093=ORIENTED_EDGE('',*,*,#5745,.F.);
#4094=ORIENTED_EDGE('',*,*,#5575,.T.);
#4095=ORIENTED_EDGE('',*,*,#5708,.T.);
#4096=ORIENTED_EDGE('',*,*,#5586,.F.);
#4097=ORIENTED_EDGE('',*,*,#5720,.T.);
#4098=ORIENTED_EDGE('',*,*,#5587,.T.);
#4099=ORIENTED_EDGE('',*,*,#5709,.T.);
#4100=ORIENTED_EDGE('',*,*,#5589,.F.);
#4101=ORIENTED_EDGE('',*,*,#5728,.T.);
#4102=ORIENTED_EDGE('',*,*,#5590,.T.);
#4103=ORIENTED_EDGE('',*,*,#5710,.T.);
#4104=ORIENTED_EDGE('',*,*,#5591,.F.);
#4105=ORIENTED_EDGE('',*,*,#5711,.T.);
#4106=ORIENTED_EDGE('',*,*,#5593,.T.);
#4107=ORIENTED_EDGE('',*,*,#5746,.F.);
#4108=ORIENTED_EDGE('',*,*,#5594,.F.);
#4109=ORIENTED_EDGE('',*,*,#5712,.T.);
#4110=ORIENTED_EDGE('',*,*,#5596,.T.);
#4111=ORIENTED_EDGE('',*,*,#5747,.F.);
#4112=ORIENTED_EDGE('',*,*,#5552,.T.);
#4113=ORIENTED_EDGE('',*,*,#5727,.T.);
#4114=ORIENTED_EDGE('',*,*,#5748,.F.);
#4115=ORIENTED_EDGE('',*,*,#5597,.F.);
#4116=ORIENTED_EDGE('',*,*,#5713,.T.);
#4117=ORIENTED_EDGE('',*,*,#5599,.T.);
#4118=ORIENTED_EDGE('',*,*,#5749,.F.);
#4119=ORIENTED_EDGE('',*,*,#5560,.T.);
#4120=ORIENTED_EDGE('',*,*,#5731,.T.);
#4121=ORIENTED_EDGE('',*,*,#5750,.F.);
#4122=ORIENTED_EDGE('',*,*,#5600,.F.);
#4123=ORIENTED_EDGE('',*,*,#5539,.T.);
#4124=ORIENTED_EDGE('',*,*,#5601,.T.);
#4125=ORIENTED_EDGE('',*,*,#5714,.T.);
#4126=ORIENTED_EDGE('',*,*,#5602,.F.);
#4127=ORIENTED_EDGE('',*,*,#5555,.T.);
#4128=ORIENTED_EDGE('',*,*,#5603,.T.);
#4129=ORIENTED_EDGE('',*,*,#5715,.T.);
#4130=ORIENTED_EDGE('',*,*,#5605,.F.);
#4131=ORIENTED_EDGE('',*,*,#5751,.F.);
#4132=ORIENTED_EDGE('',*,*,#5725,.T.);
#4133=ORIENTED_EDGE('',*,*,#5548,.T.);
#4134=ORIENTED_EDGE('',*,*,#5752,.F.);
#4135=ORIENTED_EDGE('',*,*,#5607,.T.);
#4136=ORIENTED_EDGE('',*,*,#5753,.F.);
#4137=ORIENTED_EDGE('',*,*,#5534,.T.);
#4138=ORIENTED_EDGE('',*,*,#5719,.T.);
#4139=ORIENTED_EDGE('',*,*,#5754,.F.);
#4140=ORIENTED_EDGE('',*,*,#5609,.F.);
#4141=ORIENTED_EDGE('',*,*,#5755,.F.);
#4142=ORIENTED_EDGE('',*,*,#5729,.T.);
#4143=ORIENTED_EDGE('',*,*,#5556,.T.);
#4144=ORIENTED_EDGE('',*,*,#5756,.F.);
#4145=ORIENTED_EDGE('',*,*,#5611,.T.);
#4146=ORIENTED_EDGE('',*,*,#5757,.F.);
#4147=ORIENTED_EDGE('',*,*,#5544,.T.);
#4148=ORIENTED_EDGE('',*,*,#5724,.T.);
#4149=ORIENTED_EDGE('',*,*,#5758,.F.);
#4150=ORIENTED_EDGE('',*,*,#5726,.T.);
#4151=ORIENTED_EDGE('',*,*,#5751,.T.);
#4152=ORIENTED_EDGE('',*,*,#5604,.T.);
#4153=ORIENTED_EDGE('',*,*,#5752,.T.);
#4154=ORIENTED_EDGE('',*,*,#5553,.T.);
#4155=ORIENTED_EDGE('',*,*,#5747,.T.);
#4156=ORIENTED_EDGE('',*,*,#5595,.T.);
#4157=ORIENTED_EDGE('',*,*,#5748,.T.);
#4158=ORIENTED_EDGE('',*,*,#5730,.T.);
#4159=ORIENTED_EDGE('',*,*,#5755,.T.);
#4160=ORIENTED_EDGE('',*,*,#5608,.T.);
#4161=ORIENTED_EDGE('',*,*,#5756,.T.);
#4162=ORIENTED_EDGE('',*,*,#5561,.T.);
#4163=ORIENTED_EDGE('',*,*,#5749,.T.);
#4164=ORIENTED_EDGE('',*,*,#5598,.T.);
#4165=ORIENTED_EDGE('',*,*,#5750,.T.);
#4166=ORIENTED_EDGE('',*,*,#5717,.F.);
#4167=ORIENTED_EDGE('',*,*,#5732,.T.);
#4168=ORIENTED_EDGE('',*,*,#5562,.T.);
#4169=ORIENTED_EDGE('',*,*,#5733,.T.);
#4170=ORIENTED_EDGE('',*,*,#5537,.F.);
#4171=ORIENTED_EDGE('',*,*,#5759,.F.);
#4172=ORIENTED_EDGE('',*,*,#5612,.F.);
#4173=ORIENTED_EDGE('',*,*,#5616,.F.);
#4174=ORIENTED_EDGE('',*,*,#5722,.F.);
#4175=ORIENTED_EDGE('',*,*,#5734,.T.);
#4176=ORIENTED_EDGE('',*,*,#5565,.T.);
#4177=ORIENTED_EDGE('',*,*,#5735,.T.);
#4178=ORIENTED_EDGE('',*,*,#5547,.F.);
#4179=ORIENTED_EDGE('',*,*,#5760,.F.);
#4180=ORIENTED_EDGE('',*,*,#5619,.F.);
#4181=ORIENTED_EDGE('',*,*,#5623,.F.);
#4182=ORIENTED_EDGE('',*,*,#5736,.T.);
#4183=ORIENTED_EDGE('',*,*,#5568,.T.);
#4184=ORIENTED_EDGE('',*,*,#5592,.T.);
#4185=ORIENTED_EDGE('',*,*,#5746,.T.);
#4186=ORIENTED_EDGE('',*,*,#5743,.T.);
#4187=ORIENTED_EDGE('',*,*,#5740,.T.);
#4188=ORIENTED_EDGE('',*,*,#5628,.T.);
#4189=ORIENTED_EDGE('',*,*,#5761,.T.);
#4190=ORIENTED_EDGE('',*,*,#5572,.T.);
#4191=ORIENTED_EDGE('',*,*,#5742,.T.);
#4192=ORIENTED_EDGE('',*,*,#5632,.T.);
#4193=ORIENTED_EDGE('',*,*,#5762,.T.);
#4194=ORIENTED_EDGE('',*,*,#5576,.T.);
#4195=ORIENTED_EDGE('',*,*,#5745,.T.);
#4196=ORIENTED_EDGE('',*,*,#5583,.T.);
#4197=ORIENTED_EDGE('',*,*,#5636,.T.);
#4198=ORIENTED_EDGE('',*,*,#5763,.T.);
#4199=ORIENTED_EDGE('',*,*,#5744,.T.);
#4200=ORIENTED_EDGE('',*,*,#5580,.T.);
#4201=ORIENTED_EDGE('',*,*,#5738,.T.);
#4202=ORIENTED_EDGE('',*,*,#5640,.T.);
#4203=ORIENTED_EDGE('',*,*,#5764,.T.);
#4204=ORIENTED_EDGE('',*,*,#5718,.T.);
#4205=ORIENTED_EDGE('',*,*,#5617,.T.);
#4206=ORIENTED_EDGE('',*,*,#5614,.T.);
#4207=ORIENTED_EDGE('',*,*,#5765,.T.);
#4208=ORIENTED_EDGE('',*,*,#5535,.T.);
#4209=ORIENTED_EDGE('',*,*,#5753,.T.);
#4210=ORIENTED_EDGE('',*,*,#5606,.T.);
#4211=ORIENTED_EDGE('',*,*,#5754,.T.);
#4212=ORIENTED_EDGE('',*,*,#5723,.T.);
#4213=ORIENTED_EDGE('',*,*,#5624,.T.);
#4214=ORIENTED_EDGE('',*,*,#5621,.T.);
#4215=ORIENTED_EDGE('',*,*,#5766,.T.);
#4216=ORIENTED_EDGE('',*,*,#5545,.T.);
#4217=ORIENTED_EDGE('',*,*,#5757,.T.);
#4218=ORIENTED_EDGE('',*,*,#5610,.T.);
#4219=ORIENTED_EDGE('',*,*,#5758,.T.);
#4220=ORIENTED_EDGE('',*,*,#5613,.F.);
#4221=ORIENTED_EDGE('',*,*,#5759,.T.);
#4222=ORIENTED_EDGE('',*,*,#5536,.F.);
#4223=ORIENTED_EDGE('',*,*,#5765,.F.);
#4224=ORIENTED_EDGE('',*,*,#5620,.F.);
#4225=ORIENTED_EDGE('',*,*,#5760,.T.);
#4226=ORIENTED_EDGE('',*,*,#5546,.F.);
#4227=ORIENTED_EDGE('',*,*,#5766,.F.);
#4228=ORIENTED_EDGE('',*,*,#5627,.F.);
#4229=ORIENTED_EDGE('',*,*,#5767,.F.);
#4230=ORIENTED_EDGE('',*,*,#5629,.T.);
#4231=ORIENTED_EDGE('',*,*,#5761,.F.);
#4232=ORIENTED_EDGE('',*,*,#5631,.F.);
#4233=ORIENTED_EDGE('',*,*,#5768,.F.);
#4234=ORIENTED_EDGE('',*,*,#5633,.T.);
#4235=ORIENTED_EDGE('',*,*,#5762,.F.);
#4236=ORIENTED_EDGE('',*,*,#5635,.F.);
#4237=ORIENTED_EDGE('',*,*,#5769,.F.);
#4238=ORIENTED_EDGE('',*,*,#5637,.T.);
#4239=ORIENTED_EDGE('',*,*,#5763,.F.);
#4240=ORIENTED_EDGE('',*,*,#5639,.F.);
#4241=ORIENTED_EDGE('',*,*,#5770,.F.);
#4242=ORIENTED_EDGE('',*,*,#5641,.T.);
#4243=ORIENTED_EDGE('',*,*,#5764,.F.);
#4244=ORIENTED_EDGE('',*,*,#5643,.F.);
#4245=ORIENTED_EDGE('',*,*,#5642,.T.);
#4246=ORIENTED_EDGE('',*,*,#5767,.T.);
#4247=ORIENTED_EDGE('',*,*,#5645,.F.);
#4248=ORIENTED_EDGE('',*,*,#5644,.T.);
#4249=ORIENTED_EDGE('',*,*,#5768,.T.);
#4250=ORIENTED_EDGE('',*,*,#5647,.F.);
#4251=ORIENTED_EDGE('',*,*,#5646,.T.);
#4252=ORIENTED_EDGE('',*,*,#5769,.T.);
#4253=ORIENTED_EDGE('',*,*,#5649,.F.);
#4254=ORIENTED_EDGE('',*,*,#5648,.T.);
#4255=ORIENTED_EDGE('',*,*,#5770,.T.);
#4256=ORIENTED_EDGE('',*,*,#5771,.F.);
#4257=ORIENTED_EDGE('',*,*,#5772,.T.);
#4258=ORIENTED_EDGE('',*,*,#5773,.F.);
#4259=ORIENTED_EDGE('',*,*,#5774,.F.);
#4260=ORIENTED_EDGE('',*,*,#5775,.F.);
#4261=ORIENTED_EDGE('',*,*,#5776,.T.);
#4262=ORIENTED_EDGE('',*,*,#5777,.F.);
#4263=ORIENTED_EDGE('',*,*,#5778,.F.);
#4264=ORIENTED_EDGE('',*,*,#5779,.F.);
#4265=ORIENTED_EDGE('',*,*,#5780,.T.);
#4266=ORIENTED_EDGE('',*,*,#5781,.F.);
#4267=ORIENTED_EDGE('',*,*,#5782,.F.);
#4268=ORIENTED_EDGE('',*,*,#5783,.F.);
#4269=ORIENTED_EDGE('',*,*,#5784,.T.);
#4270=ORIENTED_EDGE('',*,*,#5771,.T.);
#4271=ORIENTED_EDGE('',*,*,#5785,.F.);
#4272=ORIENTED_EDGE('',*,*,#5775,.T.);
#4273=ORIENTED_EDGE('',*,*,#5786,.T.);
#4274=ORIENTED_EDGE('',*,*,#5787,.F.);
#4275=ORIENTED_EDGE('',*,*,#5788,.F.);
#4276=ORIENTED_EDGE('',*,*,#5779,.T.);
#4277=ORIENTED_EDGE('',*,*,#5789,.T.);
#4278=ORIENTED_EDGE('',*,*,#5790,.F.);
#4279=ORIENTED_EDGE('',*,*,#5791,.F.);
#4280=ORIENTED_EDGE('',*,*,#5792,.F.);
#4281=ORIENTED_EDGE('',*,*,#5793,.T.);
#4282=ORIENTED_EDGE('',*,*,#5794,.F.);
#4283=ORIENTED_EDGE('',*,*,#5795,.F.);
#4284=ORIENTED_EDGE('',*,*,#5796,.F.);
#4285=ORIENTED_EDGE('',*,*,#5797,.T.);
#4286=ORIENTED_EDGE('',*,*,#5798,.F.);
#4287=ORIENTED_EDGE('',*,*,#5799,.F.);
#4288=ORIENTED_EDGE('',*,*,#5800,.F.);
#4289=ORIENTED_EDGE('',*,*,#5801,.T.);
#4290=ORIENTED_EDGE('',*,*,#5802,.F.);
#4291=ORIENTED_EDGE('',*,*,#5803,.F.);
#4292=ORIENTED_EDGE('',*,*,#5804,.F.);
#4293=ORIENTED_EDGE('',*,*,#5805,.T.);
#4294=ORIENTED_EDGE('',*,*,#5806,.F.);
#4295=ORIENTED_EDGE('',*,*,#5807,.F.);
#4296=ORIENTED_EDGE('',*,*,#5808,.F.);
#4297=ORIENTED_EDGE('',*,*,#5809,.T.);
#4298=ORIENTED_EDGE('',*,*,#5810,.F.);
#4299=ORIENTED_EDGE('',*,*,#5811,.F.);
#4300=ORIENTED_EDGE('',*,*,#5812,.F.);
#4301=ORIENTED_EDGE('',*,*,#5813,.T.);
#4302=ORIENTED_EDGE('',*,*,#5814,.F.);
#4303=ORIENTED_EDGE('',*,*,#5815,.F.);
#4304=ORIENTED_EDGE('',*,*,#5787,.T.);
#4305=ORIENTED_EDGE('',*,*,#5816,.T.);
#4306=ORIENTED_EDGE('',*,*,#5817,.F.);
#4307=ORIENTED_EDGE('',*,*,#5818,.F.);
#4308=ORIENTED_EDGE('',*,*,#5790,.T.);
#4309=ORIENTED_EDGE('',*,*,#5819,.T.);
#4310=ORIENTED_EDGE('',*,*,#5820,.F.);
#4311=ORIENTED_EDGE('',*,*,#5821,.F.);
#4312=ORIENTED_EDGE('',*,*,#5822,.F.);
#4313=ORIENTED_EDGE('',*,*,#5823,.T.);
#4314=ORIENTED_EDGE('',*,*,#5792,.T.);
#4315=ORIENTED_EDGE('',*,*,#5824,.F.);
#4316=ORIENTED_EDGE('',*,*,#5825,.F.);
#4317=ORIENTED_EDGE('',*,*,#5826,.T.);
#4318=ORIENTED_EDGE('',*,*,#5796,.T.);
#4319=ORIENTED_EDGE('',*,*,#5827,.F.);
#4320=ORIENTED_EDGE('',*,*,#5800,.T.);
#4321=ORIENTED_EDGE('',*,*,#5828,.T.);
#4322=ORIENTED_EDGE('',*,*,#5829,.F.);
#4323=ORIENTED_EDGE('',*,*,#5830,.F.);
#4324=ORIENTED_EDGE('',*,*,#5804,.T.);
#4325=ORIENTED_EDGE('',*,*,#5831,.T.);
#4326=ORIENTED_EDGE('',*,*,#5832,.F.);
#4327=ORIENTED_EDGE('',*,*,#5833,.F.);
#4328=ORIENTED_EDGE('',*,*,#5808,.T.);
#4329=ORIENTED_EDGE('',*,*,#5834,.T.);
#4330=ORIENTED_EDGE('',*,*,#5835,.F.);
#4331=ORIENTED_EDGE('',*,*,#5836,.F.);
#4332=ORIENTED_EDGE('',*,*,#5812,.T.);
#4333=ORIENTED_EDGE('',*,*,#5837,.T.);
#4334=ORIENTED_EDGE('',*,*,#5838,.F.);
#4335=ORIENTED_EDGE('',*,*,#5839,.F.);
#4336=ORIENTED_EDGE('',*,*,#5840,.F.);
#4337=ORIENTED_EDGE('',*,*,#5841,.T.);
#4338=ORIENTED_EDGE('',*,*,#5842,.F.);
#4339=ORIENTED_EDGE('',*,*,#5843,.F.);
#4340=ORIENTED_EDGE('',*,*,#5840,.T.);
#4341=ORIENTED_EDGE('',*,*,#5844,.T.);
#4342=ORIENTED_EDGE('',*,*,#5845,.T.);
#4343=ORIENTED_EDGE('',*,*,#5846,.F.);
#4344=ORIENTED_EDGE('',*,*,#5847,.T.);
#4345=ORIENTED_EDGE('',*,*,#5848,.T.);
#4346=ORIENTED_EDGE('',*,*,#5849,.T.);
#4347=ORIENTED_EDGE('',*,*,#5850,.T.);
#4348=ORIENTED_EDGE('',*,*,#5773,.T.);
#4349=ORIENTED_EDGE('',*,*,#5851,.T.);
#4350=ORIENTED_EDGE('',*,*,#5777,.T.);
#4351=ORIENTED_EDGE('',*,*,#5852,.T.);
#4352=ORIENTED_EDGE('',*,*,#5781,.T.);
#4353=ORIENTED_EDGE('',*,*,#5853,.T.);
#4354=ORIENTED_EDGE('',*,*,#5854,.F.);
#4355=ORIENTED_EDGE('',*,*,#5855,.F.);
#4356=ORIENTED_EDGE('',*,*,#5848,.F.);
#4357=ORIENTED_EDGE('',*,*,#5856,.F.);
#4358=ORIENTED_EDGE('',*,*,#5857,.F.);
#4359=ORIENTED_EDGE('',*,*,#5858,.F.);
#4360=ORIENTED_EDGE('',*,*,#5847,.F.);
#4361=ORIENTED_EDGE('',*,*,#5859,.F.);
#4362=ORIENTED_EDGE('',*,*,#5860,.F.);
#4363=ORIENTED_EDGE('',*,*,#5861,.F.);
#4364=ORIENTED_EDGE('',*,*,#5850,.F.);
#4365=ORIENTED_EDGE('',*,*,#5862,.F.);
#4366=ORIENTED_EDGE('',*,*,#5863,.F.);
#4367=ORIENTED_EDGE('',*,*,#5864,.F.);
#4368=ORIENTED_EDGE('',*,*,#5865,.T.);
#4369=ORIENTED_EDGE('',*,*,#5849,.F.);
#4370=ORIENTED_EDGE('',*,*,#5866,.T.);
#4371=ORIENTED_EDGE('',*,*,#5867,.T.);
#4372=ORIENTED_EDGE('',*,*,#5772,.F.);
#4373=ORIENTED_EDGE('',*,*,#5868,.F.);
#4374=ORIENTED_EDGE('',*,*,#5774,.T.);
#4375=ORIENTED_EDGE('',*,*,#5851,.F.);
#4376=ORIENTED_EDGE('',*,*,#5776,.F.);
#4377=ORIENTED_EDGE('',*,*,#5869,.F.);
#4378=ORIENTED_EDGE('',*,*,#5778,.T.);
#4379=ORIENTED_EDGE('',*,*,#5852,.F.);
#4380=ORIENTED_EDGE('',*,*,#5780,.F.);
#4381=ORIENTED_EDGE('',*,*,#5870,.F.);
#4382=ORIENTED_EDGE('',*,*,#5782,.T.);
#4383=ORIENTED_EDGE('',*,*,#5853,.F.);
#4384=ORIENTED_EDGE('',*,*,#5858,.T.);
#4385=ORIENTED_EDGE('',*,*,#5794,.T.);
#4386=ORIENTED_EDGE('',*,*,#5871,.T.);
#4387=ORIENTED_EDGE('',*,*,#5872,.T.);
#4388=ORIENTED_EDGE('',*,*,#5798,.T.);
#4389=ORIENTED_EDGE('',*,*,#5873,.T.);
#4390=ORIENTED_EDGE('',*,*,#5874,.T.);
#4391=ORIENTED_EDGE('',*,*,#5854,.T.);
#4392=ORIENTED_EDGE('',*,*,#5875,.T.);
#4393=ORIENTED_EDGE('',*,*,#5866,.F.);
#4394=ORIENTED_EDGE('',*,*,#5855,.T.);
#4395=ORIENTED_EDGE('',*,*,#5856,.T.);
#4396=ORIENTED_EDGE('',*,*,#5861,.T.);
#4397=ORIENTED_EDGE('',*,*,#5876,.T.);
#4398=ORIENTED_EDGE('',*,*,#5877,.T.);
#4399=ORIENTED_EDGE('',*,*,#5857,.T.);
#4400=ORIENTED_EDGE('',*,*,#5878,.T.);
#4401=ORIENTED_EDGE('',*,*,#5879,.T.);
#4402=ORIENTED_EDGE('',*,*,#5864,.T.);
#4403=ORIENTED_EDGE('',*,*,#5880,.T.);
#4404=ORIENTED_EDGE('',*,*,#5859,.T.);
#4405=ORIENTED_EDGE('',*,*,#5860,.T.);
#4406=ORIENTED_EDGE('',*,*,#5881,.T.);
#4407=ORIENTED_EDGE('',*,*,#5882,.T.);
#4408=ORIENTED_EDGE('',*,*,#5883,.T.);
#4409=ORIENTED_EDGE('',*,*,#5884,.T.);
#4410=ORIENTED_EDGE('',*,*,#5885,.T.);
#4411=ORIENTED_EDGE('',*,*,#5865,.F.);
#4412=ORIENTED_EDGE('',*,*,#5886,.F.);
#4413=ORIENTED_EDGE('',*,*,#5862,.T.);
#4414=ORIENTED_EDGE('',*,*,#5887,.T.);
#4415=ORIENTED_EDGE('',*,*,#5863,.T.);
#4416=ORIENTED_EDGE('',*,*,#5888,.T.);
#4417=ORIENTED_EDGE('',*,*,#5889,.T.);
#4418=ORIENTED_EDGE('',*,*,#5802,.T.);
#4419=ORIENTED_EDGE('',*,*,#5890,.T.);
#4420=ORIENTED_EDGE('',*,*,#5806,.T.);
#4421=ORIENTED_EDGE('',*,*,#5891,.T.);
#4422=ORIENTED_EDGE('',*,*,#5810,.T.);
#4423=ORIENTED_EDGE('',*,*,#5892,.T.);
#4424=ORIENTED_EDGE('',*,*,#5814,.T.);
#4425=ORIENTED_EDGE('',*,*,#5893,.T.);
#4426=ORIENTED_EDGE('',*,*,#5894,.F.);
#4427=ORIENTED_EDGE('',*,*,#5895,.F.);
#4428=ORIENTED_EDGE('',*,*,#5867,.F.);
#4429=ORIENTED_EDGE('',*,*,#5896,.F.);
#4430=ORIENTED_EDGE('',*,*,#5897,.F.);
#4431=ORIENTED_EDGE('',*,*,#5898,.F.);
#4432=ORIENTED_EDGE('',*,*,#5784,.F.);
#4433=ORIENTED_EDGE('',*,*,#5899,.F.);
#4434=ORIENTED_EDGE('',*,*,#5785,.T.);
#4435=ORIENTED_EDGE('',*,*,#5868,.T.);
#4436=ORIENTED_EDGE('',*,*,#5786,.F.);
#4437=ORIENTED_EDGE('',*,*,#5869,.T.);
#4438=ORIENTED_EDGE('',*,*,#5788,.T.);
#4439=ORIENTED_EDGE('',*,*,#5900,.F.);
#4440=ORIENTED_EDGE('',*,*,#5789,.F.);
#4441=ORIENTED_EDGE('',*,*,#5870,.T.);
#4442=ORIENTED_EDGE('',*,*,#5791,.T.);
#4443=ORIENTED_EDGE('',*,*,#5901,.F.);
#4444=ORIENTED_EDGE('',*,*,#5793,.F.);
#4445=ORIENTED_EDGE('',*,*,#5902,.F.);
#4446=ORIENTED_EDGE('',*,*,#5795,.T.);
#4447=ORIENTED_EDGE('',*,*,#5877,.F.);
#4448=ORIENTED_EDGE('',*,*,#5797,.F.);
#4449=ORIENTED_EDGE('',*,*,#5903,.F.);
#4450=ORIENTED_EDGE('',*,*,#5799,.T.);
#4451=ORIENTED_EDGE('',*,*,#5872,.F.);
#4452=ORIENTED_EDGE('',*,*,#5871,.F.);
#4453=ORIENTED_EDGE('',*,*,#5879,.F.);
#4454=ORIENTED_EDGE('',*,*,#5904,.T.);
#4455=ORIENTED_EDGE('',*,*,#5905,.T.);
#4456=ORIENTED_EDGE('',*,*,#5906,.T.);
#4457=ORIENTED_EDGE('',*,*,#5873,.F.);
#4458=ORIENTED_EDGE('',*,*,#5875,.F.);
#4459=ORIENTED_EDGE('',*,*,#5874,.F.);
#4460=ORIENTED_EDGE('',*,*,#5907,.T.);
#4461=ORIENTED_EDGE('',*,*,#5896,.T.);
#4462=ORIENTED_EDGE('',*,*,#5878,.F.);
#4463=ORIENTED_EDGE('',*,*,#5876,.F.);
#4464=ORIENTED_EDGE('',*,*,#5885,.F.);
#4465=ORIENTED_EDGE('',*,*,#5908,.F.);
#4466=ORIENTED_EDGE('',*,*,#5887,.F.);
#4467=ORIENTED_EDGE('',*,*,#5909,.F.);
#4468=ORIENTED_EDGE('',*,*,#5881,.F.);
#4469=ORIENTED_EDGE('',*,*,#5880,.F.);
#4470=ORIENTED_EDGE('',*,*,#5910,.T.);
#4471=ORIENTED_EDGE('',*,*,#5911,.T.);
#4472=ORIENTED_EDGE('',*,*,#5912,.T.);
#4473=ORIENTED_EDGE('',*,*,#5884,.F.);
#4474=ORIENTED_EDGE('',*,*,#5883,.F.);
#4475=ORIENTED_EDGE('',*,*,#5913,.T.);
#4476=ORIENTED_EDGE('',*,*,#5914,.T.);
#4477=ORIENTED_EDGE('',*,*,#5910,.F.);
#4478=ORIENTED_EDGE('',*,*,#5882,.F.);
#4479=ORIENTED_EDGE('',*,*,#5915,.F.);
#4480=ORIENTED_EDGE('',*,*,#5916,.F.);
#4481=ORIENTED_EDGE('',*,*,#5913,.F.);
#4482=ORIENTED_EDGE('',*,*,#5917,.F.);
#4483=ORIENTED_EDGE('',*,*,#5918,.F.);
#4484=ORIENTED_EDGE('',*,*,#5889,.F.);
#4485=ORIENTED_EDGE('',*,*,#5919,.F.);
#4486=ORIENTED_EDGE('',*,*,#5920,.T.);
#4487=ORIENTED_EDGE('',*,*,#5888,.F.);
#4488=ORIENTED_EDGE('',*,*,#5886,.T.);
#4489=ORIENTED_EDGE('',*,*,#5895,.T.);
#4490=ORIENTED_EDGE('',*,*,#5801,.F.);
#4491=ORIENTED_EDGE('',*,*,#5921,.F.);
#4492=ORIENTED_EDGE('',*,*,#5803,.T.);
#4493=ORIENTED_EDGE('',*,*,#5890,.F.);
#4494=ORIENTED_EDGE('',*,*,#5805,.F.);
#4495=ORIENTED_EDGE('',*,*,#5922,.F.);
#4496=ORIENTED_EDGE('',*,*,#5807,.T.);
#4497=ORIENTED_EDGE('',*,*,#5891,.F.);
#4498=ORIENTED_EDGE('',*,*,#5809,.F.);
#4499=ORIENTED_EDGE('',*,*,#5923,.F.);
#4500=ORIENTED_EDGE('',*,*,#5811,.T.);
#4501=ORIENTED_EDGE('',*,*,#5892,.F.);
#4502=ORIENTED_EDGE('',*,*,#5813,.F.);
#4503=ORIENTED_EDGE('',*,*,#5924,.F.);
#4504=ORIENTED_EDGE('',*,*,#5815,.T.);
#4505=ORIENTED_EDGE('',*,*,#5893,.F.);
#4506=ORIENTED_EDGE('',*,*,#5925,.F.);
#4507=ORIENTED_EDGE('',*,*,#5926,.F.);
#4508=ORIENTED_EDGE('',*,*,#5927,.F.);
#4509=ORIENTED_EDGE('',*,*,#5898,.T.);
#4510=ORIENTED_EDGE('',*,*,#5928,.T.);
#4511=ORIENTED_EDGE('',*,*,#5894,.T.);
#4512=ORIENTED_EDGE('',*,*,#5927,.T.);
#4513=ORIENTED_EDGE('',*,*,#5929,.T.);
#4514=ORIENTED_EDGE('',*,*,#5930,.F.);
#4515=ORIENTED_EDGE('',*,*,#5925,.T.);
#4516=ORIENTED_EDGE('',*,*,#5897,.T.);
#4517=ORIENTED_EDGE('',*,*,#5931,.F.);
#4518=ORIENTED_EDGE('',*,*,#5899,.T.);
#4519=ORIENTED_EDGE('',*,*,#5783,.T.);
#4520=ORIENTED_EDGE('',*,*,#5842,.T.);
#4521=ORIENTED_EDGE('',*,*,#5932,.T.);
#4522=ORIENTED_EDGE('',*,*,#5816,.F.);
#4523=ORIENTED_EDGE('',*,*,#5900,.T.);
#4524=ORIENTED_EDGE('',*,*,#5818,.T.);
#4525=ORIENTED_EDGE('',*,*,#5933,.F.);
#4526=ORIENTED_EDGE('',*,*,#5819,.F.);
#4527=ORIENTED_EDGE('',*,*,#5901,.T.);
#4528=ORIENTED_EDGE('',*,*,#5821,.T.);
#4529=ORIENTED_EDGE('',*,*,#5934,.F.);
#4530=ORIENTED_EDGE('',*,*,#5823,.F.);
#4531=ORIENTED_EDGE('',*,*,#5935,.F.);
#4532=ORIENTED_EDGE('',*,*,#5824,.T.);
#4533=ORIENTED_EDGE('',*,*,#5902,.T.);
#4534=ORIENTED_EDGE('',*,*,#5826,.F.);
#4535=ORIENTED_EDGE('',*,*,#5936,.F.);
#4536=ORIENTED_EDGE('',*,*,#5827,.T.);
#4537=ORIENTED_EDGE('',*,*,#5903,.T.);
#4538=ORIENTED_EDGE('',*,*,#5907,.F.);
#4539=ORIENTED_EDGE('',*,*,#5906,.F.);
#4540=ORIENTED_EDGE('',*,*,#5931,.T.);
#4541=ORIENTED_EDGE('',*,*,#5937,.F.);
#4542=ORIENTED_EDGE('',*,*,#5845,.F.);
#4543=ORIENTED_EDGE('',*,*,#5817,.T.);
#4544=ORIENTED_EDGE('',*,*,#5933,.T.);
#4545=ORIENTED_EDGE('',*,*,#5820,.T.);
#4546=ORIENTED_EDGE('',*,*,#5934,.T.);
#4547=ORIENTED_EDGE('',*,*,#5938,.F.);
#4548=ORIENTED_EDGE('',*,*,#5939,.F.);
#4549=ORIENTED_EDGE('',*,*,#5940,.F.);
#4550=ORIENTED_EDGE('',*,*,#5941,.F.);
#4551=ORIENTED_EDGE('',*,*,#5930,.T.);
#4552=ORIENTED_EDGE('',*,*,#5905,.F.);
#4553=ORIENTED_EDGE('',*,*,#5911,.F.);
#4554=ORIENTED_EDGE('',*,*,#5942,.F.);
#4555=ORIENTED_EDGE('',*,*,#5943,.F.);
#4556=ORIENTED_EDGE('',*,*,#5944,.F.);
#4557=ORIENTED_EDGE('',*,*,#5908,.T.);
#4558=ORIENTED_EDGE('',*,*,#5912,.F.);
#4559=ORIENTED_EDGE('',*,*,#5904,.F.);
#4560=ORIENTED_EDGE('',*,*,#5909,.T.);
#4561=ORIENTED_EDGE('',*,*,#5918,.T.);
#4562=ORIENTED_EDGE('',*,*,#5915,.T.);
#4563=ORIENTED_EDGE('',*,*,#5942,.T.);
#4564=ORIENTED_EDGE('',*,*,#5914,.F.);
#4565=ORIENTED_EDGE('',*,*,#5945,.F.);
#4566=ORIENTED_EDGE('',*,*,#5946,.F.);
#4567=ORIENTED_EDGE('',*,*,#5945,.T.);
#4568=ORIENTED_EDGE('',*,*,#5916,.T.);
#4569=ORIENTED_EDGE('',*,*,#5917,.T.);
#4570=ORIENTED_EDGE('',*,*,#5929,.F.);
#4571=ORIENTED_EDGE('',*,*,#5947,.T.);
#4572=ORIENTED_EDGE('',*,*,#5948,.T.);
#4573=ORIENTED_EDGE('',*,*,#5949,.T.);
#4574=ORIENTED_EDGE('',*,*,#5950,.T.);
#4575=ORIENTED_EDGE('',*,*,#5951,.T.);
#4576=ORIENTED_EDGE('',*,*,#5952,.T.);
#4577=ORIENTED_EDGE('',*,*,#5928,.F.);
#4578=ORIENTED_EDGE('',*,*,#5919,.T.);
#4579=ORIENTED_EDGE('',*,*,#5920,.F.);
#4580=ORIENTED_EDGE('',*,*,#5828,.F.);
#4581=ORIENTED_EDGE('',*,*,#5921,.T.);
#4582=ORIENTED_EDGE('',*,*,#5830,.T.);
#4583=ORIENTED_EDGE('',*,*,#5953,.F.);
#4584=ORIENTED_EDGE('',*,*,#5831,.F.);
#4585=ORIENTED_EDGE('',*,*,#5922,.T.);
#4586=ORIENTED_EDGE('',*,*,#5833,.T.);
#4587=ORIENTED_EDGE('',*,*,#5954,.F.);
#4588=ORIENTED_EDGE('',*,*,#5834,.F.);
#4589=ORIENTED_EDGE('',*,*,#5923,.T.);
#4590=ORIENTED_EDGE('',*,*,#5836,.T.);
#4591=ORIENTED_EDGE('',*,*,#5955,.F.);
#4592=ORIENTED_EDGE('',*,*,#5837,.F.);
#4593=ORIENTED_EDGE('',*,*,#5924,.T.);
#4594=ORIENTED_EDGE('',*,*,#5839,.T.);
#4595=ORIENTED_EDGE('',*,*,#5956,.F.);
#4596=ORIENTED_EDGE('',*,*,#5926,.T.);
#4597=ORIENTED_EDGE('',*,*,#5941,.T.);
#4598=ORIENTED_EDGE('',*,*,#5957,.F.);
#4599=ORIENTED_EDGE('',*,*,#5947,.F.);
#4600=ORIENTED_EDGE('',*,*,#5841,.F.);
#4601=ORIENTED_EDGE('',*,*,#5958,.F.);
#4602=ORIENTED_EDGE('',*,*,#5843,.T.);
#4603=ORIENTED_EDGE('',*,*,#5932,.F.);
#4604=ORIENTED_EDGE('',*,*,#5935,.T.);
#4605=ORIENTED_EDGE('',*,*,#5822,.T.);
#4606=ORIENTED_EDGE('',*,*,#5835,.T.);
#4607=ORIENTED_EDGE('',*,*,#5955,.T.);
#4608=ORIENTED_EDGE('',*,*,#5936,.T.);
#4609=ORIENTED_EDGE('',*,*,#5825,.T.);
#4610=ORIENTED_EDGE('',*,*,#5838,.T.);
#4611=ORIENTED_EDGE('',*,*,#5956,.T.);
#4612=ORIENTED_EDGE('',*,*,#5844,.F.);
#4613=ORIENTED_EDGE('',*,*,#5958,.T.);
#4614=ORIENTED_EDGE('',*,*,#5846,.T.);
#4615=ORIENTED_EDGE('',*,*,#5937,.T.);
#4616=ORIENTED_EDGE('',*,*,#5944,.T.);
#4617=ORIENTED_EDGE('',*,*,#5959,.F.);
#4618=ORIENTED_EDGE('',*,*,#5951,.F.);
#4619=ORIENTED_EDGE('',*,*,#5960,.F.);
#4620=ORIENTED_EDGE('',*,*,#5938,.T.);
#4621=ORIENTED_EDGE('',*,*,#5960,.T.);
#4622=ORIENTED_EDGE('',*,*,#5950,.F.);
#4623=ORIENTED_EDGE('',*,*,#5961,.F.);
#4624=ORIENTED_EDGE('',*,*,#5832,.T.);
#4625=ORIENTED_EDGE('',*,*,#5954,.T.);
#4626=ORIENTED_EDGE('',*,*,#5829,.T.);
#4627=ORIENTED_EDGE('',*,*,#5953,.T.);
#4628=ORIENTED_EDGE('',*,*,#5939,.T.);
#4629=ORIENTED_EDGE('',*,*,#5961,.T.);
#4630=ORIENTED_EDGE('',*,*,#5949,.F.);
#4631=ORIENTED_EDGE('',*,*,#5962,.F.);
#4632=ORIENTED_EDGE('',*,*,#5962,.T.);
#4633=ORIENTED_EDGE('',*,*,#5948,.F.);
#4634=ORIENTED_EDGE('',*,*,#5957,.T.);
#4635=ORIENTED_EDGE('',*,*,#5940,.T.);
#4636=ORIENTED_EDGE('',*,*,#5946,.T.);
#4637=ORIENTED_EDGE('',*,*,#5952,.F.);
#4638=ORIENTED_EDGE('',*,*,#5959,.T.);
#4639=ORIENTED_EDGE('',*,*,#5943,.T.);
#4640=EDGE_CURVE('',#5963,#5963,#6814,.T.);
#4641=EDGE_CURVE('',#5964,#5964,#6815,.T.);
#4642=EDGE_CURVE('',#5965,#5965,#6816,.T.);
#4643=EDGE_CURVE('',#5966,#5966,#6817,.T.);
#4644=EDGE_CURVE('',#5967,#5967,#6818,.T.);
#4645=EDGE_CURVE('',#5968,#5968,#6819,.T.);
#4646=EDGE_CURVE('',#5969,#5969,#6820,.T.);
#4647=EDGE_CURVE('',#5970,#5970,#6821,.T.);
#4648=EDGE_CURVE('',#5971,#5971,#6822,.T.);
#4649=EDGE_CURVE('',#5972,#5972,#6823,.T.);
#4650=EDGE_CURVE('',#5973,#5973,#6824,.T.);
#4651=EDGE_CURVE('',#5974,#5974,#6825,.T.);
#4652=EDGE_CURVE('',#5975,#5975,#6826,.T.);
#4653=EDGE_CURVE('',#5976,#5976,#6827,.T.);
#4654=EDGE_CURVE('',#5977,#5978,#6828,.T.);
#4655=EDGE_CURVE('',#5977,#5979,#135,.T.);
#4656=EDGE_CURVE('',#5979,#5980,#6829,.T.);
#4657=EDGE_CURVE('',#5978,#5980,#136,.T.);
#4658=EDGE_CURVE('',#5981,#5982,#6830,.T.);
#4659=EDGE_CURVE('',#5981,#5983,#137,.T.);
#4660=EDGE_CURVE('',#5983,#5984,#6831,.T.);
#4661=EDGE_CURVE('',#5982,#5984,#138,.T.);
#4662=EDGE_CURVE('',#5985,#5986,#6832,.T.);
#4663=EDGE_CURVE('',#5985,#5987,#139,.T.);
#4664=EDGE_CURVE('',#5987,#5988,#6833,.T.);
#4665=EDGE_CURVE('',#5986,#5988,#140,.T.);
#4666=EDGE_CURVE('',#5989,#5990,#6834,.T.);
#4667=EDGE_CURVE('',#5989,#5991,#141,.T.);
#4668=EDGE_CURVE('',#5991,#5992,#6835,.T.);
#4669=EDGE_CURVE('',#5990,#5992,#142,.T.);
#4670=EDGE_CURVE('',#5993,#5994,#143,.T.);
#4671=EDGE_CURVE('',#5995,#5993,#144,.T.);
#4672=EDGE_CURVE('',#5996,#5995,#145,.T.);
#4673=EDGE_CURVE('',#5994,#5996,#146,.T.);
#4674=EDGE_CURVE('',#5980,#5979,#6836,.T.);
#4675=EDGE_CURVE('',#5984,#5983,#6837,.T.);
#4676=EDGE_CURVE('',#5988,#5987,#6838,.T.);
#4677=EDGE_CURVE('',#5992,#5991,#6839,.T.);
#4678=EDGE_CURVE('',#5994,#5997,#147,.T.);
#4679=EDGE_CURVE('',#5998,#5996,#6840,.T.);
#4680=EDGE_CURVE('',#5999,#5998,#148,.T.);
#4681=EDGE_CURVE('',#5999,#6000,#149,.T.);
#4682=EDGE_CURVE('',#6000,#6001,#150,.T.);
#4683=EDGE_CURVE('',#6002,#6001,#151,.T.);
#4684=EDGE_CURVE('',#6003,#6002,#152,.T.);
#4685=EDGE_CURVE('',#6003,#6004,#153,.T.);
#4686=EDGE_CURVE('',#6005,#6004,#154,.T.);
#4687=EDGE_CURVE('',#6006,#6005,#155,.T.);
#4688=EDGE_CURVE('',#6007,#6006,#156,.T.);
#4689=EDGE_CURVE('',#6007,#6008,#157,.T.);
#4690=EDGE_CURVE('',#6009,#6008,#158,.T.);
#4691=EDGE_CURVE('',#6010,#6009,#159,.T.);
#4692=EDGE_CURVE('',#6010,#6011,#160,.T.);
#4693=EDGE_CURVE('',#6011,#6012,#161,.T.);
#4694=EDGE_CURVE('',#6013,#6012,#162,.T.);
#4695=EDGE_CURVE('',#6014,#6013,#6841,.T.);
#4696=EDGE_CURVE('',#6015,#6014,#163,.T.);
#4697=EDGE_CURVE('',#6015,#6016,#164,.T.);
#4698=EDGE_CURVE('',#6016,#6017,#165,.T.);
#4699=EDGE_CURVE('',#6018,#6017,#166,.T.);
#4700=EDGE_CURVE('',#6019,#6018,#167,.T.);
#4701=EDGE_CURVE('',#6019,#6020,#168,.T.);
#4702=EDGE_CURVE('',#6021,#6020,#169,.T.);
#4703=EDGE_CURVE('',#6022,#6021,#170,.T.);
#4704=EDGE_CURVE('',#6023,#6022,#171,.T.);
#4705=EDGE_CURVE('',#6023,#6024,#172,.T.);
#4706=EDGE_CURVE('',#6025,#6024,#173,.T.);
#4707=EDGE_CURVE('',#6026,#6025,#174,.T.);
#4708=EDGE_CURVE('',#6026,#6027,#175,.T.);
#4709=EDGE_CURVE('',#6027,#6028,#176,.T.);
#4710=EDGE_CURVE('',#6029,#6028,#177,.T.);
#4711=EDGE_CURVE('',#6029,#6030,#178,.T.);
#4712=EDGE_CURVE('',#6030,#6031,#179,.T.);
#4713=EDGE_CURVE('',#6032,#6031,#180,.T.);
#4714=EDGE_CURVE('',#6033,#6032,#181,.T.);
#4715=EDGE_CURVE('',#6033,#6034,#182,.T.);
#4716=EDGE_CURVE('',#6035,#6034,#183,.T.);
#4717=EDGE_CURVE('',#6036,#6035,#184,.T.);
#4718=EDGE_CURVE('',#6037,#6036,#185,.T.);
#4719=EDGE_CURVE('',#6037,#6038,#186,.T.);
#4720=EDGE_CURVE('',#6039,#6038,#187,.T.);
#4721=EDGE_CURVE('',#6040,#6039,#188,.T.);
#4722=EDGE_CURVE('',#6040,#6041,#189,.T.);
#4723=EDGE_CURVE('',#6041,#6042,#190,.T.);
#4724=EDGE_CURVE('',#6043,#6042,#191,.T.);
#4725=EDGE_CURVE('',#6043,#6044,#192,.T.);
#4726=EDGE_CURVE('',#6044,#6045,#193,.T.);
#4727=EDGE_CURVE('',#6046,#6045,#194,.T.);
#4728=EDGE_CURVE('',#6047,#6046,#195,.T.);
#4729=EDGE_CURVE('',#6047,#6048,#196,.T.);
#4730=EDGE_CURVE('',#6049,#6048,#197,.T.);
#4731=EDGE_CURVE('',#6050,#6049,#198,.T.);
#4732=EDGE_CURVE('',#6051,#6050,#199,.T.);
#4733=EDGE_CURVE('',#6051,#6052,#200,.T.);
#4734=EDGE_CURVE('',#6053,#6052,#201,.T.);
#4735=EDGE_CURVE('',#6054,#6053,#202,.T.);
#4736=EDGE_CURVE('',#6054,#6055,#203,.T.);
#4737=EDGE_CURVE('',#6055,#6056,#204,.T.);
#4738=EDGE_CURVE('',#6057,#6056,#205,.T.);
#4739=EDGE_CURVE('',#6057,#6058,#206,.T.);
#4740=EDGE_CURVE('',#6058,#6059,#207,.T.);
#4741=EDGE_CURVE('',#6060,#6059,#208,.T.);
#4742=EDGE_CURVE('',#6061,#6060,#209,.T.);
#4743=EDGE_CURVE('',#6061,#6062,#210,.T.);
#4744=EDGE_CURVE('',#6063,#6062,#211,.T.);
#4745=EDGE_CURVE('',#6064,#6063,#212,.T.);
#4746=EDGE_CURVE('',#6065,#6064,#213,.T.);
#4747=EDGE_CURVE('',#6065,#6066,#214,.T.);
#4748=EDGE_CURVE('',#6067,#6066,#215,.T.);
#4749=EDGE_CURVE('',#6068,#6067,#216,.T.);
#4750=EDGE_CURVE('',#6068,#6069,#217,.T.);
#4751=EDGE_CURVE('',#6069,#6070,#218,.T.);
#4752=EDGE_CURVE('',#6071,#6070,#219,.T.);
#4753=EDGE_CURVE('',#6072,#6071,#6842,.T.);
#4754=EDGE_CURVE('',#6073,#6072,#220,.T.);
#4755=EDGE_CURVE('',#6073,#6074,#221,.T.);
#4756=EDGE_CURVE('',#6074,#6075,#222,.T.);
#4757=EDGE_CURVE('',#6076,#6075,#223,.T.);
#4758=EDGE_CURVE('',#6077,#6076,#224,.T.);
#4759=EDGE_CURVE('',#6077,#6078,#225,.T.);
#4760=EDGE_CURVE('',#6079,#6078,#226,.T.);
#4761=EDGE_CURVE('',#6080,#6079,#227,.T.);
#4762=EDGE_CURVE('',#6081,#6080,#228,.T.);
#4763=EDGE_CURVE('',#6081,#6082,#229,.T.);
#4764=EDGE_CURVE('',#6083,#6082,#230,.T.);
#4765=EDGE_CURVE('',#6084,#6083,#231,.T.);
#4766=EDGE_CURVE('',#6084,#6085,#232,.T.);
#4767=EDGE_CURVE('',#6085,#6086,#233,.T.);
#4768=EDGE_CURVE('',#6087,#6086,#234,.T.);
#4769=EDGE_CURVE('',#6088,#6087,#6843,.T.);
#4770=EDGE_CURVE('',#6089,#6088,#235,.T.);
#4771=EDGE_CURVE('',#6089,#6090,#236,.T.);
#4772=EDGE_CURVE('',#6090,#6091,#237,.T.);
#4773=EDGE_CURVE('',#6092,#6091,#238,.T.);
#4774=EDGE_CURVE('',#6093,#6092,#239,.T.);
#4775=EDGE_CURVE('',#6093,#6094,#240,.T.);
#4776=EDGE_CURVE('',#6095,#6094,#241,.T.);
#4777=EDGE_CURVE('',#6096,#6095,#242,.T.);
#4778=EDGE_CURVE('',#6097,#6096,#243,.T.);
#4779=EDGE_CURVE('',#6097,#6098,#244,.T.);
#4780=EDGE_CURVE('',#6099,#6098,#245,.T.);
#4781=EDGE_CURVE('',#6100,#6099,#246,.T.);
#4782=EDGE_CURVE('',#6100,#6101,#247,.T.);
#4783=EDGE_CURVE('',#6101,#6102,#248,.T.);
#4784=EDGE_CURVE('',#6103,#6102,#249,.T.);
#4785=EDGE_CURVE('',#6103,#6104,#250,.T.);
#4786=EDGE_CURVE('',#6104,#6105,#251,.T.);
#4787=EDGE_CURVE('',#6106,#6105,#252,.T.);
#4788=EDGE_CURVE('',#6107,#6106,#253,.T.);
#4789=EDGE_CURVE('',#6107,#6108,#254,.T.);
#4790=EDGE_CURVE('',#6109,#6108,#255,.T.);
#4791=EDGE_CURVE('',#6110,#6109,#256,.T.);
#4792=EDGE_CURVE('',#6111,#6110,#257,.T.);
#4793=EDGE_CURVE('',#6111,#6112,#258,.T.);
#4794=EDGE_CURVE('',#6113,#6112,#259,.T.);
#4795=EDGE_CURVE('',#6114,#6113,#260,.T.);
#4796=EDGE_CURVE('',#6114,#5997,#261,.T.);
#4797=EDGE_CURVE('',#6115,#5997,#262,.T.);
#4798=EDGE_CURVE('',#5993,#6115,#263,.T.);
#4799=EDGE_CURVE('',#5978,#5977,#6844,.T.);
#4800=EDGE_CURVE('',#5986,#5985,#6845,.T.);
#4801=EDGE_CURVE('',#5990,#5989,#6846,.T.);
#4802=EDGE_CURVE('',#5982,#5981,#6847,.T.);
#4803=EDGE_CURVE('',#6116,#5995,#6848,.T.);
#4804=EDGE_CURVE('',#6115,#6117,#264,.T.);
#4805=EDGE_CURVE('',#6117,#6118,#265,.T.);
#4806=EDGE_CURVE('',#6118,#6119,#266,.T.);
#4807=EDGE_CURVE('',#6119,#6120,#267,.T.);
#4808=EDGE_CURVE('',#6120,#6121,#268,.T.);
#4809=EDGE_CURVE('',#6121,#6122,#269,.T.);
#4810=EDGE_CURVE('',#6122,#6123,#270,.T.);
#4811=EDGE_CURVE('',#6123,#6124,#271,.T.);
#4812=EDGE_CURVE('',#6124,#6125,#272,.T.);
#4813=EDGE_CURVE('',#6125,#6126,#273,.T.);
#4814=EDGE_CURVE('',#6126,#6127,#274,.T.);
#4815=EDGE_CURVE('',#6127,#6128,#275,.T.);
#4816=EDGE_CURVE('',#6128,#6129,#276,.T.);
#4817=EDGE_CURVE('',#6129,#6130,#277,.T.);
#4818=EDGE_CURVE('',#6130,#6131,#278,.T.);
#4819=EDGE_CURVE('',#6131,#6132,#279,.T.);
#4820=EDGE_CURVE('',#6132,#6133,#280,.T.);
#4821=EDGE_CURVE('',#6133,#6134,#281,.T.);
#4822=EDGE_CURVE('',#6134,#6135,#282,.T.);
#4823=EDGE_CURVE('',#6135,#6136,#283,.T.);
#4824=EDGE_CURVE('',#6136,#6137,#284,.T.);
#4825=EDGE_CURVE('',#6137,#6138,#285,.T.);
#4826=EDGE_CURVE('',#6138,#6139,#286,.T.);
#4827=EDGE_CURVE('',#6139,#6140,#287,.T.);
#4828=EDGE_CURVE('',#6140,#6141,#288,.T.);
#4829=EDGE_CURVE('',#6141,#6142,#289,.T.);
#4830=EDGE_CURVE('',#6142,#6143,#290,.T.);
#4831=EDGE_CURVE('',#6143,#6144,#6849,.T.);
#4832=EDGE_CURVE('',#6144,#6145,#291,.T.);
#4833=EDGE_CURVE('',#6145,#6146,#292,.T.);
#4834=EDGE_CURVE('',#6146,#6147,#293,.T.);
#4835=EDGE_CURVE('',#6147,#6148,#294,.T.);
#4836=EDGE_CURVE('',#6148,#6149,#295,.T.);
#4837=EDGE_CURVE('',#6149,#6150,#296,.T.);
#4838=EDGE_CURVE('',#6150,#6151,#297,.T.);
#4839=EDGE_CURVE('',#6151,#6152,#298,.T.);
#4840=EDGE_CURVE('',#6152,#6153,#299,.T.);
#4841=EDGE_CURVE('',#6153,#6154,#300,.T.);
#4842=EDGE_CURVE('',#6154,#6155,#301,.T.);
#4843=EDGE_CURVE('',#6155,#6156,#302,.T.);
#4844=EDGE_CURVE('',#6156,#6157,#303,.T.);
#4845=EDGE_CURVE('',#6157,#6158,#304,.T.);
#4846=EDGE_CURVE('',#6158,#6159,#305,.T.);
#4847=EDGE_CURVE('',#6159,#6160,#6850,.T.);
#4848=EDGE_CURVE('',#6160,#6161,#306,.T.);
#4849=EDGE_CURVE('',#6161,#6162,#307,.T.);
#4850=EDGE_CURVE('',#6162,#6163,#308,.T.);
#4851=EDGE_CURVE('',#6163,#6164,#309,.T.);
#4852=EDGE_CURVE('',#6164,#6165,#310,.T.);
#4853=EDGE_CURVE('',#6165,#6166,#311,.T.);
#4854=EDGE_CURVE('',#6166,#6167,#312,.T.);
#4855=EDGE_CURVE('',#6167,#6168,#313,.T.);
#4856=EDGE_CURVE('',#6168,#6169,#314,.T.);
#4857=EDGE_CURVE('',#6169,#6170,#315,.T.);
#4858=EDGE_CURVE('',#6170,#6171,#316,.T.);
#4859=EDGE_CURVE('',#6171,#6172,#317,.T.);
#4860=EDGE_CURVE('',#6172,#6173,#318,.T.);
#4861=EDGE_CURVE('',#6173,#6174,#319,.T.);
#4862=EDGE_CURVE('',#6174,#6175,#320,.T.);
#4863=EDGE_CURVE('',#6175,#6176,#321,.T.);
#4864=EDGE_CURVE('',#6176,#6177,#322,.T.);
#4865=EDGE_CURVE('',#6177,#6178,#323,.T.);
#4866=EDGE_CURVE('',#6178,#6179,#324,.T.);
#4867=EDGE_CURVE('',#6179,#6180,#325,.T.);
#4868=EDGE_CURVE('',#6180,#6181,#326,.T.);
#4869=EDGE_CURVE('',#6181,#6182,#327,.T.);
#4870=EDGE_CURVE('',#6182,#6183,#328,.T.);
#4871=EDGE_CURVE('',#6183,#6184,#329,.T.);
#4872=EDGE_CURVE('',#6184,#6185,#330,.T.);
#4873=EDGE_CURVE('',#6185,#6186,#331,.T.);
#4874=EDGE_CURVE('',#6186,#6187,#332,.T.);
#4875=EDGE_CURVE('',#6187,#6188,#333,.T.);
#4876=EDGE_CURVE('',#6188,#6189,#334,.T.);
#4877=EDGE_CURVE('',#6189,#6190,#335,.T.);
#4878=EDGE_CURVE('',#6190,#6191,#336,.T.);
#4879=EDGE_CURVE('',#6191,#6192,#337,.T.);
#4880=EDGE_CURVE('',#6192,#6193,#338,.T.);
#4881=EDGE_CURVE('',#6193,#6194,#339,.T.);
#4882=EDGE_CURVE('',#6194,#6195,#340,.T.);
#4883=EDGE_CURVE('',#6195,#6196,#341,.T.);
#4884=EDGE_CURVE('',#6196,#6197,#342,.T.);
#4885=EDGE_CURVE('',#6197,#6198,#343,.T.);
#4886=EDGE_CURVE('',#6198,#6199,#344,.T.);
#4887=EDGE_CURVE('',#6199,#6200,#345,.T.);
#4888=EDGE_CURVE('',#6200,#6201,#346,.T.);
#4889=EDGE_CURVE('',#6201,#6202,#347,.T.);
#4890=EDGE_CURVE('',#6202,#6203,#348,.T.);
#4891=EDGE_CURVE('',#6203,#6204,#349,.T.);
#4892=EDGE_CURVE('',#6204,#6205,#350,.T.);
#4893=EDGE_CURVE('',#6205,#6206,#351,.T.);
#4894=EDGE_CURVE('',#6206,#6207,#352,.T.);
#4895=EDGE_CURVE('',#6207,#6208,#353,.T.);
#4896=EDGE_CURVE('',#6208,#6209,#354,.T.);
#4897=EDGE_CURVE('',#6209,#6210,#355,.T.);
#4898=EDGE_CURVE('',#6210,#6211,#356,.T.);
#4899=EDGE_CURVE('',#6211,#6212,#357,.T.);
#4900=EDGE_CURVE('',#6212,#6213,#358,.T.);
#4901=EDGE_CURVE('',#6213,#6214,#359,.T.);
#4902=EDGE_CURVE('',#6214,#6215,#360,.T.);
#4903=EDGE_CURVE('',#6215,#6216,#361,.T.);
#4904=EDGE_CURVE('',#6216,#6217,#362,.T.);
#4905=EDGE_CURVE('',#6217,#6218,#6851,.T.);
#4906=EDGE_CURVE('',#6218,#6219,#363,.T.);
#4907=EDGE_CURVE('',#6219,#6220,#364,.T.);
#4908=EDGE_CURVE('',#6220,#6221,#365,.T.);
#4909=EDGE_CURVE('',#6221,#6222,#366,.T.);
#4910=EDGE_CURVE('',#6222,#6223,#367,.T.);
#4911=EDGE_CURVE('',#6223,#6224,#368,.T.);
#4912=EDGE_CURVE('',#6224,#6225,#369,.T.);
#4913=EDGE_CURVE('',#6225,#6226,#370,.T.);
#4914=EDGE_CURVE('',#6226,#6227,#371,.T.);
#4915=EDGE_CURVE('',#6227,#6228,#372,.T.);
#4916=EDGE_CURVE('',#6228,#6229,#373,.T.);
#4917=EDGE_CURVE('',#6229,#6230,#374,.T.);
#4918=EDGE_CURVE('',#6230,#6231,#375,.T.);
#4919=EDGE_CURVE('',#6231,#6232,#376,.T.);
#4920=EDGE_CURVE('',#6232,#6116,#377,.T.);
#4921=EDGE_CURVE('',#6116,#5998,#378,.T.);
#4922=EDGE_CURVE('',#5999,#6232,#379,.T.);
#4923=EDGE_CURVE('',#6002,#6229,#380,.T.);
#4924=EDGE_CURVE('',#6230,#6001,#381,.T.);
#4925=EDGE_CURVE('',#6003,#6228,#382,.T.);
#4926=EDGE_CURVE('',#6005,#6226,#383,.T.);
#4927=EDGE_CURVE('',#6227,#6004,#384,.T.);
#4928=EDGE_CURVE('',#6006,#6225,#385,.T.);
#4929=EDGE_CURVE('',#6007,#6224,#386,.T.);
#4930=EDGE_CURVE('',#6009,#6222,#387,.T.);
#4931=EDGE_CURVE('',#6223,#6008,#388,.T.);
#4932=EDGE_CURVE('',#6010,#6221,#389,.T.);
#4933=EDGE_CURVE('',#6013,#6218,#390,.T.);
#4934=EDGE_CURVE('',#6219,#6012,#391,.T.);
#4935=EDGE_CURVE('',#6217,#6014,#392,.T.);
#4936=EDGE_CURVE('',#6015,#6216,#393,.T.);
#4937=EDGE_CURVE('',#6018,#6213,#394,.T.);
#4938=EDGE_CURVE('',#6214,#6017,#395,.T.);
#4939=EDGE_CURVE('',#6019,#6212,#396,.T.);
#4940=EDGE_CURVE('',#6021,#6210,#397,.T.);
#4941=EDGE_CURVE('',#6211,#6020,#398,.T.);
#4942=EDGE_CURVE('',#6022,#6209,#399,.T.);
#4943=EDGE_CURVE('',#6023,#6208,#400,.T.);
#4944=EDGE_CURVE('',#6025,#6206,#401,.T.);
#4945=EDGE_CURVE('',#6207,#6024,#402,.T.);
#4946=EDGE_CURVE('',#6026,#6205,#403,.T.);
#4947=EDGE_CURVE('',#6029,#6202,#404,.T.);
#4948=EDGE_CURVE('',#6203,#6028,#405,.T.);
#4949=EDGE_CURVE('',#6032,#6199,#406,.T.);
#4950=EDGE_CURVE('',#6200,#6031,#407,.T.);
#4951=EDGE_CURVE('',#6033,#6198,#408,.T.);
#4952=EDGE_CURVE('',#6035,#6196,#409,.T.);
#4953=EDGE_CURVE('',#6197,#6034,#410,.T.);
#4954=EDGE_CURVE('',#6036,#6195,#411,.T.);
#4955=EDGE_CURVE('',#6037,#6194,#412,.T.);
#4956=EDGE_CURVE('',#6039,#6192,#413,.T.);
#4957=EDGE_CURVE('',#6193,#6038,#414,.T.);
#4958=EDGE_CURVE('',#6040,#6191,#415,.T.);
#4959=EDGE_CURVE('',#6043,#6188,#416,.T.);
#4960=EDGE_CURVE('',#6189,#6042,#417,.T.);
#4961=EDGE_CURVE('',#6046,#6185,#418,.T.);
#4962=EDGE_CURVE('',#6186,#6045,#419,.T.);
#4963=EDGE_CURVE('',#6047,#6184,#420,.T.);
#4964=EDGE_CURVE('',#6049,#6182,#421,.T.);
#4965=EDGE_CURVE('',#6183,#6048,#422,.T.);
#4966=EDGE_CURVE('',#6050,#6181,#423,.T.);
#4967=EDGE_CURVE('',#6051,#6180,#424,.T.);
#4968=EDGE_CURVE('',#6053,#6178,#425,.T.);
#4969=EDGE_CURVE('',#6179,#6052,#426,.T.);
#4970=EDGE_CURVE('',#6054,#6177,#427,.T.);
#4971=EDGE_CURVE('',#6057,#6174,#428,.T.);
#4972=EDGE_CURVE('',#6175,#6056,#429,.T.);
#4973=EDGE_CURVE('',#6060,#6171,#430,.T.);
#4974=EDGE_CURVE('',#6172,#6059,#431,.T.);
#4975=EDGE_CURVE('',#6061,#6170,#432,.T.);
#4976=EDGE_CURVE('',#6063,#6168,#433,.T.);
#4977=EDGE_CURVE('',#6169,#6062,#434,.T.);
#4978=EDGE_CURVE('',#6064,#6167,#435,.T.);
#4979=EDGE_CURVE('',#6065,#6166,#436,.T.);
#4980=EDGE_CURVE('',#6067,#6164,#437,.T.);
#4981=EDGE_CURVE('',#6165,#6066,#438,.T.);
#4982=EDGE_CURVE('',#6068,#6163,#439,.T.);
#4983=EDGE_CURVE('',#6071,#6160,#440,.T.);
#4984=EDGE_CURVE('',#6161,#6070,#441,.T.);
#4985=EDGE_CURVE('',#6159,#6072,#442,.T.);
#4986=EDGE_CURVE('',#6073,#6158,#443,.T.);
#4987=EDGE_CURVE('',#6076,#6155,#444,.T.);
#4988=EDGE_CURVE('',#6156,#6075,#445,.T.);
#4989=EDGE_CURVE('',#6077,#6154,#446,.T.);
#4990=EDGE_CURVE('',#6079,#6152,#447,.T.);
#4991=EDGE_CURVE('',#6153,#6078,#448,.T.);
#4992=EDGE_CURVE('',#6080,#6151,#449,.T.);
#4993=EDGE_CURVE('',#6081,#6150,#450,.T.);
#4994=EDGE_CURVE('',#6083,#6148,#451,.T.);
#4995=EDGE_CURVE('',#6149,#6082,#452,.T.);
#4996=EDGE_CURVE('',#6084,#6147,#453,.T.);
#4997=EDGE_CURVE('',#6087,#6144,#454,.T.);
#4998=EDGE_CURVE('',#6145,#6086,#455,.T.);
#4999=EDGE_CURVE('',#6143,#6088,#456,.T.);
#5000=EDGE_CURVE('',#6089,#6142,#457,.T.);
#5001=EDGE_CURVE('',#6140,#6091,#458,.T.);
#5002=EDGE_CURVE('',#6092,#6139,#459,.T.);
#5003=EDGE_CURVE('',#6093,#6138,#460,.T.);
#5004=EDGE_CURVE('',#6137,#6094,#461,.T.);
#5005=EDGE_CURVE('',#6095,#6136,#462,.T.);
#5006=EDGE_CURVE('',#6096,#6135,#463,.T.);
#5007=EDGE_CURVE('',#6097,#6134,#464,.T.);
#5008=EDGE_CURVE('',#6133,#6098,#465,.T.);
#5009=EDGE_CURVE('',#6099,#6132,#466,.T.);
#5010=EDGE_CURVE('',#6100,#6131,#467,.T.);
#5011=EDGE_CURVE('',#6103,#6128,#468,.T.);
#5012=EDGE_CURVE('',#6129,#6102,#469,.T.);
#5013=EDGE_CURVE('',#6126,#6105,#470,.T.);
#5014=EDGE_CURVE('',#6106,#6125,#471,.T.);
#5015=EDGE_CURVE('',#6107,#6124,#472,.T.);
#5016=EDGE_CURVE('',#6123,#6108,#473,.T.);
#5017=EDGE_CURVE('',#6109,#6122,#474,.T.);
#5018=EDGE_CURVE('',#6110,#6121,#475,.T.);
#5019=EDGE_CURVE('',#6111,#6120,#476,.T.);
#5020=EDGE_CURVE('',#6119,#6112,#477,.T.);
#5021=EDGE_CURVE('',#6113,#6118,#478,.T.);
#5022=EDGE_CURVE('',#6114,#6117,#479,.T.);
#5023=EDGE_CURVE('',#6000,#6231,#480,.T.);
#5024=EDGE_CURVE('',#6011,#6220,#481,.T.);
#5025=EDGE_CURVE('',#6016,#6215,#482,.T.);
#5026=EDGE_CURVE('',#6027,#6204,#483,.T.);
#5027=EDGE_CURVE('',#6030,#6201,#484,.T.);
#5028=EDGE_CURVE('',#6041,#6190,#485,.T.);
#5029=EDGE_CURVE('',#6044,#6187,#486,.T.);
#5030=EDGE_CURVE('',#6055,#6176,#487,.T.);
#5031=EDGE_CURVE('',#6058,#6173,#488,.T.);
#5032=EDGE_CURVE('',#6069,#6162,#489,.T.);
#5033=EDGE_CURVE('',#6074,#6157,#490,.T.);
#5034=EDGE_CURVE('',#6085,#6146,#491,.T.);
#5035=EDGE_CURVE('',#6090,#6141,#492,.T.);
#5036=EDGE_CURVE('',#6101,#6130,#493,.T.);
#5037=EDGE_CURVE('',#6104,#6127,#494,.T.);
#5038=EDGE_CURVE('',#6233,#6234,#6852,.T.);
#5039=EDGE_CURVE('',#6234,#6235,#495,.T.);
#5040=EDGE_CURVE('',#6235,#6236,#6853,.T.);
#5041=EDGE_CURVE('',#6233,#6236,#496,.T.);
#5042=EDGE_CURVE('',#6234,#6233,#6854,.T.);
#5043=EDGE_CURVE('',#6236,#6235,#6855,.T.);
#5044=EDGE_CURVE('',#6237,#6238,#6856,.T.);
#5045=EDGE_CURVE('',#6238,#6239,#497,.T.);
#5046=EDGE_CURVE('',#6239,#6240,#6857,.T.);
#5047=EDGE_CURVE('',#6237,#6240,#498,.T.);
#5048=EDGE_CURVE('',#6238,#6237,#6858,.T.);
#5049=EDGE_CURVE('',#6240,#6239,#6859,.T.);
#5050=EDGE_CURVE('',#6241,#6242,#6860,.T.);
#5051=EDGE_CURVE('',#6241,#6243,#499,.T.);
#5052=EDGE_CURVE('',#6243,#6244,#6861,.T.);
#5053=EDGE_CURVE('',#6242,#6244,#500,.T.);
#5054=EDGE_CURVE('',#6245,#6246,#6862,.T.);
#5055=EDGE_CURVE('',#6245,#6247,#501,.T.);
#5056=EDGE_CURVE('',#6247,#6248,#6863,.T.);
#5057=EDGE_CURVE('',#6249,#6248,#502,.T.);
#5058=EDGE_CURVE('',#6246,#6249,#6864,.T.);
#5059=EDGE_CURVE('',#6250,#6251,#6865,.T.);
#5060=EDGE_CURVE('',#6250,#6252,#503,.T.);
#5061=EDGE_CURVE('',#6252,#6253,#6866,.T.);
#5062=EDGE_CURVE('',#6254,#6253,#504,.T.);
#5063=EDGE_CURVE('',#6251,#6254,#6867,.T.);
#5064=EDGE_CURVE('',#6255,#6256,#6868,.T.);
#5065=EDGE_CURVE('',#6255,#6257,#505,.T.);
#5066=EDGE_CURVE('',#6257,#6258,#6869,.T.);
#5067=EDGE_CURVE('',#6259,#6258,#506,.T.);
#5068=EDGE_CURVE('',#6256,#6259,#6870,.T.);
#5069=EDGE_CURVE('',#6260,#6261,#6871,.T.);
#5070=EDGE_CURVE('',#6260,#6262,#507,.T.);
#5071=EDGE_CURVE('',#6262,#6263,#6872,.T.);
#5072=EDGE_CURVE('',#6264,#6263,#508,.T.);
#5073=EDGE_CURVE('',#6261,#6264,#6873,.T.);
#5074=EDGE_CURVE('',#6242,#6265,#509,.T.);
#5075=EDGE_CURVE('',#6266,#6265,#6874,.T.);
#5076=EDGE_CURVE('',#6241,#6266,#510,.T.);
#5077=EDGE_CURVE('',#6267,#6268,#6875,.T.);
#5078=EDGE_CURVE('',#6267,#6246,#511,.T.);
#5079=EDGE_CURVE('',#6249,#6269,#6876,.T.);
#5080=EDGE_CURVE('',#6268,#6269,#512,.T.);
#5081=EDGE_CURVE('',#6270,#6271,#6877,.T.);
#5082=EDGE_CURVE('',#6270,#6251,#513,.T.);
#5083=EDGE_CURVE('',#6254,#6272,#6878,.T.);
#5084=EDGE_CURVE('',#6271,#6272,#514,.T.);
#5085=EDGE_CURVE('',#6273,#6274,#6879,.T.);
#5086=EDGE_CURVE('',#6273,#6256,#515,.T.);
#5087=EDGE_CURVE('',#6259,#6275,#6880,.T.);
#5088=EDGE_CURVE('',#6274,#6275,#516,.T.);
#5089=EDGE_CURVE('',#6276,#6277,#6881,.T.);
#5090=EDGE_CURVE('',#6276,#6261,#517,.T.);
#5091=EDGE_CURVE('',#6264,#6278,#6882,.T.);
#5092=EDGE_CURVE('',#6277,#6278,#518,.T.);
#5093=EDGE_CURVE('',#6279,#6280,#6883,.T.);
#5094=EDGE_CURVE('',#6279,#6281,#519,.T.);
#5095=EDGE_CURVE('',#6282,#6281,#6884,.T.);
#5096=EDGE_CURVE('',#6283,#6282,#6885,.T.);
#5097=EDGE_CURVE('',#6280,#6283,#520,.T.);
#5098=EDGE_CURVE('',#6284,#6285,#6886,.T.);
#5099=EDGE_CURVE('',#6284,#6286,#521,.T.);
#5100=EDGE_CURVE('',#6286,#6287,#6887,.T.);
#5101=EDGE_CURVE('',#6285,#6287,#522,.T.);
#5102=EDGE_CURVE('',#6288,#6289,#6888,.T.);
#5103=EDGE_CURVE('',#6288,#6290,#523,.T.);
#5104=EDGE_CURVE('',#6290,#6291,#6889,.T.);
#5105=EDGE_CURVE('',#6292,#6291,#524,.T.);
#5106=EDGE_CURVE('',#6289,#6292,#6890,.T.);
#5107=EDGE_CURVE('',#6293,#6294,#6891,.T.);
#5108=EDGE_CURVE('',#6293,#6295,#525,.T.);
#5109=EDGE_CURVE('',#6295,#6296,#6892,.T.);
#5110=EDGE_CURVE('',#6297,#6296,#526,.T.);
#5111=EDGE_CURVE('',#6294,#6297,#6893,.T.);
#5112=EDGE_CURVE('',#6298,#6299,#6894,.T.);
#5113=EDGE_CURVE('',#6298,#6300,#527,.T.);
#5114=EDGE_CURVE('',#6300,#6301,#6895,.T.);
#5115=EDGE_CURVE('',#6299,#6301,#528,.T.);
#5116=EDGE_CURVE('',#6302,#6283,#6896,.T.);
#5117=EDGE_CURVE('',#6282,#6303,#529,.T.);
#5118=EDGE_CURVE('',#6304,#6303,#6897,.T.);
#5119=EDGE_CURVE('',#6302,#6304,#530,.T.);
#5120=EDGE_CURVE('',#6285,#6305,#531,.T.);
#5121=EDGE_CURVE('',#6306,#6305,#6898,.T.);
#5122=EDGE_CURVE('',#6284,#6306,#532,.T.);
#5123=EDGE_CURVE('',#6307,#6288,#6899,.T.);
#5124=EDGE_CURVE('',#6289,#6308,#533,.T.);
#5125=EDGE_CURVE('',#6309,#6308,#6900,.T.);
#5126=EDGE_CURVE('',#6307,#6309,#534,.T.);
#5127=EDGE_CURVE('',#6310,#6293,#6901,.T.);
#5128=EDGE_CURVE('',#6294,#6311,#535,.T.);
#5129=EDGE_CURVE('',#6312,#6311,#6902,.T.);
#5130=EDGE_CURVE('',#6310,#6312,#536,.T.);
#5131=EDGE_CURVE('',#6299,#6313,#537,.T.);
#5132=EDGE_CURVE('',#6314,#6313,#6903,.T.);
#5133=EDGE_CURVE('',#6298,#6314,#538,.T.);
#5134=EDGE_CURVE('',#6315,#6316,#6904,.T.);
#5135=EDGE_CURVE('',#6315,#6317,#539,.T.);
#5136=EDGE_CURVE('',#6318,#6317,#6905,.T.);
#5137=EDGE_CURVE('',#6316,#6318,#540,.T.);
#5138=EDGE_CURVE('',#6319,#6320,#6906,.T.);
#5139=EDGE_CURVE('',#6319,#6321,#541,.T.);
#5140=EDGE_CURVE('',#6322,#6321,#6907,.T.);
#5141=EDGE_CURVE('',#6323,#6322,#542,.T.);
#5142=EDGE_CURVE('',#6320,#6323,#6908,.T.);
#5143=EDGE_CURVE('',#6324,#6325,#6909,.T.);
#5144=EDGE_CURVE('',#6324,#6315,#543,.T.);
#5145=EDGE_CURVE('',#6325,#6316,#544,.T.);
#5146=EDGE_CURVE('',#6326,#6327,#6910,.T.);
#5147=EDGE_CURVE('',#6326,#6328,#545,.T.);
#5148=EDGE_CURVE('',#6328,#6319,#6911,.T.);
#5149=EDGE_CURVE('',#6327,#6320,#546,.T.);
#5150=EDGE_CURVE('',#6244,#6243,#6912,.T.);
#5151=EDGE_CURVE('',#6248,#6247,#6913,.T.);
#5152=EDGE_CURVE('',#6253,#6252,#6914,.T.);
#5153=EDGE_CURVE('',#6258,#6257,#6915,.T.);
#5154=EDGE_CURVE('',#6263,#6262,#6916,.T.);
#5155=EDGE_CURVE('',#6329,#6330,#547,.T.);
#5156=EDGE_CURVE('',#6331,#6329,#548,.T.);
#5157=EDGE_CURVE('',#6332,#6331,#549,.T.);
#5158=EDGE_CURVE('',#6330,#6332,#550,.T.);
#5159=EDGE_CURVE('',#6242,#6241,#6917,.T.);
#5160=EDGE_CURVE('',#6269,#6245,#6918,.T.);
#5161=EDGE_CURVE('',#6272,#6250,#6919,.T.);
#5162=EDGE_CURVE('',#6275,#6255,#6920,.T.);
#5163=EDGE_CURVE('',#6278,#6260,#6921,.T.);
#5164=EDGE_CURVE('',#6333,#6334,#551,.T.);
#5165=EDGE_CURVE('',#6330,#6334,#552,.T.);
#5166=EDGE_CURVE('',#6335,#6332,#553,.T.);
#5167=EDGE_CURVE('',#6335,#6336,#554,.T.);
#5168=EDGE_CURVE('',#6333,#6336,#555,.T.);
#5169=EDGE_CURVE('',#6334,#6337,#556,.T.);
#5170=EDGE_CURVE('',#6338,#6337,#557,.T.);
#5171=EDGE_CURVE('',#6338,#6339,#558,.T.);
#5172=EDGE_CURVE('',#6329,#6339,#559,.T.);
#5173=EDGE_CURVE('',#6339,#6340,#560,.T.);
#5174=EDGE_CURVE('',#6341,#6340,#561,.T.);
#5175=EDGE_CURVE('',#6341,#6342,#562,.T.);
#5176=EDGE_CURVE('',#6331,#6342,#563,.T.);
#5177=EDGE_CURVE('',#6342,#6343,#564,.T.);
#5178=EDGE_CURVE('',#6344,#6343,#565,.T.);
#5179=EDGE_CURVE('',#6344,#6335,#566,.T.);
#5180=EDGE_CURVE('',#6265,#6266,#6922,.T.);
#5181=EDGE_CURVE('',#6268,#6267,#6923,.T.);
#5182=EDGE_CURVE('',#6271,#6270,#6924,.T.);
#5183=EDGE_CURVE('',#6274,#6273,#6925,.T.);
#5184=EDGE_CURVE('',#6277,#6276,#6926,.T.);
#5185=EDGE_CURVE('',#6333,#6345,#567,.T.);
#5186=EDGE_CURVE('',#6346,#6336,#568,.T.);
#5187=EDGE_CURVE('',#6345,#6346,#569,.T.);
#5188=EDGE_CURVE('',#6347,#6337,#570,.T.);
#5189=EDGE_CURVE('',#6348,#6347,#571,.T.);
#5190=EDGE_CURVE('',#6338,#6348,#572,.T.);
#5191=EDGE_CURVE('',#6349,#6340,#573,.T.);
#5192=EDGE_CURVE('',#6350,#6349,#574,.T.);
#5193=EDGE_CURVE('',#6341,#6350,#575,.T.);
#5194=EDGE_CURVE('',#6351,#6343,#576,.T.);
#5195=EDGE_CURVE('',#6352,#6351,#577,.T.);
#5196=EDGE_CURVE('',#6344,#6352,#578,.T.);
#5197=EDGE_CURVE('',#6280,#6279,#6927,.T.);
#5198=EDGE_CURVE('',#6287,#6286,#6928,.T.);
#5199=EDGE_CURVE('',#6291,#6290,#6929,.T.);
#5200=EDGE_CURVE('',#6296,#6295,#6930,.T.);
#5201=EDGE_CURVE('',#6301,#6300,#6931,.T.);
#5202=EDGE_CURVE('',#6353,#6354,#579,.T.);
#5203=EDGE_CURVE('',#6354,#6355,#580,.T.);
#5204=EDGE_CURVE('',#6355,#6356,#581,.T.);
#5205=EDGE_CURVE('',#6356,#6345,#582,.T.);
#5206=EDGE_CURVE('',#6346,#6353,#583,.T.);
#5207=EDGE_CURVE('',#6347,#6356,#584,.T.);
#5208=EDGE_CURVE('',#6353,#6352,#585,.T.);
#5209=EDGE_CURVE('',#6357,#6358,#586,.T.);
#5210=EDGE_CURVE('',#6358,#6348,#587,.T.);
#5211=EDGE_CURVE('',#6355,#6357,#588,.T.);
#5212=EDGE_CURVE('',#6349,#6358,#589,.T.);
#5213=EDGE_CURVE('',#6359,#6360,#590,.T.);
#5214=EDGE_CURVE('',#6360,#6350,#591,.T.);
#5215=EDGE_CURVE('',#6357,#6359,#592,.T.);
#5216=EDGE_CURVE('',#6351,#6360,#593,.T.);
#5217=EDGE_CURVE('',#6359,#6354,#594,.T.);
#5218=EDGE_CURVE('',#6281,#6302,#6932,.T.);
#5219=EDGE_CURVE('',#6285,#6284,#6933,.T.);
#5220=EDGE_CURVE('',#6292,#6307,#6934,.T.);
#5221=EDGE_CURVE('',#6297,#6310,#6935,.T.);
#5222=EDGE_CURVE('',#6299,#6298,#6936,.T.);
#5223=EDGE_CURVE('',#6317,#6318,#6937,.T.);
#5224=EDGE_CURVE('',#6321,#6322,#6938,.T.);
#5225=EDGE_CURVE('',#6303,#6304,#6939,.T.);
#5226=EDGE_CURVE('',#6305,#6306,#6940,.T.);
#5227=EDGE_CURVE('',#6308,#6309,#6941,.T.);
#5228=EDGE_CURVE('',#6311,#6312,#6942,.T.);
#5229=EDGE_CURVE('',#6313,#6314,#6943,.T.);
#5230=EDGE_CURVE('',#6316,#6315,#6944,.T.);
#5231=EDGE_CURVE('',#6323,#6328,#6945,.T.);
#5232=EDGE_CURVE('',#6325,#6324,#6946,.T.);
#5233=EDGE_CURVE('',#6327,#6326,#6947,.T.);
#5234=EDGE_CURVE('',#6361,#6362,#6948,.T.);
#5235=EDGE_CURVE('',#6361,#6363,#595,.T.);
#5236=EDGE_CURVE('',#6364,#6363,#6949,.T.);
#5237=EDGE_CURVE('',#6362,#6364,#596,.T.);
#5238=EDGE_CURVE('',#6365,#6366,#6950,.T.);
#5239=EDGE_CURVE('',#6365,#6367,#597,.T.);
#5240=EDGE_CURVE('',#6368,#6367,#6951,.T.);
#5241=EDGE_CURVE('',#6366,#6368,#598,.T.);
#5242=EDGE_CURVE('',#6369,#6370,#6952,.T.);
#5243=EDGE_CURVE('',#6369,#6371,#599,.T.);
#5244=EDGE_CURVE('',#6372,#6371,#6953,.T.);
#5245=EDGE_CURVE('',#6370,#6372,#600,.T.);
#5246=EDGE_CURVE('',#6373,#6374,#6954,.T.);
#5247=EDGE_CURVE('',#6373,#6375,#601,.T.);
#5248=EDGE_CURVE('',#6376,#6375,#6955,.T.);
#5249=EDGE_CURVE('',#6374,#6376,#602,.T.);
#5250=EDGE_CURVE('',#6377,#6378,#6956,.T.);
#5251=EDGE_CURVE('',#6377,#6379,#603,.T.);
#5252=EDGE_CURVE('',#6380,#6379,#6957,.T.);
#5253=EDGE_CURVE('',#6378,#6380,#604,.T.);
#5254=EDGE_CURVE('',#6381,#6382,#6958,.T.);
#5255=EDGE_CURVE('',#6381,#6383,#605,.T.);
#5256=EDGE_CURVE('',#6384,#6383,#6959,.T.);
#5257=EDGE_CURVE('',#6382,#6384,#606,.T.);
#5258=EDGE_CURVE('',#6385,#6386,#6960,.T.);
#5259=EDGE_CURVE('',#6385,#6387,#607,.T.);
#5260=EDGE_CURVE('',#6388,#6387,#6961,.T.);
#5261=EDGE_CURVE('',#6386,#6388,#608,.T.);
#5262=EDGE_CURVE('',#6389,#6390,#6962,.T.);
#5263=EDGE_CURVE('',#6389,#6391,#609,.T.);
#5264=EDGE_CURVE('',#6392,#6391,#6963,.T.);
#5265=EDGE_CURVE('',#6390,#6392,#610,.T.);
#5266=EDGE_CURVE('',#6393,#6394,#6964,.T.);
#5267=EDGE_CURVE('',#6393,#6395,#611,.T.);
#5268=EDGE_CURVE('',#6396,#6395,#6965,.T.);
#5269=EDGE_CURVE('',#6394,#6396,#612,.T.);
#5270=EDGE_CURVE('',#6397,#6398,#6966,.T.);
#5271=EDGE_CURVE('',#6397,#6399,#613,.T.);
#5272=EDGE_CURVE('',#6400,#6399,#6967,.T.);
#5273=EDGE_CURVE('',#6398,#6400,#614,.T.);
#5274=EDGE_CURVE('',#6401,#6402,#6968,.T.);
#5275=EDGE_CURVE('',#6401,#6403,#615,.T.);
#5276=EDGE_CURVE('',#6404,#6403,#6969,.T.);
#5277=EDGE_CURVE('',#6405,#6404,#616,.T.);
#5278=EDGE_CURVE('',#6406,#6405,#6970,.T.);
#5279=EDGE_CURVE('',#6407,#6406,#617,.T.);
#5280=EDGE_CURVE('',#6408,#6407,#6971,.T.);
#5281=EDGE_CURVE('',#6409,#6408,#618,.T.);
#5282=EDGE_CURVE('',#6410,#6409,#6972,.T.);
#5283=EDGE_CURVE('',#6410,#6411,#619,.T.);
#5284=EDGE_CURVE('',#6412,#6411,#6973,.T.);
#5285=EDGE_CURVE('',#6402,#6412,#620,.T.);
#5286=EDGE_CURVE('',#6413,#6414,#6974,.T.);
#5287=EDGE_CURVE('',#6413,#6415,#621,.T.);
#5288=EDGE_CURVE('',#6416,#6415,#6975,.T.);
#5289=EDGE_CURVE('',#6416,#6414,#622,.T.);
#5290=EDGE_CURVE('',#6417,#6418,#6976,.T.);
#5291=EDGE_CURVE('',#6417,#6419,#623,.T.);
#5292=EDGE_CURVE('',#6420,#6419,#6977,.T.);
#5293=EDGE_CURVE('',#6420,#6418,#624,.T.);
#5294=EDGE_CURVE('',#6421,#6422,#6978,.T.);
#5295=EDGE_CURVE('',#6421,#6361,#625,.T.);
#5296=EDGE_CURVE('',#6422,#6362,#626,.T.);
#5297=EDGE_CURVE('',#6423,#6424,#6979,.T.);
#5298=EDGE_CURVE('',#6423,#6365,#627,.T.);
#5299=EDGE_CURVE('',#6424,#6366,#628,.T.);
#5300=EDGE_CURVE('',#6425,#6426,#6980,.T.);
#5301=EDGE_CURVE('',#6426,#6427,#629,.T.);
#5302=EDGE_CURVE('',#6427,#6428,#6981,.T.);
#5303=EDGE_CURVE('',#6425,#6428,#630,.T.);
#5304=EDGE_CURVE('',#6429,#6430,#6982,.T.);
#5305=EDGE_CURVE('',#6430,#6431,#631,.T.);
#5306=EDGE_CURVE('',#6431,#6432,#6983,.T.);
#5307=EDGE_CURVE('',#6429,#6432,#632,.T.);
#5308=EDGE_CURVE('',#6433,#6434,#6984,.T.);
#5309=EDGE_CURVE('',#6434,#6435,#633,.T.);
#5310=EDGE_CURVE('',#6435,#6436,#6985,.T.);
#5311=EDGE_CURVE('',#6433,#6436,#634,.T.);
#5312=EDGE_CURVE('',#6437,#6438,#6986,.T.);
#5313=EDGE_CURVE('',#6438,#6439,#635,.T.);
#5314=EDGE_CURVE('',#6439,#6440,#6987,.T.);
#5315=EDGE_CURVE('',#6437,#6440,#636,.T.);
#5316=EDGE_CURVE('',#6441,#6442,#6988,.T.);
#5317=EDGE_CURVE('',#6442,#6443,#637,.T.);
#5318=EDGE_CURVE('',#6443,#6444,#6989,.T.);
#5319=EDGE_CURVE('',#6441,#6444,#638,.T.);
#5320=EDGE_CURVE('',#6445,#6446,#6990,.T.);
#5321=EDGE_CURVE('',#6446,#6447,#639,.T.);
#5322=EDGE_CURVE('',#6447,#6448,#6991,.T.);
#5323=EDGE_CURVE('',#6445,#6448,#640,.T.);
#5324=EDGE_CURVE('',#6449,#6450,#6992,.T.);
#5325=EDGE_CURVE('',#6450,#6451,#641,.T.);
#5326=EDGE_CURVE('',#6451,#6452,#6993,.T.);
#5327=EDGE_CURVE('',#6449,#6452,#642,.T.);
#5328=EDGE_CURVE('',#6453,#6454,#6994,.T.);
#5329=EDGE_CURVE('',#6454,#6455,#643,.T.);
#5330=EDGE_CURVE('',#6455,#6456,#6995,.T.);
#5331=EDGE_CURVE('',#6453,#6456,#644,.T.);
#5332=EDGE_CURVE('',#6363,#6364,#6996,.T.);
#5333=EDGE_CURVE('',#6367,#6368,#6997,.T.);
#5334=EDGE_CURVE('',#6457,#6458,#645,.T.);
#5335=EDGE_CURVE('',#6458,#6459,#646,.T.);
#5336=EDGE_CURVE('',#6459,#6460,#647,.T.);
#5337=EDGE_CURVE('',#6460,#6457,#648,.T.);
#5338=EDGE_CURVE('',#6370,#6369,#6998,.T.);
#5339=EDGE_CURVE('',#6374,#6373,#6999,.T.);
#5340=EDGE_CURVE('',#6378,#6377,#7000,.T.);
#5341=EDGE_CURVE('',#6382,#6381,#7001,.T.);
#5342=EDGE_CURVE('',#6386,#6385,#7002,.T.);
#5343=EDGE_CURVE('',#6390,#6389,#7003,.T.);
#5344=EDGE_CURVE('',#6394,#6393,#7004,.T.);
#5345=EDGE_CURVE('',#6398,#6397,#7005,.T.);
#5346=EDGE_CURVE('',#6411,#6461,#649,.T.);
#5347=EDGE_CURVE('',#6461,#6462,#7006,.T.);
#5348=EDGE_CURVE('',#6462,#6408,#650,.T.);
#5349=EDGE_CURVE('',#6407,#6463,#651,.T.);
#5350=EDGE_CURVE('',#6463,#6417,#7007,.T.);
#5351=EDGE_CURVE('',#6418,#6404,#652,.T.);
#5352=EDGE_CURVE('',#6403,#6464,#7008,.T.);
#5353=EDGE_CURVE('',#6464,#6465,#653,.T.);
#5354=EDGE_CURVE('',#6465,#6413,#7009,.T.);
#5355=EDGE_CURVE('',#6414,#6466,#654,.T.);
#5356=EDGE_CURVE('',#6466,#6467,#7010,.T.);
#5357=EDGE_CURVE('',#6467,#6468,#655,.T.);
#5358=EDGE_CURVE('',#6468,#6469,#7011,.T.);
#5359=EDGE_CURVE('',#6469,#6470,#656,.T.);
#5360=EDGE_CURVE('',#6470,#6412,#7012,.T.);
#5361=EDGE_CURVE('',#6362,#6361,#7013,.T.);
#5362=EDGE_CURVE('',#6366,#6365,#7014,.T.);
#5363=EDGE_CURVE('',#6458,#6471,#657,.T.);
#5364=EDGE_CURVE('',#6471,#6472,#658,.T.);
#5365=EDGE_CURVE('',#6472,#6473,#659,.T.);
#5366=EDGE_CURVE('',#6473,#6474,#660,.T.);
#5367=EDGE_CURVE('',#6474,#6459,#661,.T.);
#5368=EDGE_CURVE('',#6457,#6475,#662,.T.);
#5369=EDGE_CURVE('',#6475,#6476,#663,.T.);
#5370=EDGE_CURVE('',#6476,#6477,#664,.T.);
#5371=EDGE_CURVE('',#6477,#6471,#665,.T.);
#5372=EDGE_CURVE('',#6460,#6478,#666,.T.);
#5373=EDGE_CURVE('',#6478,#6479,#667,.T.);
#5374=EDGE_CURVE('',#6479,#6480,#668,.T.);
#5375=EDGE_CURVE('',#6480,#6475,#669,.T.);
#5376=EDGE_CURVE('',#6474,#6481,#670,.T.);
#5377=EDGE_CURVE('',#6481,#6482,#671,.T.);
#5378=EDGE_CURVE('',#6482,#6478,#672,.T.);
#5379=EDGE_CURVE('',#6371,#6372,#7015,.T.);
#5380=EDGE_CURVE('',#6375,#6376,#7016,.T.);
#5381=EDGE_CURVE('',#6379,#6380,#7017,.T.);
#5382=EDGE_CURVE('',#6383,#6384,#7018,.T.);
#5383=EDGE_CURVE('',#6387,#6388,#7019,.T.);
#5384=EDGE_CURVE('',#6391,#6392,#7020,.T.);
#5385=EDGE_CURVE('',#6395,#6396,#7021,.T.);
#5386=EDGE_CURVE('',#6399,#6400,#7022,.T.);
#5387=EDGE_CURVE('',#6483,#6484,#7023,.T.);
#5388=EDGE_CURVE('',#6462,#6483,#673,.T.);
#5389=EDGE_CURVE('',#6484,#6461,#674,.T.);
#5390=EDGE_CURVE('',#6484,#6410,#675,.T.);
#5391=EDGE_CURVE('',#6402,#6401,#7024,.T.);
#5392=EDGE_CURVE('',#6485,#6470,#676,.T.);
#5393=EDGE_CURVE('',#6486,#6485,#7025,.T.);
#5394=EDGE_CURVE('',#6467,#6486,#677,.T.);
#5395=EDGE_CURVE('',#6487,#6466,#678,.T.);
#5396=EDGE_CURVE('',#6488,#6487,#7026,.T.);
#5397=EDGE_CURVE('',#6464,#6488,#679,.T.);
#5398=EDGE_CURVE('',#6489,#6469,#680,.T.);
#5399=EDGE_CURVE('',#6485,#6489,#681,.T.);
#5400=EDGE_CURVE('',#6489,#6490,#7027,.T.);
#5401=EDGE_CURVE('',#6490,#6468,#682,.T.);
#5402=EDGE_CURVE('',#6490,#6486,#683,.T.);
#5403=EDGE_CURVE('',#6487,#6416,#684,.T.);
#5404=EDGE_CURVE('',#6491,#6465,#685,.T.);
#5405=EDGE_CURVE('',#6415,#6491,#7028,.T.);
#5406=EDGE_CURVE('',#6491,#6488,#686,.T.);
#5407=EDGE_CURVE('',#6405,#6420,#687,.T.);
#5408=EDGE_CURVE('',#6492,#6463,#688,.T.);
#5409=EDGE_CURVE('',#6419,#6492,#7029,.T.);
#5410=EDGE_CURVE('',#6492,#6406,#689,.T.);
#5411=EDGE_CURVE('',#6409,#6483,#690,.T.);
#5412=EDGE_CURVE('',#6422,#6421,#7030,.T.);
#5413=EDGE_CURVE('',#6424,#6423,#7031,.T.);
#5414=EDGE_CURVE('',#6473,#6493,#691,.T.);
#5415=EDGE_CURVE('',#6494,#6472,#692,.T.);
#5416=EDGE_CURVE('',#6493,#6494,#693,.T.);
#5417=EDGE_CURVE('',#6477,#6495,#694,.T.);
#5418=EDGE_CURVE('',#6496,#6476,#695,.T.);
#5419=EDGE_CURVE('',#6495,#6496,#696,.T.);
#5420=EDGE_CURVE('',#6480,#6497,#697,.T.);
#5421=EDGE_CURVE('',#6498,#6479,#698,.T.);
#5422=EDGE_CURVE('',#6497,#6498,#699,.T.);
#5423=EDGE_CURVE('',#6499,#6481,#700,.T.);
#5424=EDGE_CURVE('',#6500,#6499,#701,.T.);
#5425=EDGE_CURVE('',#6482,#6500,#702,.T.);
#5426=EDGE_CURVE('',#6501,#6502,#703,.T.);
#5427=EDGE_CURVE('',#6503,#6501,#704,.T.);
#5428=EDGE_CURVE('',#6504,#6503,#705,.T.);
#5429=EDGE_CURVE('',#6502,#6504,#706,.T.);
#5430=EDGE_CURVE('',#6428,#6427,#7032,.T.);
#5431=EDGE_CURVE('',#6432,#6431,#7033,.T.);
#5432=EDGE_CURVE('',#6436,#6435,#7034,.T.);
#5433=EDGE_CURVE('',#6440,#6439,#7035,.T.);
#5434=EDGE_CURVE('',#6505,#6506,#7036,.T.);
#5435=EDGE_CURVE('',#6507,#6505,#707,.T.);
#5436=EDGE_CURVE('',#6508,#6507,#7037,.T.);
#5437=EDGE_CURVE('',#6509,#6508,#708,.T.);
#5438=EDGE_CURVE('',#6510,#6509,#7038,.T.);
#5439=EDGE_CURVE('',#6511,#6510,#709,.T.);
#5440=EDGE_CURVE('',#6512,#6511,#7039,.T.);
#5441=EDGE_CURVE('',#6506,#6512,#710,.T.);
#5442=EDGE_CURVE('',#6426,#6425,#7040,.T.);
#5443=EDGE_CURVE('',#6430,#6429,#7041,.T.);
#5444=EDGE_CURVE('',#6434,#6433,#7042,.T.);
#5445=EDGE_CURVE('',#6438,#6437,#7043,.T.);
#5446=EDGE_CURVE('',#6444,#6443,#7044,.T.);
#5447=EDGE_CURVE('',#6448,#6447,#7045,.T.);
#5448=EDGE_CURVE('',#6452,#6451,#7046,.T.);
#5449=EDGE_CURVE('',#6456,#6455,#7047,.T.);
#5450=EDGE_CURVE('',#6513,#6514,#7048,.T.);
#5451=EDGE_CURVE('',#6515,#6513,#711,.T.);
#5452=EDGE_CURVE('',#6516,#6515,#7049,.T.);
#5453=EDGE_CURVE('',#6517,#6516,#712,.T.);
#5454=EDGE_CURVE('',#6518,#6517,#7050,.T.);
#5455=EDGE_CURVE('',#6519,#6518,#713,.T.);
#5456=EDGE_CURVE('',#6520,#6519,#7051,.T.);
#5457=EDGE_CURVE('',#6514,#6520,#714,.T.);
#5458=EDGE_CURVE('',#6450,#6449,#7052,.T.);
#5459=EDGE_CURVE('',#6454,#6453,#7053,.T.);
#5460=EDGE_CURVE('',#6442,#6441,#7054,.T.);
#5461=EDGE_CURVE('',#6446,#6445,#7055,.T.);
#5462=EDGE_CURVE('',#6493,#6521,#715,.T.);
#5463=EDGE_CURVE('',#6522,#6494,#716,.T.);
#5464=EDGE_CURVE('',#6501,#6522,#717,.T.);
#5465=EDGE_CURVE('',#6521,#6502,#718,.T.);
#5466=EDGE_CURVE('',#6499,#6521,#719,.T.);
#5467=EDGE_CURVE('',#6522,#6495,#720,.T.);
#5468=EDGE_CURVE('',#6523,#6496,#721,.T.);
#5469=EDGE_CURVE('',#6503,#6523,#722,.T.);
#5470=EDGE_CURVE('',#6523,#6497,#723,.T.);
#5471=EDGE_CURVE('',#6524,#6498,#724,.T.);
#5472=EDGE_CURVE('',#6504,#6524,#725,.T.);
#5473=EDGE_CURVE('',#6524,#6500,#726,.T.);
#5474=EDGE_CURVE('',#6506,#6518,#727,.T.);
#5475=EDGE_CURVE('',#6519,#6512,#728,.T.);
#5476=EDGE_CURVE('',#6505,#6517,#729,.T.);
#5477=EDGE_CURVE('',#6507,#6516,#730,.T.);
#5478=EDGE_CURVE('',#6508,#6515,#731,.T.);
#5479=EDGE_CURVE('',#6509,#6513,#732,.T.);
#5480=EDGE_CURVE('',#6510,#6514,#733,.T.);
#5481=EDGE_CURVE('',#6511,#6520,#734,.T.);
#5482=EDGE_CURVE('',#6525,#6526,#7056,.T.);
#5483=EDGE_CURVE('',#6525,#6527,#735,.T.);
#5484=EDGE_CURVE('',#6527,#6528,#7057,.T.);
#5485=EDGE_CURVE('',#6526,#6528,#736,.T.);
#5486=EDGE_CURVE('',#6529,#6530,#7058,.T.);
#5487=EDGE_CURVE('',#6529,#6531,#737,.T.);
#5488=EDGE_CURVE('',#6531,#6532,#7059,.F.);
#5489=EDGE_CURVE('',#6530,#6532,#738,.T.);
#5490=EDGE_CURVE('',#6533,#6534,#7060,.T.);
#5491=EDGE_CURVE('',#6533,#6535,#739,.T.);
#5492=EDGE_CURVE('',#6535,#6536,#7061,.T.);
#5493=EDGE_CURVE('',#6536,#6534,#10,.T.);
#5494=EDGE_CURVE('',#6537,#6538,#7062,.T.);
#5495=EDGE_CURVE('',#6537,#6539,#740,.T.);
#5496=EDGE_CURVE('',#6539,#6540,#7063,.T.);
#5497=EDGE_CURVE('',#6540,#6538,#11,.T.);
#5498=EDGE_CURVE('',#6541,#6542,#7064,.T.);
#5499=EDGE_CURVE('',#6541,#6543,#741,.T.);
#5500=EDGE_CURVE('',#6543,#6544,#7065,.T.);
#5501=EDGE_CURVE('',#6544,#6542,#12,.T.);
#5502=EDGE_CURVE('',#6545,#6546,#7066,.T.);
#5503=EDGE_CURVE('',#6545,#6547,#742,.T.);
#5504=EDGE_CURVE('',#6547,#6548,#7067,.T.);
#5505=EDGE_CURVE('',#6546,#6548,#743,.T.);
#5506=EDGE_CURVE('',#6549,#6550,#7068,.T.);
#5507=EDGE_CURVE('',#6549,#6551,#744,.T.);
#5508=EDGE_CURVE('',#6551,#6552,#7069,.T.);
#5509=EDGE_CURVE('',#6550,#6552,#745,.T.);
#5510=EDGE_CURVE('',#6553,#6554,#7070,.T.);
#5511=EDGE_CURVE('',#6553,#6555,#746,.T.);
#5512=EDGE_CURVE('',#6555,#6556,#7071,.T.);
#5513=EDGE_CURVE('',#6554,#6556,#747,.T.);
#5514=EDGE_CURVE('',#6557,#6558,#7072,.T.);
#5515=EDGE_CURVE('',#6557,#6559,#748,.T.);
#5516=EDGE_CURVE('',#6559,#6560,#7073,.T.);
#5517=EDGE_CURVE('',#6558,#6560,#749,.T.);
#5518=EDGE_CURVE('',#6561,#6562,#7074,.T.);
#5519=EDGE_CURVE('',#6561,#6563,#750,.T.);
#5520=EDGE_CURVE('',#6563,#6564,#7075,.T.);
#5521=EDGE_CURVE('',#6562,#6564,#751,.T.);
#5522=EDGE_CURVE('',#6565,#6566,#7076,.T.);
#5523=EDGE_CURVE('',#6565,#6567,#752,.T.);
#5524=EDGE_CURVE('',#6567,#6568,#7077,.T.);
#5525=EDGE_CURVE('',#6566,#6568,#753,.T.);
#5526=EDGE_CURVE('',#6569,#6570,#7078,.T.);
#5527=EDGE_CURVE('',#6569,#6571,#754,.T.);
#5528=EDGE_CURVE('',#6571,#6572,#7079,.T.);
#5529=EDGE_CURVE('',#6570,#6572,#755,.T.);
#5530=EDGE_CURVE('',#6573,#6574,#13,.T.);
#5531=EDGE_CURVE('',#6573,#6575,#756,.T.);
#5532=EDGE_CURVE('',#6576,#6575,#7080,.T.);
#5533=EDGE_CURVE('',#6577,#6576,#757,.T.);
#5534=EDGE_CURVE('',#6578,#6577,#14,.T.);
#5535=EDGE_CURVE('',#6579,#6578,#758,.T.);
#5536=EDGE_CURVE('',#6579,#6580,#15,.T.);
#5537=EDGE_CURVE('',#6580,#6574,#759,.T.);
#5538=EDGE_CURVE('',#6581,#6582,#16,.T.);
#5539=EDGE_CURVE('',#6582,#6581,#17,.T.);
#5540=EDGE_CURVE('',#6583,#6584,#18,.T.);
#5541=EDGE_CURVE('',#6583,#6585,#760,.T.);
#5542=EDGE_CURVE('',#6586,#6585,#7081,.T.);
#5543=EDGE_CURVE('',#6587,#6586,#761,.T.);
#5544=EDGE_CURVE('',#6588,#6587,#19,.T.);
#5545=EDGE_CURVE('',#6589,#6588,#762,.T.);
#5546=EDGE_CURVE('',#6589,#6590,#20,.T.);
#5547=EDGE_CURVE('',#6590,#6584,#763,.T.);
#5548=EDGE_CURVE('',#6591,#6592,#21,.T.);
#5549=EDGE_CURVE('',#6591,#6593,#764,.T.);
#5550=EDGE_CURVE('',#6594,#6593,#7082,.T.);
#5551=EDGE_CURVE('',#6595,#6594,#765,.T.);
#5552=EDGE_CURVE('',#6596,#6595,#22,.T.);
#5553=EDGE_CURVE('',#6592,#6596,#766,.T.);
#5554=EDGE_CURVE('',#6597,#6598,#23,.T.);
#5555=EDGE_CURVE('',#6598,#6597,#24,.T.);
#5556=EDGE_CURVE('',#6599,#6600,#25,.T.);
#5557=EDGE_CURVE('',#6599,#6601,#767,.T.);
#5558=EDGE_CURVE('',#6602,#6601,#7083,.T.);
#5559=EDGE_CURVE('',#6603,#6602,#768,.T.);
#5560=EDGE_CURVE('',#6604,#6603,#26,.T.);
#5561=EDGE_CURVE('',#6600,#6604,#769,.T.);
#5562=EDGE_CURVE('',#6605,#6606,#7084,.T.);
#5563=EDGE_CURVE('',#6605,#6525,#770,.T.);
#5564=EDGE_CURVE('',#6606,#6526,#771,.T.);
#5565=EDGE_CURVE('',#6607,#6608,#7085,.T.);
#5566=EDGE_CURVE('',#6607,#6529,#772,.T.);
#5567=EDGE_CURVE('',#6608,#6530,#773,.T.);
#5568=EDGE_CURVE('',#6609,#6610,#7086,.T.);
#5569=EDGE_CURVE('',#6609,#6611,#774,.T.);
#5570=EDGE_CURVE('',#6611,#6612,#7087,.T.);
#5571=EDGE_CURVE('',#6613,#6612,#775,.T.);
#5572=EDGE_CURVE('',#6614,#6613,#7088,.T.);
#5573=EDGE_CURVE('',#6615,#6614,#776,.T.);
#5574=EDGE_CURVE('',#6615,#6616,#7089,.T.);
#5575=EDGE_CURVE('',#6617,#6616,#777,.T.);
#5576=EDGE_CURVE('',#6618,#6617,#7090,.T.);
#5577=EDGE_CURVE('',#6542,#6618,#778,.T.);
#5578=EDGE_CURVE('',#6542,#6537,#7091,.T.);
#5579=EDGE_CURVE('',#6610,#6537,#779,.T.);
#5580=EDGE_CURVE('',#6619,#6620,#7092,.T.);
#5581=EDGE_CURVE('',#6619,#6533,#780,.T.);
#5582=EDGE_CURVE('',#6534,#6620,#781,.T.);
#5583=EDGE_CURVE('',#6621,#6618,#7093,.T.);
#5584=EDGE_CURVE('',#6621,#6541,#782,.T.);
#5585=EDGE_CURVE('',#6622,#6623,#27,.T.);
#5586=EDGE_CURVE('',#6623,#6545,#783,.T.);
#5587=EDGE_CURVE('',#6622,#6546,#784,.T.);
#5588=EDGE_CURVE('',#6624,#6625,#28,.T.);
#5589=EDGE_CURVE('',#6625,#6549,#785,.T.);
#5590=EDGE_CURVE('',#6624,#6550,#786,.T.);
#5591=EDGE_CURVE('',#6554,#6626,#787,.T.);
#5592=EDGE_CURVE('',#6627,#6626,#7094,.T.);
#5593=EDGE_CURVE('',#6553,#6627,#788,.T.);
#5594=EDGE_CURVE('',#6558,#6628,#789,.T.);
#5595=EDGE_CURVE('',#6629,#6628,#7095,.T.);
#5596=EDGE_CURVE('',#6557,#6629,#790,.T.);
#5597=EDGE_CURVE('',#6562,#6630,#791,.T.);
#5598=EDGE_CURVE('',#6631,#6630,#7096,.T.);
#5599=EDGE_CURVE('',#6561,#6631,#792,.T.);
#5600=EDGE_CURVE('',#6582,#6565,#793,.T.);
#5601=EDGE_CURVE('',#6581,#6566,#794,.T.);
#5602=EDGE_CURVE('',#6598,#6569,#795,.T.);
#5603=EDGE_CURVE('',#6597,#6570,#796,.T.);
#5604=EDGE_CURVE('',#6632,#6633,#7097,.T.);
#5605=EDGE_CURVE('',#6632,#6634,#797,.T.);
#5606=EDGE_CURVE('',#6635,#6634,#7098,.T.);
#5607=EDGE_CURVE('',#6633,#6635,#798,.T.);
#5608=EDGE_CURVE('',#6636,#6637,#7099,.T.);
#5609=EDGE_CURVE('',#6636,#6638,#799,.T.);
#5610=EDGE_CURVE('',#6639,#6638,#7100,.T.);
#5611=EDGE_CURVE('',#6637,#6639,#800,.T.);
#5612=EDGE_CURVE('',#6640,#6641,#7101,.T.);
#5613=EDGE_CURVE('',#6641,#6642,#801,.T.);
#5614=EDGE_CURVE('',#6643,#6642,#7102,.T.);
#5615=EDGE_CURVE('',#6640,#6643,#802,.T.);
#5616=EDGE_CURVE('',#6644,#6640,#7103,.T.);
#5617=EDGE_CURVE('',#6645,#6643,#7104,.T.);
#5618=EDGE_CURVE('',#6644,#6645,#29,.T.);
#5619=EDGE_CURVE('',#6646,#6647,#7105,.T.);
#5620=EDGE_CURVE('',#6647,#6648,#803,.T.);
#5621=EDGE_CURVE('',#6649,#6648,#7106,.T.);
#5622=EDGE_CURVE('',#6646,#6649,#804,.T.);
#5623=EDGE_CURVE('',#6650,#6646,#7107,.T.);
#5624=EDGE_CURVE('',#6651,#6649,#7108,.T.);
#5625=EDGE_CURVE('',#6650,#6651,#30,.T.);
#5626=EDGE_CURVE('',#6652,#6653,#7109,.T.);
#5627=EDGE_CURVE('',#6652,#6654,#805,.T.);
#5628=EDGE_CURVE('',#6655,#6654,#7110,.T.);
#5629=EDGE_CURVE('',#6653,#6655,#806,.T.);
#5630=EDGE_CURVE('',#6656,#6657,#7111,.T.);
#5631=EDGE_CURVE('',#6656,#6658,#807,.T.);
#5632=EDGE_CURVE('',#6659,#6658,#7112,.T.);
#5633=EDGE_CURVE('',#6657,#6659,#808,.T.);
#5634=EDGE_CURVE('',#6660,#6661,#7113,.T.);
#5635=EDGE_CURVE('',#6660,#6662,#809,.T.);
#5636=EDGE_CURVE('',#6663,#6662,#7114,.T.);
#5637=EDGE_CURVE('',#6661,#6663,#810,.T.);
#5638=EDGE_CURVE('',#6664,#6665,#7115,.T.);
#5639=EDGE_CURVE('',#6664,#6666,#811,.T.);
#5640=EDGE_CURVE('',#6667,#6666,#7116,.T.);
#5641=EDGE_CURVE('',#6665,#6667,#812,.T.);
#5642=EDGE_CURVE('',#6668,#6653,#813,.T.);
#5643=EDGE_CURVE('',#6668,#6652,#814,.T.);
#5644=EDGE_CURVE('',#6669,#6657,#815,.T.);
#5645=EDGE_CURVE('',#6669,#6656,#816,.T.);
#5646=EDGE_CURVE('',#6670,#6661,#817,.T.);
#5647=EDGE_CURVE('',#6670,#6660,#818,.T.);
#5648=EDGE_CURVE('',#6671,#6665,#819,.T.);
#5649=EDGE_CURVE('',#6671,#6664,#820,.T.);
#5650=EDGE_CURVE('',#6672,#6673,#821,.T.);
#5651=EDGE_CURVE('',#6674,#6673,#822,.T.);
#5652=EDGE_CURVE('',#6674,#6675,#823,.T.);
#5653=EDGE_CURVE('',#6676,#6675,#824,.T.);
#5654=EDGE_CURVE('',#6676,#6677,#825,.T.);
#5655=EDGE_CURVE('',#6678,#6677,#826,.T.);
#5656=EDGE_CURVE('',#6678,#6679,#827,.T.);
#5657=EDGE_CURVE('',#6672,#6679,#828,.T.);
#5658=EDGE_CURVE('',#6680,#6681,#829,.T.);
#5659=EDGE_CURVE('',#6527,#6680,#830,.T.);
#5660=EDGE_CURVE('',#6528,#6527,#7117,.T.);
#5661=EDGE_CURVE('',#6672,#6527,#831,.T.);
#5662=EDGE_CURVE('',#6681,#6679,#832,.T.);
#5663=EDGE_CURVE('',#6532,#6531,#7118,.F.);
#5664=EDGE_CURVE('',#6682,#6683,#7119,.T.);
#5665=EDGE_CURVE('',#6684,#6682,#7120,.T.);
#5666=EDGE_CURVE('',#6685,#6684,#7121,.T.);
#5667=EDGE_CURVE('',#6536,#6685,#7122,.T.);
#5668=EDGE_CURVE('',#6540,#6535,#7123,.T.);
#5669=EDGE_CURVE('',#6544,#6539,#7124,.T.);
#5670=EDGE_CURVE('',#6686,#6543,#7125,.T.);
#5671=EDGE_CURVE('',#6683,#6686,#7126,.T.);
#5672=EDGE_CURVE('',#6548,#6547,#7127,.T.);
#5673=EDGE_CURVE('',#6552,#6551,#7128,.T.);
#5674=EDGE_CURVE('',#6674,#6687,#833,.T.);
#5675=EDGE_CURVE('',#6688,#6673,#834,.T.);
#5676=EDGE_CURVE('',#6687,#6688,#835,.T.);
#5677=EDGE_CURVE('',#6689,#6690,#836,.T.);
#5678=EDGE_CURVE('',#6676,#6689,#837,.T.);
#5679=EDGE_CURVE('',#6690,#6675,#838,.T.);
#5680=EDGE_CURVE('',#6556,#6555,#7129,.T.);
#5681=EDGE_CURVE('',#6560,#6559,#7130,.T.);
#5682=EDGE_CURVE('',#6564,#6563,#7131,.T.);
#5683=EDGE_CURVE('',#6691,#6692,#839,.T.);
#5684=EDGE_CURVE('',#6678,#6691,#840,.T.);
#5685=EDGE_CURVE('',#6692,#6677,#841,.T.);
#5686=EDGE_CURVE('',#6568,#6567,#7132,.T.);
#5687=EDGE_CURVE('',#6572,#6571,#7133,.T.);
#5688=EDGE_CURVE('',#6681,#6691,#842,.T.);
#5689=EDGE_CURVE('',#6575,#6576,#7134,.T.);
#5690=EDGE_CURVE('',#6585,#6586,#7135,.T.);
#5691=EDGE_CURVE('',#6690,#6687,#843,.T.);
#5692=EDGE_CURVE('',#6688,#6680,#844,.T.);
#5693=EDGE_CURVE('',#6692,#6689,#845,.T.);
#5694=EDGE_CURVE('',#6593,#6594,#7136,.T.);
#5695=EDGE_CURVE('',#6601,#6602,#7137,.T.);
#5696=EDGE_CURVE('',#6526,#6525,#7138,.T.);
#5697=EDGE_CURVE('',#6530,#6529,#7139,.T.);
#5698=EDGE_CURVE('',#6683,#6615,#31,.T.);
#5699=EDGE_CURVE('',#6616,#6686,#32,.T.);
#5700=EDGE_CURVE('',#6612,#6615,#7140,.T.);
#5701=EDGE_CURVE('',#6682,#6612,#33,.T.);
#5702=EDGE_CURVE('',#6693,#6611,#7141,.T.);
#5703=EDGE_CURVE('',#6684,#6693,#34,.T.);
#5704=EDGE_CURVE('',#6694,#6693,#7142,.T.);
#5705=EDGE_CURVE('',#6685,#6694,#35,.T.);
#5706=EDGE_CURVE('',#6534,#6694,#7143,.T.);
#5707=EDGE_CURVE('',#6538,#6533,#7144,.T.);
#5708=EDGE_CURVE('',#6616,#6541,#7145,.T.);
#5709=EDGE_CURVE('',#6546,#6545,#7146,.T.);
#5710=EDGE_CURVE('',#6550,#6549,#7147,.T.);
#5711=EDGE_CURVE('',#6554,#6553,#7148,.T.);
#5712=EDGE_CURVE('',#6558,#6557,#7149,.T.);
#5713=EDGE_CURVE('',#6562,#6561,#7150,.T.);
#5714=EDGE_CURVE('',#6566,#6565,#7151,.T.);
#5715=EDGE_CURVE('',#6570,#6569,#7152,.T.);
#5716=EDGE_CURVE('',#6695,#6573,#36,.T.);
#5717=EDGE_CURVE('',#6695,#6644,#846,.T.);
#5718=EDGE_CURVE('',#6696,#6645,#847,.T.);
#5719=EDGE_CURVE('',#6577,#6696,#37,.T.);
#5720=EDGE_CURVE('',#6623,#6622,#38,.T.);
#5721=EDGE_CURVE('',#6697,#6583,#39,.T.);
#5722=EDGE_CURVE('',#6697,#6650,#848,.T.);
#5723=EDGE_CURVE('',#6698,#6651,#849,.T.);
#5724=EDGE_CURVE('',#6587,#6698,#40,.T.);
#5725=EDGE_CURVE('',#6699,#6591,#41,.T.);
#5726=EDGE_CURVE('',#6700,#6699,#850,.T.);
#5727=EDGE_CURVE('',#6595,#6700,#42,.T.);
#5728=EDGE_CURVE('',#6625,#6624,#43,.T.);
#5729=EDGE_CURVE('',#6701,#6599,#44,.T.);
#5730=EDGE_CURVE('',#6702,#6701,#851,.T.);
#5731=EDGE_CURVE('',#6603,#6702,#45,.T.);
#5732=EDGE_CURVE('',#6695,#6605,#7153,.T.);
#5733=EDGE_CURVE('',#6606,#6574,#7154,.T.);
#5734=EDGE_CURVE('',#6697,#6607,#7155,.T.);
#5735=EDGE_CURVE('',#6608,#6584,#7156,.T.);
#5736=EDGE_CURVE('',#6610,#6609,#7157,.T.);
#5737=EDGE_CURVE('',#6703,#6538,#852,.T.);
#5738=EDGE_CURVE('',#6620,#6703,#7158,.T.);
#5739=EDGE_CURVE('',#6704,#6694,#853,.T.);
#5740=EDGE_CURVE('',#6705,#6704,#7159,.T.);
#5741=EDGE_CURVE('',#6693,#6705,#854,.T.);
#5742=EDGE_CURVE('',#6613,#6614,#7160,.T.);
#5743=EDGE_CURVE('',#6704,#6705,#7161,.T.);
#5744=EDGE_CURVE('',#6703,#6619,#7162,.T.);
#5745=EDGE_CURVE('',#6617,#6621,#7163,.T.);
#5746=EDGE_CURVE('',#6626,#6627,#7164,.T.);
#5747=EDGE_CURVE('',#6596,#6629,#7165,.T.);
#5748=EDGE_CURVE('',#6628,#6700,#7166,.T.);
#5749=EDGE_CURVE('',#6604,#6631,#7167,.T.);
#5750=EDGE_CURVE('',#6630,#6702,#7168,.T.);
#5751=EDGE_CURVE('',#6699,#6632,#7169,.T.);
#5752=EDGE_CURVE('',#6633,#6592,#7170,.T.);
#5753=EDGE_CURVE('',#6578,#6635,#7171,.T.);
#5754=EDGE_CURVE('',#6634,#6696,#7172,.T.);
#5755=EDGE_CURVE('',#6701,#6636,#7173,.T.);
#5756=EDGE_CURVE('',#6637,#6600,#7174,.T.);
#5757=EDGE_CURVE('',#6588,#6639,#7175,.T.);
#5758=EDGE_CURVE('',#6638,#6698,#7176,.T.);
#5759=EDGE_CURVE('',#6641,#6580,#7177,.T.);
#5760=EDGE_CURVE('',#6647,#6590,#7178,.T.);
#5761=EDGE_CURVE('',#6654,#6655,#7179,.T.);
#5762=EDGE_CURVE('',#6658,#6659,#7180,.T.);
#5763=EDGE_CURVE('',#6662,#6663,#7181,.T.);
#5764=EDGE_CURVE('',#6666,#6667,#7182,.T.);
#5765=EDGE_CURVE('',#6642,#6579,#7183,.T.);
#5766=EDGE_CURVE('',#6648,#6589,#7184,.T.);
#5767=EDGE_CURVE('',#6653,#6652,#7185,.T.);
#5768=EDGE_CURVE('',#6657,#6656,#7186,.T.);
#5769=EDGE_CURVE('',#6661,#6660,#7187,.T.);
#5770=EDGE_CURVE('',#6665,#6664,#7188,.T.);
#5771=EDGE_CURVE('',#6706,#6707,#7189,.T.);
#5772=EDGE_CURVE('',#6706,#6708,#855,.T.);
#5773=EDGE_CURVE('',#6709,#6708,#7190,.T.);
#5774=EDGE_CURVE('',#6707,#6709,#856,.T.);
#5775=EDGE_CURVE('',#6710,#6711,#7191,.T.);
#5776=EDGE_CURVE('',#6710,#6712,#857,.T.);
#5777=EDGE_CURVE('',#6713,#6712,#7192,.T.);
#5778=EDGE_CURVE('',#6711,#6713,#858,.T.);
#5779=EDGE_CURVE('',#6714,#6715,#7193,.T.);
#5780=EDGE_CURVE('',#6714,#6716,#859,.T.);
#5781=EDGE_CURVE('',#6717,#6716,#7194,.T.);
#5782=EDGE_CURVE('',#6715,#6717,#860,.T.);
#5783=EDGE_CURVE('',#6718,#6719,#7195,.T.);
#5784=EDGE_CURVE('',#6718,#6706,#861,.T.);
#5785=EDGE_CURVE('',#6719,#6707,#862,.T.);
#5786=EDGE_CURVE('',#6711,#6720,#863,.T.);
#5787=EDGE_CURVE('',#6721,#6720,#7196,.T.);
#5788=EDGE_CURVE('',#6710,#6721,#864,.T.);
#5789=EDGE_CURVE('',#6715,#6722,#865,.T.);
#5790=EDGE_CURVE('',#6723,#6722,#7197,.T.);
#5791=EDGE_CURVE('',#6714,#6723,#866,.T.);
#5792=EDGE_CURVE('',#6724,#6725,#7198,.T.);
#5793=EDGE_CURVE('',#6724,#6726,#867,.T.);
#5794=EDGE_CURVE('',#6727,#6726,#7199,.T.);
#5795=EDGE_CURVE('',#6725,#6727,#868,.T.);
#5796=EDGE_CURVE('',#6728,#6729,#7200,.T.);
#5797=EDGE_CURVE('',#6728,#6730,#869,.T.);
#5798=EDGE_CURVE('',#6731,#6730,#7201,.T.);
#5799=EDGE_CURVE('',#6729,#6731,#870,.T.);
#5800=EDGE_CURVE('',#6732,#6733,#7202,.T.);
#5801=EDGE_CURVE('',#6732,#6734,#871,.T.);
#5802=EDGE_CURVE('',#6735,#6734,#7203,.T.);
#5803=EDGE_CURVE('',#6733,#6735,#872,.T.);
#5804=EDGE_CURVE('',#6736,#6737,#7204,.T.);
#5805=EDGE_CURVE('',#6736,#6738,#873,.T.);
#5806=EDGE_CURVE('',#6739,#6738,#7205,.T.);
#5807=EDGE_CURVE('',#6737,#6739,#874,.T.);
#5808=EDGE_CURVE('',#6740,#6741,#7206,.T.);
#5809=EDGE_CURVE('',#6740,#6742,#875,.T.);
#5810=EDGE_CURVE('',#6743,#6742,#7207,.T.);
#5811=EDGE_CURVE('',#6741,#6743,#876,.T.);
#5812=EDGE_CURVE('',#6744,#6745,#7208,.T.);
#5813=EDGE_CURVE('',#6744,#6746,#877,.T.);
#5814=EDGE_CURVE('',#6747,#6746,#7209,.T.);
#5815=EDGE_CURVE('',#6745,#6747,#878,.T.);
#5816=EDGE_CURVE('',#6720,#6748,#879,.T.);
#5817=EDGE_CURVE('',#6749,#6748,#7210,.T.);
#5818=EDGE_CURVE('',#6721,#6749,#880,.T.);
#5819=EDGE_CURVE('',#6722,#6750,#881,.T.);
#5820=EDGE_CURVE('',#6751,#6750,#7211,.T.);
#5821=EDGE_CURVE('',#6723,#6751,#882,.T.);
#5822=EDGE_CURVE('',#6752,#6753,#7212,.T.);
#5823=EDGE_CURVE('',#6752,#6724,#883,.T.);
#5824=EDGE_CURVE('',#6753,#6725,#884,.T.);
#5825=EDGE_CURVE('',#6754,#6755,#7213,.T.);
#5826=EDGE_CURVE('',#6754,#6728,#885,.T.);
#5827=EDGE_CURVE('',#6755,#6729,#886,.T.);
#5828=EDGE_CURVE('',#6733,#6756,#887,.T.);
#5829=EDGE_CURVE('',#6757,#6756,#7214,.T.);
#5830=EDGE_CURVE('',#6732,#6757,#888,.T.);
#5831=EDGE_CURVE('',#6737,#6758,#889,.T.);
#5832=EDGE_CURVE('',#6759,#6758,#7215,.T.);
#5833=EDGE_CURVE('',#6736,#6759,#890,.T.);
#5834=EDGE_CURVE('',#6741,#6760,#891,.T.);
#5835=EDGE_CURVE('',#6761,#6760,#7216,.T.);
#5836=EDGE_CURVE('',#6740,#6761,#892,.T.);
#5837=EDGE_CURVE('',#6745,#6762,#893,.T.);
#5838=EDGE_CURVE('',#6763,#6762,#7217,.T.);
#5839=EDGE_CURVE('',#6744,#6763,#894,.T.);
#5840=EDGE_CURVE('',#6764,#6765,#7218,.T.);
#5841=EDGE_CURVE('',#6764,#6766,#895,.T.);
#5842=EDGE_CURVE('',#6767,#6766,#7219,.T.);
#5843=EDGE_CURVE('',#6765,#6767,#896,.T.);
#5844=EDGE_CURVE('',#6765,#6768,#897,.T.);
#5845=EDGE_CURVE('',#6768,#6769,#7220,.T.);
#5846=EDGE_CURVE('',#6764,#6769,#898,.T.);
#5847=EDGE_CURVE('',#6770,#6771,#899,.T.);
#5848=EDGE_CURVE('',#6771,#6772,#900,.T.);
#5849=EDGE_CURVE('',#6772,#6773,#901,.T.);
#5850=EDGE_CURVE('',#6773,#6770,#902,.T.);
#5851=EDGE_CURVE('',#6708,#6709,#7221,.T.);
#5852=EDGE_CURVE('',#6712,#6713,#7222,.T.);
#5853=EDGE_CURVE('',#6716,#6717,#7223,.T.);
#5854=EDGE_CURVE('',#6774,#6731,#903,.T.);
#5855=EDGE_CURVE('',#6772,#6774,#904,.T.);
#5856=EDGE_CURVE('',#6775,#6771,#905,.T.);
#5857=EDGE_CURVE('',#6727,#6775,#906,.T.);
#5858=EDGE_CURVE('',#6731,#6727,#907,.T.);
#5859=EDGE_CURVE('',#6776,#6770,#908,.T.);
#5860=EDGE_CURVE('',#6777,#6776,#909,.T.);
#5861=EDGE_CURVE('',#6771,#6777,#910,.T.);
#5862=EDGE_CURVE('',#6778,#6773,#911,.T.);
#5863=EDGE_CURVE('',#6779,#6778,#912,.T.);
#5864=EDGE_CURVE('',#6770,#6779,#913,.T.);
#5865=EDGE_CURVE('',#6780,#6773,#914,.T.);
#5866=EDGE_CURVE('',#6772,#6781,#915,.T.);
#5867=EDGE_CURVE('',#6781,#6780,#916,.T.);
#5868=EDGE_CURVE('',#6707,#6706,#7224,.T.);
#5869=EDGE_CURVE('',#6711,#6710,#7225,.T.);
#5870=EDGE_CURVE('',#6715,#6714,#7226,.T.);
#5871=EDGE_CURVE('',#6726,#6730,#917,.T.);
#5872=EDGE_CURVE('',#6730,#6731,#7227,.T.);
#5873=EDGE_CURVE('',#6730,#6782,#918,.T.);
#5874=EDGE_CURVE('',#6782,#6774,#919,.T.);
#5875=EDGE_CURVE('',#6774,#6781,#920,.T.);
#5876=EDGE_CURVE('',#6777,#6775,#921,.T.);
#5877=EDGE_CURVE('',#6726,#6727,#7228,.T.);
#5878=EDGE_CURVE('',#6775,#6783,#922,.T.);
#5879=EDGE_CURVE('',#6783,#6726,#923,.T.);
#5880=EDGE_CURVE('',#6779,#6776,#924,.T.);
#5881=EDGE_CURVE('',#6776,#6784,#925,.T.);
#5882=EDGE_CURVE('',#6784,#6785,#926,.T.);
#5883=EDGE_CURVE('',#6785,#6786,#927,.T.);
#5884=EDGE_CURVE('',#6786,#6787,#928,.T.);
#5885=EDGE_CURVE('',#6787,#6777,#929,.T.);
#5886=EDGE_CURVE('',#6778,#6780,#930,.T.);
#5887=EDGE_CURVE('',#6788,#6779,#931,.T.);
#5888=EDGE_CURVE('',#6778,#6789,#932,.T.);
#5889=EDGE_CURVE('',#6789,#6788,#933,.T.);
#5890=EDGE_CURVE('',#6734,#6735,#7229,.T.);
#5891=EDGE_CURVE('',#6738,#6739,#7230,.T.);
#5892=EDGE_CURVE('',#6742,#6743,#7231,.T.);
#5893=EDGE_CURVE('',#6746,#6747,#7232,.T.);
#5894=EDGE_CURVE('',#6790,#6791,#934,.T.);
#5895=EDGE_CURVE('',#6780,#6790,#935,.T.);
#5896=EDGE_CURVE('',#6792,#6781,#936,.T.);
#5897=EDGE_CURVE('',#6793,#6792,#937,.T.);
#5898=EDGE_CURVE('',#6791,#6793,#938,.T.);
#5899=EDGE_CURVE('',#6719,#6718,#7233,.T.);
#5900=EDGE_CURVE('',#6720,#6721,#7234,.T.);
#5901=EDGE_CURVE('',#6722,#6723,#7235,.T.);
#5902=EDGE_CURVE('',#6725,#6724,#7236,.T.);
#5903=EDGE_CURVE('',#6729,#6728,#7237,.T.);
#5904=EDGE_CURVE('',#6783,#6794,#939,.T.);
#5905=EDGE_CURVE('',#6794,#6795,#940,.T.);
#5906=EDGE_CURVE('',#6795,#6782,#941,.T.);
#5907=EDGE_CURVE('',#6782,#6792,#942,.T.);
#5908=EDGE_CURVE('',#6783,#6787,#943,.T.);
#5909=EDGE_CURVE('',#6784,#6788,#944,.T.);
#5910=EDGE_CURVE('',#6786,#6796,#945,.T.);
#5911=EDGE_CURVE('',#6796,#6794,#946,.T.);
#5912=EDGE_CURVE('',#6794,#6787,#947,.T.);
#5913=EDGE_CURVE('',#6785,#6797,#948,.T.);
#5914=EDGE_CURVE('',#6797,#6796,#949,.T.);
#5915=EDGE_CURVE('',#6798,#6784,#950,.T.);
#5916=EDGE_CURVE('',#6797,#6798,#951,.T.);
#5917=EDGE_CURVE('',#6798,#6799,#952,.T.);
#5918=EDGE_CURVE('',#6788,#6798,#953,.T.);
#5919=EDGE_CURVE('',#6799,#6789,#954,.T.);
#5920=EDGE_CURVE('',#6790,#6789,#955,.T.);
#5921=EDGE_CURVE('',#6733,#6732,#7238,.T.);
#5922=EDGE_CURVE('',#6737,#6736,#7239,.T.);
#5923=EDGE_CURVE('',#6741,#6740,#7240,.T.);
#5924=EDGE_CURVE('',#6745,#6744,#7241,.T.);
#5925=EDGE_CURVE('',#6800,#6793,#956,.T.);
#5926=EDGE_CURVE('',#6801,#6800,#957,.T.);
#5927=EDGE_CURVE('',#6791,#6801,#958,.T.);
#5928=EDGE_CURVE('',#6799,#6790,#959,.T.);
#5929=EDGE_CURVE('',#6801,#6799,#960,.T.);
#5930=EDGE_CURVE('',#6800,#6795,#961,.T.);
#5931=EDGE_CURVE('',#6795,#6792,#962,.T.);
#5932=EDGE_CURVE('',#6766,#6767,#7242,.T.);
#5933=EDGE_CURVE('',#6748,#6749,#7243,.T.);
#5934=EDGE_CURVE('',#6750,#6751,#7244,.T.);
#5935=EDGE_CURVE('',#6753,#6752,#7245,.T.);
#5936=EDGE_CURVE('',#6755,#6754,#7246,.T.);
#5937=EDGE_CURVE('',#6769,#6768,#7247,.T.);
#5938=EDGE_CURVE('',#6802,#6803,#963,.T.);
#5939=EDGE_CURVE('',#6804,#6802,#964,.T.);
#5940=EDGE_CURVE('',#6805,#6804,#7248,.T.);
#5941=EDGE_CURVE('',#6800,#6805,#965,.T.);
#5942=EDGE_CURVE('',#6806,#6796,#966,.T.);
#5943=EDGE_CURVE('',#6807,#6806,#7249,.T.);
#5944=EDGE_CURVE('',#6803,#6807,#967,.T.);
#5945=EDGE_CURVE('',#6808,#6797,#968,.T.);
#5946=EDGE_CURVE('',#6806,#6808,#969,.T.);
#5947=EDGE_CURVE('',#6801,#6809,#970,.T.);
#5948=EDGE_CURVE('',#6809,#6810,#7250,.T.);
#5949=EDGE_CURVE('',#6810,#6811,#971,.T.);
#5950=EDGE_CURVE('',#6811,#6812,#972,.T.);
#5951=EDGE_CURVE('',#6812,#6813,#973,.T.);
#5952=EDGE_CURVE('',#6813,#6808,#7251,.T.);
#5953=EDGE_CURVE('',#6756,#6757,#7252,.T.);
#5954=EDGE_CURVE('',#6758,#6759,#7253,.T.);
#5955=EDGE_CURVE('',#6760,#6761,#7254,.T.);
#5956=EDGE_CURVE('',#6762,#6763,#7255,.T.);
#5957=EDGE_CURVE('',#6809,#6805,#974,.T.);
#5958=EDGE_CURVE('',#6765,#6764,#7256,.T.);
#5959=EDGE_CURVE('',#6813,#6807,#975,.T.);
#5960=EDGE_CURVE('',#6803,#6812,#976,.T.);
#5961=EDGE_CURVE('',#6802,#6811,#977,.T.);
#5962=EDGE_CURVE('',#6804,#6810,#978,.T.);
#5963=VERTEX_POINT('',#13099);
#5964=VERTEX_POINT('',#13101);
#5965=VERTEX_POINT('',#13104);
#5966=VERTEX_POINT('',#13106);
#5967=VERTEX_POINT('',#13111);
#5968=VERTEX_POINT('',#13113);
#5969=VERTEX_POINT('',#13116);
#5970=VERTEX_POINT('',#13118);
#5971=VERTEX_POINT('',#13123);
#5972=VERTEX_POINT('',#13126);
#5973=VERTEX_POINT('',#13129);
#5974=VERTEX_POINT('',#13132);
#5975=VERTEX_POINT('',#13135);
#5976=VERTEX_POINT('',#13138);
#5977=VERTEX_POINT('',#13142);
#5978=VERTEX_POINT('',#13143);
#5979=VERTEX_POINT('',#13145);
#5980=VERTEX_POINT('',#13147);
#5981=VERTEX_POINT('',#13151);
#5982=VERTEX_POINT('',#13152);
#5983=VERTEX_POINT('',#13154);
#5984=VERTEX_POINT('',#13156);
#5985=VERTEX_POINT('',#13160);
#5986=VERTEX_POINT('',#13161);
#5987=VERTEX_POINT('',#13163);
#5988=VERTEX_POINT('',#13165);
#5989=VERTEX_POINT('',#13169);
#5990=VERTEX_POINT('',#13170);
#5991=VERTEX_POINT('',#13172);
#5992=VERTEX_POINT('',#13174);
#5993=VERTEX_POINT('',#13178);
#5994=VERTEX_POINT('',#13179);
#5995=VERTEX_POINT('',#13181);
#5996=VERTEX_POINT('',#13183);
#5997=VERTEX_POINT('',#13191);
#5998=VERTEX_POINT('',#13193);
#5999=VERTEX_POINT('',#13195);
#6000=VERTEX_POINT('',#13197);
#6001=VERTEX_POINT('',#13199);
#6002=VERTEX_POINT('',#13201);
#6003=VERTEX_POINT('',#13203);
#6004=VERTEX_POINT('',#13205);
#6005=VERTEX_POINT('',#13207);
#6006=VERTEX_POINT('',#13209);
#6007=VERTEX_POINT('',#13211);
#6008=VERTEX_POINT('',#13213);
#6009=VERTEX_POINT('',#13215);
#6010=VERTEX_POINT('',#13217);
#6011=VERTEX_POINT('',#13219);
#6012=VERTEX_POINT('',#13221);
#6013=VERTEX_POINT('',#13223);
#6014=VERTEX_POINT('',#13225);
#6015=VERTEX_POINT('',#13227);
#6016=VERTEX_POINT('',#13229);
#6017=VERTEX_POINT('',#13231);
#6018=VERTEX_POINT('',#13233);
#6019=VERTEX_POINT('',#13235);
#6020=VERTEX_POINT('',#13237);
#6021=VERTEX_POINT('',#13239);
#6022=VERTEX_POINT('',#13241);
#6023=VERTEX_POINT('',#13243);
#6024=VERTEX_POINT('',#13245);
#6025=VERTEX_POINT('',#13247);
#6026=VERTEX_POINT('',#13249);
#6027=VERTEX_POINT('',#13251);
#6028=VERTEX_POINT('',#13253);
#6029=VERTEX_POINT('',#13255);
#6030=VERTEX_POINT('',#13257);
#6031=VERTEX_POINT('',#13259);
#6032=VERTEX_POINT('',#13261);
#6033=VERTEX_POINT('',#13263);
#6034=VERTEX_POINT('',#13265);
#6035=VERTEX_POINT('',#13267);
#6036=VERTEX_POINT('',#13269);
#6037=VERTEX_POINT('',#13271);
#6038=VERTEX_POINT('',#13273);
#6039=VERTEX_POINT('',#13275);
#6040=VERTEX_POINT('',#13277);
#6041=VERTEX_POINT('',#13279);
#6042=VERTEX_POINT('',#13281);
#6043=VERTEX_POINT('',#13283);
#6044=VERTEX_POINT('',#13285);
#6045=VERTEX_POINT('',#13287);
#6046=VERTEX_POINT('',#13289);
#6047=VERTEX_POINT('',#13291);
#6048=VERTEX_POINT('',#13293);
#6049=VERTEX_POINT('',#13295);
#6050=VERTEX_POINT('',#13297);
#6051=VERTEX_POINT('',#13299);
#6052=VERTEX_POINT('',#13301);
#6053=VERTEX_POINT('',#13303);
#6054=VERTEX_POINT('',#13305);
#6055=VERTEX_POINT('',#13307);
#6056=VERTEX_POINT('',#13309);
#6057=VERTEX_POINT('',#13311);
#6058=VERTEX_POINT('',#13313);
#6059=VERTEX_POINT('',#13315);
#6060=VERTEX_POINT('',#13317);
#6061=VERTEX_POINT('',#13319);
#6062=VERTEX_POINT('',#13321);
#6063=VERTEX_POINT('',#13323);
#6064=VERTEX_POINT('',#13325);
#6065=VERTEX_POINT('',#13327);
#6066=VERTEX_POINT('',#13329);
#6067=VERTEX_POINT('',#13331);
#6068=VERTEX_POINT('',#13333);
#6069=VERTEX_POINT('',#13335);
#6070=VERTEX_POINT('',#13337);
#6071=VERTEX_POINT('',#13339);
#6072=VERTEX_POINT('',#13341);
#6073=VERTEX_POINT('',#13343);
#6074=VERTEX_POINT('',#13345);
#6075=VERTEX_POINT('',#13347);
#6076=VERTEX_POINT('',#13349);
#6077=VERTEX_POINT('',#13351);
#6078=VERTEX_POINT('',#13353);
#6079=VERTEX_POINT('',#13355);
#6080=VERTEX_POINT('',#13357);
#6081=VERTEX_POINT('',#13359);
#6082=VERTEX_POINT('',#13361);
#6083=VERTEX_POINT('',#13363);
#6084=VERTEX_POINT('',#13365);
#6085=VERTEX_POINT('',#13367);
#6086=VERTEX_POINT('',#13369);
#6087=VERTEX_POINT('',#13371);
#6088=VERTEX_POINT('',#13373);
#6089=VERTEX_POINT('',#13375);
#6090=VERTEX_POINT('',#13377);
#6091=VERTEX_POINT('',#13379);
#6092=VERTEX_POINT('',#13381);
#6093=VERTEX_POINT('',#13383);
#6094=VERTEX_POINT('',#13385);
#6095=VERTEX_POINT('',#13387);
#6096=VERTEX_POINT('',#13389);
#6097=VERTEX_POINT('',#13391);
#6098=VERTEX_POINT('',#13393);
#6099=VERTEX_POINT('',#13395);
#6100=VERTEX_POINT('',#13397);
#6101=VERTEX_POINT('',#13399);
#6102=VERTEX_POINT('',#13401);
#6103=VERTEX_POINT('',#13403);
#6104=VERTEX_POINT('',#13405);
#6105=VERTEX_POINT('',#13407);
#6106=VERTEX_POINT('',#13409);
#6107=VERTEX_POINT('',#13411);
#6108=VERTEX_POINT('',#13413);
#6109=VERTEX_POINT('',#13415);
#6110=VERTEX_POINT('',#13417);
#6111=VERTEX_POINT('',#13419);
#6112=VERTEX_POINT('',#13421);
#6113=VERTEX_POINT('',#13423);
#6114=VERTEX_POINT('',#13425);
#6115=VERTEX_POINT('',#13429);
#6116=VERTEX_POINT('',#13437);
#6117=VERTEX_POINT('',#13439);
#6118=VERTEX_POINT('',#13441);
#6119=VERTEX_POINT('',#13443);
#6120=VERTEX_POINT('',#13445);
#6121=VERTEX_POINT('',#13447);
#6122=VERTEX_POINT('',#13449);
#6123=VERTEX_POINT('',#13451);
#6124=VERTEX_POINT('',#13453);
#6125=VERTEX_POINT('',#13455);
#6126=VERTEX_POINT('',#13457);
#6127=VERTEX_POINT('',#13459);
#6128=VERTEX_POINT('',#13461);
#6129=VERTEX_POINT('',#13463);
#6130=VERTEX_POINT('',#13465);
#6131=VERTEX_POINT('',#13467);
#6132=VERTEX_POINT('',#13469);
#6133=VERTEX_POINT('',#13471);
#6134=VERTEX_POINT('',#13473);
#6135=VERTEX_POINT('',#13475);
#6136=VERTEX_POINT('',#13477);
#6137=VERTEX_POINT('',#13479);
#6138=VERTEX_POINT('',#13481);
#6139=VERTEX_POINT('',#13483);
#6140=VERTEX_POINT('',#13485);
#6141=VERTEX_POINT('',#13487);
#6142=VERTEX_POINT('',#13489);
#6143=VERTEX_POINT('',#13491);
#6144=VERTEX_POINT('',#13493);
#6145=VERTEX_POINT('',#13495);
#6146=VERTEX_POINT('',#13497);
#6147=VERTEX_POINT('',#13499);
#6148=VERTEX_POINT('',#13501);
#6149=VERTEX_POINT('',#13503);
#6150=VERTEX_POINT('',#13505);
#6151=VERTEX_POINT('',#13507);
#6152=VERTEX_POINT('',#13509);
#6153=VERTEX_POINT('',#13511);
#6154=VERTEX_POINT('',#13513);
#6155=VERTEX_POINT('',#13515);
#6156=VERTEX_POINT('',#13517);
#6157=VERTEX_POINT('',#13519);
#6158=VERTEX_POINT('',#13521);
#6159=VERTEX_POINT('',#13523);
#6160=VERTEX_POINT('',#13525);
#6161=VERTEX_POINT('',#13527);
#6162=VERTEX_POINT('',#13529);
#6163=VERTEX_POINT('',#13531);
#6164=VERTEX_POINT('',#13533);
#6165=VERTEX_POINT('',#13535);
#6166=VERTEX_POINT('',#13537);
#6167=VERTEX_POINT('',#13539);
#6168=VERTEX_POINT('',#13541);
#6169=VERTEX_POINT('',#13543);
#6170=VERTEX_POINT('',#13545);
#6171=VERTEX_POINT('',#13547);
#6172=VERTEX_POINT('',#13549);
#6173=VERTEX_POINT('',#13551);
#6174=VERTEX_POINT('',#13553);
#6175=VERTEX_POINT('',#13555);
#6176=VERTEX_POINT('',#13557);
#6177=VERTEX_POINT('',#13559);
#6178=VERTEX_POINT('',#13561);
#6179=VERTEX_POINT('',#13563);
#6180=VERTEX_POINT('',#13565);
#6181=VERTEX_POINT('',#13567);
#6182=VERTEX_POINT('',#13569);
#6183=VERTEX_POINT('',#13571);
#6184=VERTEX_POINT('',#13573);
#6185=VERTEX_POINT('',#13575);
#6186=VERTEX_POINT('',#13577);
#6187=VERTEX_POINT('',#13579);
#6188=VERTEX_POINT('',#13581);
#6189=VERTEX_POINT('',#13583);
#6190=VERTEX_POINT('',#13585);
#6191=VERTEX_POINT('',#13587);
#6192=VERTEX_POINT('',#13589);
#6193=VERTEX_POINT('',#13591);
#6194=VERTEX_POINT('',#13593);
#6195=VERTEX_POINT('',#13595);
#6196=VERTEX_POINT('',#13597);
#6197=VERTEX_POINT('',#13599);
#6198=VERTEX_POINT('',#13601);
#6199=VERTEX_POINT('',#13603);
#6200=VERTEX_POINT('',#13605);
#6201=VERTEX_POINT('',#13607);
#6202=VERTEX_POINT('',#13609);
#6203=VERTEX_POINT('',#13611);
#6204=VERTEX_POINT('',#13613);
#6205=VERTEX_POINT('',#13615);
#6206=VERTEX_POINT('',#13617);
#6207=VERTEX_POINT('',#13619);
#6208=VERTEX_POINT('',#13621);
#6209=VERTEX_POINT('',#13623);
#6210=VERTEX_POINT('',#13625);
#6211=VERTEX_POINT('',#13627);
#6212=VERTEX_POINT('',#13629);
#6213=VERTEX_POINT('',#13631);
#6214=VERTEX_POINT('',#13633);
#6215=VERTEX_POINT('',#13635);
#6216=VERTEX_POINT('',#13637);
#6217=VERTEX_POINT('',#13639);
#6218=VERTEX_POINT('',#13641);
#6219=VERTEX_POINT('',#13643);
#6220=VERTEX_POINT('',#13645);
#6221=VERTEX_POINT('',#13647);
#6222=VERTEX_POINT('',#13649);
#6223=VERTEX_POINT('',#13651);
#6224=VERTEX_POINT('',#13653);
#6225=VERTEX_POINT('',#13655);
#6226=VERTEX_POINT('',#13657);
#6227=VERTEX_POINT('',#13659);
#6228=VERTEX_POINT('',#13661);
#6229=VERTEX_POINT('',#13663);
#6230=VERTEX_POINT('',#13665);
#6231=VERTEX_POINT('',#13667);
#6232=VERTEX_POINT('',#13669);
#6233=VERTEX_POINT('',#13912);
#6234=VERTEX_POINT('',#13913);
#6235=VERTEX_POINT('',#13915);
#6236=VERTEX_POINT('',#13917);
#6237=VERTEX_POINT('',#13926);
#6238=VERTEX_POINT('',#13927);
#6239=VERTEX_POINT('',#13929);
#6240=VERTEX_POINT('',#13931);
#6241=VERTEX_POINT('',#13940);
#6242=VERTEX_POINT('',#13941);
#6243=VERTEX_POINT('',#13943);
#6244=VERTEX_POINT('',#13945);
#6245=VERTEX_POINT('',#13949);
#6246=VERTEX_POINT('',#13950);
#6247=VERTEX_POINT('',#13952);
#6248=VERTEX_POINT('',#13954);
#6249=VERTEX_POINT('',#13956);
#6250=VERTEX_POINT('',#13960);
#6251=VERTEX_POINT('',#13961);
#6252=VERTEX_POINT('',#13963);
#6253=VERTEX_POINT('',#13965);
#6254=VERTEX_POINT('',#13967);
#6255=VERTEX_POINT('',#13971);
#6256=VERTEX_POINT('',#13972);
#6257=VERTEX_POINT('',#13974);
#6258=VERTEX_POINT('',#13976);
#6259=VERTEX_POINT('',#13978);
#6260=VERTEX_POINT('',#13982);
#6261=VERTEX_POINT('',#13983);
#6262=VERTEX_POINT('',#13985);
#6263=VERTEX_POINT('',#13987);
#6264=VERTEX_POINT('',#13989);
#6265=VERTEX_POINT('',#13993);
#6266=VERTEX_POINT('',#13995);
#6267=VERTEX_POINT('',#13999);
#6268=VERTEX_POINT('',#14000);
#6269=VERTEX_POINT('',#14003);
#6270=VERTEX_POINT('',#14007);
#6271=VERTEX_POINT('',#14008);
#6272=VERTEX_POINT('',#14011);
#6273=VERTEX_POINT('',#14015);
#6274=VERTEX_POINT('',#14016);
#6275=VERTEX_POINT('',#14019);
#6276=VERTEX_POINT('',#14023);
#6277=VERTEX_POINT('',#14024);
#6278=VERTEX_POINT('',#14027);
#6279=VERTEX_POINT('',#14031);
#6280=VERTEX_POINT('',#14032);
#6281=VERTEX_POINT('',#14034);
#6282=VERTEX_POINT('',#14036);
#6283=VERTEX_POINT('',#14038);
#6284=VERTEX_POINT('',#14042);
#6285=VERTEX_POINT('',#14043);
#6286=VERTEX_POINT('',#14045);
#6287=VERTEX_POINT('',#14047);
#6288=VERTEX_POINT('',#14051);
#6289=VERTEX_POINT('',#14052);
#6290=VERTEX_POINT('',#14054);
#6291=VERTEX_POINT('',#14056);
#6292=VERTEX_POINT('',#14058);
#6293=VERTEX_POINT('',#14062);
#6294=VERTEX_POINT('',#14063);
#6295=VERTEX_POINT('',#14065);
#6296=VERTEX_POINT('',#14067);
#6297=VERTEX_POINT('',#14069);
#6298=VERTEX_POINT('',#14073);
#6299=VERTEX_POINT('',#14074);
#6300=VERTEX_POINT('',#14076);
#6301=VERTEX_POINT('',#14078);
#6302=VERTEX_POINT('',#14082);
#6303=VERTEX_POINT('',#14084);
#6304=VERTEX_POINT('',#14086);
#6305=VERTEX_POINT('',#14090);
#6306=VERTEX_POINT('',#14092);
#6307=VERTEX_POINT('',#14096);
#6308=VERTEX_POINT('',#14098);
#6309=VERTEX_POINT('',#14100);
#6310=VERTEX_POINT('',#14104);
#6311=VERTEX_POINT('',#14106);
#6312=VERTEX_POINT('',#14108);
#6313=VERTEX_POINT('',#14112);
#6314=VERTEX_POINT('',#14114);
#6315=VERTEX_POINT('',#14118);
#6316=VERTEX_POINT('',#14119);
#6317=VERTEX_POINT('',#14121);
#6318=VERTEX_POINT('',#14123);
#6319=VERTEX_POINT('',#14127);
#6320=VERTEX_POINT('',#14128);
#6321=VERTEX_POINT('',#14130);
#6322=VERTEX_POINT('',#14132);
#6323=VERTEX_POINT('',#14134);
#6324=VERTEX_POINT('',#14138);
#6325=VERTEX_POINT('',#14139);
#6326=VERTEX_POINT('',#14144);
#6327=VERTEX_POINT('',#14145);
#6328=VERTEX_POINT('',#14147);
#6329=VERTEX_POINT('',#14157);
#6330=VERTEX_POINT('',#14158);
#6331=VERTEX_POINT('',#14160);
#6332=VERTEX_POINT('',#14162);
#6333=VERTEX_POINT('',#14176);
#6334=VERTEX_POINT('',#14177);
#6335=VERTEX_POINT('',#14180);
#6336=VERTEX_POINT('',#14182);
#6337=VERTEX_POINT('',#14186);
#6338=VERTEX_POINT('',#14188);
#6339=VERTEX_POINT('',#14190);
#6340=VERTEX_POINT('',#14194);
#6341=VERTEX_POINT('',#14196);
#6342=VERTEX_POINT('',#14198);
#6343=VERTEX_POINT('',#14202);
#6344=VERTEX_POINT('',#14204);
#6345=VERTEX_POINT('',#14218);
#6346=VERTEX_POINT('',#14220);
#6347=VERTEX_POINT('',#14224);
#6348=VERTEX_POINT('',#14226);
#6349=VERTEX_POINT('',#14230);
#6350=VERTEX_POINT('',#14232);
#6351=VERTEX_POINT('',#14236);
#6352=VERTEX_POINT('',#14238);
#6353=VERTEX_POINT('',#14252);
#6354=VERTEX_POINT('',#14253);
#6355=VERTEX_POINT('',#14255);
#6356=VERTEX_POINT('',#14257);
#6357=VERTEX_POINT('',#14266);
#6358=VERTEX_POINT('',#14267);
#6359=VERTEX_POINT('',#14274);
#6360=VERTEX_POINT('',#14275);
#6361=VERTEX_POINT('',#14317);
#6362=VERTEX_POINT('',#14318);
#6363=VERTEX_POINT('',#14320);
#6364=VERTEX_POINT('',#14322);
#6365=VERTEX_POINT('',#14326);
#6366=VERTEX_POINT('',#14327);
#6367=VERTEX_POINT('',#14329);
#6368=VERTEX_POINT('',#14331);
#6369=VERTEX_POINT('',#14335);
#6370=VERTEX_POINT('',#14336);
#6371=VERTEX_POINT('',#14338);
#6372=VERTEX_POINT('',#14340);
#6373=VERTEX_POINT('',#14344);
#6374=VERTEX_POINT('',#14345);
#6375=VERTEX_POINT('',#14347);
#6376=VERTEX_POINT('',#14349);
#6377=VERTEX_POINT('',#14353);
#6378=VERTEX_POINT('',#14354);
#6379=VERTEX_POINT('',#14356);
#6380=VERTEX_POINT('',#14358);
#6381=VERTEX_POINT('',#14362);
#6382=VERTEX_POINT('',#14363);
#6383=VERTEX_POINT('',#14365);
#6384=VERTEX_POINT('',#14367);
#6385=VERTEX_POINT('',#14371);
#6386=VERTEX_POINT('',#14372);
#6387=VERTEX_POINT('',#14374);
#6388=VERTEX_POINT('',#14376);
#6389=VERTEX_POINT('',#14380);
#6390=VERTEX_POINT('',#14381);
#6391=VERTEX_POINT('',#14383);
#6392=VERTEX_POINT('',#14385);
#6393=VERTEX_POINT('',#14389);
#6394=VERTEX_POINT('',#14390);
#6395=VERTEX_POINT('',#14392);
#6396=VERTEX_POINT('',#14394);
#6397=VERTEX_POINT('',#14398);
#6398=VERTEX_POINT('',#14399);
#6399=VERTEX_POINT('',#14401);
#6400=VERTEX_POINT('',#14403);
#6401=VERTEX_POINT('',#14407);
#6402=VERTEX_POINT('',#14408);
#6403=VERTEX_POINT('',#14410);
#6404=VERTEX_POINT('',#14412);
#6405=VERTEX_POINT('',#14414);
#6406=VERTEX_POINT('',#14416);
#6407=VERTEX_POINT('',#14418);
#6408=VERTEX_POINT('',#14420);
#6409=VERTEX_POINT('',#14422);
#6410=VERTEX_POINT('',#14424);
#6411=VERTEX_POINT('',#14426);
#6412=VERTEX_POINT('',#14428);
#6413=VERTEX_POINT('',#14432);
#6414=VERTEX_POINT('',#14433);
#6415=VERTEX_POINT('',#14435);
#6416=VERTEX_POINT('',#14437);
#6417=VERTEX_POINT('',#14441);
#6418=VERTEX_POINT('',#14442);
#6419=VERTEX_POINT('',#14444);
#6420=VERTEX_POINT('',#14446);
#6421=VERTEX_POINT('',#14450);
#6422=VERTEX_POINT('',#14451);
#6423=VERTEX_POINT('',#14456);
#6424=VERTEX_POINT('',#14457);
#6425=VERTEX_POINT('',#14462);
#6426=VERTEX_POINT('',#14463);
#6427=VERTEX_POINT('',#14465);
#6428=VERTEX_POINT('',#14467);
#6429=VERTEX_POINT('',#14471);
#6430=VERTEX_POINT('',#14472);
#6431=VERTEX_POINT('',#14474);
#6432=VERTEX_POINT('',#14476);
#6433=VERTEX_POINT('',#14480);
#6434=VERTEX_POINT('',#14481);
#6435=VERTEX_POINT('',#14483);
#6436=VERTEX_POINT('',#14485);
#6437=VERTEX_POINT('',#14489);
#6438=VERTEX_POINT('',#14490);
#6439=VERTEX_POINT('',#14492);
#6440=VERTEX_POINT('',#14494);
#6441=VERTEX_POINT('',#14498);
#6442=VERTEX_POINT('',#14499);
#6443=VERTEX_POINT('',#14501);
#6444=VERTEX_POINT('',#14503);
#6445=VERTEX_POINT('',#14507);
#6446=VERTEX_POINT('',#14508);
#6447=VERTEX_POINT('',#14510);
#6448=VERTEX_POINT('',#14512);
#6449=VERTEX_POINT('',#14516);
#6450=VERTEX_POINT('',#14517);
#6451=VERTEX_POINT('',#14519);
#6452=VERTEX_POINT('',#14521);
#6453=VERTEX_POINT('',#14525);
#6454=VERTEX_POINT('',#14526);
#6455=VERTEX_POINT('',#14528);
#6456=VERTEX_POINT('',#14530);
#6457=VERTEX_POINT('',#14536);
#6458=VERTEX_POINT('',#14537);
#6459=VERTEX_POINT('',#14539);
#6460=VERTEX_POINT('',#14541);
#6461=VERTEX_POINT('',#14552);
#6462=VERTEX_POINT('',#14554);
#6463=VERTEX_POINT('',#14557);
#6464=VERTEX_POINT('',#14561);
#6465=VERTEX_POINT('',#14563);
#6466=VERTEX_POINT('',#14566);
#6467=VERTEX_POINT('',#14568);
#6468=VERTEX_POINT('',#14570);
#6469=VERTEX_POINT('',#14572);
#6470=VERTEX_POINT('',#14574);
#6471=VERTEX_POINT('',#14582);
#6472=VERTEX_POINT('',#14584);
#6473=VERTEX_POINT('',#14586);
#6474=VERTEX_POINT('',#14588);
#6475=VERTEX_POINT('',#14592);
#6476=VERTEX_POINT('',#14594);
#6477=VERTEX_POINT('',#14596);
#6478=VERTEX_POINT('',#14600);
#6479=VERTEX_POINT('',#14602);
#6480=VERTEX_POINT('',#14604);
#6481=VERTEX_POINT('',#14608);
#6482=VERTEX_POINT('',#14610);
#6483=VERTEX_POINT('',#14630);
#6484=VERTEX_POINT('',#14631);
#6485=VERTEX_POINT('',#14639);
#6486=VERTEX_POINT('',#14641);
#6487=VERTEX_POINT('',#14644);
#6488=VERTEX_POINT('',#14646);
#6489=VERTEX_POINT('',#14650);
#6490=VERTEX_POINT('',#14654);
#6491=VERTEX_POINT('',#14662);
#6492=VERTEX_POINT('',#14670);
#6493=VERTEX_POINT('',#14682);
#6494=VERTEX_POINT('',#14684);
#6495=VERTEX_POINT('',#14688);
#6496=VERTEX_POINT('',#14690);
#6497=VERTEX_POINT('',#14694);
#6498=VERTEX_POINT('',#14696);
#6499=VERTEX_POINT('',#14700);
#6500=VERTEX_POINT('',#14702);
#6501=VERTEX_POINT('',#14706);
#6502=VERTEX_POINT('',#14707);
#6503=VERTEX_POINT('',#14709);
#6504=VERTEX_POINT('',#14711);
#6505=VERTEX_POINT('',#14718);
#6506=VERTEX_POINT('',#14719);
#6507=VERTEX_POINT('',#14721);
#6508=VERTEX_POINT('',#14723);
#6509=VERTEX_POINT('',#14725);
#6510=VERTEX_POINT('',#14727);
#6511=VERTEX_POINT('',#14729);
#6512=VERTEX_POINT('',#14731);
#6513=VERTEX_POINT('',#14751);
#6514=VERTEX_POINT('',#14752);
#6515=VERTEX_POINT('',#14754);
#6516=VERTEX_POINT('',#14756);
#6517=VERTEX_POINT('',#14758);
#6518=VERTEX_POINT('',#14760);
#6519=VERTEX_POINT('',#14762);
#6520=VERTEX_POINT('',#14764);
#6521=VERTEX_POINT('',#14774);
#6522=VERTEX_POINT('',#14776);
#6523=VERTEX_POINT('',#14785);
#6524=VERTEX_POINT('',#14791);
#6525=VERTEX_POINT('',#14822);
#6526=VERTEX_POINT('',#14823);
#6527=VERTEX_POINT('',#14825);
#6528=VERTEX_POINT('',#14827);
#6529=VERTEX_POINT('',#14831);
#6530=VERTEX_POINT('',#14832);
#6531=VERTEX_POINT('',#14834);
#6532=VERTEX_POINT('',#14836);
#6533=VERTEX_POINT('',#14840);
#6534=VERTEX_POINT('',#14841);
#6535=VERTEX_POINT('',#14843);
#6536=VERTEX_POINT('',#14845);
#6537=VERTEX_POINT('',#14852);
#6538=VERTEX_POINT('',#14853);
#6539=VERTEX_POINT('',#14855);
#6540=VERTEX_POINT('',#14857);
#6541=VERTEX_POINT('',#14864);
#6542=VERTEX_POINT('',#14865);
#6543=VERTEX_POINT('',#14867);
#6544=VERTEX_POINT('',#14869);
#6545=VERTEX_POINT('',#14876);
#6546=VERTEX_POINT('',#14877);
#6547=VERTEX_POINT('',#14879);
#6548=VERTEX_POINT('',#14881);
#6549=VERTEX_POINT('',#14885);
#6550=VERTEX_POINT('',#14886);
#6551=VERTEX_POINT('',#14888);
#6552=VERTEX_POINT('',#14890);
#6553=VERTEX_POINT('',#14894);
#6554=VERTEX_POINT('',#14895);
#6555=VERTEX_POINT('',#14897);
#6556=VERTEX_POINT('',#14899);
#6557=VERTEX_POINT('',#14903);
#6558=VERTEX_POINT('',#14904);
#6559=VERTEX_POINT('',#14906);
#6560=VERTEX_POINT('',#14908);
#6561=VERTEX_POINT('',#14912);
#6562=VERTEX_POINT('',#14913);
#6563=VERTEX_POINT('',#14915);
#6564=VERTEX_POINT('',#14917);
#6565=VERTEX_POINT('',#14921);
#6566=VERTEX_POINT('',#14922);
#6567=VERTEX_POINT('',#14924);
#6568=VERTEX_POINT('',#14926);
#6569=VERTEX_POINT('',#14930);
#6570=VERTEX_POINT('',#14931);
#6571=VERTEX_POINT('',#14933);
#6572=VERTEX_POINT('',#14935);
#6573=VERTEX_POINT('',#14942);
#6574=VERTEX_POINT('',#14943);
#6575=VERTEX_POINT('',#14945);
#6576=VERTEX_POINT('',#14947);
#6577=VERTEX_POINT('',#14949);
#6578=VERTEX_POINT('',#14955);
#6579=VERTEX_POINT('',#14957);
#6580=VERTEX_POINT('',#14962);
#6581=VERTEX_POINT('',#14976);
#6582=VERTEX_POINT('',#14977);
#6583=VERTEX_POINT('',#14993);
#6584=VERTEX_POINT('',#14994);
#6585=VERTEX_POINT('',#14996);
#6586=VERTEX_POINT('',#14998);
#6587=VERTEX_POINT('',#15000);
#6588=VERTEX_POINT('',#15006);
#6589=VERTEX_POINT('',#15008);
#6590=VERTEX_POINT('',#15013);
#6591=VERTEX_POINT('',#15021);
#6592=VERTEX_POINT('',#15022);
#6593=VERTEX_POINT('',#15024);
#6594=VERTEX_POINT('',#15026);
#6595=VERTEX_POINT('',#15028);
#6596=VERTEX_POINT('',#15034);
#6597=VERTEX_POINT('',#15048);
#6598=VERTEX_POINT('',#15049);
#6599=VERTEX_POINT('',#15066);
#6600=VERTEX_POINT('',#15067);
#6601=VERTEX_POINT('',#15069);
#6602=VERTEX_POINT('',#15071);
#6603=VERTEX_POINT('',#15073);
#6604=VERTEX_POINT('',#15079);
#6605=VERTEX_POINT('',#15083);
#6606=VERTEX_POINT('',#15084);
#6607=VERTEX_POINT('',#15089);
#6608=VERTEX_POINT('',#15090);
#6609=VERTEX_POINT('',#15095);
#6610=VERTEX_POINT('',#15096);
#6611=VERTEX_POINT('',#15098);
#6612=VERTEX_POINT('',#15100);
#6613=VERTEX_POINT('',#15102);
#6614=VERTEX_POINT('',#15104);
#6615=VERTEX_POINT('',#15106);
#6616=VERTEX_POINT('',#15108);
#6617=VERTEX_POINT('',#15110);
#6618=VERTEX_POINT('',#15112);
#6619=VERTEX_POINT('',#15118);
#6620=VERTEX_POINT('',#15119);
#6621=VERTEX_POINT('',#15124);
#6622=VERTEX_POINT('',#15138);
#6623=VERTEX_POINT('',#15139);
#6624=VERTEX_POINT('',#15154);
#6625=VERTEX_POINT('',#15155);
#6626=VERTEX_POINT('',#15160);
#6627=VERTEX_POINT('',#15162);
#6628=VERTEX_POINT('',#15166);
#6629=VERTEX_POINT('',#15168);
#6630=VERTEX_POINT('',#15172);
#6631=VERTEX_POINT('',#15174);
#6632=VERTEX_POINT('',#15184);
#6633=VERTEX_POINT('',#15185);
#6634=VERTEX_POINT('',#15187);
#6635=VERTEX_POINT('',#15189);
#6636=VERTEX_POINT('',#15193);
#6637=VERTEX_POINT('',#15194);
#6638=VERTEX_POINT('',#15196);
#6639=VERTEX_POINT('',#15198);
#6640=VERTEX_POINT('',#15202);
#6641=VERTEX_POINT('',#15203);
#6642=VERTEX_POINT('',#15205);
#6643=VERTEX_POINT('',#15207);
#6644=VERTEX_POINT('',#15211);
#6645=VERTEX_POINT('',#15213);
#6646=VERTEX_POINT('',#15220);
#6647=VERTEX_POINT('',#15221);
#6648=VERTEX_POINT('',#15223);
#6649=VERTEX_POINT('',#15225);
#6650=VERTEX_POINT('',#15229);
#6651=VERTEX_POINT('',#15231);
#6652=VERTEX_POINT('',#15238);
#6653=VERTEX_POINT('',#15239);
#6654=VERTEX_POINT('',#15241);
#6655=VERTEX_POINT('',#15243);
#6656=VERTEX_POINT('',#15247);
#6657=VERTEX_POINT('',#15248);
#6658=VERTEX_POINT('',#15250);
#6659=VERTEX_POINT('',#15252);
#6660=VERTEX_POINT('',#15256);
#6661=VERTEX_POINT('',#15257);
#6662=VERTEX_POINT('',#15259);
#6663=VERTEX_POINT('',#15261);
#6664=VERTEX_POINT('',#15265);
#6665=VERTEX_POINT('',#15266);
#6666=VERTEX_POINT('',#15268);
#6667=VERTEX_POINT('',#15270);
#6668=VERTEX_POINT('',#15274);
#6669=VERTEX_POINT('',#15278);
#6670=VERTEX_POINT('',#15282);
#6671=VERTEX_POINT('',#15286);
#6672=VERTEX_POINT('',#15290);
#6673=VERTEX_POINT('',#15291);
#6674=VERTEX_POINT('',#15293);
#6675=VERTEX_POINT('',#15295);
#6676=VERTEX_POINT('',#15297);
#6677=VERTEX_POINT('',#15299);
#6678=VERTEX_POINT('',#15301);
#6679=VERTEX_POINT('',#15303);
#6680=VERTEX_POINT('',#15307);
#6681=VERTEX_POINT('',#15308);
#6682=VERTEX_POINT('',#15315);
#6683=VERTEX_POINT('',#15316);
#6684=VERTEX_POINT('',#15318);
#6685=VERTEX_POINT('',#15320);
#6686=VERTEX_POINT('',#15325);
#6687=VERTEX_POINT('',#15331);
#6688=VERTEX_POINT('',#15333);
#6689=VERTEX_POINT('',#15337);
#6690=VERTEX_POINT('',#15338);
#6691=VERTEX_POINT('',#15346);
#6692=VERTEX_POINT('',#15347);
#6693=VERTEX_POINT('',#15384);
#6694=VERTEX_POINT('',#15391);
#6695=VERTEX_POINT('',#15424);
#6696=VERTEX_POINT('',#15427);
#6697=VERTEX_POINT('',#15449);
#6698=VERTEX_POINT('',#15452);
#6699=VERTEX_POINT('',#15464);
#6700=VERTEX_POINT('',#15466);
#6701=VERTEX_POINT('',#15489);
#6702=VERTEX_POINT('',#15491);
#6703=VERTEX_POINT('',#15506);
#6704=VERTEX_POINT('',#15509);
#6705=VERTEX_POINT('',#15511);
#6706=VERTEX_POINT('',#15578);
#6707=VERTEX_POINT('',#15579);
#6708=VERTEX_POINT('',#15581);
#6709=VERTEX_POINT('',#15583);
#6710=VERTEX_POINT('',#15587);
#6711=VERTEX_POINT('',#15588);
#6712=VERTEX_POINT('',#15590);
#6713=VERTEX_POINT('',#15592);
#6714=VERTEX_POINT('',#15596);
#6715=VERTEX_POINT('',#15597);
#6716=VERTEX_POINT('',#15599);
#6717=VERTEX_POINT('',#15601);
#6718=VERTEX_POINT('',#15605);
#6719=VERTEX_POINT('',#15606);
#6720=VERTEX_POINT('',#15611);
#6721=VERTEX_POINT('',#15613);
#6722=VERTEX_POINT('',#15617);
#6723=VERTEX_POINT('',#15619);
#6724=VERTEX_POINT('',#15623);
#6725=VERTEX_POINT('',#15624);
#6726=VERTEX_POINT('',#15626);
#6727=VERTEX_POINT('',#15628);
#6728=VERTEX_POINT('',#15632);
#6729=VERTEX_POINT('',#15633);
#6730=VERTEX_POINT('',#15635);
#6731=VERTEX_POINT('',#15637);
#6732=VERTEX_POINT('',#15641);
#6733=VERTEX_POINT('',#15642);
#6734=VERTEX_POINT('',#15644);
#6735=VERTEX_POINT('',#15646);
#6736=VERTEX_POINT('',#15650);
#6737=VERTEX_POINT('',#15651);
#6738=VERTEX_POINT('',#15653);
#6739=VERTEX_POINT('',#15655);
#6740=VERTEX_POINT('',#15659);
#6741=VERTEX_POINT('',#15660);
#6742=VERTEX_POINT('',#15662);
#6743=VERTEX_POINT('',#15664);
#6744=VERTEX_POINT('',#15668);
#6745=VERTEX_POINT('',#15669);
#6746=VERTEX_POINT('',#15671);
#6747=VERTEX_POINT('',#15673);
#6748=VERTEX_POINT('',#15677);
#6749=VERTEX_POINT('',#15679);
#6750=VERTEX_POINT('',#15683);
#6751=VERTEX_POINT('',#15685);
#6752=VERTEX_POINT('',#15689);
#6753=VERTEX_POINT('',#15690);
#6754=VERTEX_POINT('',#15695);
#6755=VERTEX_POINT('',#15696);
#6756=VERTEX_POINT('',#15701);
#6757=VERTEX_POINT('',#15703);
#6758=VERTEX_POINT('',#15707);
#6759=VERTEX_POINT('',#15709);
#6760=VERTEX_POINT('',#15713);
#6761=VERTEX_POINT('',#15715);
#6762=VERTEX_POINT('',#15719);
#6763=VERTEX_POINT('',#15721);
#6764=VERTEX_POINT('',#15725);
#6765=VERTEX_POINT('',#15726);
#6766=VERTEX_POINT('',#15728);
#6767=VERTEX_POINT('',#15730);
#6768=VERTEX_POINT('',#15734);
#6769=VERTEX_POINT('',#15736);
#6770=VERTEX_POINT('',#15740);
#6771=VERTEX_POINT('',#15741);
#6772=VERTEX_POINT('',#15743);
#6773=VERTEX_POINT('',#15745);
#6774=VERTEX_POINT('',#15752);
#6775=VERTEX_POINT('',#15755);
#6776=VERTEX_POINT('',#15760);
#6777=VERTEX_POINT('',#15762);
#6778=VERTEX_POINT('',#15766);
#6779=VERTEX_POINT('',#15768);
#6780=VERTEX_POINT('',#15772);
#6781=VERTEX_POINT('',#15774);
#6782=VERTEX_POINT('',#15787);
#6783=VERTEX_POINT('',#15796);
#6784=VERTEX_POINT('',#15802);
#6785=VERTEX_POINT('',#15804);
#6786=VERTEX_POINT('',#15806);
#6787=VERTEX_POINT('',#15808);
#6788=VERTEX_POINT('',#15814);
#6789=VERTEX_POINT('',#15816);
#6790=VERTEX_POINT('',#15824);
#6791=VERTEX_POINT('',#15825);
#6792=VERTEX_POINT('',#15828);
#6793=VERTEX_POINT('',#15830);
#6794=VERTEX_POINT('',#15844);
#6795=VERTEX_POINT('',#15846);
#6796=VERTEX_POINT('',#15856);
#6797=VERTEX_POINT('',#15861);
#6798=VERTEX_POINT('',#15865);
#6799=VERTEX_POINT('',#15869);
#6800=VERTEX_POINT('',#15884);
#6801=VERTEX_POINT('',#15886);
#6802=VERTEX_POINT('',#15908);
#6803=VERTEX_POINT('',#15909);
#6804=VERTEX_POINT('',#15911);
#6805=VERTEX_POINT('',#15913);
#6806=VERTEX_POINT('',#15916);
#6807=VERTEX_POINT('',#15918);
#6808=VERTEX_POINT('',#15924);
#6809=VERTEX_POINT('',#15928);
#6810=VERTEX_POINT('',#15930);
#6811=VERTEX_POINT('',#15932);
#6812=VERTEX_POINT('',#15934);
#6813=VERTEX_POINT('',#15936);
#6814=CIRCLE('',#9374,8.);
#6815=CIRCLE('',#9375,11.);
#6816=CIRCLE('',#9377,8.);
#6817=CIRCLE('',#9378,11.);
#6818=CIRCLE('',#9382,8.);
#6819=CIRCLE('',#9383,11.);
#6820=CIRCLE('',#9385,8.);
#6821=CIRCLE('',#9386,11.);
#6822=CIRCLE('',#9390,4.00000000000069);
#6823=CIRCLE('',#9392,4.00000000000059);
#6824=CIRCLE('',#9394,8.00000000000059);
#6825=CIRCLE('',#9396,8.00000000000002);
#6826=CIRCLE('',#9398,4.00000000000002);
#6827=CIRCLE('',#9400,3.99999999999999);
#6828=CIRCLE('',#9403,2.5);
#6829=CIRCLE('',#9404,2.5);
#6830=CIRCLE('',#9406,2.5);
#6831=CIRCLE('',#9407,2.5);
#6832=CIRCLE('',#9409,2.5);
#6833=CIRCLE('',#9410,2.5);
#6834=CIRCLE('',#9412,2.5);
#6835=CIRCLE('',#9413,2.5);
#6836=CIRCLE('',#9416,2.5);
#6837=CIRCLE('',#9417,2.5);
#6838=CIRCLE('',#9418,2.5);
#6839=CIRCLE('',#9419,2.5);
#6840=CIRCLE('',#9420,1.49999999999997);
#6841=CIRCLE('',#9421,1.49999999999995);
#6842=CIRCLE('',#9422,1.49999999999995);
#6843=CIRCLE('',#9423,1.49999999999995);
#6844=CIRCLE('',#9426,2.5);
#6845=CIRCLE('',#9427,2.5);
#6846=CIRCLE('',#9428,2.5);
#6847=CIRCLE('',#9429,2.5);
#6848=CIRCLE('',#9430,1.49999999999997);
#6849=CIRCLE('',#9431,1.49999999999995);
#6850=CIRCLE('',#9432,1.49999999999995);
#6851=CIRCLE('',#9433,1.49999999999995);
#6852=CIRCLE('',#9557,6.);
#6853=CIRCLE('',#9558,6.);
#6854=CIRCLE('',#9560,6.);
#6855=CIRCLE('',#9561,6.);
#6856=CIRCLE('',#9565,6.);
#6857=CIRCLE('',#9566,6.);
#6858=CIRCLE('',#9568,6.);
#6859=CIRCLE('',#9569,6.);
#6860=CIRCLE('',#9573,7.00000000044871);
#6861=CIRCLE('',#9574,7.5);
#6862=CIRCLE('',#9576,5.4999999999902);
#6863=CIRCLE('',#9577,5.99999999958047);
#6864=CIRCLE('',#9578,5.4999999999902);
#6865=CIRCLE('',#9580,5.50000000001889);
#6866=CIRCLE('',#9581,5.99999999960916);
#6867=CIRCLE('',#9582,5.50000000001889);
#6868=CIRCLE('',#9584,5.50000000001168);
#6869=CIRCLE('',#9585,5.99999999954511);
#6870=CIRCLE('',#9586,5.50000000001168);
#6871=CIRCLE('',#9588,5.4999999999835);
#6872=CIRCLE('',#9589,5.99999999951693);
#6873=CIRCLE('',#9590,5.4999999999835);
#6874=CIRCLE('',#9592,7.);
#6875=CIRCLE('',#9594,5.5);
#6876=CIRCLE('',#9595,5.4999999999902);
#6877=CIRCLE('',#9597,5.5);
#6878=CIRCLE('',#9598,5.50000000001889);
#6879=CIRCLE('',#9600,5.5);
#6880=CIRCLE('',#9601,5.50000000001168);
#6881=CIRCLE('',#9603,5.5);
#6882=CIRCLE('',#9604,5.4999999999835);
#6883=CIRCLE('',#9606,11.);
#6884=CIRCLE('',#9607,11.);
#6885=CIRCLE('',#9608,11.);
#6886=CIRCLE('',#9610,3.3);
#6887=CIRCLE('',#9611,3.3);
#6888=CIRCLE('',#9613,3.3);
#6889=CIRCLE('',#9614,3.3);
#6890=CIRCLE('',#9615,3.3);
#6891=CIRCLE('',#9617,3.3);
#6892=CIRCLE('',#9618,3.3);
#6893=CIRCLE('',#9619,3.3);
#6894=CIRCLE('',#9621,3.3);
#6895=CIRCLE('',#9622,3.3);
#6896=CIRCLE('',#9624,11.);
#6897=CIRCLE('',#9625,11.4999999995512);
#6898=CIRCLE('',#9627,3.80000000000589);
#6899=CIRCLE('',#9629,3.3);
#6900=CIRCLE('',#9630,3.7999999999772);
#6901=CIRCLE('',#9632,3.3);
#6902=CIRCLE('',#9633,3.79999999998441);
#6903=CIRCLE('',#9635,3.80000000001258);
#6904=CIRCLE('',#9637,6.00000000000071);
#6905=CIRCLE('',#9638,6.49999999953414);
#6906=CIRCLE('',#9640,5.99999999998434);
#6907=CIRCLE('',#9641,6.49999999951777);
#6908=CIRCLE('',#9642,5.99999999998434);
#6909=CIRCLE('',#9644,6.);
#6910=CIRCLE('',#9646,6.);
#6911=CIRCLE('',#9647,5.99999999998434);
#6912=CIRCLE('',#9649,7.5);
#6913=CIRCLE('',#9650,5.99999999958047);
#6914=CIRCLE('',#9651,5.99999999960916);
#6915=CIRCLE('',#9652,5.99999999954511);
#6916=CIRCLE('',#9653,5.99999999951693);
#6917=CIRCLE('',#9655,7.00000000044871);
#6918=CIRCLE('',#9657,5.4999999999902);
#6919=CIRCLE('',#9659,5.50000000001889);
#6920=CIRCLE('',#9661,5.50000000001168);
#6921=CIRCLE('',#9663,5.4999999999835);
#6922=CIRCLE('',#9669,7.);
#6923=CIRCLE('',#9671,5.5);
#6924=CIRCLE('',#9673,5.5);
#6925=CIRCLE('',#9675,5.5);
#6926=CIRCLE('',#9677,5.5);
#6927=CIRCLE('',#9683,11.);
#6928=CIRCLE('',#9685,3.3);
#6929=CIRCLE('',#9687,3.3);
#6930=CIRCLE('',#9689,3.3);
#6931=CIRCLE('',#9691,3.3);
#6932=CIRCLE('',#9701,11.);
#6933=CIRCLE('',#9703,3.3);
#6934=CIRCLE('',#9705,3.3);
#6935=CIRCLE('',#9707,3.3);
#6936=CIRCLE('',#9709,3.3);
#6937=CIRCLE('',#9711,6.49999999953414);
#6938=CIRCLE('',#9712,6.49999999951777);
#6939=CIRCLE('',#9713,11.4999999995512);
#6940=CIRCLE('',#9714,3.80000000000589);
#6941=CIRCLE('',#9715,3.7999999999772);
#6942=CIRCLE('',#9716,3.79999999998441);
#6943=CIRCLE('',#9717,3.80000000001258);
#6944=CIRCLE('',#9724,6.00000000000071);
#6945=CIRCLE('',#9726,5.99999999998434);
#6946=CIRCLE('',#9728,6.);
#6947=CIRCLE('',#9730,6.);
#6948=CIRCLE('',#9734,6.00000000001612);
#6949=CIRCLE('',#9735,6.49999999954955);
#6950=CIRCLE('',#9737,5.99999999999975);
#6951=CIRCLE('',#9738,6.49999999953318);
#6952=CIRCLE('',#9740,1.65);
#6953=CIRCLE('',#9741,1.65);
#6954=CIRCLE('',#9743,1.65);
#6955=CIRCLE('',#9744,1.65);
#6956=CIRCLE('',#9746,1.65);
#6957=CIRCLE('',#9747,1.65);
#6958=CIRCLE('',#9749,1.65);
#6959=CIRCLE('',#9750,1.65);
#6960=CIRCLE('',#9752,3.3);
#6961=CIRCLE('',#9753,3.3);
#6962=CIRCLE('',#9755,3.3);
#6963=CIRCLE('',#9756,3.3);
#6964=CIRCLE('',#9758,3.3);
#6965=CIRCLE('',#9759,3.3);
#6966=CIRCLE('',#9761,3.3);
#6967=CIRCLE('',#9762,3.3);
#6968=CIRCLE('',#9764,19.);
#6969=CIRCLE('',#9765,19.);
#6970=CIRCLE('',#9766,19.);
#6971=CIRCLE('',#9767,19.);
#6972=CIRCLE('',#9768,19.);
#6973=CIRCLE('',#9769,19.);
#6974=CIRCLE('',#9771,3.);
#6975=CIRCLE('',#9772,3.);
#6976=CIRCLE('',#9774,3.);
#6977=CIRCLE('',#9775,3.);
#6978=CIRCLE('',#9777,6.);
#6979=CIRCLE('',#9779,6.);
#6980=CIRCLE('',#9781,5.5);
#6981=CIRCLE('',#9782,5.5);
#6982=CIRCLE('',#9784,5.5);
#6983=CIRCLE('',#9785,5.5);
#6984=CIRCLE('',#9787,5.5);
#6985=CIRCLE('',#9788,5.5);
#6986=CIRCLE('',#9790,5.5);
#6987=CIRCLE('',#9791,5.5);
#6988=CIRCLE('',#9793,1.7);
#6989=CIRCLE('',#9794,1.7);
#6990=CIRCLE('',#9796,1.7);
#6991=CIRCLE('',#9797,1.7);
#6992=CIRCLE('',#9799,1.7);
#6993=CIRCLE('',#9800,1.7);
#6994=CIRCLE('',#9802,1.7);
#6995=CIRCLE('',#9803,1.7);
#6996=CIRCLE('',#9805,6.49999999954955);
#6997=CIRCLE('',#9806,6.49999999953318);
#6998=CIRCLE('',#9807,1.65);
#6999=CIRCLE('',#9808,1.65);
#7000=CIRCLE('',#9809,1.65);
#7001=CIRCLE('',#9810,1.65);
#7002=CIRCLE('',#9811,3.3);
#7003=CIRCLE('',#9812,3.3);
#7004=CIRCLE('',#9813,3.3);
#7005=CIRCLE('',#9814,3.3);
#7006=CIRCLE('',#9815,3.);
#7007=CIRCLE('',#9816,3.);
#7008=CIRCLE('',#9817,19.);
#7009=CIRCLE('',#9818,3.);
#7010=CIRCLE('',#9819,19.);
#7011=CIRCLE('',#9820,3.);
#7012=CIRCLE('',#9821,19.);
#7013=CIRCLE('',#9823,6.00000000001612);
#7014=CIRCLE('',#9825,5.99999999999975);
#7015=CIRCLE('',#9831,1.65);
#7016=CIRCLE('',#9833,1.65);
#7017=CIRCLE('',#9835,1.65);
#7018=CIRCLE('',#9837,1.65);
#7019=CIRCLE('',#9839,3.3);
#7020=CIRCLE('',#9841,3.3);
#7021=CIRCLE('',#9843,3.3);
#7022=CIRCLE('',#9845,3.3);
#7023=CIRCLE('',#9847,3.);
#7024=CIRCLE('',#9850,19.);
#7025=CIRCLE('',#9851,19.);
#7026=CIRCLE('',#9852,19.);
#7027=CIRCLE('',#9855,3.);
#7028=CIRCLE('',#9859,3.);
#7029=CIRCLE('',#9863,3.);
#7030=CIRCLE('',#9867,6.);
#7031=CIRCLE('',#9869,6.);
#7032=CIRCLE('',#9875,5.5);
#7033=CIRCLE('',#9876,5.5);
#7034=CIRCLE('',#9877,5.5);
#7035=CIRCLE('',#9878,5.5);
#7036=CIRCLE('',#9879,3.);
#7037=CIRCLE('',#9880,3.);
#7038=CIRCLE('',#9881,3.);
#7039=CIRCLE('',#9882,3.);
#7040=CIRCLE('',#9884,5.5);
#7041=CIRCLE('',#9886,5.5);
#7042=CIRCLE('',#9888,5.5);
#7043=CIRCLE('',#9890,5.5);
#7044=CIRCLE('',#9892,1.7);
#7045=CIRCLE('',#9894,1.7);
#7046=CIRCLE('',#9896,1.7);
#7047=CIRCLE('',#9898,1.7);
#7048=CIRCLE('',#9900,3.);
#7049=CIRCLE('',#9901,3.);
#7050=CIRCLE('',#9902,3.);
#7051=CIRCLE('',#9903,3.);
#7052=CIRCLE('',#9904,1.7);
#7053=CIRCLE('',#9905,1.7);
#7054=CIRCLE('',#9906,1.7);
#7055=CIRCLE('',#9907,1.7);
#7056=CIRCLE('',#9935,10.5);
#7057=CIRCLE('',#9936,10.9999999995513);
#7058=CIRCLE('',#9938,10.5);
#7059=CIRCLE('',#9939,10.9999999991026);
#7060=CIRCLE('',#9941,3.59999999998319);
#7061=CIRCLE('',#9942,4.09999999957345);
#7062=CIRCLE('',#9944,13.5000000004487);
#7063=CIRCLE('',#9945,14.);
#7064=CIRCLE('',#9947,3.599999999935);
#7065=CIRCLE('',#9948,4.09999999952527);
#7066=CIRCLE('',#9950,1.65000000002749);
#7067=CIRCLE('',#9951,2.14999999956092);
#7068=CIRCLE('',#9953,1.65000000002749);
#7069=CIRCLE('',#9954,2.14999999956092);
#7070=CIRCLE('',#9956,9.00000000044874);
#7071=CIRCLE('',#9957,9.5);
#7072=CIRCLE('',#9959,8.00000000044872);
#7073=CIRCLE('',#9960,8.5);
#7074=CIRCLE('',#9962,8.00000000044872);
#7075=CIRCLE('',#9963,8.5);
#7076=CIRCLE('',#9965,1.64999999999679);
#7077=CIRCLE('',#9966,2.14999999953022);
#7078=CIRCLE('',#9968,1.64999999999679);
#7079=CIRCLE('',#9969,2.14999999953022);
#7080=CIRCLE('',#9971,2.09999999999999);
#7081=CIRCLE('',#9973,2.09999999999999);
#7082=CIRCLE('',#9975,2.09999999999999);
#7083=CIRCLE('',#9977,2.09999999999999);
#7084=CIRCLE('',#9979,10.5);
#7085=CIRCLE('',#9981,10.5);
#7086=CIRCLE('',#9983,13.5);
#7087=CIRCLE('',#9984,13.5000000004487);
#7088=CIRCLE('',#9985,13.5);
#7089=CIRCLE('',#9986,13.5000000004487);
#7090=CIRCLE('',#9987,13.5);
#7091=CIRCLE('',#9988,13.5000000004487);
#7092=CIRCLE('',#9990,3.6);
#7093=CIRCLE('',#9992,3.6);
#7094=CIRCLE('',#9996,9.00000000000001);
#7095=CIRCLE('',#9998,8.);
#7096=CIRCLE('',#10000,8.);
#7097=CIRCLE('',#10004,10.5);
#7098=CIRCLE('',#10005,10.5);
#7099=CIRCLE('',#10007,10.5);
#7100=CIRCLE('',#10008,10.5);
#7101=CIRCLE('',#10010,11.);
#7102=CIRCLE('',#10011,11.);
#7103=CIRCLE('',#10013,11.);
#7104=CIRCLE('',#10014,11.);
#7105=CIRCLE('',#10016,11.);
#7106=CIRCLE('',#10017,11.);
#7107=CIRCLE('',#10019,11.);
#7108=CIRCLE('',#10020,11.);
#7109=CIRCLE('',#10022,1.65);
#7110=CIRCLE('',#10023,1.65);
#7111=CIRCLE('',#10025,1.65);
#7112=CIRCLE('',#10026,1.65);
#7113=CIRCLE('',#10028,1.65);
#7114=CIRCLE('',#10029,1.65);
#7115=CIRCLE('',#10031,1.65);
#7116=CIRCLE('',#10032,1.65);
#7117=CIRCLE('',#10039,10.9999999995513);
#7118=CIRCLE('',#10040,10.9999999991026);
#7119=CIRCLE('',#10041,4.09999999952527);
#7120=CIRCLE('',#10042,14.);
#7121=CIRCLE('',#10043,4.09999999957346);
#7122=CIRCLE('',#10044,14.);
#7123=CIRCLE('',#10045,4.09999999957345);
#7124=CIRCLE('',#10046,14.);
#7125=CIRCLE('',#10047,4.09999999952527);
#7126=CIRCLE('',#10048,14.);
#7127=CIRCLE('',#10050,2.14999999956092);
#7128=CIRCLE('',#10051,2.14999999956092);
#7129=CIRCLE('',#10053,9.5);
#7130=CIRCLE('',#10054,8.5);
#7131=CIRCLE('',#10055,8.5);
#7132=CIRCLE('',#10057,2.14999999953022);
#7133=CIRCLE('',#10058,2.14999999953022);
#7134=CIRCLE('',#10061,2.09999999999999);
#7135=CIRCLE('',#10062,2.09999999999999);
#7136=CIRCLE('',#10063,2.09999999999999);
#7137=CIRCLE('',#10064,2.09999999999999);
#7138=CIRCLE('',#10067,10.5);
#7139=CIRCLE('',#10069,10.5);
#7140=CIRCLE('',#10072,3.59999999999184);
#7141=CIRCLE('',#10074,13.5000000004487);
#7142=CIRCLE('',#10076,3.59999999998319);
#7143=CIRCLE('',#10078,13.5000000004487);
#7144=CIRCLE('',#10080,3.59999999998319);
#7145=CIRCLE('',#10083,3.599999999935);
#7146=CIRCLE('',#10085,1.65000000002749);
#7147=CIRCLE('',#10087,1.65000000002749);
#7148=CIRCLE('',#10091,9.00000000044874);
#7149=CIRCLE('',#10093,8.00000000044872);
#7150=CIRCLE('',#10095,8.00000000044872);
#7151=CIRCLE('',#10097,1.64999999999679);
#7152=CIRCLE('',#10099,1.64999999999679);
#7153=CIRCLE('',#10105,10.5);
#7154=CIRCLE('',#10106,10.5);
#7155=CIRCLE('',#10108,10.5);
#7156=CIRCLE('',#10109,10.5);
#7157=CIRCLE('',#10111,13.5);
#7158=CIRCLE('',#10112,13.5);
#7159=CIRCLE('',#10113,13.5);
#7160=CIRCLE('',#10115,3.6);
#7161=CIRCLE('',#10117,3.6);
#7162=CIRCLE('',#10119,3.6);
#7163=CIRCLE('',#10121,3.6);
#7164=CIRCLE('',#10125,9.00000000000001);
#7165=CIRCLE('',#10127,8.);
#7166=CIRCLE('',#10128,8.);
#7167=CIRCLE('',#10130,8.);
#7168=CIRCLE('',#10131,8.);
#7169=CIRCLE('',#10135,10.5);
#7170=CIRCLE('',#10136,10.5);
#7171=CIRCLE('',#10137,10.5);
#7172=CIRCLE('',#10138,10.5);
#7173=CIRCLE('',#10140,10.5);
#7174=CIRCLE('',#10141,10.5);
#7175=CIRCLE('',#10142,10.5);
#7176=CIRCLE('',#10143,10.5);
#7177=CIRCLE('',#10147,11.);
#7178=CIRCLE('',#10149,11.);
#7179=CIRCLE('',#10152,1.65);
#7180=CIRCLE('',#10154,1.65);
#7181=CIRCLE('',#10156,1.65);
#7182=CIRCLE('',#10158,1.65);
#7183=CIRCLE('',#10160,11.);
#7184=CIRCLE('',#10162,11.);
#7185=CIRCLE('',#10166,1.65);
#7186=CIRCLE('',#10168,1.65);
#7187=CIRCLE('',#10170,1.65);
#7188=CIRCLE('',#10172,1.65);
#7189=CIRCLE('',#10178,11.0000000000015);
#7190=CIRCLE('',#10179,11.4999999995528);
#7191=CIRCLE('',#10181,6.00000000043899);
#7192=CIRCLE('',#10182,6.50000000002926);
#7193=CIRCLE('',#10184,6.00000000045535);
#7194=CIRCLE('',#10185,6.50000000004563);
#7195=CIRCLE('',#10187,11.0000000000015);
#7196=CIRCLE('',#10189,6.);
#7197=CIRCLE('',#10191,6.);
#7198=CIRCLE('',#10193,5.00000000001252);
#7199=CIRCLE('',#10194,5.49999999948911);
#7200=CIRCLE('',#10196,5.00000000003252);
#7201=CIRCLE('',#10197,5.49999999956596);
#7202=CIRCLE('',#10199,2.75000000048634);
#7203=CIRCLE('',#10200,3.24999999990608);
#7204=CIRCLE('',#10202,2.75000000046633);
#7205=CIRCLE('',#10203,3.24999999999977);
#7206=CIRCLE('',#10205,2.75000000048634);
#7207=CIRCLE('',#10206,3.25000000001976);
#7208=CIRCLE('',#10208,2.75000000046633);
#7209=CIRCLE('',#10209,3.2500000000566);
#7210=CIRCLE('',#10211,6.49999999954964);
#7211=CIRCLE('',#10213,6.49999999953328);
#7212=CIRCLE('',#10215,5.);
#7213=CIRCLE('',#10217,5.);
#7214=CIRCLE('',#10219,2.75);
#7215=CIRCLE('',#10221,2.75);
#7216=CIRCLE('',#10223,2.75);
#7217=CIRCLE('',#10225,2.75);
#7218=CIRCLE('',#10227,7.);
#7219=CIRCLE('',#10228,7.);
#7220=CIRCLE('',#10230,7.5);
#7221=CIRCLE('',#10232,11.4999999995528);
#7222=CIRCLE('',#10233,6.50000000002926);
#7223=CIRCLE('',#10234,6.50000000004563);
#7224=CIRCLE('',#10240,11.0000000000015);
#7225=CIRCLE('',#10242,6.00000000043899);
#7226=CIRCLE('',#10244,6.00000000045535);
#7227=CIRCLE('',#10246,5.49999999956596);
#7228=CIRCLE('',#10251,5.49999999948911);
#7229=CIRCLE('',#10256,3.24999999990608);
#7230=CIRCLE('',#10257,3.24999999999977);
#7231=CIRCLE('',#10258,3.25000000001976);
#7232=CIRCLE('',#10259,3.2500000000566);
#7233=CIRCLE('',#10262,11.0000000000015);
#7234=CIRCLE('',#10264,6.);
#7235=CIRCLE('',#10266,6.);
#7236=CIRCLE('',#10268,5.00000000001252);
#7237=CIRCLE('',#10270,5.00000000003252);
#7238=CIRCLE('',#10281,2.75000000048634);
#7239=CIRCLE('',#10283,2.75000000046633);
#7240=CIRCLE('',#10285,2.75000000048634);
#7241=CIRCLE('',#10287,2.75000000046633);
#7242=CIRCLE('',#10292,7.);
#7243=CIRCLE('',#10294,6.49999999954964);
#7244=CIRCLE('',#10296,6.49999999953328);
#7245=CIRCLE('',#10298,5.);
#7246=CIRCLE('',#10300,5.);
#7247=CIRCLE('',#10303,7.5);
#7248=CIRCLE('',#10304,5.);
#7249=CIRCLE('',#10305,5.);
#7250=CIRCLE('',#10310,5.);
#7251=CIRCLE('',#10311,5.);
#7252=CIRCLE('',#10314,2.75);
#7253=CIRCLE('',#10316,2.75);
#7254=CIRCLE('',#10318,2.75);
#7255=CIRCLE('',#10320,2.75);
#7256=CIRCLE('',#10323,7.);
#7257=EDGE_LOOP('',(#1994));
#7258=EDGE_LOOP('',(#1995));
#7259=EDGE_LOOP('',(#1996));
#7260=EDGE_LOOP('',(#1997));
#7261=EDGE_LOOP('',(#1998));
#7262=EDGE_LOOP('',(#1999));
#7263=EDGE_LOOP('',(#2000));
#7264=EDGE_LOOP('',(#2001));
#7265=EDGE_LOOP('',(#2002));
#7266=EDGE_LOOP('',(#2003));
#7267=EDGE_LOOP('',(#2004));
#7268=EDGE_LOOP('',(#2005));
#7269=EDGE_LOOP('',(#2006));
#7270=EDGE_LOOP('',(#2007));
#7271=EDGE_LOOP('',(#2008));
#7272=EDGE_LOOP('',(#2009));
#7273=EDGE_LOOP('',(#2010));
#7274=EDGE_LOOP('',(#2011));
#7275=EDGE_LOOP('',(#2012));
#7276=EDGE_LOOP('',(#2013));
#7277=EDGE_LOOP('',(#2014));
#7278=EDGE_LOOP('',(#2015));
#7279=EDGE_LOOP('',(#2016));
#7280=EDGE_LOOP('',(#2017));
#7281=EDGE_LOOP('',(#2018));
#7282=EDGE_LOOP('',(#2019));
#7283=EDGE_LOOP('',(#2020));
#7284=EDGE_LOOP('',(#2021));
#7285=EDGE_LOOP('',(#2022,#2023,#2024,#2025));
#7286=EDGE_LOOP('',(#2026,#2027,#2028,#2029));
#7287=EDGE_LOOP('',(#2030,#2031,#2032,#2033));
#7288=EDGE_LOOP('',(#2034,#2035,#2036,#2037));
#7289=EDGE_LOOP('',(#2038,#2039,#2040,#2041));
#7290=EDGE_LOOP('',(#2042,#2043));
#7291=EDGE_LOOP('',(#2044,#2045));
#7292=EDGE_LOOP('',(#2046,#2047));
#7293=EDGE_LOOP('',(#2048,#2049));
#7294=EDGE_LOOP('',(#2050,#2051,#2052,#2053,#2054,#2055,#2056,#2057,#2058,
#2059,#2060,#2061,#2062,#2063,#2064,#2065,#2066,#2067,#2068,#2069,#2070,
#2071,#2072,#2073,#2074,#2075,#2076,#2077,#2078,#2079,#2080,#2081,#2082,
#2083,#2084,#2085,#2086,#2087,#2088,#2089,#2090,#2091,#2092,#2093,#2094,
#2095,#2096,#2097,#2098,#2099,#2100,#2101,#2102,#2103,#2104,#2105,#2106,
#2107,#2108,#2109,#2110,#2111,#2112,#2113,#2114,#2115,#2116,#2117,#2118,
#2119,#2120,#2121,#2122,#2123,#2124,#2125,#2126,#2127,#2128,#2129,#2130,
#2131,#2132,#2133,#2134,#2135,#2136,#2137,#2138,#2139,#2140,#2141,#2142,
#2143,#2144,#2145,#2146,#2147,#2148,#2149,#2150,#2151,#2152,#2153,#2154,
#2155,#2156,#2157,#2158,#2159,#2160,#2161,#2162,#2163,#2164,#2165,#2166,
#2167,#2168,#2169));
#7295=EDGE_LOOP('',(#2170,#2171,#2172,#2173));
#7296=EDGE_LOOP('',(#2174,#2175));
#7297=EDGE_LOOP('',(#2176,#2177));
#7298=EDGE_LOOP('',(#2178,#2179));
#7299=EDGE_LOOP('',(#2180,#2181));
#7300=EDGE_LOOP('',(#2182,#2183,#2184,#2185,#2186,#2187,#2188,#2189,#2190,
#2191,#2192,#2193,#2194,#2195,#2196,#2197,#2198,#2199,#2200,#2201,#2202,
#2203,#2204,#2205,#2206,#2207,#2208,#2209,#2210,#2211,#2212,#2213,#2214,
#2215,#2216,#2217,#2218,#2219,#2220,#2221,#2222,#2223,#2224,#2225,#2226,
#2227,#2228,#2229,#2230,#2231,#2232,#2233,#2234,#2235,#2236,#2237,#2238,
#2239,#2240,#2241,#2242,#2243,#2244,#2245,#2246,#2247,#2248,#2249,#2250,
#2251,#2252,#2253,#2254,#2255,#2256,#2257,#2258,#2259,#2260,#2261,#2262,
#2263,#2264,#2265,#2266,#2267,#2268,#2269,#2270,#2271,#2272,#2273,#2274,
#2275,#2276,#2277,#2278,#2279,#2280,#2281,#2282,#2283,#2284,#2285,#2286,
#2287,#2288,#2289,#2290,#2291,#2292,#2293,#2294,#2295,#2296,#2297,#2298,
#2299,#2300,#2301));
#7301=EDGE_LOOP('',(#2302,#2303,#2304,#2305));
#7302=EDGE_LOOP('',(#2306,#2307,#2308,#2309));
#7303=EDGE_LOOP('',(#2310,#2311,#2312,#2313));
#7304=EDGE_LOOP('',(#2314,#2315,#2316,#2317));
#7305=EDGE_LOOP('',(#2318,#2319,#2320,#2321));
#7306=EDGE_LOOP('',(#2322,#2323,#2324,#2325));
#7307=EDGE_LOOP('',(#2326,#2327,#2328,#2329));
#7308=EDGE_LOOP('',(#2330,#2331,#2332,#2333));
#7309=EDGE_LOOP('',(#2334,#2335,#2336,#2337));
#7310=EDGE_LOOP('',(#2338,#2339,#2340,#2341));
#7311=EDGE_LOOP('',(#2342,#2343,#2344,#2345));
#7312=EDGE_LOOP('',(#2346,#2347,#2348,#2349));
#7313=EDGE_LOOP('',(#2350,#2351,#2352,#2353));
#7314=EDGE_LOOP('',(#2354,#2355,#2356,#2357));
#7315=EDGE_LOOP('',(#2358,#2359,#2360,#2361));
#7316=EDGE_LOOP('',(#2362,#2363,#2364,#2365));
#7317=EDGE_LOOP('',(#2366,#2367,#2368,#2369));
#7318=EDGE_LOOP('',(#2370,#2371,#2372,#2373));
#7319=EDGE_LOOP('',(#2374,#2375,#2376,#2377));
#7320=EDGE_LOOP('',(#2378,#2379,#2380,#2381));
#7321=EDGE_LOOP('',(#2382,#2383,#2384,#2385));
#7322=EDGE_LOOP('',(#2386,#2387,#2388,#2389));
#7323=EDGE_LOOP('',(#2390,#2391,#2392,#2393));
#7324=EDGE_LOOP('',(#2394,#2395,#2396,#2397));
#7325=EDGE_LOOP('',(#2398,#2399,#2400,#2401));
#7326=EDGE_LOOP('',(#2402,#2403,#2404,#2405));
#7327=EDGE_LOOP('',(#2406,#2407,#2408,#2409));
#7328=EDGE_LOOP('',(#2410,#2411,#2412,#2413));
#7329=EDGE_LOOP('',(#2414,#2415,#2416,#2417));
#7330=EDGE_LOOP('',(#2418,#2419,#2420,#2421));
#7331=EDGE_LOOP('',(#2422,#2423,#2424,#2425));
#7332=EDGE_LOOP('',(#2426,#2427,#2428,#2429));
#7333=EDGE_LOOP('',(#2430,#2431,#2432,#2433));
#7334=EDGE_LOOP('',(#2434,#2435,#2436,#2437));
#7335=EDGE_LOOP('',(#2438,#2439,#2440,#2441));
#7336=EDGE_LOOP('',(#2442,#2443,#2444,#2445));
#7337=EDGE_LOOP('',(#2446,#2447,#2448,#2449));
#7338=EDGE_LOOP('',(#2450,#2451,#2452,#2453));
#7339=EDGE_LOOP('',(#2454,#2455,#2456,#2457));
#7340=EDGE_LOOP('',(#2458,#2459,#2460,#2461));
#7341=EDGE_LOOP('',(#2462,#2463,#2464,#2465));
#7342=EDGE_LOOP('',(#2466,#2467,#2468,#2469));
#7343=EDGE_LOOP('',(#2470,#2471,#2472,#2473));
#7344=EDGE_LOOP('',(#2474,#2475,#2476,#2477));
#7345=EDGE_LOOP('',(#2478,#2479,#2480,#2481));
#7346=EDGE_LOOP('',(#2482,#2483,#2484,#2485));
#7347=EDGE_LOOP('',(#2486,#2487,#2488,#2489));
#7348=EDGE_LOOP('',(#2490,#2491,#2492,#2493));
#7349=EDGE_LOOP('',(#2494,#2495,#2496,#2497));
#7350=EDGE_LOOP('',(#2498,#2499,#2500,#2501));
#7351=EDGE_LOOP('',(#2502,#2503,#2504,#2505));
#7352=EDGE_LOOP('',(#2506,#2507,#2508,#2509));
#7353=EDGE_LOOP('',(#2510,#2511,#2512,#2513));
#7354=EDGE_LOOP('',(#2514,#2515,#2516,#2517));
#7355=EDGE_LOOP('',(#2518,#2519,#2520,#2521));
#7356=EDGE_LOOP('',(#2522,#2523,#2524,#2525));
#7357=EDGE_LOOP('',(#2526,#2527,#2528,#2529));
#7358=EDGE_LOOP('',(#2530,#2531,#2532,#2533));
#7359=EDGE_LOOP('',(#2534,#2535,#2536,#2537));
#7360=EDGE_LOOP('',(#2538,#2539,#2540,#2541));
#7361=EDGE_LOOP('',(#2542,#2543,#2544,#2545));
#7362=EDGE_LOOP('',(#2546,#2547,#2548,#2549));
#7363=EDGE_LOOP('',(#2550,#2551,#2552,#2553));
#7364=EDGE_LOOP('',(#2554,#2555,#2556,#2557));
#7365=EDGE_LOOP('',(#2558,#2559,#2560,#2561));
#7366=EDGE_LOOP('',(#2562,#2563,#2564,#2565));
#7367=EDGE_LOOP('',(#2566,#2567,#2568,#2569));
#7368=EDGE_LOOP('',(#2570,#2571,#2572,#2573));
#7369=EDGE_LOOP('',(#2574,#2575,#2576,#2577));
#7370=EDGE_LOOP('',(#2578,#2579,#2580,#2581));
#7371=EDGE_LOOP('',(#2582,#2583,#2584,#2585));
#7372=EDGE_LOOP('',(#2586,#2587,#2588,#2589));
#7373=EDGE_LOOP('',(#2590,#2591,#2592,#2593));
#7374=EDGE_LOOP('',(#2594,#2595,#2596,#2597));
#7375=EDGE_LOOP('',(#2598,#2599,#2600,#2601));
#7376=EDGE_LOOP('',(#2602,#2603,#2604,#2605));
#7377=EDGE_LOOP('',(#2606,#2607,#2608,#2609));
#7378=EDGE_LOOP('',(#2610,#2611,#2612,#2613));
#7379=EDGE_LOOP('',(#2614,#2615,#2616,#2617));
#7380=EDGE_LOOP('',(#2618,#2619,#2620,#2621));
#7381=EDGE_LOOP('',(#2622,#2623,#2624,#2625));
#7382=EDGE_LOOP('',(#2626,#2627,#2628,#2629));
#7383=EDGE_LOOP('',(#2630,#2631,#2632,#2633));
#7384=EDGE_LOOP('',(#2634,#2635,#2636,#2637));
#7385=EDGE_LOOP('',(#2638,#2639,#2640,#2641));
#7386=EDGE_LOOP('',(#2642,#2643,#2644,#2645));
#7387=EDGE_LOOP('',(#2646,#2647,#2648,#2649));
#7388=EDGE_LOOP('',(#2650,#2651,#2652,#2653));
#7389=EDGE_LOOP('',(#2654,#2655,#2656,#2657));
#7390=EDGE_LOOP('',(#2658,#2659,#2660,#2661));
#7391=EDGE_LOOP('',(#2662,#2663,#2664,#2665));
#7392=EDGE_LOOP('',(#2666,#2667,#2668,#2669));
#7393=EDGE_LOOP('',(#2670,#2671,#2672,#2673));
#7394=EDGE_LOOP('',(#2674,#2675,#2676,#2677));
#7395=EDGE_LOOP('',(#2678,#2679,#2680,#2681));
#7396=EDGE_LOOP('',(#2682,#2683,#2684,#2685));
#7397=EDGE_LOOP('',(#2686,#2687,#2688,#2689));
#7398=EDGE_LOOP('',(#2690,#2691,#2692,#2693));
#7399=EDGE_LOOP('',(#2694,#2695,#2696,#2697));
#7400=EDGE_LOOP('',(#2698,#2699,#2700,#2701));
#7401=EDGE_LOOP('',(#2702,#2703,#2704,#2705));
#7402=EDGE_LOOP('',(#2706,#2707,#2708,#2709));
#7403=EDGE_LOOP('',(#2710,#2711,#2712,#2713));
#7404=EDGE_LOOP('',(#2714,#2715,#2716,#2717));
#7405=EDGE_LOOP('',(#2718,#2719,#2720,#2721));
#7406=EDGE_LOOP('',(#2722,#2723,#2724,#2725));
#7407=EDGE_LOOP('',(#2726,#2727,#2728,#2729));
#7408=EDGE_LOOP('',(#2730,#2731,#2732,#2733));
#7409=EDGE_LOOP('',(#2734,#2735,#2736,#2737));
#7410=EDGE_LOOP('',(#2738,#2739,#2740,#2741));
#7411=EDGE_LOOP('',(#2742,#2743,#2744,#2745));
#7412=EDGE_LOOP('',(#2746,#2747,#2748,#2749));
#7413=EDGE_LOOP('',(#2750,#2751,#2752,#2753));
#7414=EDGE_LOOP('',(#2754,#2755,#2756,#2757));
#7415=EDGE_LOOP('',(#2758,#2759,#2760,#2761));
#7416=EDGE_LOOP('',(#2762,#2763,#2764,#2765));
#7417=EDGE_LOOP('',(#2766,#2767,#2768,#2769));
#7418=EDGE_LOOP('',(#2770,#2771,#2772,#2773));
#7419=EDGE_LOOP('',(#2774,#2775,#2776,#2777));
#7420=EDGE_LOOP('',(#2778,#2779,#2780,#2781));
#7421=EDGE_LOOP('',(#2782,#2783,#2784,#2785));
#7422=EDGE_LOOP('',(#2786,#2787,#2788,#2789));
#7423=EDGE_LOOP('',(#2790,#2791,#2792,#2793));
#7424=EDGE_LOOP('',(#2794,#2795,#2796,#2797));
#7425=EDGE_LOOP('',(#2798,#2799));
#7426=EDGE_LOOP('',(#2800,#2801));
#7427=EDGE_LOOP('',(#2802,#2803,#2804,#2805));
#7428=EDGE_LOOP('',(#2806,#2807,#2808,#2809));
#7429=EDGE_LOOP('',(#2810,#2811));
#7430=EDGE_LOOP('',(#2812,#2813));
#7431=EDGE_LOOP('',(#2814,#2815,#2816,#2817));
#7432=EDGE_LOOP('',(#2818,#2819,#2820,#2821,#2822));
#7433=EDGE_LOOP('',(#2823,#2824,#2825,#2826,#2827));
#7434=EDGE_LOOP('',(#2828,#2829,#2830,#2831,#2832));
#7435=EDGE_LOOP('',(#2833,#2834,#2835,#2836,#2837));
#7436=EDGE_LOOP('',(#2838,#2839,#2840,#2841));
#7437=EDGE_LOOP('',(#2842,#2843,#2844,#2845,#2846));
#7438=EDGE_LOOP('',(#2847,#2848,#2849,#2850,#2851));
#7439=EDGE_LOOP('',(#2852,#2853,#2854,#2855,#2856));
#7440=EDGE_LOOP('',(#2857,#2858,#2859,#2860,#2861));
#7441=EDGE_LOOP('',(#2862,#2863,#2864,#2865,#2866));
#7442=EDGE_LOOP('',(#2867,#2868,#2869,#2870));
#7443=EDGE_LOOP('',(#2871,#2872,#2873,#2874,#2875));
#7444=EDGE_LOOP('',(#2876,#2877,#2878,#2879,#2880));
#7445=EDGE_LOOP('',(#2881,#2882,#2883,#2884));
#7446=EDGE_LOOP('',(#2885,#2886,#2887,#2888,#2889));
#7447=EDGE_LOOP('',(#2890,#2891,#2892,#2893));
#7448=EDGE_LOOP('',(#2894,#2895,#2896,#2897,#2898));
#7449=EDGE_LOOP('',(#2899,#2900,#2901,#2902,#2903));
#7450=EDGE_LOOP('',(#2904,#2905,#2906,#2907));
#7451=EDGE_LOOP('',(#2908,#2909,#2910,#2911));
#7452=EDGE_LOOP('',(#2912,#2913,#2914,#2915,#2916));
#7453=EDGE_LOOP('',(#2917,#2918,#2919,#2920));
#7454=EDGE_LOOP('',(#2921,#2922,#2923,#2924,#2925));
#7455=EDGE_LOOP('',(#2926,#2927));
#7456=EDGE_LOOP('',(#2928,#2929));
#7457=EDGE_LOOP('',(#2930,#2931));
#7458=EDGE_LOOP('',(#2932,#2933));
#7459=EDGE_LOOP('',(#2934,#2935));
#7460=EDGE_LOOP('',(#2936,#2937,#2938,#2939));
#7461=EDGE_LOOP('',(#2940,#2941,#2942,#2943));
#7462=EDGE_LOOP('',(#2944,#2945,#2946,#2947,#2948));
#7463=EDGE_LOOP('',(#2949,#2950,#2951,#2952,#2953));
#7464=EDGE_LOOP('',(#2954,#2955,#2956,#2957,#2958));
#7465=EDGE_LOOP('',(#2959,#2960,#2961,#2962,#2963));
#7466=EDGE_LOOP('',(#2964,#2965,#2966,#2967,#2968,#2969));
#7467=EDGE_LOOP('',(#2970,#2971,#2972,#2973,#2974,#2975));
#7468=EDGE_LOOP('',(#2976,#2977,#2978,#2979,#2980,#2981));
#7469=EDGE_LOOP('',(#2982,#2983,#2984,#2985,#2986,#2987));
#7470=EDGE_LOOP('',(#2988,#2989,#2990,#2991));
#7471=EDGE_LOOP('',(#2992,#2993,#2994,#2995,#2996));
#7472=EDGE_LOOP('',(#2997,#2998,#2999,#3000,#3001));
#7473=EDGE_LOOP('',(#3002,#3003,#3004,#3005,#3006));
#7474=EDGE_LOOP('',(#3007,#3008,#3009,#3010,#3011));
#7475=EDGE_LOOP('',(#3012,#3013,#3014,#3015));
#7476=EDGE_LOOP('',(#3016,#3017,#3018,#3019));
#7477=EDGE_LOOP('',(#3020,#3021,#3022,#3023));
#7478=EDGE_LOOP('',(#3024,#3025,#3026,#3027));
#7479=EDGE_LOOP('',(#3028,#3029));
#7480=EDGE_LOOP('',(#3030,#3031));
#7481=EDGE_LOOP('',(#3032,#3033));
#7482=EDGE_LOOP('',(#3034,#3035));
#7483=EDGE_LOOP('',(#3036,#3037));
#7484=EDGE_LOOP('',(#3038,#3039));
#7485=EDGE_LOOP('',(#3040,#3041));
#7486=EDGE_LOOP('',(#3042,#3043));
#7487=EDGE_LOOP('',(#3044,#3045));
#7488=EDGE_LOOP('',(#3046,#3047));
#7489=EDGE_LOOP('',(#3048,#3049,#3050,#3051,#3052,#3053));
#7490=EDGE_LOOP('',(#3054,#3055,#3056,#3057,#3058,#3059));
#7491=EDGE_LOOP('',(#3060,#3061,#3062,#3063,#3064,#3065));
#7492=EDGE_LOOP('',(#3066,#3067,#3068,#3069,#3070,#3071));
#7493=EDGE_LOOP('',(#3072,#3073,#3074,#3075,#3076,#3077));
#7494=EDGE_LOOP('',(#3078,#3079,#3080,#3081,#3082,#3083));
#7495=EDGE_LOOP('',(#3084,#3085,#3086,#3087,#3088,#3089));
#7496=EDGE_LOOP('',(#3090,#3091,#3092,#3093,#3094,#3095));
#7497=EDGE_LOOP('',(#3096,#3097,#3098,#3099,#3100));
#7498=EDGE_LOOP('',(#3101,#3102,#3103,#3104));
#7499=EDGE_LOOP('',(#3105,#3106,#3107,#3108,#3109));
#7500=EDGE_LOOP('',(#3110,#3111,#3112,#3113,#3114));
#7501=EDGE_LOOP('',(#3115,#3116,#3117,#3118));
#7502=EDGE_LOOP('',(#3119,#3120));
#7503=EDGE_LOOP('',(#3121,#3122));
#7504=EDGE_LOOP('',(#3123,#3124));
#7505=EDGE_LOOP('',(#3125,#3126));
#7506=EDGE_LOOP('',(#3127,#3128));
#7507=EDGE_LOOP('',(#3129,#3130));
#7508=EDGE_LOOP('',(#3131,#3132));
#7509=EDGE_LOOP('',(#3133,#3134,#3135,#3136));
#7510=EDGE_LOOP('',(#3137,#3138,#3139,#3140,#3141));
#7511=EDGE_LOOP('',(#3142,#3143,#3144,#3145));
#7512=EDGE_LOOP('',(#3146,#3147,#3148,#3149,#3150));
#7513=EDGE_LOOP('',(#3151,#3152,#3153,#3154,#3155));
#7514=EDGE_LOOP('',(#3156,#3157,#3158,#3159));
#7515=EDGE_LOOP('',(#3160,#3161,#3162,#3163));
#7516=EDGE_LOOP('',(#3164,#3165,#3166,#3167,#3168));
#7517=EDGE_LOOP('',(#3169,#3170,#3171,#3172));
#7518=EDGE_LOOP('',(#3173,#3174,#3175,#3176,#3177));
#7519=EDGE_LOOP('',(#3178,#3179));
#7520=EDGE_LOOP('',(#3180,#3181));
#7521=EDGE_LOOP('',(#3182,#3183,#3184,#3185));
#7522=EDGE_LOOP('',(#3186,#3187,#3188,#3189));
#7523=EDGE_LOOP('',(#3190,#3191,#3192,#3193));
#7524=EDGE_LOOP('',(#3194,#3195,#3196,#3197));
#7525=EDGE_LOOP('',(#3198,#3199,#3200,#3201));
#7526=EDGE_LOOP('',(#3202,#3203,#3204,#3205));
#7527=EDGE_LOOP('',(#3206,#3207,#3208,#3209));
#7528=EDGE_LOOP('',(#3210,#3211,#3212,#3213));
#7529=EDGE_LOOP('',(#3214,#3215,#3216,#3217));
#7530=EDGE_LOOP('',(#3218,#3219,#3220,#3221));
#7531=EDGE_LOOP('',(#3222,#3223,#3224,#3225,#3226,#3227,#3228,#3229,#3230,
#3231,#3232,#3233));
#7532=EDGE_LOOP('',(#3234,#3235,#3236,#3237));
#7533=EDGE_LOOP('',(#3238,#3239,#3240,#3241));
#7534=EDGE_LOOP('',(#3242,#3243,#3244,#3245));
#7535=EDGE_LOOP('',(#3246,#3247,#3248,#3249));
#7536=EDGE_LOOP('',(#3250,#3251,#3252,#3253));
#7537=EDGE_LOOP('',(#3254,#3255,#3256,#3257));
#7538=EDGE_LOOP('',(#3258,#3259,#3260,#3261));
#7539=EDGE_LOOP('',(#3262,#3263,#3264,#3265));
#7540=EDGE_LOOP('',(#3266,#3267,#3268,#3269));
#7541=EDGE_LOOP('',(#3270,#3271,#3272,#3273));
#7542=EDGE_LOOP('',(#3274,#3275,#3276,#3277));
#7543=EDGE_LOOP('',(#3278,#3279,#3280,#3281));
#7544=EDGE_LOOP('',(#3282,#3283));
#7545=EDGE_LOOP('',(#3284,#3285));
#7546=EDGE_LOOP('',(#3286,#3287,#3288,#3289));
#7547=EDGE_LOOP('',(#3290,#3291));
#7548=EDGE_LOOP('',(#3292,#3293));
#7549=EDGE_LOOP('',(#3294,#3295));
#7550=EDGE_LOOP('',(#3296,#3297));
#7551=EDGE_LOOP('',(#3298,#3299));
#7552=EDGE_LOOP('',(#3300,#3301));
#7553=EDGE_LOOP('',(#3302,#3303));
#7554=EDGE_LOOP('',(#3304,#3305));
#7555=EDGE_LOOP('',(#3306,#3307,#3308,#3309,#3310,#3311,#3312,#3313,#3314,
#3315,#3316,#3317,#3318,#3319,#3320,#3321,#3322,#3323,#3324,#3325));
#7556=EDGE_LOOP('',(#3326,#3327,#3328,#3329));
#7557=EDGE_LOOP('',(#3330,#3331,#3332,#3333));
#7558=EDGE_LOOP('',(#3334,#3335,#3336,#3337,#3338,#3339));
#7559=EDGE_LOOP('',(#3340,#3341,#3342,#3343,#3344,#3345));
#7560=EDGE_LOOP('',(#3346,#3347,#3348,#3349,#3350,#3351));
#7561=EDGE_LOOP('',(#3352,#3353,#3354,#3355,#3356,#3357));
#7562=EDGE_LOOP('',(#3358,#3359,#3360,#3361));
#7563=EDGE_LOOP('',(#3362,#3363,#3364,#3365));
#7564=EDGE_LOOP('',(#3366,#3367,#3368,#3369));
#7565=EDGE_LOOP('',(#3370,#3371,#3372,#3373));
#7566=EDGE_LOOP('',(#3374,#3375,#3376,#3377));
#7567=EDGE_LOOP('',(#3378,#3379,#3380,#3381));
#7568=EDGE_LOOP('',(#3382,#3383,#3384,#3385));
#7569=EDGE_LOOP('',(#3386,#3387,#3388,#3389));
#7570=EDGE_LOOP('',(#3390,#3391,#3392,#3393));
#7571=EDGE_LOOP('',(#3394,#3395,#3396,#3397));
#7572=EDGE_LOOP('',(#3398,#3399,#3400,#3401,#3402,#3403,#3404,#3405,#3406,
#3407,#3408,#3409));
#7573=EDGE_LOOP('',(#3410,#3411,#3412,#3413));
#7574=EDGE_LOOP('',(#3414,#3415,#3416,#3417));
#7575=EDGE_LOOP('',(#3418,#3419,#3420,#3421));
#7576=EDGE_LOOP('',(#3422,#3423,#3424,#3425));
#7577=EDGE_LOOP('',(#3426,#3427,#3428,#3429));
#7578=EDGE_LOOP('',(#3430,#3431,#3432,#3433));
#7579=EDGE_LOOP('',(#3434,#3435,#3436,#3437));
#7580=EDGE_LOOP('',(#3438,#3439,#3440,#3441));
#7581=EDGE_LOOP('',(#3442,#3443,#3444,#3445));
#7582=EDGE_LOOP('',(#3446,#3447,#3448,#3449));
#7583=EDGE_LOOP('',(#3450,#3451,#3452,#3453));
#7584=EDGE_LOOP('',(#3454,#3455,#3456,#3457));
#7585=EDGE_LOOP('',(#3458,#3459,#3460,#3461));
#7586=EDGE_LOOP('',(#3462,#3463,#3464,#3465));
#7587=EDGE_LOOP('',(#3466,#3467,#3468,#3469));
#7588=EDGE_LOOP('',(#3470,#3471,#3472,#3473));
#7589=EDGE_LOOP('',(#3474,#3475,#3476,#3477));
#7590=EDGE_LOOP('',(#3478,#3479));
#7591=EDGE_LOOP('',(#3480,#3481));
#7592=EDGE_LOOP('',(#3482,#3483));
#7593=EDGE_LOOP('',(#3484,#3485));
#7594=EDGE_LOOP('',(#3486,#3487));
#7595=EDGE_LOOP('',(#3488,#3489));
#7596=EDGE_LOOP('',(#3490,#3491));
#7597=EDGE_LOOP('',(#3492,#3493));
#7598=EDGE_LOOP('',(#3494,#3495,#3496,#3497,#3498,#3499,#3500,#3501));
#7599=EDGE_LOOP('',(#3502,#3503));
#7600=EDGE_LOOP('',(#3504,#3505));
#7601=EDGE_LOOP('',(#3506,#3507));
#7602=EDGE_LOOP('',(#3508,#3509));
#7603=EDGE_LOOP('',(#3510,#3511));
#7604=EDGE_LOOP('',(#3512,#3513));
#7605=EDGE_LOOP('',(#3514,#3515));
#7606=EDGE_LOOP('',(#3516,#3517));
#7607=EDGE_LOOP('',(#3518,#3519,#3520,#3521));
#7608=EDGE_LOOP('',(#3522,#3523));
#7609=EDGE_LOOP('',(#3524,#3525,#3526,#3527));
#7610=EDGE_LOOP('',(#3528,#3529));
#7611=EDGE_LOOP('',(#3530,#3531,#3532,#3533,#3534));
#7612=EDGE_LOOP('',(#3535,#3536));
#7613=EDGE_LOOP('',(#3537,#3538,#3539,#3540,#3541));
#7614=EDGE_LOOP('',(#3542,#3543));
#7615=EDGE_LOOP('',(#3544,#3545));
#7616=EDGE_LOOP('',(#3546,#3547,#3548,#3549,#3550,#3551,#3552,#3553));
#7617=EDGE_LOOP('',(#3554,#3555));
#7618=EDGE_LOOP('',(#3556,#3557));
#7619=EDGE_LOOP('',(#3558,#3559));
#7620=EDGE_LOOP('',(#3560,#3561));
#7621=EDGE_LOOP('',(#3562,#3563));
#7622=EDGE_LOOP('',(#3564,#3565));
#7623=EDGE_LOOP('',(#3566,#3567,#3568,#3569,#3570,#3571));
#7624=EDGE_LOOP('',(#3572,#3573,#3574,#3575,#3576,#3577));
#7625=EDGE_LOOP('',(#3578,#3579,#3580,#3581,#3582,#3583));
#7626=EDGE_LOOP('',(#3584,#3585,#3586,#3587,#3588,#3589));
#7627=EDGE_LOOP('',(#3590,#3591,#3592,#3593,#3594,#3595));
#7628=EDGE_LOOP('',(#3596,#3597,#3598,#3599,#3600,#3601));
#7629=EDGE_LOOP('',(#3602,#3603,#3604,#3605,#3606,#3607));
#7630=EDGE_LOOP('',(#3608,#3609,#3610,#3611,#3612,#3613));
#7631=EDGE_LOOP('',(#3614,#3615,#3616,#3617));
#7632=EDGE_LOOP('',(#3618,#3619,#3620,#3621));
#7633=EDGE_LOOP('',(#3622,#3623,#3624,#3625));
#7634=EDGE_LOOP('',(#3626,#3627,#3628,#3629));
#7635=EDGE_LOOP('',(#3630,#3631,#3632,#3633));
#7636=EDGE_LOOP('',(#3634,#3635,#3636,#3637));
#7637=EDGE_LOOP('',(#3638,#3639,#3640,#3641));
#7638=EDGE_LOOP('',(#3642,#3643,#3644,#3645));
#7639=EDGE_LOOP('',(#3646,#3647,#3648,#3649));
#7640=EDGE_LOOP('',(#3650,#3651,#3652,#3653));
#7641=EDGE_LOOP('',(#3654,#3655,#3656,#3657));
#7642=EDGE_LOOP('',(#3658,#3659,#3660,#3661));
#7643=EDGE_LOOP('',(#3662,#3663,#3664,#3665));
#7644=EDGE_LOOP('',(#3666,#3667,#3668,#3669));
#7645=EDGE_LOOP('',(#3670,#3671,#3672,#3673));
#7646=EDGE_LOOP('',(#3674,#3675,#3676,#3677));
#7647=EDGE_LOOP('',(#3678,#3679,#3680,#3681));
#7648=EDGE_LOOP('',(#3682,#3683,#3684,#3685));
#7649=EDGE_LOOP('',(#3686,#3687,#3688,#3689));
#7650=EDGE_LOOP('',(#3690,#3691,#3692,#3693));
#7651=EDGE_LOOP('',(#3694,#3695,#3696,#3697));
#7652=EDGE_LOOP('',(#3698,#3699,#3700,#3701));
#7653=EDGE_LOOP('',(#3702,#3703,#3704,#3705));
#7654=EDGE_LOOP('',(#3706,#3707,#3708,#3709));
#7655=EDGE_LOOP('',(#3710,#3711,#3712,#3713));
#7656=EDGE_LOOP('',(#3714,#3715,#3716,#3717));
#7657=EDGE_LOOP('',(#3718,#3719,#3720,#3721));
#7658=EDGE_LOOP('',(#3722,#3723,#3724,#3725));
#7659=EDGE_LOOP('',(#3726,#3727,#3728,#3729,#3730,#3731,#3732,#3733));
#7660=EDGE_LOOP('',(#3734,#3735));
#7661=EDGE_LOOP('',(#3736,#3737,#3738,#3739,#3740,#3741,#3742,#3743));
#7662=EDGE_LOOP('',(#3744,#3745,#3746,#3747,#3748,#3749));
#7663=EDGE_LOOP('',(#3750,#3751));
#7664=EDGE_LOOP('',(#3752,#3753,#3754,#3755,#3756,#3757));
#7665=EDGE_LOOP('',(#3758,#3759,#3760,#3761));
#7666=EDGE_LOOP('',(#3762,#3763,#3764,#3765));
#7667=EDGE_LOOP('',(#3766,#3767,#3768,#3769,#3770,#3771,#3772,#3773,#3774,
#3775,#3776,#3777));
#7668=EDGE_LOOP('',(#3778,#3779,#3780,#3781));
#7669=EDGE_LOOP('',(#3782,#3783,#3784,#3785));
#7670=EDGE_LOOP('',(#3786,#3787,#3788,#3789));
#7671=EDGE_LOOP('',(#3790,#3791,#3792,#3793));
#7672=EDGE_LOOP('',(#3794,#3795,#3796,#3797));
#7673=EDGE_LOOP('',(#3798,#3799,#3800,#3801));
#7674=EDGE_LOOP('',(#3802,#3803,#3804,#3805));
#7675=EDGE_LOOP('',(#3806,#3807,#3808,#3809));
#7676=EDGE_LOOP('',(#3810,#3811,#3812,#3813));
#7677=EDGE_LOOP('',(#3814,#3815,#3816,#3817));
#7678=EDGE_LOOP('',(#3818,#3819,#3820,#3821));
#7679=EDGE_LOOP('',(#3822,#3823,#3824,#3825));
#7680=EDGE_LOOP('',(#3826,#3827,#3828,#3829));
#7681=EDGE_LOOP('',(#3830,#3831,#3832,#3833));
#7682=EDGE_LOOP('',(#3834,#3835,#3836,#3837));
#7683=EDGE_LOOP('',(#3838,#3839,#3840,#3841));
#7684=EDGE_LOOP('',(#3842,#3843,#3844,#3845));
#7685=EDGE_LOOP('',(#3846,#3847,#3848,#3849));
#7686=EDGE_LOOP('',(#3850,#3851,#3852,#3853));
#7687=EDGE_LOOP('',(#3854,#3855,#3856));
#7688=EDGE_LOOP('',(#3857,#3858,#3859));
#7689=EDGE_LOOP('',(#3860,#3861,#3862));
#7690=EDGE_LOOP('',(#3863,#3864,#3865));
#7691=EDGE_LOOP('',(#3866,#3867,#3868,#3869,#3870,#3871,#3872,#3873));
#7692=EDGE_LOOP('',(#3874,#3875,#3876,#3877,#3878,#3879,#3880));
#7693=EDGE_LOOP('',(#3881,#3882));
#7694=EDGE_LOOP('',(#3883,#3884,#3885,#3886,#3887,#3888,#3889,#3890,#3891,
#3892,#3893));
#7695=EDGE_LOOP('',(#3894,#3895));
#7696=EDGE_LOOP('',(#3896,#3897));
#7697=EDGE_LOOP('',(#3898,#3899,#3900,#3901));
#7698=EDGE_LOOP('',(#3902,#3903,#3904,#3905));
#7699=EDGE_LOOP('',(#3906,#3907));
#7700=EDGE_LOOP('',(#3908,#3909));
#7701=EDGE_LOOP('',(#3910,#3911));
#7702=EDGE_LOOP('',(#3912,#3913,#3914,#3915));
#7703=EDGE_LOOP('',(#3916,#3917));
#7704=EDGE_LOOP('',(#3918,#3919));
#7705=EDGE_LOOP('',(#3920,#3921,#3922,#3923));
#7706=EDGE_LOOP('',(#3924,#3925));
#7707=EDGE_LOOP('',(#3926,#3927));
#7708=EDGE_LOOP('',(#3928,#3929,#3930,#3931,#3932,#3933,#3934,#3935));
#7709=EDGE_LOOP('',(#3936,#3937));
#7710=EDGE_LOOP('',(#3938,#3939));
#7711=EDGE_LOOP('',(#3940,#3941,#3942,#3943,#3944));
#7712=EDGE_LOOP('',(#3945,#3946,#3947,#3948));
#7713=EDGE_LOOP('',(#3949,#3950,#3951,#3952));
#7714=EDGE_LOOP('',(#3953,#3954,#3955,#3956));
#7715=EDGE_LOOP('',(#3957,#3958,#3959,#3960));
#7716=EDGE_LOOP('',(#3961,#3962,#3963,#3964,#3965));
#7717=EDGE_LOOP('',(#3966,#3967,#3968,#3969));
#7718=EDGE_LOOP('',(#3970,#3971,#3972,#3973));
#7719=EDGE_LOOP('',(#3974,#3975,#3976,#3977));
#7720=EDGE_LOOP('',(#3978,#3979,#3980,#3981));
#7721=EDGE_LOOP('',(#3982,#3983,#3984,#3985));
#7722=EDGE_LOOP('',(#3986,#3987,#3988,#3989));
#7723=EDGE_LOOP('',(#3990,#3991,#3992,#3993));
#7724=EDGE_LOOP('',(#3994,#3995,#3996,#3997));
#7725=EDGE_LOOP('',(#3998,#3999,#4000,#4001));
#7726=EDGE_LOOP('',(#4002,#4003,#4004,#4005));
#7727=EDGE_LOOP('',(#4006,#4007,#4008,#4009));
#7728=EDGE_LOOP('',(#4010,#4011,#4012,#4013));
#7729=EDGE_LOOP('',(#4014,#4015,#4016,#4017));
#7730=EDGE_LOOP('',(#4018,#4019,#4020,#4021));
#7731=EDGE_LOOP('',(#4022,#4023,#4024,#4025,#4026,#4027,#4028,#4029));
#7732=EDGE_LOOP('',(#4030,#4031));
#7733=EDGE_LOOP('',(#4032,#4033,#4034,#4035,#4036,#4037,#4038,#4039));
#7734=EDGE_LOOP('',(#4040,#4041,#4042,#4043,#4044,#4045));
#7735=EDGE_LOOP('',(#4046,#4047));
#7736=EDGE_LOOP('',(#4048,#4049,#4050,#4051,#4052,#4053));
#7737=EDGE_LOOP('',(#4054,#4055,#4056,#4057,#4058,#4059,#4060));
#7738=EDGE_LOOP('',(#4061,#4062,#4063,#4064,#4065,#4066,#4067));
#7739=EDGE_LOOP('',(#4068,#4069,#4070,#4071,#4072,#4073,#4074,#4075,#4076,
#4077,#4078,#4079));
#7740=EDGE_LOOP('',(#4080,#4081,#4082,#4083));
#7741=EDGE_LOOP('',(#4084,#4085,#4086,#4087));
#7742=EDGE_LOOP('',(#4088,#4089,#4090,#4091));
#7743=EDGE_LOOP('',(#4092,#4093,#4094,#4095));
#7744=EDGE_LOOP('',(#4096,#4097,#4098,#4099));
#7745=EDGE_LOOP('',(#4100,#4101,#4102,#4103));
#7746=EDGE_LOOP('',(#4104,#4105,#4106,#4107));
#7747=EDGE_LOOP('',(#4108,#4109,#4110,#4111,#4112,#4113,#4114));
#7748=EDGE_LOOP('',(#4115,#4116,#4117,#4118,#4119,#4120,#4121));
#7749=EDGE_LOOP('',(#4122,#4123,#4124,#4125));
#7750=EDGE_LOOP('',(#4126,#4127,#4128,#4129));
#7751=EDGE_LOOP('',(#4130,#4131,#4132,#4133,#4134,#4135,#4136,#4137,#4138,
#4139));
#7752=EDGE_LOOP('',(#4140,#4141,#4142,#4143,#4144,#4145,#4146,#4147,#4148,
#4149));
#7753=EDGE_LOOP('',(#4150,#4151,#4152,#4153,#4154,#4155,#4156,#4157));
#7754=EDGE_LOOP('',(#4158,#4159,#4160,#4161,#4162,#4163,#4164,#4165));
#7755=EDGE_LOOP('',(#4166,#4167,#4168,#4169,#4170,#4171,#4172,#4173));
#7756=EDGE_LOOP('',(#4174,#4175,#4176,#4177,#4178,#4179,#4180,#4181));
#7757=EDGE_LOOP('',(#4182,#4183));
#7758=EDGE_LOOP('',(#4184,#4185));
#7759=EDGE_LOOP('',(#4186,#4187));
#7760=EDGE_LOOP('',(#4188,#4189));
#7761=EDGE_LOOP('',(#4190,#4191));
#7762=EDGE_LOOP('',(#4192,#4193));
#7763=EDGE_LOOP('',(#4194,#4195,#4196));
#7764=EDGE_LOOP('',(#4197,#4198));
#7765=EDGE_LOOP('',(#4199,#4200,#4201));
#7766=EDGE_LOOP('',(#4202,#4203));
#7767=EDGE_LOOP('',(#4204,#4205,#4206,#4207,#4208,#4209,#4210,#4211));
#7768=EDGE_LOOP('',(#4212,#4213,#4214,#4215,#4216,#4217,#4218,#4219));
#7769=EDGE_LOOP('',(#4220,#4221,#4222,#4223));
#7770=EDGE_LOOP('',(#4224,#4225,#4226,#4227));
#7771=EDGE_LOOP('',(#4228,#4229,#4230,#4231));
#7772=EDGE_LOOP('',(#4232,#4233,#4234,#4235));
#7773=EDGE_LOOP('',(#4236,#4237,#4238,#4239));
#7774=EDGE_LOOP('',(#4240,#4241,#4242,#4243));
#7775=EDGE_LOOP('',(#4244,#4245,#4246));
#7776=EDGE_LOOP('',(#4247,#4248,#4249));
#7777=EDGE_LOOP('',(#4250,#4251,#4252));
#7778=EDGE_LOOP('',(#4253,#4254,#4255));
#7779=EDGE_LOOP('',(#4256,#4257,#4258,#4259));
#7780=EDGE_LOOP('',(#4260,#4261,#4262,#4263));
#7781=EDGE_LOOP('',(#4264,#4265,#4266,#4267));
#7782=EDGE_LOOP('',(#4268,#4269,#4270,#4271));
#7783=EDGE_LOOP('',(#4272,#4273,#4274,#4275));
#7784=EDGE_LOOP('',(#4276,#4277,#4278,#4279));
#7785=EDGE_LOOP('',(#4280,#4281,#4282,#4283));
#7786=EDGE_LOOP('',(#4284,#4285,#4286,#4287));
#7787=EDGE_LOOP('',(#4288,#4289,#4290,#4291));
#7788=EDGE_LOOP('',(#4292,#4293,#4294,#4295));
#7789=EDGE_LOOP('',(#4296,#4297,#4298,#4299));
#7790=EDGE_LOOP('',(#4300,#4301,#4302,#4303));
#7791=EDGE_LOOP('',(#4304,#4305,#4306,#4307));
#7792=EDGE_LOOP('',(#4308,#4309,#4310,#4311));
#7793=EDGE_LOOP('',(#4312,#4313,#4314,#4315));
#7794=EDGE_LOOP('',(#4316,#4317,#4318,#4319));
#7795=EDGE_LOOP('',(#4320,#4321,#4322,#4323));
#7796=EDGE_LOOP('',(#4324,#4325,#4326,#4327));
#7797=EDGE_LOOP('',(#4328,#4329,#4330,#4331));
#7798=EDGE_LOOP('',(#4332,#4333,#4334,#4335));
#7799=EDGE_LOOP('',(#4336,#4337,#4338,#4339));
#7800=EDGE_LOOP('',(#4340,#4341,#4342,#4343));
#7801=EDGE_LOOP('',(#4344,#4345,#4346,#4347));
#7802=EDGE_LOOP('',(#4348,#4349));
#7803=EDGE_LOOP('',(#4350,#4351));
#7804=EDGE_LOOP('',(#4352,#4353));
#7805=EDGE_LOOP('',(#4354,#4355,#4356,#4357,#4358,#4359));
#7806=EDGE_LOOP('',(#4360,#4361,#4362,#4363));
#7807=EDGE_LOOP('',(#4364,#4365,#4366,#4367));
#7808=EDGE_LOOP('',(#4368,#4369,#4370,#4371));
#7809=EDGE_LOOP('',(#4372,#4373,#4374,#4375));
#7810=EDGE_LOOP('',(#4376,#4377,#4378,#4379));
#7811=EDGE_LOOP('',(#4380,#4381,#4382,#4383));
#7812=EDGE_LOOP('',(#4384,#4385,#4386,#4387));
#7813=EDGE_LOOP('',(#4388,#4389,#4390,#4391));
#7814=EDGE_LOOP('',(#4392,#4393,#4394));
#7815=EDGE_LOOP('',(#4395,#4396,#4397));
#7816=EDGE_LOOP('',(#4398,#4399,#4400,#4401));
#7817=EDGE_LOOP('',(#4402,#4403,#4404));
#7818=EDGE_LOOP('',(#4405,#4406,#4407,#4408,#4409,#4410));
#7819=EDGE_LOOP('',(#4411,#4412,#4413));
#7820=EDGE_LOOP('',(#4414,#4415,#4416,#4417));
#7821=EDGE_LOOP('',(#4418,#4419));
#7822=EDGE_LOOP('',(#4420,#4421));
#7823=EDGE_LOOP('',(#4422,#4423));
#7824=EDGE_LOOP('',(#4424,#4425));
#7825=EDGE_LOOP('',(#4426,#4427,#4428,#4429,#4430,#4431));
#7826=EDGE_LOOP('',(#4432,#4433,#4434,#4435));
#7827=EDGE_LOOP('',(#4436,#4437,#4438,#4439));
#7828=EDGE_LOOP('',(#4440,#4441,#4442,#4443));
#7829=EDGE_LOOP('',(#4444,#4445,#4446,#4447));
#7830=EDGE_LOOP('',(#4448,#4449,#4450,#4451));
#7831=EDGE_LOOP('',(#4452,#4453,#4454,#4455,#4456,#4457));
#7832=EDGE_LOOP('',(#4458,#4459,#4460,#4461));
#7833=EDGE_LOOP('',(#4462,#4463,#4464,#4465));
#7834=EDGE_LOOP('',(#4466,#4467,#4468,#4469));
#7835=EDGE_LOOP('',(#4470,#4471,#4472,#4473));
#7836=EDGE_LOOP('',(#4474,#4475,#4476,#4477));
#7837=EDGE_LOOP('',(#4478,#4479,#4480,#4481));
#7838=EDGE_LOOP('',(#4482,#4483,#4484,#4485));
#7839=EDGE_LOOP('',(#4486,#4487,#4488,#4489));
#7840=EDGE_LOOP('',(#4490,#4491,#4492,#4493));
#7841=EDGE_LOOP('',(#4494,#4495,#4496,#4497));
#7842=EDGE_LOOP('',(#4498,#4499,#4500,#4501));
#7843=EDGE_LOOP('',(#4502,#4503,#4504,#4505));
#7844=EDGE_LOOP('',(#4506,#4507,#4508,#4509));
#7845=EDGE_LOOP('',(#4510,#4511,#4512,#4513));
#7846=EDGE_LOOP('',(#4514,#4515,#4516,#4517));
#7847=EDGE_LOOP('',(#4518,#4519));
#7848=EDGE_LOOP('',(#4520,#4521));
#7849=EDGE_LOOP('',(#4522,#4523,#4524,#4525));
#7850=EDGE_LOOP('',(#4526,#4527,#4528,#4529));
#7851=EDGE_LOOP('',(#4530,#4531,#4532,#4533));
#7852=EDGE_LOOP('',(#4534,#4535,#4536,#4537));
#7853=EDGE_LOOP('',(#4538,#4539,#4540));
#7854=EDGE_LOOP('',(#4541,#4542));
#7855=EDGE_LOOP('',(#4543,#4544));
#7856=EDGE_LOOP('',(#4545,#4546));
#7857=EDGE_LOOP('',(#4547,#4548,#4549,#4550,#4551,#4552,#4553,#4554,#4555,
#4556));
#7858=EDGE_LOOP('',(#4557,#4558,#4559));
#7859=EDGE_LOOP('',(#4560,#4561,#4562));
#7860=EDGE_LOOP('',(#4563,#4564,#4565,#4566));
#7861=EDGE_LOOP('',(#4567,#4568,#4569,#4570,#4571,#4572,#4573,#4574,#4575,
#4576));
#7862=EDGE_LOOP('',(#4577,#4578,#4579));
#7863=EDGE_LOOP('',(#4580,#4581,#4582,#4583));
#7864=EDGE_LOOP('',(#4584,#4585,#4586,#4587));
#7865=EDGE_LOOP('',(#4588,#4589,#4590,#4591));
#7866=EDGE_LOOP('',(#4592,#4593,#4594,#4595));
#7867=EDGE_LOOP('',(#4596,#4597,#4598,#4599));
#7868=EDGE_LOOP('',(#4600,#4601,#4602,#4603));
#7869=EDGE_LOOP('',(#4604,#4605));
#7870=EDGE_LOOP('',(#4606,#4607));
#7871=EDGE_LOOP('',(#4608,#4609));
#7872=EDGE_LOOP('',(#4610,#4611));
#7873=EDGE_LOOP('',(#4612,#4613,#4614,#4615));
#7874=EDGE_LOOP('',(#4616,#4617,#4618,#4619));
#7875=EDGE_LOOP('',(#4620,#4621,#4622,#4623));
#7876=EDGE_LOOP('',(#4624,#4625));
#7877=EDGE_LOOP('',(#4626,#4627));
#7878=EDGE_LOOP('',(#4628,#4629,#4630,#4631));
#7879=EDGE_LOOP('',(#4632,#4633,#4634,#4635));
#7880=EDGE_LOOP('',(#4636,#4637,#4638,#4639));
#7881=FACE_BOUND('',#7257,.T.);
#7882=FACE_BOUND('',#7258,.T.);
#7883=FACE_BOUND('',#7259,.T.);
#7884=FACE_BOUND('',#7260,.T.);
#7885=FACE_BOUND('',#7261,.T.);
#7886=FACE_BOUND('',#7262,.T.);
#7887=FACE_BOUND('',#7263,.T.);
#7888=FACE_BOUND('',#7264,.T.);
#7889=FACE_BOUND('',#7265,.T.);
#7890=FACE_BOUND('',#7266,.T.);
#7891=FACE_BOUND('',#7267,.T.);
#7892=FACE_BOUND('',#7268,.T.);
#7893=FACE_BOUND('',#7269,.T.);
#7894=FACE_BOUND('',#7270,.T.);
#7895=FACE_BOUND('',#7271,.T.);
#7896=FACE_BOUND('',#7272,.T.);
#7897=FACE_BOUND('',#7273,.T.);
#7898=FACE_BOUND('',#7274,.T.);
#7899=FACE_BOUND('',#7275,.T.);
#7900=FACE_BOUND('',#7276,.T.);
#7901=FACE_BOUND('',#7277,.T.);
#7902=FACE_BOUND('',#7278,.T.);
#7903=FACE_BOUND('',#7279,.T.);
#7904=FACE_BOUND('',#7280,.T.);
#7905=FACE_BOUND('',#7281,.T.);
#7906=FACE_BOUND('',#7282,.T.);
#7907=FACE_BOUND('',#7283,.T.);
#7908=FACE_BOUND('',#7284,.T.);
#7909=FACE_BOUND('',#7285,.T.);
#7910=FACE_BOUND('',#7286,.T.);
#7911=FACE_BOUND('',#7287,.T.);
#7912=FACE_BOUND('',#7288,.T.);
#7913=FACE_BOUND('',#7289,.T.);
#7914=FACE_BOUND('',#7290,.T.);
#7915=FACE_BOUND('',#7291,.T.);
#7916=FACE_BOUND('',#7292,.T.);
#7917=FACE_BOUND('',#7293,.T.);
#7918=FACE_BOUND('',#7294,.T.);
#7919=FACE_BOUND('',#7295,.T.);
#7920=FACE_BOUND('',#7296,.T.);
#7921=FACE_BOUND('',#7297,.T.);
#7922=FACE_BOUND('',#7298,.T.);
#7923=FACE_BOUND('',#7299,.T.);
#7924=FACE_BOUND('',#7300,.T.);
#7925=FACE_BOUND('',#7301,.T.);
#7926=FACE_BOUND('',#7302,.T.);
#7927=FACE_BOUND('',#7303,.T.);
#7928=FACE_BOUND('',#7304,.T.);
#7929=FACE_BOUND('',#7305,.T.);
#7930=FACE_BOUND('',#7306,.T.);
#7931=FACE_BOUND('',#7307,.T.);
#7932=FACE_BOUND('',#7308,.T.);
#7933=FACE_BOUND('',#7309,.T.);
#7934=FACE_BOUND('',#7310,.T.);
#7935=FACE_BOUND('',#7311,.T.);
#7936=FACE_BOUND('',#7312,.T.);
#7937=FACE_BOUND('',#7313,.T.);
#7938=FACE_BOUND('',#7314,.T.);
#7939=FACE_BOUND('',#7315,.T.);
#7940=FACE_BOUND('',#7316,.T.);
#7941=FACE_BOUND('',#7317,.T.);
#7942=FACE_BOUND('',#7318,.T.);
#7943=FACE_BOUND('',#7319,.T.);
#7944=FACE_BOUND('',#7320,.T.);
#7945=FACE_BOUND('',#7321,.T.);
#7946=FACE_BOUND('',#7322,.T.);
#7947=FACE_BOUND('',#7323,.T.);
#7948=FACE_BOUND('',#7324,.T.);
#7949=FACE_BOUND('',#7325,.T.);
#7950=FACE_BOUND('',#7326,.T.);
#7951=FACE_BOUND('',#7327,.T.);
#7952=FACE_BOUND('',#7328,.T.);
#7953=FACE_BOUND('',#7329,.T.);
#7954=FACE_BOUND('',#7330,.T.);
#7955=FACE_BOUND('',#7331,.T.);
#7956=FACE_BOUND('',#7332,.T.);
#7957=FACE_BOUND('',#7333,.T.);
#7958=FACE_BOUND('',#7334,.T.);
#7959=FACE_BOUND('',#7335,.T.);
#7960=FACE_BOUND('',#7336,.T.);
#7961=FACE_BOUND('',#7337,.T.);
#7962=FACE_BOUND('',#7338,.T.);
#7963=FACE_BOUND('',#7339,.T.);
#7964=FACE_BOUND('',#7340,.T.);
#7965=FACE_BOUND('',#7341,.T.);
#7966=FACE_BOUND('',#7342,.T.);
#7967=FACE_BOUND('',#7343,.T.);
#7968=FACE_BOUND('',#7344,.T.);
#7969=FACE_BOUND('',#7345,.T.);
#7970=FACE_BOUND('',#7346,.T.);
#7971=FACE_BOUND('',#7347,.T.);
#7972=FACE_BOUND('',#7348,.T.);
#7973=FACE_BOUND('',#7349,.T.);
#7974=FACE_BOUND('',#7350,.T.);
#7975=FACE_BOUND('',#7351,.T.);
#7976=FACE_BOUND('',#7352,.T.);
#7977=FACE_BOUND('',#7353,.T.);
#7978=FACE_BOUND('',#7354,.T.);
#7979=FACE_BOUND('',#7355,.T.);
#7980=FACE_BOUND('',#7356,.T.);
#7981=FACE_BOUND('',#7357,.T.);
#7982=FACE_BOUND('',#7358,.T.);
#7983=FACE_BOUND('',#7359,.T.);
#7984=FACE_BOUND('',#7360,.T.);
#7985=FACE_BOUND('',#7361,.T.);
#7986=FACE_BOUND('',#7362,.T.);
#7987=FACE_BOUND('',#7363,.T.);
#7988=FACE_BOUND('',#7364,.T.);
#7989=FACE_BOUND('',#7365,.T.);
#7990=FACE_BOUND('',#7366,.T.);
#7991=FACE_BOUND('',#7367,.T.);
#7992=FACE_BOUND('',#7368,.T.);
#7993=FACE_BOUND('',#7369,.T.);
#7994=FACE_BOUND('',#7370,.T.);
#7995=FACE_BOUND('',#7371,.T.);
#7996=FACE_BOUND('',#7372,.T.);
#7997=FACE_BOUND('',#7373,.T.);
#7998=FACE_BOUND('',#7374,.T.);
#7999=FACE_BOUND('',#7375,.T.);
#8000=FACE_BOUND('',#7376,.T.);
#8001=FACE_BOUND('',#7377,.T.);
#8002=FACE_BOUND('',#7378,.T.);
#8003=FACE_BOUND('',#7379,.T.);
#8004=FACE_BOUND('',#7380,.T.);
#8005=FACE_BOUND('',#7381,.T.);
#8006=FACE_BOUND('',#7382,.T.);
#8007=FACE_BOUND('',#7383,.T.);
#8008=FACE_BOUND('',#7384,.T.);
#8009=FACE_BOUND('',#7385,.T.);
#8010=FACE_BOUND('',#7386,.T.);
#8011=FACE_BOUND('',#7387,.T.);
#8012=FACE_BOUND('',#7388,.T.);
#8013=FACE_BOUND('',#7389,.T.);
#8014=FACE_BOUND('',#7390,.T.);
#8015=FACE_BOUND('',#7391,.T.);
#8016=FACE_BOUND('',#7392,.T.);
#8017=FACE_BOUND('',#7393,.T.);
#8018=FACE_BOUND('',#7394,.T.);
#8019=FACE_BOUND('',#7395,.T.);
#8020=FACE_BOUND('',#7396,.T.);
#8021=FACE_BOUND('',#7397,.T.);
#8022=FACE_BOUND('',#7398,.T.);
#8023=FACE_BOUND('',#7399,.T.);
#8024=FACE_BOUND('',#7400,.T.);
#8025=FACE_BOUND('',#7401,.T.);
#8026=FACE_BOUND('',#7402,.T.);
#8027=FACE_BOUND('',#7403,.T.);
#8028=FACE_BOUND('',#7404,.T.);
#8029=FACE_BOUND('',#7405,.T.);
#8030=FACE_BOUND('',#7406,.T.);
#8031=FACE_BOUND('',#7407,.T.);
#8032=FACE_BOUND('',#7408,.T.);
#8033=FACE_BOUND('',#7409,.T.);
#8034=FACE_BOUND('',#7410,.T.);
#8035=FACE_BOUND('',#7411,.T.);
#8036=FACE_BOUND('',#7412,.T.);
#8037=FACE_BOUND('',#7413,.T.);
#8038=FACE_BOUND('',#7414,.T.);
#8039=FACE_BOUND('',#7415,.T.);
#8040=FACE_BOUND('',#7416,.T.);
#8041=FACE_BOUND('',#7417,.T.);
#8042=FACE_BOUND('',#7418,.T.);
#8043=FACE_BOUND('',#7419,.T.);
#8044=FACE_BOUND('',#7420,.T.);
#8045=FACE_BOUND('',#7421,.T.);
#8046=FACE_BOUND('',#7422,.T.);
#8047=FACE_BOUND('',#7423,.T.);
#8048=FACE_BOUND('',#7424,.T.);
#8049=FACE_BOUND('',#7425,.T.);
#8050=FACE_BOUND('',#7426,.T.);
#8051=FACE_BOUND('',#7427,.T.);
#8052=FACE_BOUND('',#7428,.T.);
#8053=FACE_BOUND('',#7429,.T.);
#8054=FACE_BOUND('',#7430,.T.);
#8055=FACE_BOUND('',#7431,.T.);
#8056=FACE_BOUND('',#7432,.T.);
#8057=FACE_BOUND('',#7433,.T.);
#8058=FACE_BOUND('',#7434,.T.);
#8059=FACE_BOUND('',#7435,.T.);
#8060=FACE_BOUND('',#7436,.T.);
#8061=FACE_BOUND('',#7437,.T.);
#8062=FACE_BOUND('',#7438,.T.);
#8063=FACE_BOUND('',#7439,.T.);
#8064=FACE_BOUND('',#7440,.T.);
#8065=FACE_BOUND('',#7441,.T.);
#8066=FACE_BOUND('',#7442,.T.);
#8067=FACE_BOUND('',#7443,.T.);
#8068=FACE_BOUND('',#7444,.T.);
#8069=FACE_BOUND('',#7445,.T.);
#8070=FACE_BOUND('',#7446,.T.);
#8071=FACE_BOUND('',#7447,.T.);
#8072=FACE_BOUND('',#7448,.T.);
#8073=FACE_BOUND('',#7449,.T.);
#8074=FACE_BOUND('',#7450,.T.);
#8075=FACE_BOUND('',#7451,.T.);
#8076=FACE_BOUND('',#7452,.T.);
#8077=FACE_BOUND('',#7453,.T.);
#8078=FACE_BOUND('',#7454,.T.);
#8079=FACE_BOUND('',#7455,.T.);
#8080=FACE_BOUND('',#7456,.T.);
#8081=FACE_BOUND('',#7457,.T.);
#8082=FACE_BOUND('',#7458,.T.);
#8083=FACE_BOUND('',#7459,.T.);
#8084=FACE_BOUND('',#7460,.T.);
#8085=FACE_BOUND('',#7461,.T.);
#8086=FACE_BOUND('',#7462,.T.);
#8087=FACE_BOUND('',#7463,.T.);
#8088=FACE_BOUND('',#7464,.T.);
#8089=FACE_BOUND('',#7465,.T.);
#8090=FACE_BOUND('',#7466,.T.);
#8091=FACE_BOUND('',#7467,.T.);
#8092=FACE_BOUND('',#7468,.T.);
#8093=FACE_BOUND('',#7469,.T.);
#8094=FACE_BOUND('',#7470,.T.);
#8095=FACE_BOUND('',#7471,.T.);
#8096=FACE_BOUND('',#7472,.T.);
#8097=FACE_BOUND('',#7473,.T.);
#8098=FACE_BOUND('',#7474,.T.);
#8099=FACE_BOUND('',#7475,.T.);
#8100=FACE_BOUND('',#7476,.T.);
#8101=FACE_BOUND('',#7477,.T.);
#8102=FACE_BOUND('',#7478,.T.);
#8103=FACE_BOUND('',#7479,.T.);
#8104=FACE_BOUND('',#7480,.T.);
#8105=FACE_BOUND('',#7481,.T.);
#8106=FACE_BOUND('',#7482,.T.);
#8107=FACE_BOUND('',#7483,.T.);
#8108=FACE_BOUND('',#7484,.T.);
#8109=FACE_BOUND('',#7485,.T.);
#8110=FACE_BOUND('',#7486,.T.);
#8111=FACE_BOUND('',#7487,.T.);
#8112=FACE_BOUND('',#7488,.T.);
#8113=FACE_BOUND('',#7489,.T.);
#8114=FACE_BOUND('',#7490,.T.);
#8115=FACE_BOUND('',#7491,.T.);
#8116=FACE_BOUND('',#7492,.T.);
#8117=FACE_BOUND('',#7493,.T.);
#8118=FACE_BOUND('',#7494,.T.);
#8119=FACE_BOUND('',#7495,.T.);
#8120=FACE_BOUND('',#7496,.T.);
#8121=FACE_BOUND('',#7497,.T.);
#8122=FACE_BOUND('',#7498,.T.);
#8123=FACE_BOUND('',#7499,.T.);
#8124=FACE_BOUND('',#7500,.T.);
#8125=FACE_BOUND('',#7501,.T.);
#8126=FACE_BOUND('',#7502,.T.);
#8127=FACE_BOUND('',#7503,.T.);
#8128=FACE_BOUND('',#7504,.T.);
#8129=FACE_BOUND('',#7505,.T.);
#8130=FACE_BOUND('',#7506,.T.);
#8131=FACE_BOUND('',#7507,.T.);
#8132=FACE_BOUND('',#7508,.T.);
#8133=FACE_BOUND('',#7509,.T.);
#8134=FACE_BOUND('',#7510,.T.);
#8135=FACE_BOUND('',#7511,.T.);
#8136=FACE_BOUND('',#7512,.T.);
#8137=FACE_BOUND('',#7513,.T.);
#8138=FACE_BOUND('',#7514,.T.);
#8139=FACE_BOUND('',#7515,.T.);
#8140=FACE_BOUND('',#7516,.T.);
#8141=FACE_BOUND('',#7517,.T.);
#8142=FACE_BOUND('',#7518,.T.);
#8143=FACE_BOUND('',#7519,.T.);
#8144=FACE_BOUND('',#7520,.T.);
#8145=FACE_BOUND('',#7521,.T.);
#8146=FACE_BOUND('',#7522,.T.);
#8147=FACE_BOUND('',#7523,.T.);
#8148=FACE_BOUND('',#7524,.T.);
#8149=FACE_BOUND('',#7525,.T.);
#8150=FACE_BOUND('',#7526,.T.);
#8151=FACE_BOUND('',#7527,.T.);
#8152=FACE_BOUND('',#7528,.T.);
#8153=FACE_BOUND('',#7529,.T.);
#8154=FACE_BOUND('',#7530,.T.);
#8155=FACE_BOUND('',#7531,.T.);
#8156=FACE_BOUND('',#7532,.T.);
#8157=FACE_BOUND('',#7533,.T.);
#8158=FACE_BOUND('',#7534,.T.);
#8159=FACE_BOUND('',#7535,.T.);
#8160=FACE_BOUND('',#7536,.T.);
#8161=FACE_BOUND('',#7537,.T.);
#8162=FACE_BOUND('',#7538,.T.);
#8163=FACE_BOUND('',#7539,.T.);
#8164=FACE_BOUND('',#7540,.T.);
#8165=FACE_BOUND('',#7541,.T.);
#8166=FACE_BOUND('',#7542,.T.);
#8167=FACE_BOUND('',#7543,.T.);
#8168=FACE_BOUND('',#7544,.T.);
#8169=FACE_BOUND('',#7545,.T.);
#8170=FACE_BOUND('',#7546,.T.);
#8171=FACE_BOUND('',#7547,.T.);
#8172=FACE_BOUND('',#7548,.T.);
#8173=FACE_BOUND('',#7549,.T.);
#8174=FACE_BOUND('',#7550,.T.);
#8175=FACE_BOUND('',#7551,.T.);
#8176=FACE_BOUND('',#7552,.T.);
#8177=FACE_BOUND('',#7553,.T.);
#8178=FACE_BOUND('',#7554,.T.);
#8179=FACE_BOUND('',#7555,.T.);
#8180=FACE_BOUND('',#7556,.T.);
#8181=FACE_BOUND('',#7557,.T.);
#8182=FACE_BOUND('',#7558,.T.);
#8183=FACE_BOUND('',#7559,.T.);
#8184=FACE_BOUND('',#7560,.T.);
#8185=FACE_BOUND('',#7561,.T.);
#8186=FACE_BOUND('',#7562,.T.);
#8187=FACE_BOUND('',#7563,.T.);
#8188=FACE_BOUND('',#7564,.T.);
#8189=FACE_BOUND('',#7565,.T.);
#8190=FACE_BOUND('',#7566,.T.);
#8191=FACE_BOUND('',#7567,.T.);
#8192=FACE_BOUND('',#7568,.T.);
#8193=FACE_BOUND('',#7569,.T.);
#8194=FACE_BOUND('',#7570,.T.);
#8195=FACE_BOUND('',#7571,.T.);
#8196=FACE_BOUND('',#7572,.T.);
#8197=FACE_BOUND('',#7573,.T.);
#8198=FACE_BOUND('',#7574,.T.);
#8199=FACE_BOUND('',#7575,.T.);
#8200=FACE_BOUND('',#7576,.T.);
#8201=FACE_BOUND('',#7577,.T.);
#8202=FACE_BOUND('',#7578,.T.);
#8203=FACE_BOUND('',#7579,.T.);
#8204=FACE_BOUND('',#7580,.T.);
#8205=FACE_BOUND('',#7581,.T.);
#8206=FACE_BOUND('',#7582,.T.);
#8207=FACE_BOUND('',#7583,.T.);
#8208=FACE_BOUND('',#7584,.T.);
#8209=FACE_BOUND('',#7585,.T.);
#8210=FACE_BOUND('',#7586,.T.);
#8211=FACE_BOUND('',#7587,.T.);
#8212=FACE_BOUND('',#7588,.T.);
#8213=FACE_BOUND('',#7589,.T.);
#8214=FACE_BOUND('',#7590,.T.);
#8215=FACE_BOUND('',#7591,.T.);
#8216=FACE_BOUND('',#7592,.T.);
#8217=FACE_BOUND('',#7593,.T.);
#8218=FACE_BOUND('',#7594,.T.);
#8219=FACE_BOUND('',#7595,.T.);
#8220=FACE_BOUND('',#7596,.T.);
#8221=FACE_BOUND('',#7597,.T.);
#8222=FACE_BOUND('',#7598,.T.);
#8223=FACE_BOUND('',#7599,.T.);
#8224=FACE_BOUND('',#7600,.T.);
#8225=FACE_BOUND('',#7601,.T.);
#8226=FACE_BOUND('',#7602,.T.);
#8227=FACE_BOUND('',#7603,.T.);
#8228=FACE_BOUND('',#7604,.T.);
#8229=FACE_BOUND('',#7605,.T.);
#8230=FACE_BOUND('',#7606,.T.);
#8231=FACE_BOUND('',#7607,.T.);
#8232=FACE_BOUND('',#7608,.T.);
#8233=FACE_BOUND('',#7609,.T.);
#8234=FACE_BOUND('',#7610,.T.);
#8235=FACE_BOUND('',#7611,.T.);
#8236=FACE_BOUND('',#7612,.T.);
#8237=FACE_BOUND('',#7613,.T.);
#8238=FACE_BOUND('',#7614,.T.);
#8239=FACE_BOUND('',#7615,.T.);
#8240=FACE_BOUND('',#7616,.T.);
#8241=FACE_BOUND('',#7617,.T.);
#8242=FACE_BOUND('',#7618,.T.);
#8243=FACE_BOUND('',#7619,.T.);
#8244=FACE_BOUND('',#7620,.T.);
#8245=FACE_BOUND('',#7621,.T.);
#8246=FACE_BOUND('',#7622,.T.);
#8247=FACE_BOUND('',#7623,.T.);
#8248=FACE_BOUND('',#7624,.T.);
#8249=FACE_BOUND('',#7625,.T.);
#8250=FACE_BOUND('',#7626,.T.);
#8251=FACE_BOUND('',#7627,.T.);
#8252=FACE_BOUND('',#7628,.T.);
#8253=FACE_BOUND('',#7629,.T.);
#8254=FACE_BOUND('',#7630,.T.);
#8255=FACE_BOUND('',#7631,.T.);
#8256=FACE_BOUND('',#7632,.T.);
#8257=FACE_BOUND('',#7633,.T.);
#8258=FACE_BOUND('',#7634,.T.);
#8259=FACE_BOUND('',#7635,.T.);
#8260=FACE_BOUND('',#7636,.T.);
#8261=FACE_BOUND('',#7637,.T.);
#8262=FACE_BOUND('',#7638,.T.);
#8263=FACE_BOUND('',#7639,.T.);
#8264=FACE_BOUND('',#7640,.T.);
#8265=FACE_BOUND('',#7641,.T.);
#8266=FACE_BOUND('',#7642,.T.);
#8267=FACE_BOUND('',#7643,.T.);
#8268=FACE_BOUND('',#7644,.T.);
#8269=FACE_BOUND('',#7645,.T.);
#8270=FACE_BOUND('',#7646,.T.);
#8271=FACE_BOUND('',#7647,.T.);
#8272=FACE_BOUND('',#7648,.T.);
#8273=FACE_BOUND('',#7649,.T.);
#8274=FACE_BOUND('',#7650,.T.);
#8275=FACE_BOUND('',#7651,.T.);
#8276=FACE_BOUND('',#7652,.T.);
#8277=FACE_BOUND('',#7653,.T.);
#8278=FACE_BOUND('',#7654,.T.);
#8279=FACE_BOUND('',#7655,.T.);
#8280=FACE_BOUND('',#7656,.T.);
#8281=FACE_BOUND('',#7657,.T.);
#8282=FACE_BOUND('',#7658,.T.);
#8283=FACE_BOUND('',#7659,.T.);
#8284=FACE_BOUND('',#7660,.T.);
#8285=FACE_BOUND('',#7661,.T.);
#8286=FACE_BOUND('',#7662,.T.);
#8287=FACE_BOUND('',#7663,.T.);
#8288=FACE_BOUND('',#7664,.T.);
#8289=FACE_BOUND('',#7665,.T.);
#8290=FACE_BOUND('',#7666,.T.);
#8291=FACE_BOUND('',#7667,.T.);
#8292=FACE_BOUND('',#7668,.T.);
#8293=FACE_BOUND('',#7669,.T.);
#8294=FACE_BOUND('',#7670,.T.);
#8295=FACE_BOUND('',#7671,.T.);
#8296=FACE_BOUND('',#7672,.T.);
#8297=FACE_BOUND('',#7673,.T.);
#8298=FACE_BOUND('',#7674,.T.);
#8299=FACE_BOUND('',#7675,.T.);
#8300=FACE_BOUND('',#7676,.T.);
#8301=FACE_BOUND('',#7677,.T.);
#8302=FACE_BOUND('',#7678,.T.);
#8303=FACE_BOUND('',#7679,.T.);
#8304=FACE_BOUND('',#7680,.T.);
#8305=FACE_BOUND('',#7681,.T.);
#8306=FACE_BOUND('',#7682,.T.);
#8307=FACE_BOUND('',#7683,.T.);
#8308=FACE_BOUND('',#7684,.T.);
#8309=FACE_BOUND('',#7685,.T.);
#8310=FACE_BOUND('',#7686,.T.);
#8311=FACE_BOUND('',#7687,.T.);
#8312=FACE_BOUND('',#7688,.T.);
#8313=FACE_BOUND('',#7689,.T.);
#8314=FACE_BOUND('',#7690,.T.);
#8315=FACE_BOUND('',#7691,.T.);
#8316=FACE_BOUND('',#7692,.T.);
#8317=FACE_BOUND('',#7693,.T.);
#8318=FACE_BOUND('',#7694,.T.);
#8319=FACE_BOUND('',#7695,.T.);
#8320=FACE_BOUND('',#7696,.T.);
#8321=FACE_BOUND('',#7697,.T.);
#8322=FACE_BOUND('',#7698,.T.);
#8323=FACE_BOUND('',#7699,.T.);
#8324=FACE_BOUND('',#7700,.T.);
#8325=FACE_BOUND('',#7701,.T.);
#8326=FACE_BOUND('',#7702,.T.);
#8327=FACE_BOUND('',#7703,.T.);
#8328=FACE_BOUND('',#7704,.T.);
#8329=FACE_BOUND('',#7705,.T.);
#8330=FACE_BOUND('',#7706,.T.);
#8331=FACE_BOUND('',#7707,.T.);
#8332=FACE_BOUND('',#7708,.T.);
#8333=FACE_BOUND('',#7709,.T.);
#8334=FACE_BOUND('',#7710,.T.);
#8335=FACE_BOUND('',#7711,.T.);
#8336=FACE_BOUND('',#7712,.T.);
#8337=FACE_BOUND('',#7713,.T.);
#8338=FACE_BOUND('',#7714,.T.);
#8339=FACE_BOUND('',#7715,.T.);
#8340=FACE_BOUND('',#7716,.T.);
#8341=FACE_BOUND('',#7717,.T.);
#8342=FACE_BOUND('',#7718,.T.);
#8343=FACE_BOUND('',#7719,.T.);
#8344=FACE_BOUND('',#7720,.T.);
#8345=FACE_BOUND('',#7721,.T.);
#8346=FACE_BOUND('',#7722,.T.);
#8347=FACE_BOUND('',#7723,.T.);
#8348=FACE_BOUND('',#7724,.T.);
#8349=FACE_BOUND('',#7725,.T.);
#8350=FACE_BOUND('',#7726,.T.);
#8351=FACE_BOUND('',#7727,.T.);
#8352=FACE_BOUND('',#7728,.T.);
#8353=FACE_BOUND('',#7729,.T.);
#8354=FACE_BOUND('',#7730,.T.);
#8355=FACE_BOUND('',#7731,.T.);
#8356=FACE_BOUND('',#7732,.T.);
#8357=FACE_BOUND('',#7733,.T.);
#8358=FACE_BOUND('',#7734,.T.);
#8359=FACE_BOUND('',#7735,.T.);
#8360=FACE_BOUND('',#7736,.T.);
#8361=FACE_BOUND('',#7737,.T.);
#8362=FACE_BOUND('',#7738,.T.);
#8363=FACE_BOUND('',#7739,.T.);
#8364=FACE_BOUND('',#7740,.T.);
#8365=FACE_BOUND('',#7741,.T.);
#8366=FACE_BOUND('',#7742,.T.);
#8367=FACE_BOUND('',#7743,.T.);
#8368=FACE_BOUND('',#7744,.T.);
#8369=FACE_BOUND('',#7745,.T.);
#8370=FACE_BOUND('',#7746,.T.);
#8371=FACE_BOUND('',#7747,.T.);
#8372=FACE_BOUND('',#7748,.T.);
#8373=FACE_BOUND('',#7749,.T.);
#8374=FACE_BOUND('',#7750,.T.);
#8375=FACE_BOUND('',#7751,.T.);
#8376=FACE_BOUND('',#7752,.T.);
#8377=FACE_BOUND('',#7753,.T.);
#8378=FACE_BOUND('',#7754,.T.);
#8379=FACE_BOUND('',#7755,.T.);
#8380=FACE_BOUND('',#7756,.T.);
#8381=FACE_BOUND('',#7757,.T.);
#8382=FACE_BOUND('',#7758,.T.);
#8383=FACE_BOUND('',#7759,.T.);
#8384=FACE_BOUND('',#7760,.T.);
#8385=FACE_BOUND('',#7761,.T.);
#8386=FACE_BOUND('',#7762,.T.);
#8387=FACE_BOUND('',#7763,.T.);
#8388=FACE_BOUND('',#7764,.T.);
#8389=FACE_BOUND('',#7765,.T.);
#8390=FACE_BOUND('',#7766,.T.);
#8391=FACE_BOUND('',#7767,.T.);
#8392=FACE_BOUND('',#7768,.T.);
#8393=FACE_BOUND('',#7769,.T.);
#8394=FACE_BOUND('',#7770,.T.);
#8395=FACE_BOUND('',#7771,.T.);
#8396=FACE_BOUND('',#7772,.T.);
#8397=FACE_BOUND('',#7773,.T.);
#8398=FACE_BOUND('',#7774,.T.);
#8399=FACE_BOUND('',#7775,.T.);
#8400=FACE_BOUND('',#7776,.T.);
#8401=FACE_BOUND('',#7777,.T.);
#8402=FACE_BOUND('',#7778,.T.);
#8403=FACE_BOUND('',#7779,.T.);
#8404=FACE_BOUND('',#7780,.T.);
#8405=FACE_BOUND('',#7781,.T.);
#8406=FACE_BOUND('',#7782,.T.);
#8407=FACE_BOUND('',#7783,.T.);
#8408=FACE_BOUND('',#7784,.T.);
#8409=FACE_BOUND('',#7785,.T.);
#8410=FACE_BOUND('',#7786,.T.);
#8411=FACE_BOUND('',#7787,.T.);
#8412=FACE_BOUND('',#7788,.T.);
#8413=FACE_BOUND('',#7789,.T.);
#8414=FACE_BOUND('',#7790,.T.);
#8415=FACE_BOUND('',#7791,.T.);
#8416=FACE_BOUND('',#7792,.T.);
#8417=FACE_BOUND('',#7793,.T.);
#8418=FACE_BOUND('',#7794,.T.);
#8419=FACE_BOUND('',#7795,.T.);
#8420=FACE_BOUND('',#7796,.T.);
#8421=FACE_BOUND('',#7797,.T.);
#8422=FACE_BOUND('',#7798,.T.);
#8423=FACE_BOUND('',#7799,.T.);
#8424=FACE_BOUND('',#7800,.T.);
#8425=FACE_BOUND('',#7801,.T.);
#8426=FACE_BOUND('',#7802,.T.);
#8427=FACE_BOUND('',#7803,.T.);
#8428=FACE_BOUND('',#7804,.T.);
#8429=FACE_BOUND('',#7805,.T.);
#8430=FACE_BOUND('',#7806,.T.);
#8431=FACE_BOUND('',#7807,.T.);
#8432=FACE_BOUND('',#7808,.T.);
#8433=FACE_BOUND('',#7809,.T.);
#8434=FACE_BOUND('',#7810,.T.);
#8435=FACE_BOUND('',#7811,.T.);
#8436=FACE_BOUND('',#7812,.T.);
#8437=FACE_BOUND('',#7813,.T.);
#8438=FACE_BOUND('',#7814,.T.);
#8439=FACE_BOUND('',#7815,.T.);
#8440=FACE_BOUND('',#7816,.T.);
#8441=FACE_BOUND('',#7817,.T.);
#8442=FACE_BOUND('',#7818,.T.);
#8443=FACE_BOUND('',#7819,.T.);
#8444=FACE_BOUND('',#7820,.T.);
#8445=FACE_BOUND('',#7821,.T.);
#8446=FACE_BOUND('',#7822,.T.);
#8447=FACE_BOUND('',#7823,.T.);
#8448=FACE_BOUND('',#7824,.T.);
#8449=FACE_BOUND('',#7825,.T.);
#8450=FACE_BOUND('',#7826,.T.);
#8451=FACE_BOUND('',#7827,.T.);
#8452=FACE_BOUND('',#7828,.T.);
#8453=FACE_BOUND('',#7829,.T.);
#8454=FACE_BOUND('',#7830,.T.);
#8455=FACE_BOUND('',#7831,.T.);
#8456=FACE_BOUND('',#7832,.T.);
#8457=FACE_BOUND('',#7833,.T.);
#8458=FACE_BOUND('',#7834,.T.);
#8459=FACE_BOUND('',#7835,.T.);
#8460=FACE_BOUND('',#7836,.T.);
#8461=FACE_BOUND('',#7837,.T.);
#8462=FACE_BOUND('',#7838,.T.);
#8463=FACE_BOUND('',#7839,.T.);
#8464=FACE_BOUND('',#7840,.T.);
#8465=FACE_BOUND('',#7841,.T.);
#8466=FACE_BOUND('',#7842,.T.);
#8467=FACE_BOUND('',#7843,.T.);
#8468=FACE_BOUND('',#7844,.T.);
#8469=FACE_BOUND('',#7845,.T.);
#8470=FACE_BOUND('',#7846,.T.);
#8471=FACE_BOUND('',#7847,.T.);
#8472=FACE_BOUND('',#7848,.T.);
#8473=FACE_BOUND('',#7849,.T.);
#8474=FACE_BOUND('',#7850,.T.);
#8475=FACE_BOUND('',#7851,.T.);
#8476=FACE_BOUND('',#7852,.T.);
#8477=FACE_BOUND('',#7853,.T.);
#8478=FACE_BOUND('',#7854,.T.);
#8479=FACE_BOUND('',#7855,.T.);
#8480=FACE_BOUND('',#7856,.T.);
#8481=FACE_BOUND('',#7857,.T.);
#8482=FACE_BOUND('',#7858,.T.);
#8483=FACE_BOUND('',#7859,.T.);
#8484=FACE_BOUND('',#7860,.T.);
#8485=FACE_BOUND('',#7861,.T.);
#8486=FACE_BOUND('',#7862,.T.);
#8487=FACE_BOUND('',#7863,.T.);
#8488=FACE_BOUND('',#7864,.T.);
#8489=FACE_BOUND('',#7865,.T.);
#8490=FACE_BOUND('',#7866,.T.);
#8491=FACE_BOUND('',#7867,.T.);
#8492=FACE_BOUND('',#7868,.T.);
#8493=FACE_BOUND('',#7869,.T.);
#8494=FACE_BOUND('',#7870,.T.);
#8495=FACE_BOUND('',#7871,.T.);
#8496=FACE_BOUND('',#7872,.T.);
#8497=FACE_BOUND('',#7873,.T.);
#8498=FACE_BOUND('',#7874,.T.);
#8499=FACE_BOUND('',#7875,.T.);
#8500=FACE_BOUND('',#7876,.T.);
#8501=FACE_BOUND('',#7877,.T.);
#8502=FACE_BOUND('',#7878,.T.);
#8503=FACE_BOUND('',#7879,.T.);
#8504=FACE_BOUND('',#7880,.T.);
#8505=PLANE('',#9373);
#8506=PLANE('',#9376);
#8507=PLANE('',#9381);
#8508=PLANE('',#9384);
#8509=PLANE('',#9389);
#8510=PLANE('',#9393);
#8511=PLANE('',#9397);
#8512=PLANE('',#9401);
#8513=PLANE('',#9414);
#8514=PLANE('',#9415);
#8515=PLANE('',#9424);
#8516=PLANE('',#9425);
#8517=PLANE('',#9439);
#8518=PLANE('',#9440);
#8519=PLANE('',#9441);
#8520=PLANE('',#9442);
#8521=PLANE('',#9443);
#8522=PLANE('',#9444);
#8523=PLANE('',#9445);
#8524=PLANE('',#9446);
#8525=PLANE('',#9447);
#8526=PLANE('',#9449);
#8527=PLANE('',#9450);
#8528=PLANE('',#9451);
#8529=PLANE('',#9452);
#8530=PLANE('',#9453);
#8531=PLANE('',#9454);
#8532=PLANE('',#9455);
#8533=PLANE('',#9456);
#8534=PLANE('',#9457);
#8535=PLANE('',#9458);
#8536=PLANE('',#9459);
#8537=PLANE('',#9460);
#8538=PLANE('',#9461);
#8539=PLANE('',#9462);
#8540=PLANE('',#9463);
#8541=PLANE('',#9464);
#8542=PLANE('',#9465);
#8543=PLANE('',#9466);
#8544=PLANE('',#9467);
#8545=PLANE('',#9468);
#8546=PLANE('',#9469);
#8547=PLANE('',#9470);
#8548=PLANE('',#9471);
#8549=PLANE('',#9472);
#8550=PLANE('',#9473);
#8551=PLANE('',#9474);
#8552=PLANE('',#9475);
#8553=PLANE('',#9476);
#8554=PLANE('',#9477);
#8555=PLANE('',#9478);
#8556=PLANE('',#9479);
#8557=PLANE('',#9480);
#8558=PLANE('',#9481);
#8559=PLANE('',#9483);
#8560=PLANE('',#9484);
#8561=PLANE('',#9485);
#8562=PLANE('',#9486);
#8563=PLANE('',#9487);
#8564=PLANE('',#9488);
#8565=PLANE('',#9489);
#8566=PLANE('',#9490);
#8567=PLANE('',#9491);
#8568=PLANE('',#9493);
#8569=PLANE('',#9494);
#8570=PLANE('',#9495);
#8571=PLANE('',#9496);
#8572=PLANE('',#9497);
#8573=PLANE('',#9498);
#8574=PLANE('',#9499);
#8575=PLANE('',#9500);
#8576=PLANE('',#9501);
#8577=PLANE('',#9502);
#8578=PLANE('',#9503);
#8579=PLANE('',#9504);
#8580=PLANE('',#9505);
#8581=PLANE('',#9506);
#8582=PLANE('',#9507);
#8583=PLANE('',#9508);
#8584=PLANE('',#9509);
#8585=PLANE('',#9510);
#8586=PLANE('',#9511);
#8587=PLANE('',#9512);
#8588=PLANE('',#9513);
#8589=PLANE('',#9514);
#8590=PLANE('',#9515);
#8591=PLANE('',#9516);
#8592=PLANE('',#9517);
#8593=PLANE('',#9518);
#8594=PLANE('',#9519);
#8595=PLANE('',#9520);
#8596=PLANE('',#9521);
#8597=PLANE('',#9522);
#8598=PLANE('',#9523);
#8599=PLANE('',#9524);
#8600=PLANE('',#9525);
#8601=PLANE('',#9526);
#8602=PLANE('',#9527);
#8603=PLANE('',#9528);
#8604=PLANE('',#9529);
#8605=PLANE('',#9530);
#8606=PLANE('',#9531);
#8607=PLANE('',#9532);
#8608=PLANE('',#9533);
#8609=PLANE('',#9534);
#8610=PLANE('',#9535);
#8611=PLANE('',#9536);
#8612=PLANE('',#9537);
#8613=PLANE('',#9538);
#8614=PLANE('',#9539);
#8615=PLANE('',#9540);
#8616=PLANE('',#9541);
#8617=PLANE('',#9542);
#8618=PLANE('',#9543);
#8619=PLANE('',#9544);
#8620=PLANE('',#9545);
#8621=PLANE('',#9546);
#8622=PLANE('',#9547);
#8623=PLANE('',#9548);
#8624=PLANE('',#9549);
#8625=PLANE('',#9550);
#8626=PLANE('',#9551);
#8627=PLANE('',#9552);
#8628=PLANE('',#9553);
#8629=PLANE('',#9554);
#8630=PLANE('',#9555);
#8631=PLANE('',#9562);
#8632=PLANE('',#9563);
#8633=PLANE('',#9570);
#8634=PLANE('',#9571);
#8635=PLANE('',#9648);
#8636=PLANE('',#9664);
#8637=PLANE('',#9665);
#8638=PLANE('',#9666);
#8639=PLANE('',#9667);
#8640=PLANE('',#9678);
#8641=PLANE('',#9679);
#8642=PLANE('',#9680);
#8643=PLANE('',#9681);
#8644=PLANE('',#9682);
#8645=PLANE('',#9684);
#8646=PLANE('',#9686);
#8647=PLANE('',#9688);
#8648=PLANE('',#9690);
#8649=PLANE('',#9692);
#8650=PLANE('',#9693);
#8651=PLANE('',#9694);
#8652=PLANE('',#9695);
#8653=PLANE('',#9696);
#8654=PLANE('',#9697);
#8655=PLANE('',#9698);
#8656=PLANE('',#9699);
#8657=PLANE('',#9710);
#8658=PLANE('',#9731);
#8659=PLANE('',#9732);
#8660=PLANE('',#9804);
#8661=PLANE('',#9826);
#8662=PLANE('',#9827);
#8663=PLANE('',#9828);
#8664=PLANE('',#9829);
#8665=PLANE('',#9848);
#8666=PLANE('',#9853);
#8667=PLANE('',#9856);
#8668=PLANE('',#9857);
#8669=PLANE('',#9860);
#8670=PLANE('',#9861);
#8671=PLANE('',#9864);
#8672=PLANE('',#9865);
#8673=PLANE('',#9870);
#8674=PLANE('',#9871);
#8675=PLANE('',#9872);
#8676=PLANE('',#9873);
#8677=PLANE('',#9874);
#8678=PLANE('',#9883);
#8679=PLANE('',#9885);
#8680=PLANE('',#9887);
#8681=PLANE('',#9889);
#8682=PLANE('',#9891);
#8683=PLANE('',#9893);
#8684=PLANE('',#9895);
#8685=PLANE('',#9897);
#8686=PLANE('',#9899);
#8687=PLANE('',#9908);
#8688=PLANE('',#9909);
#8689=PLANE('',#9910);
#8690=PLANE('',#9911);
#8691=PLANE('',#9912);
#8692=PLANE('',#9913);
#8693=PLANE('',#9914);
#8694=PLANE('',#9915);
#8695=PLANE('',#9916);
#8696=PLANE('',#9917);
#8697=PLANE('',#9922);
#8698=PLANE('',#9924);
#8699=PLANE('',#9926);
#8700=PLANE('',#9928);
#8701=PLANE('',#10037);
#8702=PLANE('',#10038);
#8703=PLANE('',#10049);
#8704=PLANE('',#10052);
#8705=PLANE('',#10056);
#8706=PLANE('',#10059);
#8707=PLANE('',#10060);
#8708=PLANE('',#10065);
#8709=PLANE('',#10088);
#8710=PLANE('',#10089);
#8711=PLANE('',#10144);
#8712=PLANE('',#10145);
#8713=PLANE('',#10146);
#8714=PLANE('',#10148);
#8715=PLANE('',#10150);
#8716=PLANE('',#10151);
#8717=PLANE('',#10153);
#8718=PLANE('',#10155);
#8719=PLANE('',#10157);
#8720=PLANE('',#10159);
#8721=PLANE('',#10161);
#8722=PLANE('',#10231);
#8723=PLANE('',#10235);
#8724=PLANE('',#10236);
#8725=PLANE('',#10237);
#8726=PLANE('',#10238);
#8727=PLANE('',#10245);
#8728=PLANE('',#10247);
#8729=PLANE('',#10248);
#8730=PLANE('',#10249);
#8731=PLANE('',#10250);
#8732=PLANE('',#10252);
#8733=PLANE('',#10253);
#8734=PLANE('',#10254);
#8735=PLANE('',#10255);
#8736=PLANE('',#10260);
#8737=PLANE('',#10271);
#8738=PLANE('',#10272);
#8739=PLANE('',#10273);
#8740=PLANE('',#10274);
#8741=PLANE('',#10275);
#8742=PLANE('',#10276);
#8743=PLANE('',#10277);
#8744=PLANE('',#10278);
#8745=PLANE('',#10279);
#8746=PLANE('',#10288);
#8747=PLANE('',#10289);
#8748=PLANE('',#10290);
#8749=PLANE('',#10291);
#8750=PLANE('',#10301);
#8751=PLANE('',#10302);
#8752=PLANE('',#10306);
#8753=PLANE('',#10307);
#8754=PLANE('',#10308);
#8755=PLANE('',#10309);
#8756=PLANE('',#10312);
#8757=PLANE('',#10321);
#8758=PLANE('',#10324);
#8759=PLANE('',#10325);
#8760=PLANE('',#10327);
#8761=PLANE('',#10328);
#8762=PLANE('',#10329);
#8763=ADVANCED_FACE('',(#7881,#7882),#8505,.T.);
#8764=ADVANCED_FACE('',(#7883,#7884),#8506,.T.);
#8765=ADVANCED_FACE('',(#7885,#7886),#1825,.T.);
#8766=ADVANCED_FACE('',(#7887,#7888),#1826,.F.);
#8767=ADVANCED_FACE('',(#7889,#7890),#8507,.T.);
#8768=ADVANCED_FACE('',(#7891,#7892),#8508,.T.);
#8769=ADVANCED_FACE('',(#7893,#7894),#1827,.T.);
#8770=ADVANCED_FACE('',(#7895,#7896),#1828,.F.);
#8771=ADVANCED_FACE('',(#7897),#8509,.F.);
#8772=ADVANCED_FACE('',(#7898,#7899),#1829,.T.);
#8773=ADVANCED_FACE('',(#7900,#7901),#8510,.F.);
#8774=ADVANCED_FACE('',(#7902,#7903),#1830,.T.);
#8775=ADVANCED_FACE('',(#7904,#7905),#8511,.F.);
#8776=ADVANCED_FACE('',(#7906,#7907),#1831,.T.);
#8777=ADVANCED_FACE('',(#7908),#8512,.F.);
#8778=ADVANCED_FACE('',(#7909),#1832,.F.);
#8779=ADVANCED_FACE('',(#7910),#1833,.F.);
#8780=ADVANCED_FACE('',(#7911),#1834,.F.);
#8781=ADVANCED_FACE('',(#7912),#1835,.F.);
#8782=ADVANCED_FACE('',(#7913),#8513,.F.);
#8783=ADVANCED_FACE('',(#7914,#7915,#7916,#7917,#7918),#8514,.F.);
#8784=ADVANCED_FACE('',(#7919),#8515,.F.);
#8785=ADVANCED_FACE('',(#7920,#7921,#7922,#7923,#7924),#8516,.T.);
#8786=ADVANCED_FACE('',(#7925),#1836,.T.);
#8787=ADVANCED_FACE('',(#7926),#1837,.F.);
#8788=ADVANCED_FACE('',(#7927),#1838,.F.);
#8789=ADVANCED_FACE('',(#7928),#1839,.F.);
#8790=ADVANCED_FACE('',(#7929),#1840,.F.);
#8791=ADVANCED_FACE('',(#7930),#8517,.F.);
#8792=ADVANCED_FACE('',(#7931),#8518,.F.);
#8793=ADVANCED_FACE('',(#7932),#8519,.F.);
#8794=ADVANCED_FACE('',(#7933),#8520,.F.);
#8795=ADVANCED_FACE('',(#7934),#8521,.F.);
#8796=ADVANCED_FACE('',(#7935),#8522,.F.);
#8797=ADVANCED_FACE('',(#7936),#8523,.F.);
#8798=ADVANCED_FACE('',(#7937),#8524,.F.);
#8799=ADVANCED_FACE('',(#7938),#8525,.F.);
#8800=ADVANCED_FACE('',(#7939),#1841,.T.);
#8801=ADVANCED_FACE('',(#7940),#8526,.F.);
#8802=ADVANCED_FACE('',(#7941),#8527,.F.);
#8803=ADVANCED_FACE('',(#7942),#8528,.F.);
#8804=ADVANCED_FACE('',(#7943),#8529,.F.);
#8805=ADVANCED_FACE('',(#7944),#8530,.F.);
#8806=ADVANCED_FACE('',(#7945),#8531,.F.);
#8807=ADVANCED_FACE('',(#7946),#8532,.F.);
#8808=ADVANCED_FACE('',(#7947),#8533,.F.);
#8809=ADVANCED_FACE('',(#7948),#8534,.F.);
#8810=ADVANCED_FACE('',(#7949),#8535,.F.);
#8811=ADVANCED_FACE('',(#7950),#8536,.F.);
#8812=ADVANCED_FACE('',(#7951),#8537,.F.);
#8813=ADVANCED_FACE('',(#7952),#8538,.F.);
#8814=ADVANCED_FACE('',(#7953),#8539,.F.);
#8815=ADVANCED_FACE('',(#7954),#8540,.F.);
#8816=ADVANCED_FACE('',(#7955),#8541,.F.);
#8817=ADVANCED_FACE('',(#7956),#8542,.F.);
#8818=ADVANCED_FACE('',(#7957),#8543,.F.);
#8819=ADVANCED_FACE('',(#7958),#8544,.F.);
#8820=ADVANCED_FACE('',(#7959),#8545,.F.);
#8821=ADVANCED_FACE('',(#7960),#8546,.F.);
#8822=ADVANCED_FACE('',(#7961),#8547,.F.);
#8823=ADVANCED_FACE('',(#7962),#8548,.F.);
#8824=ADVANCED_FACE('',(#7963),#8549,.F.);
#8825=ADVANCED_FACE('',(#7964),#8550,.F.);
#8826=ADVANCED_FACE('',(#7965),#8551,.F.);
#8827=ADVANCED_FACE('',(#7966),#8552,.F.);
#8828=ADVANCED_FACE('',(#7967),#8553,.F.);
#8829=ADVANCED_FACE('',(#7968),#8554,.F.);
#8830=ADVANCED_FACE('',(#7969),#8555,.F.);
#8831=ADVANCED_FACE('',(#7970),#8556,.F.);
#8832=ADVANCED_FACE('',(#7971),#8557,.F.);
#8833=ADVANCED_FACE('',(#7972),#8558,.F.);
#8834=ADVANCED_FACE('',(#7973),#1842,.T.);
#8835=ADVANCED_FACE('',(#7974),#8559,.F.);
#8836=ADVANCED_FACE('',(#7975),#8560,.F.);
#8837=ADVANCED_FACE('',(#7976),#8561,.F.);
#8838=ADVANCED_FACE('',(#7977),#8562,.F.);
#8839=ADVANCED_FACE('',(#7978),#8563,.F.);
#8840=ADVANCED_FACE('',(#7979),#8564,.F.);
#8841=ADVANCED_FACE('',(#7980),#8565,.F.);
#8842=ADVANCED_FACE('',(#7981),#8566,.F.);
#8843=ADVANCED_FACE('',(#7982),#8567,.F.);
#8844=ADVANCED_FACE('',(#7983),#1843,.T.);
#8845=ADVANCED_FACE('',(#7984),#8568,.F.);
#8846=ADVANCED_FACE('',(#7985),#8569,.F.);
#8847=ADVANCED_FACE('',(#7986),#8570,.F.);
#8848=ADVANCED_FACE('',(#7987),#8571,.F.);
#8849=ADVANCED_FACE('',(#7988),#8572,.F.);
#8850=ADVANCED_FACE('',(#7989),#8573,.F.);
#8851=ADVANCED_FACE('',(#7990),#8574,.F.);
#8852=ADVANCED_FACE('',(#7991),#8575,.F.);
#8853=ADVANCED_FACE('',(#7992),#8576,.F.);
#8854=ADVANCED_FACE('',(#7993),#8577,.F.);
#8855=ADVANCED_FACE('',(#7994),#8578,.F.);
#8856=ADVANCED_FACE('',(#7995),#8579,.F.);
#8857=ADVANCED_FACE('',(#7996),#8580,.F.);
#8858=ADVANCED_FACE('',(#7997),#8581,.F.);
#8859=ADVANCED_FACE('',(#7998),#8582,.F.);
#8860=ADVANCED_FACE('',(#7999),#8583,.F.);
#8861=ADVANCED_FACE('',(#8000),#8584,.F.);
#8862=ADVANCED_FACE('',(#8001),#8585,.F.);
#8863=ADVANCED_FACE('',(#8002),#8586,.F.);
#8864=ADVANCED_FACE('',(#8003),#8587,.F.);
#8865=ADVANCED_FACE('',(#8004),#8588,.F.);
#8866=ADVANCED_FACE('',(#8005),#8589,.F.);
#8867=ADVANCED_FACE('',(#8006),#8590,.F.);
#8868=ADVANCED_FACE('',(#8007),#8591,.F.);
#8869=ADVANCED_FACE('',(#8008),#8592,.F.);
#8870=ADVANCED_FACE('',(#8009),#8593,.F.);
#8871=ADVANCED_FACE('',(#8010),#8594,.F.);
#8872=ADVANCED_FACE('',(#8011),#8595,.F.);
#8873=ADVANCED_FACE('',(#8012),#8596,.F.);
#8874=ADVANCED_FACE('',(#8013),#8597,.F.);
#8875=ADVANCED_FACE('',(#8014),#8598,.F.);
#8876=ADVANCED_FACE('',(#8015),#8599,.F.);
#8877=ADVANCED_FACE('',(#8016),#8600,.F.);
#8878=ADVANCED_FACE('',(#8017),#8601,.F.);
#8879=ADVANCED_FACE('',(#8018),#8602,.F.);
#8880=ADVANCED_FACE('',(#8019),#8603,.F.);
#8881=ADVANCED_FACE('',(#8020),#8604,.F.);
#8882=ADVANCED_FACE('',(#8021),#8605,.F.);
#8883=ADVANCED_FACE('',(#8022),#8606,.F.);
#8884=ADVANCED_FACE('',(#8023),#8607,.F.);
#8885=ADVANCED_FACE('',(#8024),#8608,.F.);
#8886=ADVANCED_FACE('',(#8025),#8609,.F.);
#8887=ADVANCED_FACE('',(#8026),#8610,.F.);
#8888=ADVANCED_FACE('',(#8027),#8611,.F.);
#8889=ADVANCED_FACE('',(#8028),#8612,.F.);
#8890=ADVANCED_FACE('',(#8029),#8613,.F.);
#8891=ADVANCED_FACE('',(#8030),#8614,.F.);
#8892=ADVANCED_FACE('',(#8031),#8615,.F.);
#8893=ADVANCED_FACE('',(#8032),#8616,.F.);
#8894=ADVANCED_FACE('',(#8033),#8617,.F.);
#8895=ADVANCED_FACE('',(#8034),#8618,.F.);
#8896=ADVANCED_FACE('',(#8035),#8619,.F.);
#8897=ADVANCED_FACE('',(#8036),#8620,.F.);
#8898=ADVANCED_FACE('',(#8037),#8621,.F.);
#8899=ADVANCED_FACE('',(#8038),#8622,.F.);
#8900=ADVANCED_FACE('',(#8039),#8623,.F.);
#8901=ADVANCED_FACE('',(#8040),#8624,.F.);
#8902=ADVANCED_FACE('',(#8041),#8625,.F.);
#8903=ADVANCED_FACE('',(#8042),#8626,.F.);
#8904=ADVANCED_FACE('',(#8043),#8627,.F.);
#8905=ADVANCED_FACE('',(#8044),#8628,.F.);
#8906=ADVANCED_FACE('',(#8045),#8629,.F.);
#8907=ADVANCED_FACE('',(#8046),#8630,.F.);
#8908=ADVANCED_FACE('',(#8047),#1844,.T.);
#8909=ADVANCED_FACE('',(#8048),#1845,.T.);
#8910=ADVANCED_FACE('',(#8049),#8631,.F.);
#8911=ADVANCED_FACE('',(#8050),#8632,.F.);
#8912=ADVANCED_FACE('',(#8051),#1846,.T.);
#8913=ADVANCED_FACE('',(#8052),#1847,.T.);
#8914=ADVANCED_FACE('',(#8053),#8633,.F.);
#8915=ADVANCED_FACE('',(#8054),#8634,.F.);
#8916=ADVANCED_FACE('',(#8055),#46,.F.);
#8917=ADVANCED_FACE('',(#8056),#47,.F.);
#8918=ADVANCED_FACE('',(#8057),#48,.F.);
#8919=ADVANCED_FACE('',(#8058),#49,.F.);
#8920=ADVANCED_FACE('',(#8059),#50,.F.);
#8921=ADVANCED_FACE('',(#8060),#1848,.F.);
#8922=ADVANCED_FACE('',(#8061),#1849,.F.);
#8923=ADVANCED_FACE('',(#8062),#1850,.F.);
#8924=ADVANCED_FACE('',(#8063),#1851,.F.);
#8925=ADVANCED_FACE('',(#8064),#1852,.F.);
#8926=ADVANCED_FACE('',(#8065),#1853,.F.);
#8927=ADVANCED_FACE('',(#8066),#1854,.F.);
#8928=ADVANCED_FACE('',(#8067),#1855,.F.);
#8929=ADVANCED_FACE('',(#8068),#1856,.F.);
#8930=ADVANCED_FACE('',(#8069),#1857,.F.);
#8931=ADVANCED_FACE('',(#8070),#51,.F.);
#8932=ADVANCED_FACE('',(#8071),#52,.F.);
#8933=ADVANCED_FACE('',(#8072),#53,.F.);
#8934=ADVANCED_FACE('',(#8073),#54,.F.);
#8935=ADVANCED_FACE('',(#8074),#55,.F.);
#8936=ADVANCED_FACE('',(#8075),#56,.F.);
#8937=ADVANCED_FACE('',(#8076),#57,.F.);
#8938=ADVANCED_FACE('',(#8077),#1858,.F.);
#8939=ADVANCED_FACE('',(#8078),#1859,.F.);
#8940=ADVANCED_FACE('',(#8079,#8080,#8081,#8082,#8083,#8084),#8635,.F.);
#8941=ADVANCED_FACE('',(#8085),#58,.F.);
#8942=ADVANCED_FACE('',(#8086),#59,.F.);
#8943=ADVANCED_FACE('',(#8087),#60,.F.);
#8944=ADVANCED_FACE('',(#8088),#61,.F.);
#8945=ADVANCED_FACE('',(#8089),#62,.F.);
#8946=ADVANCED_FACE('',(#8090),#8636,.F.);
#8947=ADVANCED_FACE('',(#8091),#8637,.F.);
#8948=ADVANCED_FACE('',(#8092),#8638,.F.);
#8949=ADVANCED_FACE('',(#8093),#8639,.F.);
#8950=ADVANCED_FACE('',(#8094),#1860,.F.);
#8951=ADVANCED_FACE('',(#8095),#1861,.F.);
#8952=ADVANCED_FACE('',(#8096),#1862,.F.);
#8953=ADVANCED_FACE('',(#8097),#1863,.F.);
#8954=ADVANCED_FACE('',(#8098),#1864,.F.);
#8955=ADVANCED_FACE('',(#8099),#8640,.F.);
#8956=ADVANCED_FACE('',(#8100),#8641,.F.);
#8957=ADVANCED_FACE('',(#8101),#8642,.F.);
#8958=ADVANCED_FACE('',(#8102),#8643,.F.);
#8959=ADVANCED_FACE('',(#8103,#8104),#8644,.T.);
#8960=ADVANCED_FACE('',(#8105,#8106),#8645,.F.);
#8961=ADVANCED_FACE('',(#8107,#8108),#8646,.F.);
#8962=ADVANCED_FACE('',(#8109,#8110),#8647,.F.);
#8963=ADVANCED_FACE('',(#8111,#8112),#8648,.F.);
#8964=ADVANCED_FACE('',(#8113),#8649,.T.);
#8965=ADVANCED_FACE('',(#8114),#8650,.F.);
#8966=ADVANCED_FACE('',(#8115),#8651,.F.);
#8967=ADVANCED_FACE('',(#8116),#8652,.T.);
#8968=ADVANCED_FACE('',(#8117),#8653,.F.);
#8969=ADVANCED_FACE('',(#8118),#8654,.T.);
#8970=ADVANCED_FACE('',(#8119),#8655,.F.);
#8971=ADVANCED_FACE('',(#8120),#8656,.T.);
#8972=ADVANCED_FACE('',(#8121),#1865,.F.);
#8973=ADVANCED_FACE('',(#8122),#1866,.F.);
#8974=ADVANCED_FACE('',(#8123),#1867,.F.);
#8975=ADVANCED_FACE('',(#8124),#1868,.F.);
#8976=ADVANCED_FACE('',(#8125),#1869,.F.);
#8977=ADVANCED_FACE('',(#8126,#8127,#8128,#8129,#8130,#8131,#8132,#8133),
#8657,.T.);
#8978=ADVANCED_FACE('',(#8134),#63,.F.);
#8979=ADVANCED_FACE('',(#8135),#64,.F.);
#8980=ADVANCED_FACE('',(#8136),#65,.F.);
#8981=ADVANCED_FACE('',(#8137),#66,.F.);
#8982=ADVANCED_FACE('',(#8138),#67,.F.);
#8983=ADVANCED_FACE('',(#8139),#68,.F.);
#8984=ADVANCED_FACE('',(#8140),#69,.F.);
#8985=ADVANCED_FACE('',(#8141),#1870,.F.);
#8986=ADVANCED_FACE('',(#8142),#1871,.F.);
#8987=ADVANCED_FACE('',(#8143),#8658,.T.);
#8988=ADVANCED_FACE('',(#8144),#8659,.T.);
#8989=ADVANCED_FACE('',(#8145),#70,.F.);
#8990=ADVANCED_FACE('',(#8146),#71,.F.);
#8991=ADVANCED_FACE('',(#8147),#1872,.F.);
#8992=ADVANCED_FACE('',(#8148),#1873,.F.);
#8993=ADVANCED_FACE('',(#8149),#1874,.F.);
#8994=ADVANCED_FACE('',(#8150),#1875,.F.);
#8995=ADVANCED_FACE('',(#8151),#1876,.F.);
#8996=ADVANCED_FACE('',(#8152),#1877,.F.);
#8997=ADVANCED_FACE('',(#8153),#1878,.F.);
#8998=ADVANCED_FACE('',(#8154),#1879,.F.);
#8999=ADVANCED_FACE('',(#8155),#1880,.F.);
#9000=ADVANCED_FACE('',(#8156),#1881,.F.);
#9001=ADVANCED_FACE('',(#8157),#1882,.F.);
#9002=ADVANCED_FACE('',(#8158),#1883,.F.);
#9003=ADVANCED_FACE('',(#8159),#1884,.F.);
#9004=ADVANCED_FACE('',(#8160),#1885,.F.);
#9005=ADVANCED_FACE('',(#8161),#1886,.F.);
#9006=ADVANCED_FACE('',(#8162),#1887,.F.);
#9007=ADVANCED_FACE('',(#8163),#1888,.F.);
#9008=ADVANCED_FACE('',(#8164),#1889,.F.);
#9009=ADVANCED_FACE('',(#8165),#1890,.F.);
#9010=ADVANCED_FACE('',(#8166),#1891,.F.);
#9011=ADVANCED_FACE('',(#8167),#1892,.F.);
#9012=ADVANCED_FACE('',(#8168,#8169,#8170,#8171,#8172,#8173,#8174,#8175,
#8176,#8177,#8178,#8179),#8660,.T.);
#9013=ADVANCED_FACE('',(#8180),#72,.F.);
#9014=ADVANCED_FACE('',(#8181),#73,.F.);
#9015=ADVANCED_FACE('',(#8182),#8661,.T.);
#9016=ADVANCED_FACE('',(#8183),#8662,.T.);
#9017=ADVANCED_FACE('',(#8184),#8663,.T.);
#9018=ADVANCED_FACE('',(#8185),#8664,.T.);
#9019=ADVANCED_FACE('',(#8186),#1893,.F.);
#9020=ADVANCED_FACE('',(#8187),#1894,.F.);
#9021=ADVANCED_FACE('',(#8188),#1895,.F.);
#9022=ADVANCED_FACE('',(#8189),#1896,.F.);
#9023=ADVANCED_FACE('',(#8190),#1897,.F.);
#9024=ADVANCED_FACE('',(#8191),#1898,.F.);
#9025=ADVANCED_FACE('',(#8192),#1899,.F.);
#9026=ADVANCED_FACE('',(#8193),#1900,.F.);
#9027=ADVANCED_FACE('',(#8194),#1901,.F.);
#9028=ADVANCED_FACE('',(#8195),#8665,.F.);
#9029=ADVANCED_FACE('',(#8196),#1902,.F.);
#9030=ADVANCED_FACE('',(#8197),#8666,.F.);
#9031=ADVANCED_FACE('',(#8198),#1903,.F.);
#9032=ADVANCED_FACE('',(#8199),#8667,.F.);
#9033=ADVANCED_FACE('',(#8200),#8668,.F.);
#9034=ADVANCED_FACE('',(#8201),#1904,.F.);
#9035=ADVANCED_FACE('',(#8202),#8669,.F.);
#9036=ADVANCED_FACE('',(#8203),#8670,.F.);
#9037=ADVANCED_FACE('',(#8204),#1905,.F.);
#9038=ADVANCED_FACE('',(#8205),#8671,.F.);
#9039=ADVANCED_FACE('',(#8206),#8672,.F.);
#9040=ADVANCED_FACE('',(#8207),#1906,.F.);
#9041=ADVANCED_FACE('',(#8208),#1907,.F.);
#9042=ADVANCED_FACE('',(#8209),#8673,.F.);
#9043=ADVANCED_FACE('',(#8210),#8674,.F.);
#9044=ADVANCED_FACE('',(#8211),#8675,.F.);
#9045=ADVANCED_FACE('',(#8212),#8676,.F.);
#9046=ADVANCED_FACE('',(#8213,#8214,#8215,#8216,#8217,#8218,#8219,#8220,
#8221,#8222),#8677,.F.);
#9047=ADVANCED_FACE('',(#8223,#8224),#8678,.F.);
#9048=ADVANCED_FACE('',(#8225,#8226),#8679,.F.);
#9049=ADVANCED_FACE('',(#8227,#8228),#8680,.F.);
#9050=ADVANCED_FACE('',(#8229,#8230),#8681,.F.);
#9051=ADVANCED_FACE('',(#8231,#8232),#8682,.F.);
#9052=ADVANCED_FACE('',(#8233,#8234),#8683,.F.);
#9053=ADVANCED_FACE('',(#8235,#8236),#8684,.F.);
#9054=ADVANCED_FACE('',(#8237,#8238),#8685,.F.);
#9055=ADVANCED_FACE('',(#8239,#8240,#8241,#8242,#8243,#8244),#8686,.F.);
#9056=ADVANCED_FACE('',(#8245),#8687,.T.);
#9057=ADVANCED_FACE('',(#8246),#8688,.T.);
#9058=ADVANCED_FACE('',(#8247),#8689,.F.);
#9059=ADVANCED_FACE('',(#8248),#8690,.F.);
#9060=ADVANCED_FACE('',(#8249),#8691,.F.);
#9061=ADVANCED_FACE('',(#8250),#8692,.F.);
#9062=ADVANCED_FACE('',(#8251),#8693,.F.);
#9063=ADVANCED_FACE('',(#8252),#8694,.F.);
#9064=ADVANCED_FACE('',(#8253),#8695,.F.);
#9065=ADVANCED_FACE('',(#8254),#8696,.F.);
#9066=ADVANCED_FACE('',(#8255),#1908,.F.);
#9067=ADVANCED_FACE('',(#8256),#1909,.F.);
#9068=ADVANCED_FACE('',(#8257),#1910,.F.);
#9069=ADVANCED_FACE('',(#8258),#1911,.F.);
#9070=ADVANCED_FACE('',(#8259),#8697,.F.);
#9071=ADVANCED_FACE('',(#8260),#1912,.F.);
#9072=ADVANCED_FACE('',(#8261),#8698,.F.);
#9073=ADVANCED_FACE('',(#8262),#1913,.F.);
#9074=ADVANCED_FACE('',(#8263),#8699,.F.);
#9075=ADVANCED_FACE('',(#8264),#1914,.F.);
#9076=ADVANCED_FACE('',(#8265),#8700,.F.);
#9077=ADVANCED_FACE('',(#8266),#1915,.F.);
#9078=ADVANCED_FACE('',(#8267),#1916,.F.);
#9079=ADVANCED_FACE('',(#8268),#1917,.F.);
#9080=ADVANCED_FACE('',(#8269),#1918,.F.);
#9081=ADVANCED_FACE('',(#8270),#1919,.F.);
#9082=ADVANCED_FACE('',(#8271),#74,.F.);
#9083=ADVANCED_FACE('',(#8272),#75,.F.);
#9084=ADVANCED_FACE('',(#8273),#76,.F.);
#9085=ADVANCED_FACE('',(#8274),#77,.F.);
#9086=ADVANCED_FACE('',(#8275),#78,.F.);
#9087=ADVANCED_FACE('',(#8276),#79,.F.);
#9088=ADVANCED_FACE('',(#8277),#80,.F.);
#9089=ADVANCED_FACE('',(#8278),#81,.F.);
#9090=ADVANCED_FACE('',(#8279),#82,.F.);
#9091=ADVANCED_FACE('',(#8280),#83,.F.);
#9092=ADVANCED_FACE('',(#8281),#84,.F.);
#9093=ADVANCED_FACE('',(#8282),#85,.F.);
#9094=ADVANCED_FACE('',(#8283),#1920,.F.);
#9095=ADVANCED_FACE('',(#8284,#8285),#1921,.F.);
#9096=ADVANCED_FACE('',(#8286),#1922,.F.);
#9097=ADVANCED_FACE('',(#8287,#8288),#1923,.F.);
#9098=ADVANCED_FACE('',(#8289),#1924,.F.);
#9099=ADVANCED_FACE('',(#8290),#1925,.F.);
#9100=ADVANCED_FACE('',(#8291),#1926,.F.);
#9101=ADVANCED_FACE('',(#8292),#1927,.F.);
#9102=ADVANCED_FACE('',(#8293),#1928,.F.);
#9103=ADVANCED_FACE('',(#8294),#1929,.F.);
#9104=ADVANCED_FACE('',(#8295),#1930,.F.);
#9105=ADVANCED_FACE('',(#8296),#1931,.F.);
#9106=ADVANCED_FACE('',(#8297),#1932,.F.);
#9107=ADVANCED_FACE('',(#8298),#1933,.F.);
#9108=ADVANCED_FACE('',(#8299),#1934,.F.);
#9109=ADVANCED_FACE('',(#8300),#1935,.F.);
#9110=ADVANCED_FACE('',(#8301),#1936,.F.);
#9111=ADVANCED_FACE('',(#8302),#1937,.F.);
#9112=ADVANCED_FACE('',(#8303),#1938,.F.);
#9113=ADVANCED_FACE('',(#8304),#1939,.F.);
#9114=ADVANCED_FACE('',(#8305),#1940,.F.);
#9115=ADVANCED_FACE('',(#8306),#1941,.F.);
#9116=ADVANCED_FACE('',(#8307),#1942,.F.);
#9117=ADVANCED_FACE('',(#8308),#1943,.F.);
#9118=ADVANCED_FACE('',(#8309),#1944,.F.);
#9119=ADVANCED_FACE('',(#8310),#1945,.F.);
#9120=ADVANCED_FACE('',(#8311),#86,.F.);
#9121=ADVANCED_FACE('',(#8312),#87,.F.);
#9122=ADVANCED_FACE('',(#8313),#88,.F.);
#9123=ADVANCED_FACE('',(#8314),#89,.F.);
#9124=ADVANCED_FACE('',(#8315),#8701,.F.);
#9125=ADVANCED_FACE('',(#8316,#8317,#8318),#8702,.F.);
#9126=ADVANCED_FACE('',(#8319,#8320,#8321),#8703,.F.);
#9127=ADVANCED_FACE('',(#8322,#8323,#8324,#8325),#8704,.F.);
#9128=ADVANCED_FACE('',(#8326,#8327,#8328),#8705,.F.);
#9129=ADVANCED_FACE('',(#8329),#8706,.F.);
#9130=ADVANCED_FACE('',(#8330,#8331,#8332,#8333,#8334),#8707,.T.);
#9131=ADVANCED_FACE('',(#8335),#8708,.F.);
#9132=ADVANCED_FACE('',(#8336),#90,.F.);
#9133=ADVANCED_FACE('',(#8337),#91,.F.);
#9134=ADVANCED_FACE('',(#8338),#92,.F.);
#9135=ADVANCED_FACE('',(#8339),#93,.F.);
#9136=ADVANCED_FACE('',(#8340),#94,.F.);
#9137=ADVANCED_FACE('',(#8341),#95,.F.);
#9138=ADVANCED_FACE('',(#8342),#96,.F.);
#9139=ADVANCED_FACE('',(#8343),#97,.F.);
#9140=ADVANCED_FACE('',(#8344),#98,.F.);
#9141=ADVANCED_FACE('',(#8345),#99,.F.);
#9142=ADVANCED_FACE('',(#8346),#100,.F.);
#9143=ADVANCED_FACE('',(#8347),#101,.F.);
#9144=ADVANCED_FACE('',(#8348),#8709,.F.);
#9145=ADVANCED_FACE('',(#8349),#8710,.F.);
#9146=ADVANCED_FACE('',(#8350),#102,.F.);
#9147=ADVANCED_FACE('',(#8351),#103,.F.);
#9148=ADVANCED_FACE('',(#8352),#104,.F.);
#9149=ADVANCED_FACE('',(#8353),#105,.F.);
#9150=ADVANCED_FACE('',(#8354),#106,.F.);
#9151=ADVANCED_FACE('',(#8355,#8356),#1946,.F.);
#9152=ADVANCED_FACE('',(#8357),#1947,.F.);
#9153=ADVANCED_FACE('',(#8358,#8359),#1948,.F.);
#9154=ADVANCED_FACE('',(#8360),#1949,.F.);
#9155=ADVANCED_FACE('',(#8361),#1950,.F.);
#9156=ADVANCED_FACE('',(#8362),#1951,.F.);
#9157=ADVANCED_FACE('',(#8363),#1952,.F.);
#9158=ADVANCED_FACE('',(#8364),#1953,.F.);
#9159=ADVANCED_FACE('',(#8365),#1954,.F.);
#9160=ADVANCED_FACE('',(#8366),#1955,.F.);
#9161=ADVANCED_FACE('',(#8367),#1956,.F.);
#9162=ADVANCED_FACE('',(#8368),#1957,.F.);
#9163=ADVANCED_FACE('',(#8369),#1958,.F.);
#9164=ADVANCED_FACE('',(#8370),#1959,.F.);
#9165=ADVANCED_FACE('',(#8371),#1960,.F.);
#9166=ADVANCED_FACE('',(#8372),#1961,.F.);
#9167=ADVANCED_FACE('',(#8373),#1962,.F.);
#9168=ADVANCED_FACE('',(#8374),#1963,.F.);
#9169=ADVANCED_FACE('',(#8375),#1964,.F.);
#9170=ADVANCED_FACE('',(#8376),#1965,.F.);
#9171=ADVANCED_FACE('',(#8377),#8711,.T.);
#9172=ADVANCED_FACE('',(#8378),#8712,.T.);
#9173=ADVANCED_FACE('',(#8379),#8713,.F.);
#9174=ADVANCED_FACE('',(#8380),#8714,.F.);
#9175=ADVANCED_FACE('',(#8381,#8382),#8715,.F.);
#9176=ADVANCED_FACE('',(#8383,#8384),#8716,.T.);
#9177=ADVANCED_FACE('',(#8385,#8386),#8717,.T.);
#9178=ADVANCED_FACE('',(#8387,#8388),#8718,.T.);
#9179=ADVANCED_FACE('',(#8389,#8390),#8719,.T.);
#9180=ADVANCED_FACE('',(#8391),#8720,.T.);
#9181=ADVANCED_FACE('',(#8392),#8721,.T.);
#9182=ADVANCED_FACE('',(#8393),#1966,.F.);
#9183=ADVANCED_FACE('',(#8394),#1967,.F.);
#9184=ADVANCED_FACE('',(#8395),#1968,.F.);
#9185=ADVANCED_FACE('',(#8396),#1969,.F.);
#9186=ADVANCED_FACE('',(#8397),#1970,.F.);
#9187=ADVANCED_FACE('',(#8398),#1971,.F.);
#9188=ADVANCED_FACE('',(#8399),#107,.F.);
#9189=ADVANCED_FACE('',(#8400),#108,.F.);
#9190=ADVANCED_FACE('',(#8401),#109,.F.);
#9191=ADVANCED_FACE('',(#8402),#110,.F.);
#9192=ADVANCED_FACE('',(#8403),#111,.F.);
#9193=ADVANCED_FACE('',(#8404),#112,.F.);
#9194=ADVANCED_FACE('',(#8405),#113,.F.);
#9195=ADVANCED_FACE('',(#8406),#1972,.F.);
#9196=ADVANCED_FACE('',(#8407),#1973,.F.);
#9197=ADVANCED_FACE('',(#8408),#1974,.F.);
#9198=ADVANCED_FACE('',(#8409),#114,.F.);
#9199=ADVANCED_FACE('',(#8410),#115,.F.);
#9200=ADVANCED_FACE('',(#8411),#116,.F.);
#9201=ADVANCED_FACE('',(#8412),#117,.F.);
#9202=ADVANCED_FACE('',(#8413),#118,.F.);
#9203=ADVANCED_FACE('',(#8414),#119,.F.);
#9204=ADVANCED_FACE('',(#8415),#120,.F.);
#9205=ADVANCED_FACE('',(#8416),#121,.F.);
#9206=ADVANCED_FACE('',(#8417),#1975,.F.);
#9207=ADVANCED_FACE('',(#8418),#1976,.F.);
#9208=ADVANCED_FACE('',(#8419),#1977,.F.);
#9209=ADVANCED_FACE('',(#8420),#1978,.F.);
#9210=ADVANCED_FACE('',(#8421),#1979,.F.);
#9211=ADVANCED_FACE('',(#8422),#1980,.F.);
#9212=ADVANCED_FACE('',(#8423),#1981,.F.);
#9213=ADVANCED_FACE('',(#8424),#122,.F.);
#9214=ADVANCED_FACE('',(#8425,#8426,#8427,#8428),#8722,.T.);
#9215=ADVANCED_FACE('',(#8429),#8723,.F.);
#9216=ADVANCED_FACE('',(#8430),#8724,.F.);
#9217=ADVANCED_FACE('',(#8431),#8725,.F.);
#9218=ADVANCED_FACE('',(#8432),#8726,.T.);
#9219=ADVANCED_FACE('',(#8433),#123,.F.);
#9220=ADVANCED_FACE('',(#8434),#124,.F.);
#9221=ADVANCED_FACE('',(#8435),#125,.F.);
#9222=ADVANCED_FACE('',(#8436),#8727,.T.);
#9223=ADVANCED_FACE('',(#8437),#8728,.T.);
#9224=ADVANCED_FACE('',(#8438),#8729,.T.);
#9225=ADVANCED_FACE('',(#8439),#8730,.T.);
#9226=ADVANCED_FACE('',(#8440),#8731,.T.);
#9227=ADVANCED_FACE('',(#8441),#8732,.T.);
#9228=ADVANCED_FACE('',(#8442),#8733,.T.);
#9229=ADVANCED_FACE('',(#8443),#8734,.T.);
#9230=ADVANCED_FACE('',(#8444,#8445,#8446,#8447,#8448),#8735,.T.);
#9231=ADVANCED_FACE('',(#8449),#8736,.F.);
#9232=ADVANCED_FACE('',(#8450),#1982,.F.);
#9233=ADVANCED_FACE('',(#8451),#1983,.F.);
#9234=ADVANCED_FACE('',(#8452),#1984,.F.);
#9235=ADVANCED_FACE('',(#8453),#126,.F.);
#9236=ADVANCED_FACE('',(#8454),#127,.F.);
#9237=ADVANCED_FACE('',(#8455),#8737,.T.);
#9238=ADVANCED_FACE('',(#8456),#8738,.T.);
#9239=ADVANCED_FACE('',(#8457),#8739,.F.);
#9240=ADVANCED_FACE('',(#8458),#8740,.F.);
#9241=ADVANCED_FACE('',(#8459),#8741,.T.);
#9242=ADVANCED_FACE('',(#8460),#8742,.T.);
#9243=ADVANCED_FACE('',(#8461),#8743,.F.);
#9244=ADVANCED_FACE('',(#8462),#8744,.F.);
#9245=ADVANCED_FACE('',(#8463),#8745,.T.);
#9246=ADVANCED_FACE('',(#8464),#128,.F.);
#9247=ADVANCED_FACE('',(#8465),#129,.F.);
#9248=ADVANCED_FACE('',(#8466),#130,.F.);
#9249=ADVANCED_FACE('',(#8467),#131,.F.);
#9250=ADVANCED_FACE('',(#8468),#8746,.F.);
#9251=ADVANCED_FACE('',(#8469),#8747,.T.);
#9252=ADVANCED_FACE('',(#8470),#8748,.F.);
#9253=ADVANCED_FACE('',(#8471,#8472),#8749,.T.);
#9254=ADVANCED_FACE('',(#8473),#132,.F.);
#9255=ADVANCED_FACE('',(#8474),#133,.F.);
#9256=ADVANCED_FACE('',(#8475),#1985,.F.);
#9257=ADVANCED_FACE('',(#8476),#1986,.F.);
#9258=ADVANCED_FACE('',(#8477),#8750,.T.);
#9259=ADVANCED_FACE('',(#8478,#8479,#8480,#8481),#8751,.F.);
#9260=ADVANCED_FACE('',(#8482),#8752,.T.);
#9261=ADVANCED_FACE('',(#8483),#8753,.T.);
#9262=ADVANCED_FACE('',(#8484),#8754,.F.);
#9263=ADVANCED_FACE('',(#8485),#8755,.T.);
#9264=ADVANCED_FACE('',(#8486),#8756,.T.);
#9265=ADVANCED_FACE('',(#8487),#1987,.F.);
#9266=ADVANCED_FACE('',(#8488),#1988,.F.);
#9267=ADVANCED_FACE('',(#8489),#1989,.F.);
#9268=ADVANCED_FACE('',(#8490),#1990,.F.);
#9269=ADVANCED_FACE('',(#8491),#8757,.F.);
#9270=ADVANCED_FACE('',(#8492),#1991,.F.);
#9271=ADVANCED_FACE('',(#8493,#8494),#8758,.F.);
#9272=ADVANCED_FACE('',(#8495,#8496),#8759,.F.);
#9273=ADVANCED_FACE('',(#8497),#134,.F.);
#9274=ADVANCED_FACE('',(#8498),#8760,.F.);
#9275=ADVANCED_FACE('',(#8499,#8500,#8501),#8761,.F.);
#9276=ADVANCED_FACE('',(#8502),#8762,.F.);
#9277=ADVANCED_FACE('',(#8503),#1992,.T.);
#9278=ADVANCED_FACE('',(#8504),#1993,.T.);
#9279=CLOSED_SHELL('',(#8763,#8764,#8765,#8766));
#9280=CLOSED_SHELL('',(#8767,#8768,#8769,#8770));
#9281=CLOSED_SHELL('',(#8771,#8772,#8773,#8774,#8775,#8776,#8777));
#9282=CLOSED_SHELL('',(#8778,#8779,#8780,#8781,#8782,#8783,#8784,#8785,
#8786,#8787,#8788,#8789,#8790,#8791,#8792,#8793,#8794,#8795,#8796,#8797,
#8798,#8799,#8800,#8801,#8802,#8803,#8804,#8805,#8806,#8807,#8808,#8809,
#8810,#8811,#8812,#8813,#8814,#8815,#8816,#8817,#8818,#8819,#8820,#8821,
#8822,#8823,#8824,#8825,#8826,#8827,#8828,#8829,#8830,#8831,#8832,#8833,
#8834,#8835,#8836,#8837,#8838,#8839,#8840,#8841,#8842,#8843,#8844,#8845,
#8846,#8847,#8848,#8849,#8850,#8851,#8852,#8853,#8854,#8855,#8856,#8857,
#8858,#8859,#8860,#8861,#8862,#8863,#8864,#8865,#8866,#8867,#8868,#8869,
#8870,#8871,#8872,#8873,#8874,#8875,#8876,#8877,#8878,#8879,#8880,#8881,
#8882,#8883,#8884,#8885,#8886,#8887,#8888,#8889,#8890,#8891,#8892,#8893,
#8894,#8895,#8896,#8897,#8898,#8899,#8900,#8901,#8902,#8903,#8904,#8905,
#8906,#8907));
#9283=CLOSED_SHELL('',(#8908,#8909,#8910,#8911));
#9284=CLOSED_SHELL('',(#8912,#8913,#8914,#8915));
#9285=CLOSED_SHELL('',(#8916,#8917,#8918,#8919,#8920,#8921,#8922,#8923,
#8924,#8925,#8926,#8927,#8928,#8929,#8930,#8931,#8932,#8933,#8934,#8935,
#8936,#8937,#8938,#8939,#8940,#8941,#8942,#8943,#8944,#8945,#8946,#8947,
#8948,#8949,#8950,#8951,#8952,#8953,#8954,#8955,#8956,#8957,#8958,#8959,
#8960,#8961,#8962,#8963,#8964,#8965,#8966,#8967,#8968,#8969,#8970,#8971,
#8972,#8973,#8974,#8975,#8976,#8977,#8978,#8979,#8980,#8981,#8982,#8983,
#8984,#8985,#8986,#8987,#8988));
#9286=CLOSED_SHELL('',(#8989,#8990,#8991,#8992,#8993,#8994,#8995,#8996,
#8997,#8998,#8999,#9000,#9001,#9002,#9003,#9004,#9005,#9006,#9007,#9008,
#9009,#9010,#9011,#9012,#9013,#9014,#9015,#9016,#9017,#9018,#9019,#9020,
#9021,#9022,#9023,#9024,#9025,#9026,#9027,#9028,#9029,#9030,#9031,#9032,
#9033,#9034,#9035,#9036,#9037,#9038,#9039,#9040,#9041,#9042,#9043,#9044,
#9045,#9046,#9047,#9048,#9049,#9050,#9051,#9052,#9053,#9054,#9055,#9056,
#9057,#9058,#9059,#9060,#9061,#9062,#9063,#9064,#9065,#9066,#9067,#9068,
#9069,#9070,#9071,#9072,#9073,#9074,#9075,#9076,#9077,#9078,#9079,#9080,
#9081));
#9287=CLOSED_SHELL('',(#9082,#9083,#9084,#9085,#9086,#9087,#9088,#9089,
#9090,#9091,#9092,#9093,#9094,#9095,#9096,#9097,#9098,#9099,#9100,#9101,
#9102,#9103,#9104,#9105,#9106,#9107,#9108,#9109,#9110,#9111,#9112,#9113,
#9114,#9115,#9116,#9117,#9118,#9119,#9120,#9121,#9122,#9123,#9124,#9125,
#9126,#9127,#9128,#9129,#9130,#9131,#9132,#9133,#9134,#9135,#9136,#9137,
#9138,#9139,#9140,#9141,#9142,#9143,#9144,#9145,#9146,#9147,#9148,#9149,
#9150,#9151,#9152,#9153,#9154,#9155,#9156,#9157,#9158,#9159,#9160,#9161,
#9162,#9163,#9164,#9165,#9166,#9167,#9168,#9169,#9170,#9171,#9172,#9173,
#9174,#9175,#9176,#9177,#9178,#9179,#9180,#9181,#9182,#9183,#9184,#9185,
#9186,#9187,#9188,#9189,#9190,#9191));
#9288=CLOSED_SHELL('',(#9192,#9193,#9194,#9195,#9196,#9197,#9198,#9199,
#9200,#9201,#9202,#9203,#9204,#9205,#9206,#9207,#9208,#9209,#9210,#9211,
#9212,#9213,#9214,#9215,#9216,#9217,#9218,#9219,#9220,#9221,#9222,#9223,
#9224,#9225,#9226,#9227,#9228,#9229,#9230,#9231,#9232,#9233,#9234,#9235,
#9236,#9237,#9238,#9239,#9240,#9241,#9242,#9243,#9244,#9245,#9246,#9247,
#9248,#9249,#9250,#9251,#9252,#9253,#9254,#9255,#9256,#9257,#9258,#9259,
#9260,#9261,#9262,#9263,#9264,#9265,#9266,#9267,#9268,#9269,#9270,#9271,
#9272,#9273,#9274,#9275,#9276,#9277,#9278));
#9289=STYLED_ITEM('',(#9299),#9360);
#9290=STYLED_ITEM('',(#9300),#9361);
#9291=STYLED_ITEM('',(#9301),#9362);
#9292=STYLED_ITEM('',(#9302),#9363);
#9293=STYLED_ITEM('',(#9303),#9364);
#9294=STYLED_ITEM('',(#9304),#9365);
#9295=STYLED_ITEM('',(#9305),#9366);
#9296=STYLED_ITEM('',(#9306),#9367);
#9297=STYLED_ITEM('',(#9307),#9368);
#9298=STYLED_ITEM('',(#9308),#9369);
#9299=PRESENTATION_STYLE_ASSIGNMENT((#9309));
#9300=PRESENTATION_STYLE_ASSIGNMENT((#9310));
#9301=PRESENTATION_STYLE_ASSIGNMENT((#9311));
#9302=PRESENTATION_STYLE_ASSIGNMENT((#9312));
#9303=PRESENTATION_STYLE_ASSIGNMENT((#9313));
#9304=PRESENTATION_STYLE_ASSIGNMENT((#9314));
#9305=PRESENTATION_STYLE_ASSIGNMENT((#9315));
#9306=PRESENTATION_STYLE_ASSIGNMENT((#9316));
#9307=PRESENTATION_STYLE_ASSIGNMENT((#9317));
#9308=PRESENTATION_STYLE_ASSIGNMENT((#9318));
#9309=SURFACE_STYLE_USAGE(.BOTH.,#9319);
#9310=SURFACE_STYLE_USAGE(.BOTH.,#9320);
#9311=SURFACE_STYLE_USAGE(.BOTH.,#9321);
#9312=SURFACE_STYLE_USAGE(.BOTH.,#9322);
#9313=SURFACE_STYLE_USAGE(.BOTH.,#9323);
#9314=SURFACE_STYLE_USAGE(.BOTH.,#9324);
#9315=SURFACE_STYLE_USAGE(.BOTH.,#9325);
#9316=SURFACE_STYLE_USAGE(.BOTH.,#9326);
#9317=SURFACE_STYLE_USAGE(.BOTH.,#9327);
#9318=SURFACE_STYLE_USAGE(.BOTH.,#9328);
#9319=SURFACE_SIDE_STYLE('',(#9329));
#9320=SURFACE_SIDE_STYLE('',(#9330));
#9321=SURFACE_SIDE_STYLE('',(#9331));
#9322=SURFACE_SIDE_STYLE('',(#9332));
#9323=SURFACE_SIDE_STYLE('',(#9333));
#9324=SURFACE_SIDE_STYLE('',(#9334));
#9325=SURFACE_SIDE_STYLE('',(#9335));
#9326=SURFACE_SIDE_STYLE('',(#9336));
#9327=SURFACE_SIDE_STYLE('',(#9337));
#9328=SURFACE_SIDE_STYLE('',(#9338));
#9329=SURFACE_STYLE_FILL_AREA(#9339);
#9330=SURFACE_STYLE_FILL_AREA(#9340);
#9331=SURFACE_STYLE_FILL_AREA(#9341);
#9332=SURFACE_STYLE_FILL_AREA(#9342);
#9333=SURFACE_STYLE_FILL_AREA(#9343);
#9334=SURFACE_STYLE_FILL_AREA(#9344);
#9335=SURFACE_STYLE_FILL_AREA(#9345);
#9336=SURFACE_STYLE_FILL_AREA(#9346);
#9337=SURFACE_STYLE_FILL_AREA(#9347);
#9338=SURFACE_STYLE_FILL_AREA(#9348);
#9339=FILL_AREA_STYLE('',(#9349));
#9340=FILL_AREA_STYLE('',(#9350));
#9341=FILL_AREA_STYLE('',(#9351));
#9342=FILL_AREA_STYLE('',(#9352));
#9343=FILL_AREA_STYLE('',(#9353));
#9344=FILL_AREA_STYLE('',(#9354));
#9345=FILL_AREA_STYLE('',(#9355));
#9346=FILL_AREA_STYLE('',(#9356));
#9347=FILL_AREA_STYLE('',(#9357));
#9348=FILL_AREA_STYLE('',(#9358));
#9349=FILL_AREA_STYLE_COLOUR('',#9359);
#9350=FILL_AREA_STYLE_COLOUR('',#9359);
#9351=FILL_AREA_STYLE_COLOUR('',#9359);
#9352=FILL_AREA_STYLE_COLOUR('',#9359);
#9353=FILL_AREA_STYLE_COLOUR('',#9359);
#9354=FILL_AREA_STYLE_COLOUR('',#9359);
#9355=FILL_AREA_STYLE_COLOUR('',#9359);
#9356=FILL_AREA_STYLE_COLOUR('',#9359);
#9357=FILL_AREA_STYLE_COLOUR('',#9359);
#9358=FILL_AREA_STYLE_COLOUR('',#9359);
#9359=COLOUR_RGB('',0.596063172350652,0.666666666666667,0.686259250782025);
#9360=MANIFOLD_SOLID_BREP('',#9279);
#9361=MANIFOLD_SOLID_BREP('',#9280);
#9362=MANIFOLD_SOLID_BREP('',#9281);
#9363=MANIFOLD_SOLID_BREP('',#9282);
#9364=MANIFOLD_SOLID_BREP('',#9283);
#9365=MANIFOLD_SOLID_BREP('',#9284);
#9366=MANIFOLD_SOLID_BREP('',#9285);
#9367=MANIFOLD_SOLID_BREP('',#9286);
#9368=MANIFOLD_SOLID_BREP('',#9287);
#9369=MANIFOLD_SOLID_BREP('',#9288);
#9370=SHAPE_DEFINITION_REPRESENTATION(#15969,#9371);
#9371=SHAPE_REPRESENTATION('GGP-50',(#9372),#15964);
#9372=AXIS2_PLACEMENT_3D('',#13096,#10332,#10333);
#9373=AXIS2_PLACEMENT_3D('',#13097,#10334,#10335);
#9374=AXIS2_PLACEMENT_3D('',#13098,#10336,#10337);
#9375=AXIS2_PLACEMENT_3D('',#13100,#10338,#10339);
#9376=AXIS2_PLACEMENT_3D('',#13102,#10340,#10341);
#9377=AXIS2_PLACEMENT_3D('',#13103,#10342,#10343);
#9378=AXIS2_PLACEMENT_3D('',#13105,#10344,#10345);
#9379=AXIS2_PLACEMENT_3D('',#13107,#10346,#10347);
#9380=AXIS2_PLACEMENT_3D('',#13108,#10348,#10349);
#9381=AXIS2_PLACEMENT_3D('',#13109,#10350,#10351);
#9382=AXIS2_PLACEMENT_3D('',#13110,#10352,#10353);
#9383=AXIS2_PLACEMENT_3D('',#13112,#10354,#10355);
#9384=AXIS2_PLACEMENT_3D('',#13114,#10356,#10357);
#9385=AXIS2_PLACEMENT_3D('',#13115,#10358,#10359);
#9386=AXIS2_PLACEMENT_3D('',#13117,#10360,#10361);
#9387=AXIS2_PLACEMENT_3D('',#13119,#10362,#10363);
#9388=AXIS2_PLACEMENT_3D('',#13120,#10364,#10365);
#9389=AXIS2_PLACEMENT_3D('',#13121,#10366,#10367);
#9390=AXIS2_PLACEMENT_3D('',#13122,#10368,#10369);
#9391=AXIS2_PLACEMENT_3D('',#13124,#10370,#10371);
#9392=AXIS2_PLACEMENT_3D('',#13125,#10372,#10373);
#9393=AXIS2_PLACEMENT_3D('',#13127,#10374,#10375);
#9394=AXIS2_PLACEMENT_3D('',#13128,#10376,#10377);
#9395=AXIS2_PLACEMENT_3D('',#13130,#10378,#10379);
#9396=AXIS2_PLACEMENT_3D('',#13131,#10380,#10381);
#9397=AXIS2_PLACEMENT_3D('',#13133,#10382,#10383);
#9398=AXIS2_PLACEMENT_3D('',#13134,#10384,#10385);
#9399=AXIS2_PLACEMENT_3D('',#13136,#10386,#10387);
#9400=AXIS2_PLACEMENT_3D('',#13137,#10388,#10389);
#9401=AXIS2_PLACEMENT_3D('',#13139,#10390,#10391);
#9402=AXIS2_PLACEMENT_3D('',#13140,#10392,#10393);
#9403=AXIS2_PLACEMENT_3D('',#13141,#10394,#10395);
#9404=AXIS2_PLACEMENT_3D('',#13146,#10397,#10398);
#9405=AXIS2_PLACEMENT_3D('',#13149,#10400,#10401);
#9406=AXIS2_PLACEMENT_3D('',#13150,#10402,#10403);
#9407=AXIS2_PLACEMENT_3D('',#13155,#10405,#10406);
#9408=AXIS2_PLACEMENT_3D('',#13158,#10408,#10409);
#9409=AXIS2_PLACEMENT_3D('',#13159,#10410,#10411);
#9410=AXIS2_PLACEMENT_3D('',#13164,#10413,#10414);
#9411=AXIS2_PLACEMENT_3D('',#13167,#10416,#10417);
#9412=AXIS2_PLACEMENT_3D('',#13168,#10418,#10419);
#9413=AXIS2_PLACEMENT_3D('',#13173,#10421,#10422);
#9414=AXIS2_PLACEMENT_3D('',#13176,#10424,#10425);
#9415=AXIS2_PLACEMENT_3D('',#13185,#10430,#10431);
#9416=AXIS2_PLACEMENT_3D('',#13186,#10432,#10433);
#9417=AXIS2_PLACEMENT_3D('',#13187,#10434,#10435);
#9418=AXIS2_PLACEMENT_3D('',#13188,#10436,#10437);
#9419=AXIS2_PLACEMENT_3D('',#13189,#10438,#10439);
#9420=AXIS2_PLACEMENT_3D('',#13192,#10441,#10442);
#9421=AXIS2_PLACEMENT_3D('',#13224,#10458,#10459);
#9422=AXIS2_PLACEMENT_3D('',#13340,#10517,#10518);
#9423=AXIS2_PLACEMENT_3D('',#13372,#10534,#10535);
#9424=AXIS2_PLACEMENT_3D('',#13427,#10563,#10564);
#9425=AXIS2_PLACEMENT_3D('',#13431,#10567,#10568);
#9426=AXIS2_PLACEMENT_3D('',#13432,#10569,#10570);
#9427=AXIS2_PLACEMENT_3D('',#13433,#10571,#10572);
#9428=AXIS2_PLACEMENT_3D('',#13434,#10573,#10574);
#9429=AXIS2_PLACEMENT_3D('',#13435,#10575,#10576);
#9430=AXIS2_PLACEMENT_3D('',#13436,#10577,#10578);
#9431=AXIS2_PLACEMENT_3D('',#13492,#10606,#10607);
#9432=AXIS2_PLACEMENT_3D('',#13524,#10623,#10624);
#9433=AXIS2_PLACEMENT_3D('',#13640,#10682,#10683);
#9434=AXIS2_PLACEMENT_3D('',#13671,#10699,#10700);
#9435=AXIS2_PLACEMENT_3D('',#13673,#10702,#10703);
#9436=AXIS2_PLACEMENT_3D('',#13674,#10704,#10705);
#9437=AXIS2_PLACEMENT_3D('',#13675,#10706,#10707);
#9438=AXIS2_PLACEMENT_3D('',#13676,#10708,#10709);
#9439=AXIS2_PLACEMENT_3D('',#13677,#10710,#10711);
#9440=AXIS2_PLACEMENT_3D('',#13679,#10713,#10714);
#9441=AXIS2_PLACEMENT_3D('',#13682,#10717,#10718);
#9442=AXIS2_PLACEMENT_3D('',#13684,#10720,#10721);
#9443=AXIS2_PLACEMENT_3D('',#13687,#10724,#10725);
#9444=AXIS2_PLACEMENT_3D('',#13689,#10727,#10728);
#9445=AXIS2_PLACEMENT_3D('',#13691,#10730,#10731);
#9446=AXIS2_PLACEMENT_3D('',#13694,#10734,#10735);
#9447=AXIS2_PLACEMENT_3D('',#13696,#10737,#10738);
#9448=AXIS2_PLACEMENT_3D('',#13699,#10741,#10742);
#9449=AXIS2_PLACEMENT_3D('',#13701,#10744,#10745);
#9450=AXIS2_PLACEMENT_3D('',#13703,#10747,#10748);
#9451=AXIS2_PLACEMENT_3D('',#13706,#10751,#10752);
#9452=AXIS2_PLACEMENT_3D('',#13708,#10754,#10755);
#9453=AXIS2_PLACEMENT_3D('',#13711,#10758,#10759);
#9454=AXIS2_PLACEMENT_3D('',#13713,#10761,#10762);
#9455=AXIS2_PLACEMENT_3D('',#13715,#10764,#10765);
#9456=AXIS2_PLACEMENT_3D('',#13718,#10768,#10769);
#9457=AXIS2_PLACEMENT_3D('',#13720,#10771,#10772);
#9458=AXIS2_PLACEMENT_3D('',#13723,#10775,#10776);
#9459=AXIS2_PLACEMENT_3D('',#13726,#10779,#10780);
#9460=AXIS2_PLACEMENT_3D('',#13728,#10782,#10783);
#9461=AXIS2_PLACEMENT_3D('',#13731,#10786,#10787);
#9462=AXIS2_PLACEMENT_3D('',#13733,#10789,#10790);
#9463=AXIS2_PLACEMENT_3D('',#13735,#10792,#10793);
#9464=AXIS2_PLACEMENT_3D('',#13738,#10796,#10797);
#9465=AXIS2_PLACEMENT_3D('',#13740,#10799,#10800);
#9466=AXIS2_PLACEMENT_3D('',#13743,#10803,#10804);
#9467=AXIS2_PLACEMENT_3D('',#13746,#10807,#10808);
#9468=AXIS2_PLACEMENT_3D('',#13748,#10810,#10811);
#9469=AXIS2_PLACEMENT_3D('',#13751,#10814,#10815);
#9470=AXIS2_PLACEMENT_3D('',#13753,#10817,#10818);
#9471=AXIS2_PLACEMENT_3D('',#13755,#10820,#10821);
#9472=AXIS2_PLACEMENT_3D('',#13758,#10824,#10825);
#9473=AXIS2_PLACEMENT_3D('',#13760,#10827,#10828);
#9474=AXIS2_PLACEMENT_3D('',#13763,#10831,#10832);
#9475=AXIS2_PLACEMENT_3D('',#13766,#10835,#10836);
#9476=AXIS2_PLACEMENT_3D('',#13768,#10838,#10839);
#9477=AXIS2_PLACEMENT_3D('',#13771,#10842,#10843);
#9478=AXIS2_PLACEMENT_3D('',#13773,#10845,#10846);
#9479=AXIS2_PLACEMENT_3D('',#13775,#10848,#10849);
#9480=AXIS2_PLACEMENT_3D('',#13778,#10852,#10853);
#9481=AXIS2_PLACEMENT_3D('',#13780,#10855,#10856);
#9482=AXIS2_PLACEMENT_3D('',#13783,#10859,#10860);
#9483=AXIS2_PLACEMENT_3D('',#13785,#10862,#10863);
#9484=AXIS2_PLACEMENT_3D('',#13787,#10865,#10866);
#9485=AXIS2_PLACEMENT_3D('',#13790,#10869,#10870);
#9486=AXIS2_PLACEMENT_3D('',#13792,#10872,#10873);
#9487=AXIS2_PLACEMENT_3D('',#13795,#10876,#10877);
#9488=AXIS2_PLACEMENT_3D('',#13797,#10879,#10880);
#9489=AXIS2_PLACEMENT_3D('',#13799,#10882,#10883);
#9490=AXIS2_PLACEMENT_3D('',#13802,#10886,#10887);
#9491=AXIS2_PLACEMENT_3D('',#13804,#10889,#10890);
#9492=AXIS2_PLACEMENT_3D('',#13807,#10893,#10894);
#9493=AXIS2_PLACEMENT_3D('',#13809,#10896,#10897);
#9494=AXIS2_PLACEMENT_3D('',#13811,#10899,#10900);
#9495=AXIS2_PLACEMENT_3D('',#13814,#10903,#10904);
#9496=AXIS2_PLACEMENT_3D('',#13816,#10906,#10907);
#9497=AXIS2_PLACEMENT_3D('',#13819,#10910,#10911);
#9498=AXIS2_PLACEMENT_3D('',#13821,#10913,#10914);
#9499=AXIS2_PLACEMENT_3D('',#13823,#10916,#10917);
#9500=AXIS2_PLACEMENT_3D('',#13826,#10920,#10921);
#9501=AXIS2_PLACEMENT_3D('',#13828,#10923,#10924);
#9502=AXIS2_PLACEMENT_3D('',#13831,#10927,#10928);
#9503=AXIS2_PLACEMENT_3D('',#13834,#10931,#10932);
#9504=AXIS2_PLACEMENT_3D('',#13836,#10934,#10935);
#9505=AXIS2_PLACEMENT_3D('',#13839,#10938,#10939);
#9506=AXIS2_PLACEMENT_3D('',#13841,#10941,#10942);
#9507=AXIS2_PLACEMENT_3D('',#13843,#10944,#10945);
#9508=AXIS2_PLACEMENT_3D('',#13846,#10948,#10949);
#9509=AXIS2_PLACEMENT_3D('',#13848,#10951,#10952);
#9510=AXIS2_PLACEMENT_3D('',#13849,#10953,#10954);
#9511=AXIS2_PLACEMENT_3D('',#13851,#10956,#10957);
#9512=AXIS2_PLACEMENT_3D('',#13852,#10958,#10959);
#9513=AXIS2_PLACEMENT_3D('',#13853,#10960,#10961);
#9514=AXIS2_PLACEMENT_3D('',#13854,#10962,#10963);
#9515=AXIS2_PLACEMENT_3D('',#13856,#10965,#10966);
#9516=AXIS2_PLACEMENT_3D('',#13857,#10967,#10968);
#9517=AXIS2_PLACEMENT_3D('',#13859,#10970,#10971);
#9518=AXIS2_PLACEMENT_3D('',#13860,#10972,#10973);
#9519=AXIS2_PLACEMENT_3D('',#13861,#10974,#10975);
#9520=AXIS2_PLACEMENT_3D('',#13862,#10976,#10977);
#9521=AXIS2_PLACEMENT_3D('',#13864,#10979,#10980);
#9522=AXIS2_PLACEMENT_3D('',#13866,#10982,#10983);
#9523=AXIS2_PLACEMENT_3D('',#13867,#10984,#10985);
#9524=AXIS2_PLACEMENT_3D('',#13868,#10986,#10987);
#9525=AXIS2_PLACEMENT_3D('',#13869,#10988,#10989);
#9526=AXIS2_PLACEMENT_3D('',#13870,#10990,#10991);
#9527=AXIS2_PLACEMENT_3D('',#13872,#10993,#10994);
#9528=AXIS2_PLACEMENT_3D('',#13874,#10996,#10997);
#9529=AXIS2_PLACEMENT_3D('',#13875,#10998,#10999);
#9530=AXIS2_PLACEMENT_3D('',#13876,#11000,#11001);
#9531=AXIS2_PLACEMENT_3D('',#13877,#11002,#11003);
#9532=AXIS2_PLACEMENT_3D('',#13878,#11004,#11005);
#9533=AXIS2_PLACEMENT_3D('',#13880,#11007,#11008);
#9534=AXIS2_PLACEMENT_3D('',#13882,#11010,#11011);
#9535=AXIS2_PLACEMENT_3D('',#13883,#11012,#11013);
#9536=AXIS2_PLACEMENT_3D('',#13884,#11014,#11015);
#9537=AXIS2_PLACEMENT_3D('',#13885,#11016,#11017);
#9538=AXIS2_PLACEMENT_3D('',#13886,#11018,#11019);
#9539=AXIS2_PLACEMENT_3D('',#13888,#11021,#11022);
#9540=AXIS2_PLACEMENT_3D('',#13889,#11023,#11024);
#9541=AXIS2_PLACEMENT_3D('',#13891,#11026,#11027);
#9542=AXIS2_PLACEMENT_3D('',#13892,#11028,#11029);
#9543=AXIS2_PLACEMENT_3D('',#13893,#11030,#11031);
#9544=AXIS2_PLACEMENT_3D('',#13894,#11032,#11033);
#9545=AXIS2_PLACEMENT_3D('',#13896,#11035,#11036);
#9546=AXIS2_PLACEMENT_3D('',#13897,#11037,#11038);
#9547=AXIS2_PLACEMENT_3D('',#13899,#11040,#11041);
#9548=AXIS2_PLACEMENT_3D('',#13900,#11042,#11043);
#9549=AXIS2_PLACEMENT_3D('',#13901,#11044,#11045);
#9550=AXIS2_PLACEMENT_3D('',#13902,#11046,#11047);
#9551=AXIS2_PLACEMENT_3D('',#13904,#11049,#11050);
#9552=AXIS2_PLACEMENT_3D('',#13906,#11052,#11053);
#9553=AXIS2_PLACEMENT_3D('',#13907,#11054,#11055);
#9554=AXIS2_PLACEMENT_3D('',#13908,#11056,#11057);
#9555=AXIS2_PLACEMENT_3D('',#13909,#11058,#11059);
#9556=AXIS2_PLACEMENT_3D('',#13910,#11060,#11061);
#9557=AXIS2_PLACEMENT_3D('',#13911,#11062,#11063);
#9558=AXIS2_PLACEMENT_3D('',#13916,#11065,#11066);
#9559=AXIS2_PLACEMENT_3D('',#13919,#11068,#11069);
#9560=AXIS2_PLACEMENT_3D('',#13920,#11070,#11071);
#9561=AXIS2_PLACEMENT_3D('',#13921,#11072,#11073);
#9562=AXIS2_PLACEMENT_3D('',#13922,#11074,#11075);
#9563=AXIS2_PLACEMENT_3D('',#13923,#11076,#11077);
#9564=AXIS2_PLACEMENT_3D('',#13924,#11078,#11079);
#9565=AXIS2_PLACEMENT_3D('',#13925,#11080,#11081);
#9566=AXIS2_PLACEMENT_3D('',#13930,#11083,#11084);
#9567=AXIS2_PLACEMENT_3D('',#13933,#11086,#11087);
#9568=AXIS2_PLACEMENT_3D('',#13934,#11088,#11089);
#9569=AXIS2_PLACEMENT_3D('',#13935,#11090,#11091);
#9570=AXIS2_PLACEMENT_3D('',#13936,#11092,#11093);
#9571=AXIS2_PLACEMENT_3D('',#13937,#11094,#11095);
#9572=AXIS2_PLACEMENT_3D('',#13938,#11096,#11097);
#9573=AXIS2_PLACEMENT_3D('',#13939,#11098,#11099);
#9574=AXIS2_PLACEMENT_3D('',#13944,#11101,#11102);
#9575=AXIS2_PLACEMENT_3D('',#13947,#11104,#11105);
#9576=AXIS2_PLACEMENT_3D('',#13948,#11106,#11107);
#9577=AXIS2_PLACEMENT_3D('',#13953,#11109,#11110);
#9578=AXIS2_PLACEMENT_3D('',#13957,#11112,#11113);
#9579=AXIS2_PLACEMENT_3D('',#13958,#11114,#11115);
#9580=AXIS2_PLACEMENT_3D('',#13959,#11116,#11117);
#9581=AXIS2_PLACEMENT_3D('',#13964,#11119,#11120);
#9582=AXIS2_PLACEMENT_3D('',#13968,#11122,#11123);
#9583=AXIS2_PLACEMENT_3D('',#13969,#11124,#11125);
#9584=AXIS2_PLACEMENT_3D('',#13970,#11126,#11127);
#9585=AXIS2_PLACEMENT_3D('',#13975,#11129,#11130);
#9586=AXIS2_PLACEMENT_3D('',#13979,#11132,#11133);
#9587=AXIS2_PLACEMENT_3D('',#13980,#11134,#11135);
#9588=AXIS2_PLACEMENT_3D('',#13981,#11136,#11137);
#9589=AXIS2_PLACEMENT_3D('',#13986,#11139,#11140);
#9590=AXIS2_PLACEMENT_3D('',#13990,#11142,#11143);
#9591=AXIS2_PLACEMENT_3D('',#13991,#11144,#11145);
#9592=AXIS2_PLACEMENT_3D('',#13994,#11147,#11148);
#9593=AXIS2_PLACEMENT_3D('',#13997,#11150,#11151);
#9594=AXIS2_PLACEMENT_3D('',#13998,#11152,#11153);
#9595=AXIS2_PLACEMENT_3D('',#14002,#11155,#11156);
#9596=AXIS2_PLACEMENT_3D('',#14005,#11158,#11159);
#9597=AXIS2_PLACEMENT_3D('',#14006,#11160,#11161);
#9598=AXIS2_PLACEMENT_3D('',#14010,#11163,#11164);
#9599=AXIS2_PLACEMENT_3D('',#14013,#11166,#11167);
#9600=AXIS2_PLACEMENT_3D('',#14014,#11168,#11169);
#9601=AXIS2_PLACEMENT_3D('',#14018,#11171,#11172);
#9602=AXIS2_PLACEMENT_3D('',#14021,#11174,#11175);
#9603=AXIS2_PLACEMENT_3D('',#14022,#11176,#11177);
#9604=AXIS2_PLACEMENT_3D('',#14026,#11179,#11180);
#9605=AXIS2_PLACEMENT_3D('',#14029,#11182,#11183);
#9606=AXIS2_PLACEMENT_3D('',#14030,#11184,#11185);
#9607=AXIS2_PLACEMENT_3D('',#14035,#11187,#11188);
#9608=AXIS2_PLACEMENT_3D('',#14037,#11189,#11190);
#9609=AXIS2_PLACEMENT_3D('',#14040,#11192,#11193);
#9610=AXIS2_PLACEMENT_3D('',#14041,#11194,#11195);
#9611=AXIS2_PLACEMENT_3D('',#14046,#11197,#11198);
#9612=AXIS2_PLACEMENT_3D('',#14049,#11200,#11201);
#9613=AXIS2_PLACEMENT_3D('',#14050,#11202,#11203);
#9614=AXIS2_PLACEMENT_3D('',#14055,#11205,#11206);
#9615=AXIS2_PLACEMENT_3D('',#14059,#11208,#11209);
#9616=AXIS2_PLACEMENT_3D('',#14060,#11210,#11211);
#9617=AXIS2_PLACEMENT_3D('',#14061,#11212,#11213);
#9618=AXIS2_PLACEMENT_3D('',#14066,#11215,#11216);
#9619=AXIS2_PLACEMENT_3D('',#14070,#11218,#11219);
#9620=AXIS2_PLACEMENT_3D('',#14071,#11220,#11221);
#9621=AXIS2_PLACEMENT_3D('',#14072,#11222,#11223);
#9622=AXIS2_PLACEMENT_3D('',#14077,#11225,#11226);
#9623=AXIS2_PLACEMENT_3D('',#14080,#11228,#11229);
#9624=AXIS2_PLACEMENT_3D('',#14081,#11230,#11231);
#9625=AXIS2_PLACEMENT_3D('',#14085,#11233,#11234);
#9626=AXIS2_PLACEMENT_3D('',#14088,#11236,#11237);
#9627=AXIS2_PLACEMENT_3D('',#14091,#11239,#11240);
#9628=AXIS2_PLACEMENT_3D('',#14094,#11242,#11243);
#9629=AXIS2_PLACEMENT_3D('',#14095,#11244,#11245);
#9630=AXIS2_PLACEMENT_3D('',#14099,#11247,#11248);
#9631=AXIS2_PLACEMENT_3D('',#14102,#11250,#11251);
#9632=AXIS2_PLACEMENT_3D('',#14103,#11252,#11253);
#9633=AXIS2_PLACEMENT_3D('',#14107,#11255,#11256);
#9634=AXIS2_PLACEMENT_3D('',#14110,#11258,#11259);
#9635=AXIS2_PLACEMENT_3D('',#14113,#11261,#11262);
#9636=AXIS2_PLACEMENT_3D('',#14116,#11264,#11265);
#9637=AXIS2_PLACEMENT_3D('',#14117,#11266,#11267);
#9638=AXIS2_PLACEMENT_3D('',#14122,#11269,#11270);
#9639=AXIS2_PLACEMENT_3D('',#14125,#11272,#11273);
#9640=AXIS2_PLACEMENT_3D('',#14126,#11274,#11275);
#9641=AXIS2_PLACEMENT_3D('',#14131,#11277,#11278);
#9642=AXIS2_PLACEMENT_3D('',#14135,#11280,#11281);
#9643=AXIS2_PLACEMENT_3D('',#14136,#11282,#11283);
#9644=AXIS2_PLACEMENT_3D('',#14137,#11284,#11285);
#9645=AXIS2_PLACEMENT_3D('',#14142,#11288,#11289);
#9646=AXIS2_PLACEMENT_3D('',#14143,#11290,#11291);
#9647=AXIS2_PLACEMENT_3D('',#14148,#11293,#11294);
#9648=AXIS2_PLACEMENT_3D('',#14150,#11296,#11297);
#9649=AXIS2_PLACEMENT_3D('',#14151,#11298,#11299);
#9650=AXIS2_PLACEMENT_3D('',#14152,#11300,#11301);
#9651=AXIS2_PLACEMENT_3D('',#14153,#11302,#11303);
#9652=AXIS2_PLACEMENT_3D('',#14154,#11304,#11305);
#9653=AXIS2_PLACEMENT_3D('',#14155,#11306,#11307);
#9654=AXIS2_PLACEMENT_3D('',#14164,#11312,#11313);
#9655=AXIS2_PLACEMENT_3D('',#14165,#11314,#11315);
#9656=AXIS2_PLACEMENT_3D('',#14166,#11316,#11317);
#9657=AXIS2_PLACEMENT_3D('',#14167,#11318,#11319);
#9658=AXIS2_PLACEMENT_3D('',#14168,#11320,#11321);
#9659=AXIS2_PLACEMENT_3D('',#14169,#11322,#11323);
#9660=AXIS2_PLACEMENT_3D('',#14170,#11324,#11325);
#9661=AXIS2_PLACEMENT_3D('',#14171,#11326,#11327);
#9662=AXIS2_PLACEMENT_3D('',#14172,#11328,#11329);
#9663=AXIS2_PLACEMENT_3D('',#14173,#11330,#11331);
#9664=AXIS2_PLACEMENT_3D('',#14174,#11332,#11333);
#9665=AXIS2_PLACEMENT_3D('',#14184,#11339,#11340);
#9666=AXIS2_PLACEMENT_3D('',#14192,#11345,#11346);
#9667=AXIS2_PLACEMENT_3D('',#14200,#11351,#11352);
#9668=AXIS2_PLACEMENT_3D('',#14206,#11356,#11357);
#9669=AXIS2_PLACEMENT_3D('',#14207,#11358,#11359);
#9670=AXIS2_PLACEMENT_3D('',#14208,#11360,#11361);
#9671=AXIS2_PLACEMENT_3D('',#14209,#11362,#11363);
#9672=AXIS2_PLACEMENT_3D('',#14210,#11364,#11365);
#9673=AXIS2_PLACEMENT_3D('',#14211,#11366,#11367);
#9674=AXIS2_PLACEMENT_3D('',#14212,#11368,#11369);
#9675=AXIS2_PLACEMENT_3D('',#14213,#11370,#11371);
#9676=AXIS2_PLACEMENT_3D('',#14214,#11372,#11373);
#9677=AXIS2_PLACEMENT_3D('',#14215,#11374,#11375);
#9678=AXIS2_PLACEMENT_3D('',#14216,#11376,#11377);
#9679=AXIS2_PLACEMENT_3D('',#14222,#11381,#11382);
#9680=AXIS2_PLACEMENT_3D('',#14228,#11386,#11387);
#9681=AXIS2_PLACEMENT_3D('',#14234,#11391,#11392);
#9682=AXIS2_PLACEMENT_3D('',#14240,#11396,#11397);
#9683=AXIS2_PLACEMENT_3D('',#14241,#11398,#11399);
#9684=AXIS2_PLACEMENT_3D('',#14242,#11400,#11401);
#9685=AXIS2_PLACEMENT_3D('',#14243,#11402,#11403);
#9686=AXIS2_PLACEMENT_3D('',#14244,#11404,#11405);
#9687=AXIS2_PLACEMENT_3D('',#14245,#11406,#11407);
#9688=AXIS2_PLACEMENT_3D('',#14246,#11408,#11409);
#9689=AXIS2_PLACEMENT_3D('',#14247,#11410,#11411);
#9690=AXIS2_PLACEMENT_3D('',#14248,#11412,#11413);
#9691=AXIS2_PLACEMENT_3D('',#14249,#11414,#11415);
#9692=AXIS2_PLACEMENT_3D('',#14250,#11416,#11417);
#9693=AXIS2_PLACEMENT_3D('',#14260,#11423,#11424);
#9694=AXIS2_PLACEMENT_3D('',#14262,#11426,#11427);
#9695=AXIS2_PLACEMENT_3D('',#14264,#11429,#11430);
#9696=AXIS2_PLACEMENT_3D('',#14270,#11434,#11435);
#9697=AXIS2_PLACEMENT_3D('',#14272,#11437,#11438);
#9698=AXIS2_PLACEMENT_3D('',#14278,#11442,#11443);
#9699=AXIS2_PLACEMENT_3D('',#14280,#11445,#11446);
#9700=AXIS2_PLACEMENT_3D('',#14282,#11448,#11449);
#9701=AXIS2_PLACEMENT_3D('',#14283,#11450,#11451);
#9702=AXIS2_PLACEMENT_3D('',#14284,#11452,#11453);
#9703=AXIS2_PLACEMENT_3D('',#14285,#11454,#11455);
#9704=AXIS2_PLACEMENT_3D('',#14286,#11456,#11457);
#9705=AXIS2_PLACEMENT_3D('',#14287,#11458,#11459);
#9706=AXIS2_PLACEMENT_3D('',#14288,#11460,#11461);
#9707=AXIS2_PLACEMENT_3D('',#14289,#11462,#11463);
#9708=AXIS2_PLACEMENT_3D('',#14290,#11464,#11465);
#9709=AXIS2_PLACEMENT_3D('',#14291,#11466,#11467);
#9710=AXIS2_PLACEMENT_3D('',#14292,#11468,#11469);
#9711=AXIS2_PLACEMENT_3D('',#14293,#11470,#11471);
#9712=AXIS2_PLACEMENT_3D('',#14294,#11472,#11473);
#9713=AXIS2_PLACEMENT_3D('',#14295,#11474,#11475);
#9714=AXIS2_PLACEMENT_3D('',#14296,#11476,#11477);
#9715=AXIS2_PLACEMENT_3D('',#14297,#11478,#11479);
#9716=AXIS2_PLACEMENT_3D('',#14298,#11480,#11481);
#9717=AXIS2_PLACEMENT_3D('',#14299,#11482,#11483);
#9718=AXIS2_PLACEMENT_3D('',#14300,#11484,#11485);
#9719=AXIS2_PLACEMENT_3D('',#14301,#11486,#11487);
#9720=AXIS2_PLACEMENT_3D('',#14302,#11488,#11489);
#9721=AXIS2_PLACEMENT_3D('',#14303,#11490,#11491);
#9722=AXIS2_PLACEMENT_3D('',#14304,#11492,#11493);
#9723=AXIS2_PLACEMENT_3D('',#14305,#11494,#11495);
#9724=AXIS2_PLACEMENT_3D('',#14306,#11496,#11497);
#9725=AXIS2_PLACEMENT_3D('',#14307,#11498,#11499);
#9726=AXIS2_PLACEMENT_3D('',#14308,#11500,#11501);
#9727=AXIS2_PLACEMENT_3D('',#14309,#11502,#11503);
#9728=AXIS2_PLACEMENT_3D('',#14310,#11504,#11505);
#9729=AXIS2_PLACEMENT_3D('',#14311,#11506,#11507);
#9730=AXIS2_PLACEMENT_3D('',#14312,#11508,#11509);
#9731=AXIS2_PLACEMENT_3D('',#14313,#11510,#11511);
#9732=AXIS2_PLACEMENT_3D('',#14314,#11512,#11513);
#9733=AXIS2_PLACEMENT_3D('',#14315,#11514,#11515);
#9734=AXIS2_PLACEMENT_3D('',#14316,#11516,#11517);
#9735=AXIS2_PLACEMENT_3D('',#14321,#11519,#11520);
#9736=AXIS2_PLACEMENT_3D('',#14324,#11522,#11523);
#9737=AXIS2_PLACEMENT_3D('',#14325,#11524,#11525);
#9738=AXIS2_PLACEMENT_3D('',#14330,#11527,#11528);
#9739=AXIS2_PLACEMENT_3D('',#14333,#11530,#11531);
#9740=AXIS2_PLACEMENT_3D('',#14334,#11532,#11533);
#9741=AXIS2_PLACEMENT_3D('',#14339,#11535,#11536);
#9742=AXIS2_PLACEMENT_3D('',#14342,#11538,#11539);
#9743=AXIS2_PLACEMENT_3D('',#14343,#11540,#11541);
#9744=AXIS2_PLACEMENT_3D('',#14348,#11543,#11544);
#9745=AXIS2_PLACEMENT_3D('',#14351,#11546,#11547);
#9746=AXIS2_PLACEMENT_3D('',#14352,#11548,#11549);
#9747=AXIS2_PLACEMENT_3D('',#14357,#11551,#11552);
#9748=AXIS2_PLACEMENT_3D('',#14360,#11554,#11555);
#9749=AXIS2_PLACEMENT_3D('',#14361,#11556,#11557);
#9750=AXIS2_PLACEMENT_3D('',#14366,#11559,#11560);
#9751=AXIS2_PLACEMENT_3D('',#14369,#11562,#11563);
#9752=AXIS2_PLACEMENT_3D('',#14370,#11564,#11565);
#9753=AXIS2_PLACEMENT_3D('',#14375,#11567,#11568);
#9754=AXIS2_PLACEMENT_3D('',#14378,#11570,#11571);
#9755=AXIS2_PLACEMENT_3D('',#14379,#11572,#11573);
#9756=AXIS2_PLACEMENT_3D('',#14384,#11575,#11576);
#9757=AXIS2_PLACEMENT_3D('',#14387,#11578,#11579);
#9758=AXIS2_PLACEMENT_3D('',#14388,#11580,#11581);
#9759=AXIS2_PLACEMENT_3D('',#14393,#11583,#11584);
#9760=AXIS2_PLACEMENT_3D('',#14396,#11586,#11587);
#9761=AXIS2_PLACEMENT_3D('',#14397,#11588,#11589);
#9762=AXIS2_PLACEMENT_3D('',#14402,#11591,#11592);
#9763=AXIS2_PLACEMENT_3D('',#14405,#11594,#11595);
#9764=AXIS2_PLACEMENT_3D('',#14406,#11596,#11597);
#9765=AXIS2_PLACEMENT_3D('',#14411,#11599,#11600);
#9766=AXIS2_PLACEMENT_3D('',#14415,#11602,#11603);
#9767=AXIS2_PLACEMENT_3D('',#14419,#11605,#11606);
#9768=AXIS2_PLACEMENT_3D('',#14423,#11608,#11609);
#9769=AXIS2_PLACEMENT_3D('',#14427,#11611,#11612);
#9770=AXIS2_PLACEMENT_3D('',#14430,#11614,#11615);
#9771=AXIS2_PLACEMENT_3D('',#14431,#11616,#11617);
#9772=AXIS2_PLACEMENT_3D('',#14436,#11619,#11620);
#9773=AXIS2_PLACEMENT_3D('',#14439,#11622,#11623);
#9774=AXIS2_PLACEMENT_3D('',#14440,#11624,#11625);
#9775=AXIS2_PLACEMENT_3D('',#14445,#11627,#11628);
#9776=AXIS2_PLACEMENT_3D('',#14448,#11630,#11631);
#9777=AXIS2_PLACEMENT_3D('',#14449,#11632,#11633);
#9778=AXIS2_PLACEMENT_3D('',#14454,#11636,#11637);
#9779=AXIS2_PLACEMENT_3D('',#14455,#11638,#11639);
#9780=AXIS2_PLACEMENT_3D('',#14460,#11642,#11643);
#9781=AXIS2_PLACEMENT_3D('',#14461,#11644,#11645);
#9782=AXIS2_PLACEMENT_3D('',#14466,#11647,#11648);
#9783=AXIS2_PLACEMENT_3D('',#14469,#11650,#11651);
#9784=AXIS2_PLACEMENT_3D('',#14470,#11652,#11653);
#9785=AXIS2_PLACEMENT_3D('',#14475,#11655,#11656);
#9786=AXIS2_PLACEMENT_3D('',#14478,#11658,#11659);
#9787=AXIS2_PLACEMENT_3D('',#14479,#11660,#11661);
#9788=AXIS2_PLACEMENT_3D('',#14484,#11663,#11664);
#9789=AXIS2_PLACEMENT_3D('',#14487,#11666,#11667);
#9790=AXIS2_PLACEMENT_3D('',#14488,#11668,#11669);
#9791=AXIS2_PLACEMENT_3D('',#14493,#11671,#11672);
#9792=AXIS2_PLACEMENT_3D('',#14496,#11674,#11675);
#9793=AXIS2_PLACEMENT_3D('',#14497,#11676,#11677);
#9794=AXIS2_PLACEMENT_3D('',#14502,#11679,#11680);
#9795=AXIS2_PLACEMENT_3D('',#14505,#11682,#11683);
#9796=AXIS2_PLACEMENT_3D('',#14506,#11684,#11685);
#9797=AXIS2_PLACEMENT_3D('',#14511,#11687,#11688);
#9798=AXIS2_PLACEMENT_3D('',#14514,#11690,#11691);
#9799=AXIS2_PLACEMENT_3D('',#14515,#11692,#11693);
#9800=AXIS2_PLACEMENT_3D('',#14520,#11695,#11696);
#9801=AXIS2_PLACEMENT_3D('',#14523,#11698,#11699);
#9802=AXIS2_PLACEMENT_3D('',#14524,#11700,#11701);
#9803=AXIS2_PLACEMENT_3D('',#14529,#11703,#11704);
#9804=AXIS2_PLACEMENT_3D('',#14532,#11706,#11707);
#9805=AXIS2_PLACEMENT_3D('',#14533,#11708,#11709);
#9806=AXIS2_PLACEMENT_3D('',#14534,#11710,#11711);
#9807=AXIS2_PLACEMENT_3D('',#14543,#11716,#11717);
#9808=AXIS2_PLACEMENT_3D('',#14544,#11718,#11719);
#9809=AXIS2_PLACEMENT_3D('',#14545,#11720,#11721);
#9810=AXIS2_PLACEMENT_3D('',#14546,#11722,#11723);
#9811=AXIS2_PLACEMENT_3D('',#14547,#11724,#11725);
#9812=AXIS2_PLACEMENT_3D('',#14548,#11726,#11727);
#9813=AXIS2_PLACEMENT_3D('',#14549,#11728,#11729);
#9814=AXIS2_PLACEMENT_3D('',#14550,#11730,#11731);
#9815=AXIS2_PLACEMENT_3D('',#14553,#11733,#11734);
#9816=AXIS2_PLACEMENT_3D('',#14558,#11737,#11738);
#9817=AXIS2_PLACEMENT_3D('',#14560,#11740,#11741);
#9818=AXIS2_PLACEMENT_3D('',#14564,#11743,#11744);
#9819=AXIS2_PLACEMENT_3D('',#14567,#11746,#11747);
#9820=AXIS2_PLACEMENT_3D('',#14571,#11749,#11750);
#9821=AXIS2_PLACEMENT_3D('',#14575,#11752,#11753);
#9822=AXIS2_PLACEMENT_3D('',#14576,#11754,#11755);
#9823=AXIS2_PLACEMENT_3D('',#14577,#11756,#11757);
#9824=AXIS2_PLACEMENT_3D('',#14578,#11758,#11759);
#9825=AXIS2_PLACEMENT_3D('',#14579,#11760,#11761);
#9826=AXIS2_PLACEMENT_3D('',#14580,#11762,#11763);
#9827=AXIS2_PLACEMENT_3D('',#14590,#11769,#11770);
#9828=AXIS2_PLACEMENT_3D('',#14598,#11775,#11776);
#9829=AXIS2_PLACEMENT_3D('',#14606,#11781,#11782);
#9830=AXIS2_PLACEMENT_3D('',#14612,#11786,#11787);
#9831=AXIS2_PLACEMENT_3D('',#14613,#11788,#11789);
#9832=AXIS2_PLACEMENT_3D('',#14614,#11790,#11791);
#9833=AXIS2_PLACEMENT_3D('',#14615,#11792,#11793);
#9834=AXIS2_PLACEMENT_3D('',#14616,#11794,#11795);
#9835=AXIS2_PLACEMENT_3D('',#14617,#11796,#11797);
#9836=AXIS2_PLACEMENT_3D('',#14618,#11798,#11799);
#9837=AXIS2_PLACEMENT_3D('',#14619,#11800,#11801);
#9838=AXIS2_PLACEMENT_3D('',#14620,#11802,#11803);
#9839=AXIS2_PLACEMENT_3D('',#14621,#11804,#11805);
#9840=AXIS2_PLACEMENT_3D('',#14622,#11806,#11807);
#9841=AXIS2_PLACEMENT_3D('',#14623,#11808,#11809);
#9842=AXIS2_PLACEMENT_3D('',#14624,#11810,#11811);
#9843=AXIS2_PLACEMENT_3D('',#14625,#11812,#11813);
#9844=AXIS2_PLACEMENT_3D('',#14626,#11814,#11815);
#9845=AXIS2_PLACEMENT_3D('',#14627,#11816,#11817);
#9846=AXIS2_PLACEMENT_3D('',#14628,#11818,#11819);
#9847=AXIS2_PLACEMENT_3D('',#14629,#11820,#11821);
#9848=AXIS2_PLACEMENT_3D('',#14634,#11824,#11825);
#9849=AXIS2_PLACEMENT_3D('',#14636,#11827,#11828);
#9850=AXIS2_PLACEMENT_3D('',#14637,#11829,#11830);
#9851=AXIS2_PLACEMENT_3D('',#14640,#11832,#11833);
#9852=AXIS2_PLACEMENT_3D('',#14645,#11836,#11837);
#9853=AXIS2_PLACEMENT_3D('',#14648,#11839,#11840);
#9854=AXIS2_PLACEMENT_3D('',#14652,#11843,#11844);
#9855=AXIS2_PLACEMENT_3D('',#14653,#11845,#11846);
#9856=AXIS2_PLACEMENT_3D('',#14656,#11848,#11849);
#9857=AXIS2_PLACEMENT_3D('',#14658,#11851,#11852);
#9858=AXIS2_PLACEMENT_3D('',#14660,#11854,#11855);
#9859=AXIS2_PLACEMENT_3D('',#14663,#11857,#11858);
#9860=AXIS2_PLACEMENT_3D('',#14664,#11859,#11860);
#9861=AXIS2_PLACEMENT_3D('',#14666,#11862,#11863);
#9862=AXIS2_PLACEMENT_3D('',#14668,#11865,#11866);
#9863=AXIS2_PLACEMENT_3D('',#14671,#11868,#11869);
#9864=AXIS2_PLACEMENT_3D('',#14672,#11870,#11871);
#9865=AXIS2_PLACEMENT_3D('',#14674,#11873,#11874);
#9866=AXIS2_PLACEMENT_3D('',#14676,#11876,#11877);
#9867=AXIS2_PLACEMENT_3D('',#14677,#11878,#11879);
#9868=AXIS2_PLACEMENT_3D('',#14678,#11880,#11881);
#9869=AXIS2_PLACEMENT_3D('',#14679,#11882,#11883);
#9870=AXIS2_PLACEMENT_3D('',#14680,#11884,#11885);
#9871=AXIS2_PLACEMENT_3D('',#14686,#11889,#11890);
#9872=AXIS2_PLACEMENT_3D('',#14692,#11894,#11895);
#9873=AXIS2_PLACEMENT_3D('',#14698,#11899,#11900);
#9874=AXIS2_PLACEMENT_3D('',#14704,#11904,#11905);
#9875=AXIS2_PLACEMENT_3D('',#14713,#11910,#11911);
#9876=AXIS2_PLACEMENT_3D('',#14714,#11912,#11913);
#9877=AXIS2_PLACEMENT_3D('',#14715,#11914,#11915);
#9878=AXIS2_PLACEMENT_3D('',#14716,#11916,#11917);
#9879=AXIS2_PLACEMENT_3D('',#14717,#11918,#11919);
#9880=AXIS2_PLACEMENT_3D('',#14722,#11921,#11922);
#9881=AXIS2_PLACEMENT_3D('',#14726,#11924,#11925);
#9882=AXIS2_PLACEMENT_3D('',#14730,#11927,#11928);
#9883=AXIS2_PLACEMENT_3D('',#14733,#11930,#11931);
#9884=AXIS2_PLACEMENT_3D('',#14734,#11932,#11933);
#9885=AXIS2_PLACEMENT_3D('',#14735,#11934,#11935);
#9886=AXIS2_PLACEMENT_3D('',#14736,#11936,#11937);
#9887=AXIS2_PLACEMENT_3D('',#14737,#11938,#11939);
#9888=AXIS2_PLACEMENT_3D('',#14738,#11940,#11941);
#9889=AXIS2_PLACEMENT_3D('',#14739,#11942,#11943);
#9890=AXIS2_PLACEMENT_3D('',#14740,#11944,#11945);
#9891=AXIS2_PLACEMENT_3D('',#14741,#11946,#11947);
#9892=AXIS2_PLACEMENT_3D('',#14742,#11948,#11949);
#9893=AXIS2_PLACEMENT_3D('',#14743,#11950,#11951);
#9894=AXIS2_PLACEMENT_3D('',#14744,#11952,#11953);
#9895=AXIS2_PLACEMENT_3D('',#14745,#11954,#11955);
#9896=AXIS2_PLACEMENT_3D('',#14746,#11956,#11957);
#9897=AXIS2_PLACEMENT_3D('',#14747,#11958,#11959);
#9898=AXIS2_PLACEMENT_3D('',#14748,#11960,#11961);
#9899=AXIS2_PLACEMENT_3D('',#14749,#11962,#11963);
#9900=AXIS2_PLACEMENT_3D('',#14750,#11964,#11965);
#9901=AXIS2_PLACEMENT_3D('',#14755,#11967,#11968);
#9902=AXIS2_PLACEMENT_3D('',#14759,#11970,#11971);
#9903=AXIS2_PLACEMENT_3D('',#14763,#11973,#11974);
#9904=AXIS2_PLACEMENT_3D('',#14766,#11976,#11977);
#9905=AXIS2_PLACEMENT_3D('',#14767,#11978,#11979);
#9906=AXIS2_PLACEMENT_3D('',#14768,#11980,#11981);
#9907=AXIS2_PLACEMENT_3D('',#14769,#11982,#11983);
#9908=AXIS2_PLACEMENT_3D('',#14770,#11984,#11985);
#9909=AXIS2_PLACEMENT_3D('',#14771,#11986,#11987);
#9910=AXIS2_PLACEMENT_3D('',#14772,#11988,#11989);
#9911=AXIS2_PLACEMENT_3D('',#14779,#11994,#11995);
#9912=AXIS2_PLACEMENT_3D('',#14781,#11997,#11998);
#9913=AXIS2_PLACEMENT_3D('',#14783,#12000,#12001);
#9914=AXIS2_PLACEMENT_3D('',#14787,#12004,#12005);
#9915=AXIS2_PLACEMENT_3D('',#14789,#12007,#12008);
#9916=AXIS2_PLACEMENT_3D('',#14793,#12011,#12012);
#9917=AXIS2_PLACEMENT_3D('',#14795,#12014,#12015);
#9918=AXIS2_PLACEMENT_3D('',#14796,#12016,#12017);
#9919=AXIS2_PLACEMENT_3D('',#14797,#12018,#12019);
#9920=AXIS2_PLACEMENT_3D('',#14798,#12020,#12021);
#9921=AXIS2_PLACEMENT_3D('',#14799,#12022,#12023);
#9922=AXIS2_PLACEMENT_3D('',#14800,#12024,#12025);
#9923=AXIS2_PLACEMENT_3D('',#14803,#12028,#12029);
#9924=AXIS2_PLACEMENT_3D('',#14805,#12031,#12032);
#9925=AXIS2_PLACEMENT_3D('',#14807,#12034,#12035);
#9926=AXIS2_PLACEMENT_3D('',#14809,#12037,#12038);
#9927=AXIS2_PLACEMENT_3D('',#14811,#12040,#12041);
#9928=AXIS2_PLACEMENT_3D('',#14813,#12043,#12044);
#9929=AXIS2_PLACEMENT_3D('',#14815,#12046,#12047);
#9930=AXIS2_PLACEMENT_3D('',#14816,#12048,#12049);
#9931=AXIS2_PLACEMENT_3D('',#14817,#12050,#12051);
#9932=AXIS2_PLACEMENT_3D('',#14818,#12052,#12053);
#9933=AXIS2_PLACEMENT_3D('',#14819,#12054,#12055);
#9934=AXIS2_PLACEMENT_3D('',#14820,#12056,#12057);
#9935=AXIS2_PLACEMENT_3D('',#14821,#12058,#12059);
#9936=AXIS2_PLACEMENT_3D('',#14826,#12061,#12062);
#9937=AXIS2_PLACEMENT_3D('',#14829,#12064,#12065);
#9938=AXIS2_PLACEMENT_3D('',#14830,#12066,#12067);
#9939=AXIS2_PLACEMENT_3D('',#14835,#12069,#12070);
#9940=AXIS2_PLACEMENT_3D('',#14838,#12072,#12073);
#9941=AXIS2_PLACEMENT_3D('',#14839,#12074,#12075);
#9942=AXIS2_PLACEMENT_3D('',#14844,#12077,#12078);
#9943=AXIS2_PLACEMENT_3D('',#14850,#12079,#12080);
#9944=AXIS2_PLACEMENT_3D('',#14851,#12081,#12082);
#9945=AXIS2_PLACEMENT_3D('',#14856,#12084,#12085);
#9946=AXIS2_PLACEMENT_3D('',#14862,#12086,#12087);
#9947=AXIS2_PLACEMENT_3D('',#14863,#12088,#12089);
#9948=AXIS2_PLACEMENT_3D('',#14868,#12091,#12092);
#9949=AXIS2_PLACEMENT_3D('',#14874,#12093,#12094);
#9950=AXIS2_PLACEMENT_3D('',#14875,#12095,#12096);
#9951=AXIS2_PLACEMENT_3D('',#14880,#12098,#12099);
#9952=AXIS2_PLACEMENT_3D('',#14883,#12101,#12102);
#9953=AXIS2_PLACEMENT_3D('',#14884,#12103,#12104);
#9954=AXIS2_PLACEMENT_3D('',#14889,#12106,#12107);
#9955=AXIS2_PLACEMENT_3D('',#14892,#12109,#12110);
#9956=AXIS2_PLACEMENT_3D('',#14893,#12111,#12112);
#9957=AXIS2_PLACEMENT_3D('',#14898,#12114,#12115);
#9958=AXIS2_PLACEMENT_3D('',#14901,#12117,#12118);
#9959=AXIS2_PLACEMENT_3D('',#14902,#12119,#12120);
#9960=AXIS2_PLACEMENT_3D('',#14907,#12122,#12123);
#9961=AXIS2_PLACEMENT_3D('',#14910,#12125,#12126);
#9962=AXIS2_PLACEMENT_3D('',#14911,#12127,#12128);
#9963=AXIS2_PLACEMENT_3D('',#14916,#12130,#12131);
#9964=AXIS2_PLACEMENT_3D('',#14919,#12133,#12134);
#9965=AXIS2_PLACEMENT_3D('',#14920,#12135,#12136);
#9966=AXIS2_PLACEMENT_3D('',#14925,#12138,#12139);
#9967=AXIS2_PLACEMENT_3D('',#14928,#12141,#12142);
#9968=AXIS2_PLACEMENT_3D('',#14929,#12143,#12144);
#9969=AXIS2_PLACEMENT_3D('',#14934,#12146,#12147);
#9970=AXIS2_PLACEMENT_3D('',#14937,#12149,#12150);
#9971=AXIS2_PLACEMENT_3D('',#14946,#12152,#12153);
#9972=AXIS2_PLACEMENT_3D('',#14964,#12157,#12158);
#9973=AXIS2_PLACEMENT_3D('',#14997,#12160,#12161);
#9974=AXIS2_PLACEMENT_3D('',#15015,#12165,#12166);
#9975=AXIS2_PLACEMENT_3D('',#15025,#12168,#12169);
#9976=AXIS2_PLACEMENT_3D('',#15036,#12172,#12173);
#9977=AXIS2_PLACEMENT_3D('',#15070,#12175,#12176);
#9978=AXIS2_PLACEMENT_3D('',#15081,#12179,#12180);
#9979=AXIS2_PLACEMENT_3D('',#15082,#12181,#12182);
#9980=AXIS2_PLACEMENT_3D('',#15087,#12185,#12186);
#9981=AXIS2_PLACEMENT_3D('',#15088,#12187,#12188);
#9982=AXIS2_PLACEMENT_3D('',#15093,#12191,#12192);
#9983=AXIS2_PLACEMENT_3D('',#15094,#12193,#12194);
#9984=AXIS2_PLACEMENT_3D('',#15099,#12196,#12197);
#9985=AXIS2_PLACEMENT_3D('',#15103,#12199,#12200);
#9986=AXIS2_PLACEMENT_3D('',#15107,#12202,#12203);
#9987=AXIS2_PLACEMENT_3D('',#15111,#12205,#12206);
#9988=AXIS2_PLACEMENT_3D('',#15114,#12208,#12209);
#9989=AXIS2_PLACEMENT_3D('',#15116,#12211,#12212);
#9990=AXIS2_PLACEMENT_3D('',#15117,#12213,#12214);
#9991=AXIS2_PLACEMENT_3D('',#15122,#12217,#12218);
#9992=AXIS2_PLACEMENT_3D('',#15123,#12219,#12220);
#9993=AXIS2_PLACEMENT_3D('',#15126,#12222,#12223);
#9994=AXIS2_PLACEMENT_3D('',#15142,#12226,#12227);
#9995=AXIS2_PLACEMENT_3D('',#15158,#12230,#12231);
#9996=AXIS2_PLACEMENT_3D('',#15161,#12233,#12234);
#9997=AXIS2_PLACEMENT_3D('',#15164,#12236,#12237);
#9998=AXIS2_PLACEMENT_3D('',#15167,#12239,#12240);
#9999=AXIS2_PLACEMENT_3D('',#15170,#12242,#12243);
#10000=AXIS2_PLACEMENT_3D('',#15173,#12245,#12246);
#10001=AXIS2_PLACEMENT_3D('',#15176,#12248,#12249);
#10002=AXIS2_PLACEMENT_3D('',#15179,#12252,#12253);
#10003=AXIS2_PLACEMENT_3D('',#15182,#12256,#12257);
#10004=AXIS2_PLACEMENT_3D('',#15183,#12258,#12259);
#10005=AXIS2_PLACEMENT_3D('',#15188,#12261,#12262);
#10006=AXIS2_PLACEMENT_3D('',#15191,#12264,#12265);
#10007=AXIS2_PLACEMENT_3D('',#15192,#12266,#12267);
#10008=AXIS2_PLACEMENT_3D('',#15197,#12269,#12270);
#10009=AXIS2_PLACEMENT_3D('',#15200,#12272,#12273);
#10010=AXIS2_PLACEMENT_3D('',#15201,#12274,#12275);
#10011=AXIS2_PLACEMENT_3D('',#15206,#12277,#12278);
#10012=AXIS2_PLACEMENT_3D('',#15209,#12280,#12281);
#10013=AXIS2_PLACEMENT_3D('',#15210,#12282,#12283);
#10014=AXIS2_PLACEMENT_3D('',#15212,#12284,#12285);
#10015=AXIS2_PLACEMENT_3D('',#15218,#12286,#12287);
#10016=AXIS2_PLACEMENT_3D('',#15219,#12288,#12289);
#10017=AXIS2_PLACEMENT_3D('',#15224,#12291,#12292);
#10018=AXIS2_PLACEMENT_3D('',#15227,#12294,#12295);
#10019=AXIS2_PLACEMENT_3D('',#15228,#12296,#12297);
#10020=AXIS2_PLACEMENT_3D('',#15230,#12298,#12299);
#10021=AXIS2_PLACEMENT_3D('',#15236,#12300,#12301);
#10022=AXIS2_PLACEMENT_3D('',#15237,#12302,#12303);
#10023=AXIS2_PLACEMENT_3D('',#15242,#12305,#12306);
#10024=AXIS2_PLACEMENT_3D('',#15245,#12308,#12309);
#10025=AXIS2_PLACEMENT_3D('',#15246,#12310,#12311);
#10026=AXIS2_PLACEMENT_3D('',#15251,#12313,#12314);
#10027=AXIS2_PLACEMENT_3D('',#15254,#12316,#12317);
#10028=AXIS2_PLACEMENT_3D('',#15255,#12318,#12319);
#10029=AXIS2_PLACEMENT_3D('',#15260,#12321,#12322);
#10030=AXIS2_PLACEMENT_3D('',#15263,#12324,#12325);
#10031=AXIS2_PLACEMENT_3D('',#15264,#12326,#12327);
#10032=AXIS2_PLACEMENT_3D('',#15269,#12329,#12330);
#10033=AXIS2_PLACEMENT_3D('',#15272,#12332,#12333);
#10034=AXIS2_PLACEMENT_3D('',#15276,#12336,#12337);
#10035=AXIS2_PLACEMENT_3D('',#15280,#12340,#12341);
#10036=AXIS2_PLACEMENT_3D('',#15284,#12344,#12345);
#10037=AXIS2_PLACEMENT_3D('',#15288,#12348,#12349);
#10038=AXIS2_PLACEMENT_3D('',#15305,#12358,#12359);
#10039=AXIS2_PLACEMENT_3D('',#15310,#12362,#12363);
#10040=AXIS2_PLACEMENT_3D('',#15313,#12366,#12367);
#10041=AXIS2_PLACEMENT_3D('',#15314,#12368,#12369);
#10042=AXIS2_PLACEMENT_3D('',#15317,#12370,#12371);
#10043=AXIS2_PLACEMENT_3D('',#15319,#12372,#12373);
#10044=AXIS2_PLACEMENT_3D('',#15321,#12374,#12375);
#10045=AXIS2_PLACEMENT_3D('',#15322,#12376,#12377);
#10046=AXIS2_PLACEMENT_3D('',#15323,#12378,#12379);
#10047=AXIS2_PLACEMENT_3D('',#15324,#12380,#12381);
#10048=AXIS2_PLACEMENT_3D('',#15326,#12382,#12383);
#10049=AXIS2_PLACEMENT_3D('',#15327,#12384,#12385);
#10050=AXIS2_PLACEMENT_3D('',#15328,#12386,#12387);
#10051=AXIS2_PLACEMENT_3D('',#15329,#12388,#12389);
#10052=AXIS2_PLACEMENT_3D('',#15335,#12393,#12394);
#10053=AXIS2_PLACEMENT_3D('',#15341,#12398,#12399);
#10054=AXIS2_PLACEMENT_3D('',#15342,#12400,#12401);
#10055=AXIS2_PLACEMENT_3D('',#15343,#12402,#12403);
#10056=AXIS2_PLACEMENT_3D('',#15344,#12404,#12405);
#10057=AXIS2_PLACEMENT_3D('',#15350,#12409,#12410);
#10058=AXIS2_PLACEMENT_3D('',#15351,#12411,#12412);
#10059=AXIS2_PLACEMENT_3D('',#15352,#12413,#12414);
#10060=AXIS2_PLACEMENT_3D('',#15354,#12416,#12417);
#10061=AXIS2_PLACEMENT_3D('',#15355,#12418,#12419);
#10062=AXIS2_PLACEMENT_3D('',#15356,#12420,#12421);
#10063=AXIS2_PLACEMENT_3D('',#15360,#12425,#12426);
#10064=AXIS2_PLACEMENT_3D('',#15361,#12427,#12428);
#10065=AXIS2_PLACEMENT_3D('',#15362,#12429,#12430);
#10066=AXIS2_PLACEMENT_3D('',#15363,#12431,#12432);
#10067=AXIS2_PLACEMENT_3D('',#15364,#12433,#12434);
#10068=AXIS2_PLACEMENT_3D('',#15365,#12435,#12436);
#10069=AXIS2_PLACEMENT_3D('',#15366,#12437,#12438);
#10070=AXIS2_PLACEMENT_3D('',#15367,#12439,#12440);
#10071=AXIS2_PLACEMENT_3D('',#15376,#12441,#12442);
#10072=AXIS2_PLACEMENT_3D('',#15377,#12443,#12444);
#10073=AXIS2_PLACEMENT_3D('',#15382,#12445,#12446);
#10074=AXIS2_PLACEMENT_3D('',#15383,#12447,#12448);
#10075=AXIS2_PLACEMENT_3D('',#15389,#12449,#12450);
#10076=AXIS2_PLACEMENT_3D('',#15390,#12451,#12452);
#10077=AXIS2_PLACEMENT_3D('',#15396,#12453,#12454);
#10078=AXIS2_PLACEMENT_3D('',#15397,#12455,#12456);
#10079=AXIS2_PLACEMENT_3D('',#15398,#12457,#12458);
#10080=AXIS2_PLACEMENT_3D('',#15399,#12459,#12460);
#10081=AXIS2_PLACEMENT_3D('',#15400,#12461,#12462);
#10082=AXIS2_PLACEMENT_3D('',#15401,#12463,#12464);
#10083=AXIS2_PLACEMENT_3D('',#15402,#12465,#12466);
#10084=AXIS2_PLACEMENT_3D('',#15403,#12467,#12468);
#10085=AXIS2_PLACEMENT_3D('',#15404,#12469,#12470);
#10086=AXIS2_PLACEMENT_3D('',#15405,#12471,#12472);
#10087=AXIS2_PLACEMENT_3D('',#15406,#12473,#12474);
#10088=AXIS2_PLACEMENT_3D('',#15407,#12475,#12476);
#10089=AXIS2_PLACEMENT_3D('',#15408,#12477,#12478);
#10090=AXIS2_PLACEMENT_3D('',#15409,#12479,#12480);
#10091=AXIS2_PLACEMENT_3D('',#15410,#12481,#12482);
#10092=AXIS2_PLACEMENT_3D('',#15411,#12483,#12484);
#10093=AXIS2_PLACEMENT_3D('',#15412,#12485,#12486);
#10094=AXIS2_PLACEMENT_3D('',#15413,#12487,#12488);
#10095=AXIS2_PLACEMENT_3D('',#15414,#12489,#12490);
#10096=AXIS2_PLACEMENT_3D('',#15415,#12491,#12492);
#10097=AXIS2_PLACEMENT_3D('',#15416,#12493,#12494);
#10098=AXIS2_PLACEMENT_3D('',#15417,#12495,#12496);
#10099=AXIS2_PLACEMENT_3D('',#15418,#12497,#12498);
#10100=AXIS2_PLACEMENT_3D('',#15419,#12499,#12500);
#10101=AXIS2_PLACEMENT_3D('',#15444,#12503,#12504);
#10102=AXIS2_PLACEMENT_3D('',#15458,#12507,#12508);
#10103=AXIS2_PLACEMENT_3D('',#15483,#12510,#12511);
#10104=AXIS2_PLACEMENT_3D('',#15497,#12513,#12514);
#10105=AXIS2_PLACEMENT_3D('',#15498,#12515,#12516);
#10106=AXIS2_PLACEMENT_3D('',#15499,#12517,#12518);
#10107=AXIS2_PLACEMENT_3D('',#15500,#12519,#12520);
#10108=AXIS2_PLACEMENT_3D('',#15501,#12521,#12522);
#10109=AXIS2_PLACEMENT_3D('',#15502,#12523,#12524);
#10110=AXIS2_PLACEMENT_3D('',#15503,#12525,#12526);
#10111=AXIS2_PLACEMENT_3D('',#15504,#12527,#12528);
#10112=AXIS2_PLACEMENT_3D('',#15507,#12530,#12531);
#10113=AXIS2_PLACEMENT_3D('',#15510,#12533,#12534);
#10114=AXIS2_PLACEMENT_3D('',#15513,#12536,#12537);
#10115=AXIS2_PLACEMENT_3D('',#15514,#12538,#12539);
#10116=AXIS2_PLACEMENT_3D('',#15515,#12540,#12541);
#10117=AXIS2_PLACEMENT_3D('',#15516,#12542,#12543);
#10118=AXIS2_PLACEMENT_3D('',#15517,#12544,#12545);
#10119=AXIS2_PLACEMENT_3D('',#15518,#12546,#12547);
#10120=AXIS2_PLACEMENT_3D('',#15519,#12548,#12549);
#10121=AXIS2_PLACEMENT_3D('',#15520,#12550,#12551);
#10122=AXIS2_PLACEMENT_3D('',#15521,#12552,#12553);
#10123=AXIS2_PLACEMENT_3D('',#15522,#12554,#12555);
#10124=AXIS2_PLACEMENT_3D('',#15523,#12556,#12557);
#10125=AXIS2_PLACEMENT_3D('',#15524,#12558,#12559);
#10126=AXIS2_PLACEMENT_3D('',#15525,#12560,#12561);
#10127=AXIS2_PLACEMENT_3D('',#15526,#12562,#12563);
#10128=AXIS2_PLACEMENT_3D('',#15527,#12564,#12565);
#10129=AXIS2_PLACEMENT_3D('',#15528,#12566,#12567);
#10130=AXIS2_PLACEMENT_3D('',#15529,#12568,#12569);
#10131=AXIS2_PLACEMENT_3D('',#15530,#12570,#12571);
#10132=AXIS2_PLACEMENT_3D('',#15531,#12572,#12573);
#10133=AXIS2_PLACEMENT_3D('',#15532,#12574,#12575);
#10134=AXIS2_PLACEMENT_3D('',#15533,#12576,#12577);
#10135=AXIS2_PLACEMENT_3D('',#15534,#12578,#12579);
#10136=AXIS2_PLACEMENT_3D('',#15535,#12580,#12581);
#10137=AXIS2_PLACEMENT_3D('',#15536,#12582,#12583);
#10138=AXIS2_PLACEMENT_3D('',#15537,#12584,#12585);
#10139=AXIS2_PLACEMENT_3D('',#15538,#12586,#12587);
#10140=AXIS2_PLACEMENT_3D('',#15539,#12588,#12589);
#10141=AXIS2_PLACEMENT_3D('',#15540,#12590,#12591);
#10142=AXIS2_PLACEMENT_3D('',#15541,#12592,#12593);
#10143=AXIS2_PLACEMENT_3D('',#15542,#12594,#12595);
#10144=AXIS2_PLACEMENT_3D('',#15543,#12596,#12597);
#10145=AXIS2_PLACEMENT_3D('',#15544,#12598,#12599);
#10146=AXIS2_PLACEMENT_3D('',#15545,#12600,#12601);
#10147=AXIS2_PLACEMENT_3D('',#15546,#12602,#12603);
#10148=AXIS2_PLACEMENT_3D('',#15547,#12604,#12605);
#10149=AXIS2_PLACEMENT_3D('',#15548,#12606,#12607);
#10150=AXIS2_PLACEMENT_3D('',#15549,#12608,#12609);
#10151=AXIS2_PLACEMENT_3D('',#15550,#12610,#12611);
#10152=AXIS2_PLACEMENT_3D('',#15551,#12612,#12613);
#10153=AXIS2_PLACEMENT_3D('',#15552,#12614,#12615);
#10154=AXIS2_PLACEMENT_3D('',#15553,#12616,#12617);
#10155=AXIS2_PLACEMENT_3D('',#15554,#12618,#12619);
#10156=AXIS2_PLACEMENT_3D('',#15555,#12620,#12621);
#10157=AXIS2_PLACEMENT_3D('',#15556,#12622,#12623);
#10158=AXIS2_PLACEMENT_3D('',#15557,#12624,#12625);
#10159=AXIS2_PLACEMENT_3D('',#15558,#12626,#12627);
#10160=AXIS2_PLACEMENT_3D('',#15559,#12628,#12629);
#10161=AXIS2_PLACEMENT_3D('',#15560,#12630,#12631);
#10162=AXIS2_PLACEMENT_3D('',#15561,#12632,#12633);
#10163=AXIS2_PLACEMENT_3D('',#15562,#12634,#12635);
#10164=AXIS2_PLACEMENT_3D('',#15563,#12636,#12637);
#10165=AXIS2_PLACEMENT_3D('',#15564,#12638,#12639);
#10166=AXIS2_PLACEMENT_3D('',#15565,#12640,#12641);
#10167=AXIS2_PLACEMENT_3D('',#15566,#12642,#12643);
#10168=AXIS2_PLACEMENT_3D('',#15567,#12644,#12645);
#10169=AXIS2_PLACEMENT_3D('',#15568,#12646,#12647);
#10170=AXIS2_PLACEMENT_3D('',#15569,#12648,#12649);
#10171=AXIS2_PLACEMENT_3D('',#15570,#12650,#12651);
#10172=AXIS2_PLACEMENT_3D('',#15571,#12652,#12653);
#10173=AXIS2_PLACEMENT_3D('',#15572,#12654,#12655);
#10174=AXIS2_PLACEMENT_3D('',#15573,#12656,#12657);
#10175=AXIS2_PLACEMENT_3D('',#15574,#12658,#12659);
#10176=AXIS2_PLACEMENT_3D('',#15575,#12660,#12661);
#10177=AXIS2_PLACEMENT_3D('',#15576,#12662,#12663);
#10178=AXIS2_PLACEMENT_3D('',#15577,#12664,#12665);
#10179=AXIS2_PLACEMENT_3D('',#15582,#12667,#12668);
#10180=AXIS2_PLACEMENT_3D('',#15585,#12670,#12671);
#10181=AXIS2_PLACEMENT_3D('',#15586,#12672,#12673);
#10182=AXIS2_PLACEMENT_3D('',#15591,#12675,#12676);
#10183=AXIS2_PLACEMENT_3D('',#15594,#12678,#12679);
#10184=AXIS2_PLACEMENT_3D('',#15595,#12680,#12681);
#10185=AXIS2_PLACEMENT_3D('',#15600,#12683,#12684);
#10186=AXIS2_PLACEMENT_3D('',#15603,#12686,#12687);
#10187=AXIS2_PLACEMENT_3D('',#15604,#12688,#12689);
#10188=AXIS2_PLACEMENT_3D('',#15609,#12692,#12693);
#10189=AXIS2_PLACEMENT_3D('',#15612,#12695,#12696);
#10190=AXIS2_PLACEMENT_3D('',#15615,#12698,#12699);
#10191=AXIS2_PLACEMENT_3D('',#15618,#12701,#12702);
#10192=AXIS2_PLACEMENT_3D('',#15621,#12704,#12705);
#10193=AXIS2_PLACEMENT_3D('',#15622,#12706,#12707);
#10194=AXIS2_PLACEMENT_3D('',#15627,#12709,#12710);
#10195=AXIS2_PLACEMENT_3D('',#15630,#12712,#12713);
#10196=AXIS2_PLACEMENT_3D('',#15631,#12714,#12715);
#10197=AXIS2_PLACEMENT_3D('',#15636,#12717,#12718);
#10198=AXIS2_PLACEMENT_3D('',#15639,#12720,#12721);
#10199=AXIS2_PLACEMENT_3D('',#15640,#12722,#12723);
#10200=AXIS2_PLACEMENT_3D('',#15645,#12725,#12726);
#10201=AXIS2_PLACEMENT_3D('',#15648,#12728,#12729);
#10202=AXIS2_PLACEMENT_3D('',#15649,#12730,#12731);
#10203=AXIS2_PLACEMENT_3D('',#15654,#12733,#12734);
#10204=AXIS2_PLACEMENT_3D('',#15657,#12736,#12737);
#10205=AXIS2_PLACEMENT_3D('',#15658,#12738,#12739);
#10206=AXIS2_PLACEMENT_3D('',#15663,#12741,#12742);
#10207=AXIS2_PLACEMENT_3D('',#15666,#12744,#12745);
#10208=AXIS2_PLACEMENT_3D('',#15667,#12746,#12747);
#10209=AXIS2_PLACEMENT_3D('',#15672,#12749,#12750);
#10210=AXIS2_PLACEMENT_3D('',#15675,#12752,#12753);
#10211=AXIS2_PLACEMENT_3D('',#15678,#12755,#12756);
#10212=AXIS2_PLACEMENT_3D('',#15681,#12758,#12759);
#10213=AXIS2_PLACEMENT_3D('',#15684,#12761,#12762);
#10214=AXIS2_PLACEMENT_3D('',#15687,#12764,#12765);
#10215=AXIS2_PLACEMENT_3D('',#15688,#12766,#12767);
#10216=AXIS2_PLACEMENT_3D('',#15693,#12770,#12771);
#10217=AXIS2_PLACEMENT_3D('',#15694,#12772,#12773);
#10218=AXIS2_PLACEMENT_3D('',#15699,#12776,#12777);
#10219=AXIS2_PLACEMENT_3D('',#15702,#12779,#12780);
#10220=AXIS2_PLACEMENT_3D('',#15705,#12782,#12783);
#10221=AXIS2_PLACEMENT_3D('',#15708,#12785,#12786);
#10222=AXIS2_PLACEMENT_3D('',#15711,#12788,#12789);
#10223=AXIS2_PLACEMENT_3D('',#15714,#12791,#12792);
#10224=AXIS2_PLACEMENT_3D('',#15717,#12794,#12795);
#10225=AXIS2_PLACEMENT_3D('',#15720,#12797,#12798);
#10226=AXIS2_PLACEMENT_3D('',#15723,#12800,#12801);
#10227=AXIS2_PLACEMENT_3D('',#15724,#12802,#12803);
#10228=AXIS2_PLACEMENT_3D('',#15729,#12805,#12806);
#10229=AXIS2_PLACEMENT_3D('',#15732,#12808,#12809);
#10230=AXIS2_PLACEMENT_3D('',#15735,#12811,#12812);
#10231=AXIS2_PLACEMENT_3D('',#15738,#12814,#12815);
#10232=AXIS2_PLACEMENT_3D('',#15747,#12820,#12821);
#10233=AXIS2_PLACEMENT_3D('',#15748,#12822,#12823);
#10234=AXIS2_PLACEMENT_3D('',#15749,#12824,#12825);
#10235=AXIS2_PLACEMENT_3D('',#15750,#12826,#12827);
#10236=AXIS2_PLACEMENT_3D('',#15758,#12833,#12834);
#10237=AXIS2_PLACEMENT_3D('',#15764,#12838,#12839);
#10238=AXIS2_PLACEMENT_3D('',#15770,#12843,#12844);
#10239=AXIS2_PLACEMENT_3D('',#15776,#12848,#12849);
#10240=AXIS2_PLACEMENT_3D('',#15777,#12850,#12851);
#10241=AXIS2_PLACEMENT_3D('',#15778,#12852,#12853);
#10242=AXIS2_PLACEMENT_3D('',#15779,#12854,#12855);
#10243=AXIS2_PLACEMENT_3D('',#15780,#12856,#12857);
#10244=AXIS2_PLACEMENT_3D('',#15781,#12858,#12859);
#10245=AXIS2_PLACEMENT_3D('',#15782,#12860,#12861);
#10246=AXIS2_PLACEMENT_3D('',#15784,#12863,#12864);
#10247=AXIS2_PLACEMENT_3D('',#15785,#12865,#12866);
#10248=AXIS2_PLACEMENT_3D('',#15789,#12869,#12870);
#10249=AXIS2_PLACEMENT_3D('',#15791,#12872,#12873);
#10250=AXIS2_PLACEMENT_3D('',#15793,#12875,#12876);
#10251=AXIS2_PLACEMENT_3D('',#15794,#12877,#12878);
#10252=AXIS2_PLACEMENT_3D('',#15798,#12881,#12882);
#10253=AXIS2_PLACEMENT_3D('',#15800,#12884,#12885);
#10254=AXIS2_PLACEMENT_3D('',#15810,#12891,#12892);
#10255=AXIS2_PLACEMENT_3D('',#15812,#12894,#12895);
#10256=AXIS2_PLACEMENT_3D('',#15818,#12899,#12900);
#10257=AXIS2_PLACEMENT_3D('',#15819,#12901,#12902);
#10258=AXIS2_PLACEMENT_3D('',#15820,#12903,#12904);
#10259=AXIS2_PLACEMENT_3D('',#15821,#12905,#12906);
#10260=AXIS2_PLACEMENT_3D('',#15822,#12907,#12908);
#10261=AXIS2_PLACEMENT_3D('',#15832,#12914,#12915);
#10262=AXIS2_PLACEMENT_3D('',#15833,#12916,#12917);
#10263=AXIS2_PLACEMENT_3D('',#15834,#12918,#12919);
#10264=AXIS2_PLACEMENT_3D('',#15835,#12920,#12921);
#10265=AXIS2_PLACEMENT_3D('',#15836,#12922,#12923);
#10266=AXIS2_PLACEMENT_3D('',#15837,#12924,#12925);
#10267=AXIS2_PLACEMENT_3D('',#15838,#12926,#12927);
#10268=AXIS2_PLACEMENT_3D('',#15839,#12928,#12929);
#10269=AXIS2_PLACEMENT_3D('',#15840,#12930,#12931);
#10270=AXIS2_PLACEMENT_3D('',#15841,#12932,#12933);
#10271=AXIS2_PLACEMENT_3D('',#15842,#12934,#12935);
#10272=AXIS2_PLACEMENT_3D('',#15848,#12939,#12940);
#10273=AXIS2_PLACEMENT_3D('',#15850,#12942,#12943);
#10274=AXIS2_PLACEMENT_3D('',#15852,#12945,#12946);
#10275=AXIS2_PLACEMENT_3D('',#15854,#12948,#12949);
#10276=AXIS2_PLACEMENT_3D('',#15859,#12953,#12954);
#10277=AXIS2_PLACEMENT_3D('',#15863,#12957,#12958);
#10278=AXIS2_PLACEMENT_3D('',#15867,#12961,#12962);
#10279=AXIS2_PLACEMENT_3D('',#15872,#12966,#12967);
#10280=AXIS2_PLACEMENT_3D('',#15874,#12969,#12970);
#10281=AXIS2_PLACEMENT_3D('',#15875,#12971,#12972);
#10282=AXIS2_PLACEMENT_3D('',#15876,#12973,#12974);
#10283=AXIS2_PLACEMENT_3D('',#15877,#12975,#12976);
#10284=AXIS2_PLACEMENT_3D('',#15878,#12977,#12978);
#10285=AXIS2_PLACEMENT_3D('',#15879,#12979,#12980);
#10286=AXIS2_PLACEMENT_3D('',#15880,#12981,#12982);
#10287=AXIS2_PLACEMENT_3D('',#15881,#12983,#12984);
#10288=AXIS2_PLACEMENT_3D('',#15882,#12985,#12986);
#10289=AXIS2_PLACEMENT_3D('',#15888,#12990,#12991);
#10290=AXIS2_PLACEMENT_3D('',#15891,#12994,#12995);
#10291=AXIS2_PLACEMENT_3D('',#15894,#12998,#12999);
#10292=AXIS2_PLACEMENT_3D('',#15895,#13000,#13001);
#10293=AXIS2_PLACEMENT_3D('',#15896,#13002,#13003);
#10294=AXIS2_PLACEMENT_3D('',#15897,#13004,#13005);
#10295=AXIS2_PLACEMENT_3D('',#15898,#13006,#13007);
#10296=AXIS2_PLACEMENT_3D('',#15899,#13008,#13009);
#10297=AXIS2_PLACEMENT_3D('',#15900,#13010,#13011);
#10298=AXIS2_PLACEMENT_3D('',#15901,#13012,#13013);
#10299=AXIS2_PLACEMENT_3D('',#15902,#13014,#13015);
#10300=AXIS2_PLACEMENT_3D('',#15903,#13016,#13017);
#10301=AXIS2_PLACEMENT_3D('',#15904,#13018,#13019);
#10302=AXIS2_PLACEMENT_3D('',#15905,#13020,#13021);
#10303=AXIS2_PLACEMENT_3D('',#15906,#13022,#13023);
#10304=AXIS2_PLACEMENT_3D('',#15912,#13026,#13027);
#10305=AXIS2_PLACEMENT_3D('',#15917,#13030,#13031);
#10306=AXIS2_PLACEMENT_3D('',#15920,#13033,#13034);
#10307=AXIS2_PLACEMENT_3D('',#15921,#13035,#13036);
#10308=AXIS2_PLACEMENT_3D('',#15922,#13037,#13038);
#10309=AXIS2_PLACEMENT_3D('',#15926,#13041,#13042);
#10310=AXIS2_PLACEMENT_3D('',#15929,#13044,#13045);
#10311=AXIS2_PLACEMENT_3D('',#15937,#13049,#13050);
#10312=AXIS2_PLACEMENT_3D('',#15938,#13051,#13052);
#10313=AXIS2_PLACEMENT_3D('',#15939,#13053,#13054);
#10314=AXIS2_PLACEMENT_3D('',#15940,#13055,#13056);
#10315=AXIS2_PLACEMENT_3D('',#15941,#13057,#13058);
#10316=AXIS2_PLACEMENT_3D('',#15942,#13059,#13060);
#10317=AXIS2_PLACEMENT_3D('',#15943,#13061,#13062);
#10318=AXIS2_PLACEMENT_3D('',#15944,#13063,#13064);
#10319=AXIS2_PLACEMENT_3D('',#15945,#13065,#13066);
#10320=AXIS2_PLACEMENT_3D('',#15946,#13067,#13068);
#10321=AXIS2_PLACEMENT_3D('',#15947,#13069,#13070);
#10322=AXIS2_PLACEMENT_3D('',#15949,#13072,#13073);
#10323=AXIS2_PLACEMENT_3D('',#15950,#13074,#13075);
#10324=AXIS2_PLACEMENT_3D('',#15951,#13076,#13077);
#10325=AXIS2_PLACEMENT_3D('',#15952,#13078,#13079);
#10326=AXIS2_PLACEMENT_3D('',#15953,#13080,#13081);
#10327=AXIS2_PLACEMENT_3D('',#15954,#13082,#13083);
#10328=AXIS2_PLACEMENT_3D('',#15957,#13086,#13087);
#10329=AXIS2_PLACEMENT_3D('',#15959,#13089,#13090);
#10330=AXIS2_PLACEMENT_3D('',#15961,#13092,#13093);
#10331=AXIS2_PLACEMENT_3D('',#15962,#13094,#13095);
#10332=DIRECTION('',(0.,0.,1.));
#10333=DIRECTION('',(1.,0.,0.));
#10334=DIRECTION('',(0.,0.,1.));
#10335=DIRECTION('',(1.,0.,0.));
#10336=DIRECTION('',(0.,0.,1.));
#10337=DIRECTION('',(6.12323399573677E-17,1.,0.));
#10338=DIRECTION('',(0.,0.,-1.));
#10339=DIRECTION('',(1.,0.,0.));
#10340=DIRECTION('',(0.,0.,-1.));
#10341=DIRECTION('',(-1.,0.,0.));
#10342=DIRECTION('',(0.,0.,-1.));
#10343=DIRECTION('',(-1.,0.,0.));
#10344=DIRECTION('',(0.,0.,1.));
#10345=DIRECTION('',(1.,0.,0.));
#10346=DIRECTION('',(0.,0.,1.));
#10347=DIRECTION('',(1.,0.,0.));
#10348=DIRECTION('',(0.,0.,1.));
#10349=DIRECTION('',(1.,0.,0.));
#10350=DIRECTION('',(0.,0.,1.));
#10351=DIRECTION('',(1.,0.,0.));
#10352=DIRECTION('',(0.,0.,1.));
#10353=DIRECTION('',(6.12323399573677E-17,1.,0.));
#10354=DIRECTION('',(0.,0.,-1.));
#10355=DIRECTION('',(1.,0.,0.));
#10356=DIRECTION('',(0.,0.,-1.));
#10357=DIRECTION('',(-1.,0.,0.));
#10358=DIRECTION('',(0.,0.,-1.));
#10359=DIRECTION('',(-1.,0.,0.));
#10360=DIRECTION('',(0.,0.,1.));
#10361=DIRECTION('',(1.,0.,0.));
#10362=DIRECTION('',(0.,0.,1.));
#10363=DIRECTION('',(1.,0.,0.));
#10364=DIRECTION('',(0.,0.,1.));
#10365=DIRECTION('',(1.,0.,0.));
#10366=DIRECTION('',(-3.51436609374759E-15,3.5527136788005E-15,1.));
#10367=DIRECTION('',(0.,-1.,3.5527136788005E-15));
#10368=DIRECTION('',(-3.51436609374759E-15,3.5527136788005E-15,1.));
#10369=DIRECTION('',(0.,-1.,3.5527136788005E-15));
#10370=DIRECTION('',(-3.51436609374759E-15,3.5527136788005E-15,1.));
#10371=DIRECTION('',(0.,-1.,3.5527136788005E-15));
#10372=DIRECTION('',(-3.51436609374759E-15,3.5527136788005E-15,1.));
#10373=DIRECTION('',(0.,-1.,3.5527136788005E-15));
#10374=DIRECTION('',(-3.51436609374759E-15,3.5527136788005E-15,1.));
#10375=DIRECTION('',(0.,-1.,3.5527136788005E-15));
#10376=DIRECTION('',(-3.51436609374759E-15,3.5527136788005E-15,1.));
#10377=DIRECTION('',(0.,-1.,3.5527136788005E-15));
#10378=DIRECTION('',(-3.51436609374759E-15,3.5527136788005E-15,1.));
#10379=DIRECTION('',(0.,-1.,3.5527136788005E-15));
#10380=DIRECTION('',(-3.51436609374759E-15,3.5527136788005E-15,1.));
#10381=DIRECTION('',(0.,-1.,3.5527136788005E-15));
#10382=DIRECTION('',(3.51436609374759E-15,-3.5527136788005E-15,-1.));
#10383=DIRECTION('',(0.,1.,-3.5527136788005E-15));
#10384=DIRECTION('',(-3.51436609374759E-15,3.5527136788005E-15,1.));
#10385=DIRECTION('',(0.,-1.,3.5527136788005E-15));
#10386=DIRECTION('',(-3.51436609374759E-15,3.5527136788005E-15,1.));
#10387=DIRECTION('',(0.,-1.,3.5527136788005E-15));
#10388=DIRECTION('',(-3.51436609374759E-15,3.5527136788005E-15,1.));
#10389=DIRECTION('',(0.,-1.,3.5527136788005E-15));
#10390=DIRECTION('',(3.51436609374759E-15,-3.5527136788005E-15,-1.));
#10391=DIRECTION('',(0.,1.,-3.5527136788005E-15));
#10392=DIRECTION('',(0.,0.,-1.));
#10393=DIRECTION('',(1.,0.,0.));
#10394=DIRECTION('',(0.,0.,-1.));
#10395=DIRECTION('',(-1.,0.,0.));
#10396=DIRECTION('',(0.,0.,-1.));
#10397=DIRECTION('',(0.,0.,-1.));
#10398=DIRECTION('',(-1.,0.,0.));
#10399=DIRECTION('',(0.,0.,-1.));
#10400=DIRECTION('',(0.,0.,-1.));
#10401=DIRECTION('',(1.,0.,0.));
#10402=DIRECTION('',(0.,0.,-1.));
#10403=DIRECTION('',(-1.,0.,0.));
#10404=DIRECTION('',(0.,0.,-1.));
#10405=DIRECTION('',(0.,0.,-1.));
#10406=DIRECTION('',(-1.,0.,0.));
#10407=DIRECTION('',(0.,0.,-1.));
#10408=DIRECTION('',(0.,0.,-1.));
#10409=DIRECTION('',(1.,0.,0.));
#10410=DIRECTION('',(0.,0.,-1.));
#10411=DIRECTION('',(-1.,0.,0.));
#10412=DIRECTION('',(0.,0.,-1.));
#10413=DIRECTION('',(0.,0.,-1.));
#10414=DIRECTION('',(-1.,0.,0.));
#10415=DIRECTION('',(0.,0.,-1.));
#10416=DIRECTION('',(0.,0.,-1.));
#10417=DIRECTION('',(1.,0.,0.));
#10418=DIRECTION('',(0.,0.,-1.));
#10419=DIRECTION('',(-1.,0.,0.));
#10420=DIRECTION('',(0.,0.,-1.));
#10421=DIRECTION('',(0.,0.,-1.));
#10422=DIRECTION('',(-1.,0.,0.));
#10423=DIRECTION('',(0.,0.,-1.));
#10424=DIRECTION('',(0.,-1.,0.));
#10425=DIRECTION('',(0.,0.,1.));
#10426=DIRECTION('',(0.,0.,-1.));
#10427=DIRECTION('',(-1.,0.,0.));
#10428=DIRECTION('',(0.,0.,1.));
#10429=DIRECTION('',(1.,0.,0.));
#10430=DIRECTION('',(0.,0.,1.));
#10431=DIRECTION('',(-1.,0.,0.));
#10432=DIRECTION('',(0.,0.,-1.));
#10433=DIRECTION('',(-1.,0.,0.));
#10434=DIRECTION('',(0.,0.,-1.));
#10435=DIRECTION('',(-1.,0.,0.));
#10436=DIRECTION('',(0.,0.,-1.));
#10437=DIRECTION('',(-1.,0.,0.));
#10438=DIRECTION('',(0.,0.,-1.));
#10439=DIRECTION('',(-1.,0.,0.));
#10440=DIRECTION('',(0.,-1.,0.));
#10441=DIRECTION('',(0.,0.,1.));
#10442=DIRECTION('',(-1.,1.15648231731789E-15,0.));
#10443=DIRECTION('',(0.,1.,0.));
#10444=DIRECTION('',(-1.,0.,0.));
#10445=DIRECTION('',(0.,-1.,0.));
#10446=DIRECTION('',(1.,0.,0.));
#10447=DIRECTION('',(-0.000358324911611,-0.999999935801627,0.));
#10448=DIRECTION('',(-1.,0.,0.));
#10449=DIRECTION('',(0.708544416499516,0.705666217022864,0.));
#10450=DIRECTION('',(0.,1.,0.));
#10451=DIRECTION('',(-0.705666217022866,0.708544416499515,0.));
#10452=DIRECTION('',(1.,0.,0.));
#10453=DIRECTION('',(0.000356719454109,-0.999999936375614,0.));
#10454=DIRECTION('',(-1.,0.,0.));
#10455=DIRECTION('',(0.,-1.,0.));
#10456=DIRECTION('',(1.,0.,0.));
#10457=DIRECTION('',(0.,1.,0.));
#10458=DIRECTION('',(0.,0.,1.));
#10459=DIRECTION('',(-1.,0.,0.));
#10460=DIRECTION('',(1.,0.,0.));
#10461=DIRECTION('',(0.,1.,0.));
#10462=DIRECTION('',(-1.,0.,0.));
#10463=DIRECTION('',(0.,-1.,0.));
#10464=DIRECTION('',(-0.999999935801627,0.000358324911611,0.));
#10465=DIRECTION('',(0.,1.,0.));
#10466=DIRECTION('',(0.705666217022878,-0.708544416499503,0.));
#10467=DIRECTION('',(1.,0.,0.));
#10468=DIRECTION('',(0.708544416499524,0.705666217022856,0.));
#10469=DIRECTION('',(0.,-1.,0.));
#10470=DIRECTION('',(-1.,0.,0.));
#10471=DIRECTION('',(0.,1.,0.));
#10472=DIRECTION('',(-1.,0.,0.));
#10473=DIRECTION('',(0.,-1.,0.));
#10474=DIRECTION('',(1.,0.,0.));
#10475=DIRECTION('',(0.,1.,0.));
#10476=DIRECTION('',(-1.,0.,0.));
#10477=DIRECTION('',(0.,-1.,0.));
#10478=DIRECTION('',(-1.,0.,0.));
#10479=DIRECTION('',(0.,1.,0.));
#10480=DIRECTION('',(0.708544416499506,-0.705666217022875,0.));
#10481=DIRECTION('',(1.,0.,0.));
#10482=DIRECTION('',(0.708544416499529,0.705666217022851,0.));
#10483=DIRECTION('',(0.,-1.,0.));
#10484=DIRECTION('',(-1.,0.,0.));
#10485=DIRECTION('',(0.,1.,0.));
#10486=DIRECTION('',(-1.,0.,0.));
#10487=DIRECTION('',(0.,-1.,0.));
#10488=DIRECTION('',(1.,0.,0.));
#10489=DIRECTION('',(0.,1.,0.));
#10490=DIRECTION('',(-1.,0.,0.));
#10491=DIRECTION('',(0.,-1.,0.));
#10492=DIRECTION('',(-1.,0.,0.));
#10493=DIRECTION('',(0.,1.,0.));
#10494=DIRECTION('',(0.708544416499506,-0.705666217022875,0.));
#10495=DIRECTION('',(1.,0.,0.));
#10496=DIRECTION('',(0.708544416499529,0.705666217022851,0.));
#10497=DIRECTION('',(0.,-1.,0.));
#10498=DIRECTION('',(-1.,0.,0.));
#10499=DIRECTION('',(0.,1.,0.));
#10500=DIRECTION('',(-1.,0.,0.));
#10501=DIRECTION('',(0.,-1.,0.));
#10502=DIRECTION('',(1.,0.,0.));
#10503=DIRECTION('',(0.,1.,0.));
#10504=DIRECTION('',(-1.,0.,0.));
#10505=DIRECTION('',(0.,-1.,0.));
#10506=DIRECTION('',(-1.,0.,0.));
#10507=DIRECTION('',(0.,1.,0.));
#10508=DIRECTION('',(0.708544416499515,-0.705666217022865,0.));
#10509=DIRECTION('',(1.,0.,0.));
#10510=DIRECTION('',(0.705666217022869,0.708544416499512,0.));
#10511=DIRECTION('',(0.,-1.,0.));
#10512=DIRECTION('',(-0.999999935801627,-0.000358324911611,0.));
#10513=DIRECTION('',(0.,1.,0.));
#10514=DIRECTION('',(-1.,0.,0.));
#10515=DIRECTION('',(0.,-1.,0.));
#10516=DIRECTION('',(1.,0.,0.));
#10517=DIRECTION('',(0.,0.,1.));
#10518=DIRECTION('',(-1.,0.,0.));
#10519=DIRECTION('',(0.,-1.,0.));
#10520=DIRECTION('',(1.,0.,0.));
#10521=DIRECTION('',(0.,1.,0.));
#10522=DIRECTION('',(-1.,0.,0.));
#10523=DIRECTION('',(0.000356719454124,0.999999936375614,0.));
#10524=DIRECTION('',(1.,0.,0.));
#10525=DIRECTION('',(-0.70566621702287,-0.70854441649951,0.));
#10526=DIRECTION('',(0.,-1.,0.));
#10527=DIRECTION('',(0.708544416499521,-0.705666217022859,0.));
#10528=DIRECTION('',(-1.,0.,0.));
#10529=DIRECTION('',(-0.000358324911625,0.999999935801627,0.));
#10530=DIRECTION('',(1.,0.,0.));
#10531=DIRECTION('',(0.,1.,0.));
#10532=DIRECTION('',(-1.,0.,0.));
#10533=DIRECTION('',(0.,-1.,0.));
#10534=DIRECTION('',(0.,0.,1.));
#10535=DIRECTION('',(-1.,0.,0.));
#10536=DIRECTION('',(-1.,0.,0.));
#10537=DIRECTION('',(0.,-1.,0.));
#10538=DIRECTION('',(1.,0.,0.));
#10539=DIRECTION('',(0.,1.,0.));
#10540=DIRECTION('',(0.999999935801627,-0.00035832491164,0.));
#10541=DIRECTION('',(0.,-1.,0.));
#10542=DIRECTION('',(-0.705666217022878,0.708544416499503,0.));
#10543=DIRECTION('',(-1.,0.,0.));
#10544=DIRECTION('',(-0.708544416499529,-0.705666217022851,0.));
#10545=DIRECTION('',(0.,1.,0.));
#10546=DIRECTION('',(1.,0.,0.));
#10547=DIRECTION('',(0.,-1.,0.));
#10548=DIRECTION('',(1.,0.,0.));
#10549=DIRECTION('',(0.,1.,0.));
#10550=DIRECTION('',(-1.,0.,0.));
#10551=DIRECTION('',(0.,-1.,0.));
#10552=DIRECTION('',(1.,0.,0.));
#10553=DIRECTION('',(0.,1.,0.));
#10554=DIRECTION('',(0.999999935801627,-0.00035832491164,0.));
#10555=DIRECTION('',(0.,-1.,0.));
#10556=DIRECTION('',(-0.705666217022878,0.708544416499503,0.));
#10557=DIRECTION('',(-1.,0.,0.));
#10558=DIRECTION('',(-0.708544416499529,-0.705666217022851,0.));
#10559=DIRECTION('',(0.,1.,0.));
#10560=DIRECTION('',(1.,0.,0.));
#10561=DIRECTION('',(0.,-1.,0.));
#10562=DIRECTION('',(1.,0.,0.));
#10563=DIRECTION('',(1.,0.,0.));
#10564=DIRECTION('',(0.,0.,1.));
#10565=DIRECTION('',(0.,0.,-1.));
#10566=DIRECTION('',(0.,-1.,0.));
#10567=DIRECTION('',(0.,0.,1.));
#10568=DIRECTION('',(-1.,0.,0.));
#10569=DIRECTION('',(0.,0.,-1.));
#10570=DIRECTION('',(-1.,0.,0.));
#10571=DIRECTION('',(0.,0.,-1.));
#10572=DIRECTION('',(-1.,0.,0.));
#10573=DIRECTION('',(0.,0.,-1.));
#10574=DIRECTION('',(-1.,0.,0.));
#10575=DIRECTION('',(0.,0.,-1.));
#10576=DIRECTION('',(-1.,0.,0.));
#10577=DIRECTION('',(0.,0.,1.));
#10578=DIRECTION('',(-1.,1.15648231731789E-15,0.));
#10579=DIRECTION('',(-1.,0.,0.));
#10580=DIRECTION('',(0.,-1.,0.));
#10581=DIRECTION('',(1.,0.,0.));
#10582=DIRECTION('',(0.,-1.,0.));
#10583=DIRECTION('',(-0.708544416499529,-0.705666217022852,0.));
#10584=DIRECTION('',(-1.,0.,0.));
#10585=DIRECTION('',(-0.705666217022879,0.708544416499501,0.));
#10586=DIRECTION('',(0.,1.,0.));
#10587=DIRECTION('',(0.999999935801627,-0.000358324911675574,0.));
#10588=DIRECTION('',(0.,1.,0.));
#10589=DIRECTION('',(-1.,0.,0.));
#10590=DIRECTION('',(0.,1.,0.));
#10591=DIRECTION('',(-1.,0.,0.));
#10592=DIRECTION('',(0.,-1.,0.));
#10593=DIRECTION('',(-1.,0.,0.));
#10594=DIRECTION('',(0.,-1.,0.));
#10595=DIRECTION('',(1.,0.,0.));
#10596=DIRECTION('',(0.,-1.,0.));
#10597=DIRECTION('',(-0.708544416499525,-0.705666217022855,0.));
#10598=DIRECTION('',(-1.,0.,0.));
#10599=DIRECTION('',(-0.70566621702289,0.708544416499491,0.));
#10600=DIRECTION('',(0.,1.,0.));
#10601=DIRECTION('',(0.999999935801627,-0.000358324911675563,0.));
#10602=DIRECTION('',(0.,1.,0.));
#10603=DIRECTION('',(-1.,0.,0.));
#10604=DIRECTION('',(0.,1.,0.));
#10605=DIRECTION('',(-1.,0.,0.));
#10606=DIRECTION('',(0.,0.,1.));
#10607=DIRECTION('',(-1.,0.,0.));
#10608=DIRECTION('',(0.,-1.,0.));
#10609=DIRECTION('',(1.,0.,0.));
#10610=DIRECTION('',(0.,-1.,0.));
#10611=DIRECTION('',(1.,0.,0.));
#10612=DIRECTION('',(-0.000358324911673701,0.999999935801627,0.));
#10613=DIRECTION('',(1.,0.,0.));
#10614=DIRECTION('',(0.708544416499513,-0.705666217022868,0.));
#10615=DIRECTION('',(0.,-1.,0.));
#10616=DIRECTION('',(-0.705666217022866,-0.708544416499514,0.));
#10617=DIRECTION('',(-1.,0.,0.));
#10618=DIRECTION('',(0.000356719454171818,0.999999936375613,0.));
#10619=DIRECTION('',(-1.,0.,0.));
#10620=DIRECTION('',(0.,-1.,0.));
#10621=DIRECTION('',(-1.,0.,0.));
#10622=DIRECTION('',(0.,-1.,0.));
#10623=DIRECTION('',(0.,0.,1.));
#10624=DIRECTION('',(-1.,0.,0.));
#10625=DIRECTION('',(1.,0.,0.));
#10626=DIRECTION('',(0.,1.,0.));
#10627=DIRECTION('',(1.,0.,0.));
#10628=DIRECTION('',(0.,1.,0.));
#10629=DIRECTION('',(-0.999999935801627,-0.000358324911600434,0.));
#10630=DIRECTION('',(0.,1.,0.));
#10631=DIRECTION('',(0.705666217022904,0.708544416499477,0.));
#10632=DIRECTION('',(1.,0.,0.));
#10633=DIRECTION('',(0.708544416499524,-0.705666217022856,0.));
#10634=DIRECTION('',(0.,-1.,0.));
#10635=DIRECTION('',(-1.,0.,0.));
#10636=DIRECTION('',(0.,-1.,0.));
#10637=DIRECTION('',(1.,0.,0.));
#10638=DIRECTION('',(0.,-1.,0.));
#10639=DIRECTION('',(1.,0.,0.));
#10640=DIRECTION('',(0.,1.,0.));
#10641=DIRECTION('',(1.,0.,0.));
#10642=DIRECTION('',(0.,1.,0.));
#10643=DIRECTION('',(-1.,0.,0.));
#10644=DIRECTION('',(0.,1.,0.));
#10645=DIRECTION('',(0.708544416499533,0.705666217022847,0.));
#10646=DIRECTION('',(1.,0.,0.));
#10647=DIRECTION('',(0.708544416499501,-0.705666217022879,0.));
#10648=DIRECTION('',(0.,-1.,0.));
#10649=DIRECTION('',(-1.,0.,0.));
#10650=DIRECTION('',(0.,-1.,0.));
#10651=DIRECTION('',(1.,0.,0.));
#10652=DIRECTION('',(0.,-1.,0.));
#10653=DIRECTION('',(1.,0.,0.));
#10654=DIRECTION('',(0.,1.,0.));
#10655=DIRECTION('',(1.,0.,0.));
#10656=DIRECTION('',(0.,1.,0.));
#10657=DIRECTION('',(-1.,0.,0.));
#10658=DIRECTION('',(0.,1.,0.));
#10659=DIRECTION('',(0.708544416499526,0.705666217022854,0.));
#10660=DIRECTION('',(1.,0.,0.));
#10661=DIRECTION('',(0.708544416499505,-0.705666217022876,0.));
#10662=DIRECTION('',(0.,-1.,0.));
#10663=DIRECTION('',(-1.,0.,0.));
#10664=DIRECTION('',(0.,-1.,0.));
#10665=DIRECTION('',(1.,0.,0.));
#10666=DIRECTION('',(0.,-1.,0.));
#10667=DIRECTION('',(1.,0.,0.));
#10668=DIRECTION('',(0.,1.,0.));
#10669=DIRECTION('',(1.,0.,0.));
#10670=DIRECTION('',(0.,1.,0.));
#10671=DIRECTION('',(-1.,0.,0.));
#10672=DIRECTION('',(0.,1.,0.));
#10673=DIRECTION('',(0.708544416499531,0.705666217022849,0.));
#10674=DIRECTION('',(1.,0.,0.));
#10675=DIRECTION('',(0.705666217022884,-0.708544416499497,0.));
#10676=DIRECTION('',(0.,-1.,0.));
#10677=DIRECTION('',(-0.999999935801627,0.000358324911600415,0.));
#10678=DIRECTION('',(0.,-1.,0.));
#10679=DIRECTION('',(1.,0.,0.));
#10680=DIRECTION('',(0.,-1.,0.));
#10681=DIRECTION('',(1.,0.,0.));
#10682=DIRECTION('',(0.,0.,1.));
#10683=DIRECTION('',(-1.,0.,0.));
#10684=DIRECTION('',(0.,1.,0.));
#10685=DIRECTION('',(-1.,0.,0.));
#10686=DIRECTION('',(0.,1.,0.));
#10687=DIRECTION('',(-1.,0.,0.));
#10688=DIRECTION('',(0.000356719454116403,-0.999999936375614,0.));
#10689=DIRECTION('',(-1.,0.,0.));
#10690=DIRECTION('',(-0.705666217022894,0.708544416499487,0.));
#10691=DIRECTION('',(0.,1.,0.));
#10692=DIRECTION('',(0.708544416499497,0.705666217022883,0.));
#10693=DIRECTION('',(1.,0.,0.));
#10694=DIRECTION('',(-0.000358324911618037,-0.999999935801627,0.));
#10695=DIRECTION('',(1.,0.,0.));
#10696=DIRECTION('',(0.,1.,0.));
#10697=DIRECTION('',(1.,0.,0.));
#10698=DIRECTION('',(0.,1.,0.));
#10699=DIRECTION('',(0.,0.,-1.));
#10700=DIRECTION('',(1.,0.,0.));
#10701=DIRECTION('',(0.,0.,-1.));
#10702=DIRECTION('',(0.,0.,-1.));
#10703=DIRECTION('',(1.,0.,0.));
#10704=DIRECTION('',(0.,0.,-1.));
#10705=DIRECTION('',(1.,0.,0.));
#10706=DIRECTION('',(0.,0.,-1.));
#10707=DIRECTION('',(1.,0.,0.));
#10708=DIRECTION('',(0.,0.,-1.));
#10709=DIRECTION('',(1.,0.,0.));
#10710=DIRECTION('',(-1.,0.,0.));
#10711=DIRECTION('',(0.,0.,-1.));
#10712=DIRECTION('',(0.,0.,1.));
#10713=DIRECTION('',(0.,1.,0.));
#10714=DIRECTION('',(0.,0.,-1.));
#10715=DIRECTION('',(0.,0.,1.));
#10716=DIRECTION('',(0.,0.,-1.));
#10717=DIRECTION('',(0.999999935801627,-0.000358324911611,0.));
#10718=DIRECTION('',(-0.000358324911611,-0.999999935801627,0.));
#10719=DIRECTION('',(0.,0.,1.));
#10720=DIRECTION('',(-0.705666217022864,0.708544416499516,0.));
#10721=DIRECTION('',(0.708544416499516,0.705666217022864,0.));
#10722=DIRECTION('',(0.,0.,1.));
#10723=DIRECTION('',(0.,0.,-1.));
#10724=DIRECTION('',(-1.,0.,0.));
#10725=DIRECTION('',(0.,0.,-1.));
#10726=DIRECTION('',(0.,0.,1.));
#10727=DIRECTION('',(-0.708544416499515,-0.705666217022866,0.));
#10728=DIRECTION('',(-0.705666217022866,0.708544416499515,0.));
#10729=DIRECTION('',(0.,0.,1.));
#10730=DIRECTION('',(0.999999936375614,0.000356719454109,0.));
#10731=DIRECTION('',(0.000356719454109,-0.999999936375614,0.));
#10732=DIRECTION('',(0.,0.,1.));
#10733=DIRECTION('',(0.,0.,-1.));
#10734=DIRECTION('',(0.,-1.,0.));
#10735=DIRECTION('',(0.,0.,1.));
#10736=DIRECTION('',(0.,0.,1.));
#10737=DIRECTION('',(-1.,0.,0.));
#10738=DIRECTION('',(0.,0.,-1.));
#10739=DIRECTION('',(0.,0.,1.));
#10740=DIRECTION('',(0.,0.,-1.));
#10741=DIRECTION('',(0.,0.,-1.));
#10742=DIRECTION('',(1.,0.,0.));
#10743=DIRECTION('',(0.,0.,-1.));
#10744=DIRECTION('',(0.,1.,0.));
#10745=DIRECTION('',(0.,0.,-1.));
#10746=DIRECTION('',(0.,0.,1.));
#10747=DIRECTION('',(1.,0.,0.));
#10748=DIRECTION('',(0.,0.,1.));
#10749=DIRECTION('',(0.,0.,1.));
#10750=DIRECTION('',(0.,0.,-1.));
#10751=DIRECTION('',(-0.000358324911611,-0.999999935801627,0.));
#10752=DIRECTION('',(-0.999999935801627,0.000358324911611,0.));
#10753=DIRECTION('',(0.,0.,1.));
#10754=DIRECTION('',(0.708544416499503,0.705666217022878,0.));
#10755=DIRECTION('',(0.705666217022878,-0.708544416499503,0.));
#10756=DIRECTION('',(0.,0.,1.));
#10757=DIRECTION('',(0.,0.,-1.));
#10758=DIRECTION('',(0.,1.,0.));
#10759=DIRECTION('',(0.,0.,-1.));
#10760=DIRECTION('',(0.,0.,1.));
#10761=DIRECTION('',(-0.705666217022856,0.708544416499524,0.));
#10762=DIRECTION('',(0.708544416499524,0.705666217022856,0.));
#10763=DIRECTION('',(0.,0.,1.));
#10764=DIRECTION('',(0.,-1.,0.));
#10765=DIRECTION('',(0.,0.,1.));
#10766=DIRECTION('',(0.,0.,1.));
#10767=DIRECTION('',(0.,0.,-1.));
#10768=DIRECTION('',(-1.,0.,0.));
#10769=DIRECTION('',(0.,0.,-1.));
#10770=DIRECTION('',(0.,0.,1.));
#10771=DIRECTION('',(0.,1.,0.));
#10772=DIRECTION('',(0.,0.,-1.));
#10773=DIRECTION('',(0.,0.,1.));
#10774=DIRECTION('',(0.,0.,-1.));
#10775=DIRECTION('',(1.,0.,0.));
#10776=DIRECTION('',(0.,0.,1.));
#10777=DIRECTION('',(0.,0.,1.));
#10778=DIRECTION('',(0.,0.,-1.));
#10779=DIRECTION('',(0.,-1.,0.));
#10780=DIRECTION('',(0.,0.,1.));
#10781=DIRECTION('',(0.,0.,1.));
#10782=DIRECTION('',(0.705666217022875,0.708544416499506,0.));
#10783=DIRECTION('',(0.708544416499506,-0.705666217022875,0.));
#10784=DIRECTION('',(0.,0.,1.));
#10785=DIRECTION('',(0.,0.,-1.));
#10786=DIRECTION('',(0.,1.,0.));
#10787=DIRECTION('',(0.,0.,-1.));
#10788=DIRECTION('',(0.,0.,1.));
#10789=DIRECTION('',(-0.705666217022851,0.708544416499529,0.));
#10790=DIRECTION('',(0.708544416499529,0.705666217022851,0.));
#10791=DIRECTION('',(0.,0.,1.));
#10792=DIRECTION('',(0.,-1.,0.));
#10793=DIRECTION('',(0.,0.,1.));
#10794=DIRECTION('',(0.,0.,1.));
#10795=DIRECTION('',(0.,0.,-1.));
#10796=DIRECTION('',(-1.,0.,0.));
#10797=DIRECTION('',(0.,0.,-1.));
#10798=DIRECTION('',(0.,0.,1.));
#10799=DIRECTION('',(0.,1.,0.));
#10800=DIRECTION('',(0.,0.,-1.));
#10801=DIRECTION('',(0.,0.,1.));
#10802=DIRECTION('',(0.,0.,-1.));
#10803=DIRECTION('',(1.,0.,0.));
#10804=DIRECTION('',(0.,0.,1.));
#10805=DIRECTION('',(0.,0.,1.));
#10806=DIRECTION('',(0.,0.,-1.));
#10807=DIRECTION('',(0.,-1.,0.));
#10808=DIRECTION('',(0.,0.,1.));
#10809=DIRECTION('',(0.,0.,1.));
#10810=DIRECTION('',(0.705666217022875,0.708544416499506,0.));
#10811=DIRECTION('',(0.708544416499506,-0.705666217022875,0.));
#10812=DIRECTION('',(0.,0.,1.));
#10813=DIRECTION('',(0.,0.,-1.));
#10814=DIRECTION('',(0.,1.,0.));
#10815=DIRECTION('',(0.,0.,-1.));
#10816=DIRECTION('',(0.,0.,1.));
#10817=DIRECTION('',(-0.705666217022851,0.708544416499529,0.));
#10818=DIRECTION('',(0.708544416499529,0.705666217022851,0.));
#10819=DIRECTION('',(0.,0.,1.));
#10820=DIRECTION('',(0.,-1.,0.));
#10821=DIRECTION('',(0.,0.,1.));
#10822=DIRECTION('',(0.,0.,1.));
#10823=DIRECTION('',(0.,0.,-1.));
#10824=DIRECTION('',(-1.,0.,0.));
#10825=DIRECTION('',(0.,0.,-1.));
#10826=DIRECTION('',(0.,0.,1.));
#10827=DIRECTION('',(0.,1.,0.));
#10828=DIRECTION('',(0.,0.,-1.));
#10829=DIRECTION('',(0.,0.,1.));
#10830=DIRECTION('',(0.,0.,-1.));
#10831=DIRECTION('',(1.,0.,0.));
#10832=DIRECTION('',(0.,0.,1.));
#10833=DIRECTION('',(0.,0.,1.));
#10834=DIRECTION('',(0.,0.,-1.));
#10835=DIRECTION('',(0.,-1.,0.));
#10836=DIRECTION('',(0.,0.,1.));
#10837=DIRECTION('',(0.,0.,1.));
#10838=DIRECTION('',(0.705666217022865,0.708544416499515,0.));
#10839=DIRECTION('',(0.708544416499515,-0.705666217022865,0.));
#10840=DIRECTION('',(0.,0.,1.));
#10841=DIRECTION('',(0.,0.,-1.));
#10842=DIRECTION('',(0.,1.,0.));
#10843=DIRECTION('',(0.,0.,-1.));
#10844=DIRECTION('',(0.,0.,1.));
#10845=DIRECTION('',(-0.708544416499512,0.705666217022869,0.));
#10846=DIRECTION('',(0.705666217022869,0.708544416499512,0.));
#10847=DIRECTION('',(0.,0.,1.));
#10848=DIRECTION('',(0.000358324911611,-0.999999935801627,0.));
#10849=DIRECTION('',(-0.999999935801627,-0.000358324911611,0.));
#10850=DIRECTION('',(0.,0.,1.));
#10851=DIRECTION('',(0.,0.,-1.));
#10852=DIRECTION('',(-1.,0.,0.));
#10853=DIRECTION('',(0.,0.,-1.));
#10854=DIRECTION('',(0.,0.,1.));
#10855=DIRECTION('',(0.,1.,0.));
#10856=DIRECTION('',(0.,0.,-1.));
#10857=DIRECTION('',(0.,0.,1.));
#10858=DIRECTION('',(0.,0.,-1.));
#10859=DIRECTION('',(0.,0.,-1.));
#10860=DIRECTION('',(1.,0.,0.));
#10861=DIRECTION('',(0.,0.,-1.));
#10862=DIRECTION('',(1.,0.,0.));
#10863=DIRECTION('',(0.,0.,1.));
#10864=DIRECTION('',(0.,0.,1.));
#10865=DIRECTION('',(0.,-1.,0.));
#10866=DIRECTION('',(0.,0.,1.));
#10867=DIRECTION('',(0.,0.,1.));
#10868=DIRECTION('',(0.,0.,-1.));
#10869=DIRECTION('',(-0.999999936375614,0.000356719454124,0.));
#10870=DIRECTION('',(0.000356719454124,0.999999936375614,0.));
#10871=DIRECTION('',(0.,0.,1.));
#10872=DIRECTION('',(0.70854441649951,-0.70566621702287,0.));
#10873=DIRECTION('',(-0.70566621702287,-0.70854441649951,0.));
#10874=DIRECTION('',(0.,0.,1.));
#10875=DIRECTION('',(0.,0.,-1.));
#10876=DIRECTION('',(1.,0.,0.));
#10877=DIRECTION('',(0.,0.,1.));
#10878=DIRECTION('',(0.,0.,1.));
#10879=DIRECTION('',(0.705666217022859,0.708544416499521,0.));
#10880=DIRECTION('',(0.708544416499521,-0.705666217022859,0.));
#10881=DIRECTION('',(0.,0.,1.));
#10882=DIRECTION('',(-0.999999935801627,-0.000358324911625,0.));
#10883=DIRECTION('',(-0.000358324911625,0.999999935801627,0.));
#10884=DIRECTION('',(0.,0.,1.));
#10885=DIRECTION('',(0.,0.,-1.));
#10886=DIRECTION('',(0.,1.,0.));
#10887=DIRECTION('',(0.,0.,-1.));
#10888=DIRECTION('',(0.,0.,1.));
#10889=DIRECTION('',(1.,0.,0.));
#10890=DIRECTION('',(0.,0.,1.));
#10891=DIRECTION('',(0.,0.,1.));
#10892=DIRECTION('',(0.,0.,-1.));
#10893=DIRECTION('',(0.,0.,-1.));
#10894=DIRECTION('',(1.,0.,0.));
#10895=DIRECTION('',(0.,0.,-1.));
#10896=DIRECTION('',(0.,-1.,0.));
#10897=DIRECTION('',(0.,0.,1.));
#10898=DIRECTION('',(0.,0.,1.));
#10899=DIRECTION('',(-1.,0.,0.));
#10900=DIRECTION('',(0.,0.,-1.));
#10901=DIRECTION('',(0.,0.,-1.));
#10902=DIRECTION('',(0.,0.,1.));
#10903=DIRECTION('',(0.00035832491164,0.999999935801627,0.));
#10904=DIRECTION('',(0.999999935801627,-0.00035832491164,0.));
#10905=DIRECTION('',(0.,0.,1.));
#10906=DIRECTION('',(-0.708544416499503,-0.705666217022878,0.));
#10907=DIRECTION('',(-0.705666217022878,0.708544416499503,0.));
#10908=DIRECTION('',(0.,0.,-1.));
#10909=DIRECTION('',(0.,0.,1.));
#10910=DIRECTION('',(0.,-1.,0.));
#10911=DIRECTION('',(0.,0.,1.));
#10912=DIRECTION('',(0.,0.,1.));
#10913=DIRECTION('',(0.705666217022851,-0.708544416499529,0.));
#10914=DIRECTION('',(-0.708544416499529,-0.705666217022851,0.));
#10915=DIRECTION('',(0.,0.,1.));
#10916=DIRECTION('',(0.,1.,0.));
#10917=DIRECTION('',(0.,0.,-1.));
#10918=DIRECTION('',(0.,0.,-1.));
#10919=DIRECTION('',(0.,0.,1.));
#10920=DIRECTION('',(1.,0.,0.));
#10921=DIRECTION('',(0.,0.,1.));
#10922=DIRECTION('',(0.,0.,1.));
#10923=DIRECTION('',(0.,-1.,0.));
#10924=DIRECTION('',(0.,0.,1.));
#10925=DIRECTION('',(0.,0.,1.));
#10926=DIRECTION('',(0.,0.,-1.));
#10927=DIRECTION('',(-1.,0.,0.));
#10928=DIRECTION('',(0.,0.,-1.));
#10929=DIRECTION('',(0.,0.,-1.));
#10930=DIRECTION('',(0.,0.,1.));
#10931=DIRECTION('',(0.00035832491164,0.999999935801627,0.));
#10932=DIRECTION('',(0.999999935801627,-0.00035832491164,0.));
#10933=DIRECTION('',(0.,0.,1.));
#10934=DIRECTION('',(-0.708544416499503,-0.705666217022878,0.));
#10935=DIRECTION('',(-0.705666217022878,0.708544416499503,0.));
#10936=DIRECTION('',(0.,0.,-1.));
#10937=DIRECTION('',(0.,0.,1.));
#10938=DIRECTION('',(0.,-1.,0.));
#10939=DIRECTION('',(0.,0.,1.));
#10940=DIRECTION('',(0.,0.,1.));
#10941=DIRECTION('',(0.705666217022851,-0.708544416499529,0.));
#10942=DIRECTION('',(-0.708544416499529,-0.705666217022851,0.));
#10943=DIRECTION('',(0.,0.,1.));
#10944=DIRECTION('',(0.,1.,0.));
#10945=DIRECTION('',(0.,0.,-1.));
#10946=DIRECTION('',(0.,0.,-1.));
#10947=DIRECTION('',(0.,0.,1.));
#10948=DIRECTION('',(1.,0.,0.));
#10949=DIRECTION('',(0.,0.,1.));
#10950=DIRECTION('',(0.,0.,1.));
#10951=DIRECTION('',(0.,-1.,0.));
#10952=DIRECTION('',(0.,0.,1.));
#10953=DIRECTION('',(0.,1.,0.));
#10954=DIRECTION('',(0.,0.,-1.));
#10955=DIRECTION('',(0.,0.,1.));
#10956=DIRECTION('',(-1.,0.,0.));
#10957=DIRECTION('',(0.,0.,-1.));
#10958=DIRECTION('',(0.,1.,0.));
#10959=DIRECTION('',(0.,0.,-1.));
#10960=DIRECTION('',(0.,-1.,0.));
#10961=DIRECTION('',(0.,0.,1.));
#10962=DIRECTION('',(-1.,0.,0.));
#10963=DIRECTION('',(0.,0.,-1.));
#10964=DIRECTION('',(0.,0.,1.));
#10965=DIRECTION('',(0.,-1.,0.));
#10966=DIRECTION('',(0.,0.,1.));
#10967=DIRECTION('',(1.,0.,0.));
#10968=DIRECTION('',(0.,0.,1.));
#10969=DIRECTION('',(0.,0.,1.));
#10970=DIRECTION('',(0.,1.,0.));
#10971=DIRECTION('',(0.,0.,-1.));
#10972=DIRECTION('',(1.,0.,0.));
#10973=DIRECTION('',(0.,0.,1.));
#10974=DIRECTION('',(-1.,0.,0.));
#10975=DIRECTION('',(0.,0.,-1.));
#10976=DIRECTION('',(0.,1.,0.));
#10977=DIRECTION('',(0.,0.,-1.));
#10978=DIRECTION('',(0.,0.,1.));
#10979=DIRECTION('',(1.,0.,0.));
#10980=DIRECTION('',(0.,0.,1.));
#10981=DIRECTION('',(0.,0.,1.));
#10982=DIRECTION('',(-1.,0.,0.));
#10983=DIRECTION('',(0.,0.,-1.));
#10984=DIRECTION('',(0.,1.,0.));
#10985=DIRECTION('',(0.,0.,-1.));
#10986=DIRECTION('',(1.,0.,0.));
#10987=DIRECTION('',(0.,0.,1.));
#10988=DIRECTION('',(-1.,0.,0.));
#10989=DIRECTION('',(0.,0.,-1.));
#10990=DIRECTION('',(0.,1.,0.));
#10991=DIRECTION('',(0.,0.,-1.));
#10992=DIRECTION('',(0.,0.,1.));
#10993=DIRECTION('',(1.,0.,0.));
#10994=DIRECTION('',(0.,0.,1.));
#10995=DIRECTION('',(0.,0.,1.));
#10996=DIRECTION('',(-1.,0.,0.));
#10997=DIRECTION('',(0.,0.,-1.));
#10998=DIRECTION('',(0.,1.,0.));
#10999=DIRECTION('',(0.,0.,-1.));
#11000=DIRECTION('',(1.,0.,0.));
#11001=DIRECTION('',(0.,0.,1.));
#11002=DIRECTION('',(-1.,0.,0.));
#11003=DIRECTION('',(0.,0.,-1.));
#11004=DIRECTION('',(0.,1.,0.));
#11005=DIRECTION('',(0.,0.,-1.));
#11006=DIRECTION('',(0.,0.,1.));
#11007=DIRECTION('',(1.,0.,0.));
#11008=DIRECTION('',(0.,0.,1.));
#11009=DIRECTION('',(0.,0.,1.));
#11010=DIRECTION('',(-1.,0.,0.));
#11011=DIRECTION('',(0.,0.,-1.));
#11012=DIRECTION('',(0.,1.,0.));
#11013=DIRECTION('',(0.,0.,-1.));
#11014=DIRECTION('',(1.,0.,0.));
#11015=DIRECTION('',(0.,0.,1.));
#11016=DIRECTION('',(-1.,0.,0.));
#11017=DIRECTION('',(0.,0.,-1.));
#11018=DIRECTION('',(0.,1.,0.));
#11019=DIRECTION('',(0.,0.,-1.));
#11020=DIRECTION('',(0.,0.,1.));
#11021=DIRECTION('',(-1.,0.,0.));
#11022=DIRECTION('',(0.,0.,-1.));
#11023=DIRECTION('',(0.,-1.,0.));
#11024=DIRECTION('',(0.,0.,1.));
#11025=DIRECTION('',(0.,0.,1.));
#11026=DIRECTION('',(1.,0.,0.));
#11027=DIRECTION('',(0.,0.,1.));
#11028=DIRECTION('',(0.,-1.,0.));
#11029=DIRECTION('',(0.,0.,1.));
#11030=DIRECTION('',(0.,1.,0.));
#11031=DIRECTION('',(0.,0.,-1.));
#11032=DIRECTION('',(1.,0.,0.));
#11033=DIRECTION('',(0.,0.,1.));
#11034=DIRECTION('',(0.,0.,1.));
#11035=DIRECTION('',(0.,1.,0.));
#11036=DIRECTION('',(0.,0.,-1.));
#11037=DIRECTION('',(-1.,0.,0.));
#11038=DIRECTION('',(0.,0.,-1.));
#11039=DIRECTION('',(0.,0.,1.));
#11040=DIRECTION('',(0.,-1.,0.));
#11041=DIRECTION('',(0.,0.,1.));
#11042=DIRECTION('',(-1.,0.,0.));
#11043=DIRECTION('',(0.,0.,-1.));
#11044=DIRECTION('',(1.,0.,0.));
#11045=DIRECTION('',(0.,0.,1.));
#11046=DIRECTION('',(0.,-1.,0.));
#11047=DIRECTION('',(0.,0.,1.));
#11048=DIRECTION('',(0.,0.,1.));
#11049=DIRECTION('',(-1.,0.,0.));
#11050=DIRECTION('',(0.,0.,-1.));
#11051=DIRECTION('',(0.,0.,1.));
#11052=DIRECTION('',(1.,0.,0.));
#11053=DIRECTION('',(0.,0.,1.));
#11054=DIRECTION('',(0.,-1.,0.));
#11055=DIRECTION('',(0.,0.,1.));
#11056=DIRECTION('',(-1.,0.,0.));
#11057=DIRECTION('',(0.,0.,-1.));
#11058=DIRECTION('',(1.,0.,0.));
#11059=DIRECTION('',(0.,0.,1.));
#11060=DIRECTION('',(0.,0.,-1.));
#11061=DIRECTION('',(1.,0.,0.));
#11062=DIRECTION('',(0.,0.,-1.));
#11063=DIRECTION('',(-1.,0.,0.));
#11064=DIRECTION('',(0.,0.,-1.));
#11065=DIRECTION('',(0.,0.,1.));
#11066=DIRECTION('',(-1.,0.,0.));
#11067=DIRECTION('',(0.,0.,-1.));
#11068=DIRECTION('',(0.,0.,-1.));
#11069=DIRECTION('',(1.,0.,0.));
#11070=DIRECTION('',(0.,0.,-1.));
#11071=DIRECTION('',(-1.,0.,0.));
#11072=DIRECTION('',(0.,0.,1.));
#11073=DIRECTION('',(-1.,0.,0.));
#11074=DIRECTION('',(0.,0.,1.));
#11075=DIRECTION('',(-1.,0.,0.));
#11076=DIRECTION('',(0.,0.,-1.));
#11077=DIRECTION('',(1.,0.,0.));
#11078=DIRECTION('',(0.,0.,-1.));
#11079=DIRECTION('',(1.,0.,0.));
#11080=DIRECTION('',(0.,0.,-1.));
#11081=DIRECTION('',(-1.,0.,0.));
#11082=DIRECTION('',(0.,0.,-1.));
#11083=DIRECTION('',(0.,0.,1.));
#11084=DIRECTION('',(-1.,0.,0.));
#11085=DIRECTION('',(0.,0.,-1.));
#11086=DIRECTION('',(0.,0.,-1.));
#11087=DIRECTION('',(1.,0.,0.));
#11088=DIRECTION('',(0.,0.,-1.));
#11089=DIRECTION('',(-1.,0.,0.));
#11090=DIRECTION('',(0.,0.,1.));
#11091=DIRECTION('',(-1.,0.,0.));
#11092=DIRECTION('',(0.,0.,1.));
#11093=DIRECTION('',(-1.,0.,0.));
#11094=DIRECTION('',(0.,0.,-1.));
#11095=DIRECTION('',(1.,0.,0.));
#11096=DIRECTION('',(0.,0.,1.));
#11097=DIRECTION('',(-1.,0.,0.));
#11098=DIRECTION('',(0.,0.,1.));
#11099=DIRECTION('',(-1.,0.,0.));
#11100=DIRECTION('',(-0.707106780551963,8.65956055458351E-17,0.707106781821132));
#11101=DIRECTION('',(0.,0.,1.));
#11102=DIRECTION('',(1.,0.,0.));
#11103=DIRECTION('',(0.707106780551963,0.,0.707106781821132));
#11104=DIRECTION('',(0.,-9.25185853918988E-15,1.));
#11105=DIRECTION('',(0.,1.,9.25185853918988E-15));
#11106=DIRECTION('',(0.,0.,1.));
#11107=DIRECTION('',(-1.,0.,0.));
#11108=DIRECTION('',(8.65956055497135E-17,0.707106780583625,0.70710678178947));
#11109=DIRECTION('',(0.,-9.25185853918988E-15,1.));
#11110=DIRECTION('',(0.,-1.,-9.25185853918988E-15));
#11111=DIRECTION('',(0.,-0.707106780583639,0.707106781789456));
#11112=DIRECTION('',(0.,0.,1.));
#11113=DIRECTION('',(-1.,0.,0.));
#11114=DIRECTION('',(0.,-9.25185853914564E-15,1.));
#11115=DIRECTION('',(0.,1.,9.25185853914564E-15));
#11116=DIRECTION('',(0.,0.,1.));
#11117=DIRECTION('',(-1.,0.,0.));
#11118=DIRECTION('',(8.65956055497135E-17,0.707106780583625,0.70710678178947));
#11119=DIRECTION('',(0.,-9.25185853914564E-15,1.));
#11120=DIRECTION('',(0.,-1.,-9.25185853914564E-15));
#11121=DIRECTION('',(0.,-0.707106780583639,0.707106781789456));
#11122=DIRECTION('',(0.,0.,1.));
#11123=DIRECTION('',(-1.,0.,0.));
#11124=DIRECTION('',(0.,-9.2518585392444E-15,1.));
#11125=DIRECTION('',(0.,1.,9.2518585392444E-15));
#11126=DIRECTION('',(0.,0.,1.));
#11127=DIRECTION('',(-1.,0.,0.));
#11128=DIRECTION('',(8.65956055398687E-17,0.707106780503237,0.707106781869858));
#11129=DIRECTION('',(0.,-9.2518585392444E-15,1.));
#11130=DIRECTION('',(0.,-1.,-9.2518585392444E-15));
#11131=DIRECTION('',(0.,-0.70710678050325,0.707106781869845));
#11132=DIRECTION('',(0.,0.,1.));
#11133=DIRECTION('',(-1.,0.,0.));
#11134=DIRECTION('',(0.,-9.25185853928785E-15,1.));
#11135=DIRECTION('',(0.,1.,9.25185853928785E-15));
#11136=DIRECTION('',(0.,0.,1.));
#11137=DIRECTION('',(-1.,0.,0.));
#11138=DIRECTION('',(8.65956055398687E-17,0.707106780503237,0.707106781869858));
#11139=DIRECTION('',(0.,-9.25185853928785E-15,1.));
#11140=DIRECTION('',(0.,-1.,-9.25185853928785E-15));
#11141=DIRECTION('',(0.,-0.70710678050325,0.707106781869845));
#11142=DIRECTION('',(0.,0.,1.));
#11143=DIRECTION('',(-1.,0.,0.));
#11144=DIRECTION('',(0.,0.,-1.));
#11145=DIRECTION('',(1.,0.,0.));
#11146=DIRECTION('',(0.,0.,-1.));
#11147=DIRECTION('',(0.,0.,1.));
#11148=DIRECTION('',(-1.,0.,0.));
#11149=DIRECTION('',(0.,0.,-1.));
#11150=DIRECTION('',(0.,0.,1.));
#11151=DIRECTION('',(-1.,0.,0.));
#11152=DIRECTION('',(0.,0.,1.));
#11153=DIRECTION('',(1.,0.,0.));
#11154=DIRECTION('',(0.,0.,1.));
#11155=DIRECTION('',(0.,0.,1.));
#11156=DIRECTION('',(-1.,0.,0.));
#11157=DIRECTION('',(0.,0.,1.));
#11158=DIRECTION('',(0.,0.,1.));
#11159=DIRECTION('',(-1.,0.,0.));
#11160=DIRECTION('',(0.,0.,1.));
#11161=DIRECTION('',(1.,0.,0.));
#11162=DIRECTION('',(0.,0.,1.));
#11163=DIRECTION('',(0.,0.,1.));
#11164=DIRECTION('',(-1.,0.,0.));
#11165=DIRECTION('',(0.,0.,1.));
#11166=DIRECTION('',(0.,0.,1.));
#11167=DIRECTION('',(-1.,0.,0.));
#11168=DIRECTION('',(0.,0.,1.));
#11169=DIRECTION('',(1.,0.,0.));
#11170=DIRECTION('',(0.,0.,1.));
#11171=DIRECTION('',(0.,0.,1.));
#11172=DIRECTION('',(-1.,0.,0.));
#11173=DIRECTION('',(0.,0.,1.));
#11174=DIRECTION('',(0.,0.,1.));
#11175=DIRECTION('',(-1.,0.,0.));
#11176=DIRECTION('',(0.,0.,1.));
#11177=DIRECTION('',(1.,0.,0.));
#11178=DIRECTION('',(0.,0.,1.));
#11179=DIRECTION('',(0.,0.,1.));
#11180=DIRECTION('',(-1.,0.,0.));
#11181=DIRECTION('',(0.,0.,1.));
#11182=DIRECTION('',(0.,0.,-1.));
#11183=DIRECTION('',(1.,0.,0.));
#11184=DIRECTION('',(0.,0.,-1.));
#11185=DIRECTION('',(-1.,0.,0.));
#11186=DIRECTION('',(0.,0.,-1.));
#11187=DIRECTION('',(0.,0.,1.));
#11188=DIRECTION('',(-1.,0.,0.));
#11189=DIRECTION('',(0.,0.,1.));
#11190=DIRECTION('',(-1.,0.,0.));
#11191=DIRECTION('',(0.,0.,-1.));
#11192=DIRECTION('',(0.,0.,1.));
#11193=DIRECTION('',(-1.,0.,0.));
#11194=DIRECTION('',(0.,0.,1.));
#11195=DIRECTION('',(1.,0.,0.));
#11196=DIRECTION('',(0.,0.,1.));
#11197=DIRECTION('',(0.,0.,1.));
#11198=DIRECTION('',(1.,0.,0.));
#11199=DIRECTION('',(0.,0.,1.));
#11200=DIRECTION('',(0.,0.,1.));
#11201=DIRECTION('',(-1.,0.,0.));
#11202=DIRECTION('',(0.,0.,1.));
#11203=DIRECTION('',(1.,0.,0.));
#11204=DIRECTION('',(0.,0.,1.));
#11205=DIRECTION('',(0.,0.,1.));
#11206=DIRECTION('',(1.,0.,0.));
#11207=DIRECTION('',(0.,0.,1.));
#11208=DIRECTION('',(0.,0.,1.));
#11209=DIRECTION('',(1.,0.,0.));
#11210=DIRECTION('',(0.,0.,1.));
#11211=DIRECTION('',(-1.,0.,0.));
#11212=DIRECTION('',(0.,0.,1.));
#11213=DIRECTION('',(1.,0.,0.));
#11214=DIRECTION('',(0.,0.,1.));
#11215=DIRECTION('',(0.,0.,1.));
#11216=DIRECTION('',(1.,0.,0.));
#11217=DIRECTION('',(0.,0.,1.));
#11218=DIRECTION('',(0.,0.,1.));
#11219=DIRECTION('',(1.,0.,0.));
#11220=DIRECTION('',(0.,0.,1.));
#11221=DIRECTION('',(-1.,0.,0.));
#11222=DIRECTION('',(0.,0.,1.));
#11223=DIRECTION('',(1.,0.,0.));
#11224=DIRECTION('',(0.,0.,1.));
#11225=DIRECTION('',(0.,0.,1.));
#11226=DIRECTION('',(1.,0.,0.));
#11227=DIRECTION('',(0.,0.,1.));
#11228=DIRECTION('',(0.,4.82705662899339E-15,-1.));
#11229=DIRECTION('',(0.,-1.,-4.82705662899339E-15));
#11230=DIRECTION('',(0.,0.,1.));
#11231=DIRECTION('',(-1.,0.,0.));
#11232=DIRECTION('',(8.65956055458333E-17,-0.707106780551945,-0.70710678182115));
#11233=DIRECTION('',(0.,-4.82705662899339E-15,1.));
#11234=DIRECTION('',(0.,1.,4.82705662899339E-15));
#11235=DIRECTION('',(0.,0.707106780551951,-0.707106781821144));
#11236=DIRECTION('',(0.,0.,-1.));
#11237=DIRECTION('',(1.,0.,0.));
#11238=DIRECTION('',(0.707106780503243,8.65956055398687E-17,-0.707106781869852));
#11239=DIRECTION('',(0.,0.,1.));
#11240=DIRECTION('',(-1.,0.,0.));
#11241=DIRECTION('',(-0.707106780503243,0.,-0.707106781869852));
#11242=DIRECTION('',(0.,1.4608197692961E-14,-1.));
#11243=DIRECTION('',(0.,-1.,-1.4608197692961E-14));
#11244=DIRECTION('',(0.,0.,1.));
#11245=DIRECTION('',(1.,0.,0.));
#11246=DIRECTION('',(8.65956055447911E-17,-0.707106780543427,-0.707106781829668));
#11247=DIRECTION('',(0.,-1.4608197692961E-14,1.));
#11248=DIRECTION('',(0.,1.,1.4608197692961E-14));
#11249=DIRECTION('',(0.,0.707106780543448,-0.707106781829647));
#11250=DIRECTION('',(0.,1.46081976924962E-14,-1.));
#11251=DIRECTION('',(0.,-1.,-1.46081976924962E-14));
#11252=DIRECTION('',(0.,0.,1.));
#11253=DIRECTION('',(1.,0.,0.));
#11254=DIRECTION('',(8.65956055497135E-17,-0.707106780583622,-0.707106781789473));
#11255=DIRECTION('',(0.,-1.46081976924962E-14,1.));
#11256=DIRECTION('',(0.,1.,1.46081976924962E-14));
#11257=DIRECTION('',(0.,0.707106780583642,-0.707106781789453));
#11258=DIRECTION('',(0.,0.,-1.));
#11259=DIRECTION('',(1.,0.,0.));
#11260=DIRECTION('',(0.707106780543438,8.65956055447911E-17,-0.707106781829657));
#11261=DIRECTION('',(0.,0.,1.));
#11262=DIRECTION('',(-1.,0.,0.));
#11263=DIRECTION('',(-0.707106780543438,0.,-0.707106781829657));
#11264=DIRECTION('',(0.,0.,-1.));
#11265=DIRECTION('',(1.,0.,0.));
#11266=DIRECTION('',(0.,0.,-1.));
#11267=DIRECTION('',(1.,0.,0.));
#11268=DIRECTION('',(0.707106780543438,8.65956055447911E-17,-0.707106781829657));
#11269=DIRECTION('',(0.,0.,1.));
#11270=DIRECTION('',(-1.,0.,0.));
#11271=DIRECTION('',(-0.707106780543438,0.,-0.707106781829657));
#11272=DIRECTION('',(0.,8.54017711320948E-15,-1.));
#11273=DIRECTION('',(0.,-1.,-8.54017711320948E-15));
#11274=DIRECTION('',(0.,0.,-1.));
#11275=DIRECTION('',(1.,0.,0.));
#11276=DIRECTION('',(8.65956055447911E-17,-0.707106780543432,-0.707106781829663));
#11277=DIRECTION('',(0.,-8.54017711320948E-15,1.));
#11278=DIRECTION('',(0.,1.,8.54017711320948E-15));
#11279=DIRECTION('',(0.,0.707106780543444,-0.707106781829651));
#11280=DIRECTION('',(0.,0.,-1.));
#11281=DIRECTION('',(1.,0.,0.));
#11282=DIRECTION('',(0.,0.,-1.));
#11283=DIRECTION('',(1.,0.,0.));
#11284=DIRECTION('',(0.,0.,-1.));
#11285=DIRECTION('',(-1.,0.,0.));
#11286=DIRECTION('',(0.,0.,-1.));
#11287=DIRECTION('',(0.,0.,-1.));
#11288=DIRECTION('',(0.,0.,-1.));
#11289=DIRECTION('',(1.,0.,0.));
#11290=DIRECTION('',(0.,0.,-1.));
#11291=DIRECTION('',(-1.,0.,0.));
#11292=DIRECTION('',(0.,0.,-1.));
#11293=DIRECTION('',(0.,0.,-1.));
#11294=DIRECTION('',(1.,0.,0.));
#11295=DIRECTION('',(0.,0.,-1.));
#11296=DIRECTION('',(0.,0.,-1.));
#11297=DIRECTION('',(1.,0.,0.));
#11298=DIRECTION('',(0.,0.,1.));
#11299=DIRECTION('',(1.,0.,0.));
#11300=DIRECTION('',(0.,-9.25185853918988E-15,1.));
#11301=DIRECTION('',(0.,-1.,-9.25185853918988E-15));
#11302=DIRECTION('',(0.,-9.25185853914564E-15,1.));
#11303=DIRECTION('',(0.,-1.,-9.25185853914564E-15));
#11304=DIRECTION('',(0.,-9.2518585392444E-15,1.));
#11305=DIRECTION('',(0.,-1.,-9.2518585392444E-15));
#11306=DIRECTION('',(0.,-9.25185853928785E-15,1.));
#11307=DIRECTION('',(0.,-1.,-9.25185853928785E-15));
#11308=DIRECTION('',(-1.,0.,0.));
#11309=DIRECTION('',(0.,-1.,0.));
#11310=DIRECTION('',(1.,0.,0.));
#11311=DIRECTION('',(0.,1.,0.));
#11312=DIRECTION('',(0.,0.,1.));
#11313=DIRECTION('',(-1.,0.,0.));
#11314=DIRECTION('',(0.,0.,1.));
#11315=DIRECTION('',(-1.,0.,0.));
#11316=DIRECTION('',(0.,-9.25185853918988E-15,1.));
#11317=DIRECTION('',(0.,1.,9.25185853918988E-15));
#11318=DIRECTION('',(0.,0.,1.));
#11319=DIRECTION('',(-1.,0.,0.));
#11320=DIRECTION('',(0.,-9.25185853914564E-15,1.));
#11321=DIRECTION('',(0.,1.,9.25185853914564E-15));
#11322=DIRECTION('',(0.,0.,1.));
#11323=DIRECTION('',(-1.,0.,0.));
#11324=DIRECTION('',(0.,-9.2518585392444E-15,1.));
#11325=DIRECTION('',(0.,1.,9.2518585392444E-15));
#11326=DIRECTION('',(0.,0.,1.));
#11327=DIRECTION('',(-1.,0.,0.));
#11328=DIRECTION('',(0.,-9.25185853928785E-15,1.));
#11329=DIRECTION('',(0.,1.,9.25185853928785E-15));
#11330=DIRECTION('',(0.,0.,1.));
#11331=DIRECTION('',(-1.,0.,0.));
#11332=DIRECTION('',(0.707106781186547,0.,-0.707106781186547));
#11333=DIRECTION('',(0.707106781186547,0.,0.707106781186547));
#11334=DIRECTION('',(0.577350269189647,-0.577350269189647,0.577350269189583));
#11335=DIRECTION('',(-0.577350269189658,-0.577350269189513,-0.577350269189706));
#11336=DIRECTION('',(0.577350269189658,-0.577350269189513,0.577350269189706));
#11337=DIRECTION('',(-0.577350269189647,-0.577350269189647,-0.577350269189583));
#11338=DIRECTION('',(0.,1.,0.));
#11339=DIRECTION('',(0.,0.707106781186547,-0.707106781186547));
#11340=DIRECTION('',(0.,-0.707106781186547,-0.707106781186547));
#11341=DIRECTION('',(0.577350269189647,-0.577350269189647,-0.577350269189583));
#11342=DIRECTION('',(-1.,0.,0.));
#11343=DIRECTION('',(0.577350269189647,0.577350269189647,0.577350269189583));
#11344=DIRECTION('',(0.577350269189513,-0.577350269189658,-0.577350269189706));
#11345=DIRECTION('',(-0.707106781186547,0.,-0.707106781186547));
#11346=DIRECTION('',(0.707106781186547,0.,-0.707106781186547));
#11347=DIRECTION('',(0.577350269189647,0.577350269189647,-0.577350269189583));
#11348=DIRECTION('',(0.,-1.,0.));
#11349=DIRECTION('',(-0.577350269189647,0.577350269189647,0.577350269189583));
#11350=DIRECTION('',(0.577350269189658,0.577350269189513,-0.577350269189706));
#11351=DIRECTION('',(0.,-0.707106781186547,-0.707106781186547));
#11352=DIRECTION('',(0.,-0.707106781186547,0.707106781186547));
#11353=DIRECTION('',(-0.577350269189647,0.577350269189647,-0.577350269189583));
#11354=DIRECTION('',(1.,0.,0.));
#11355=DIRECTION('',(-0.577350269189647,-0.577350269189647,0.577350269189583));
#11356=DIRECTION('',(0.,0.,-1.));
#11357=DIRECTION('',(1.,0.,0.));
#11358=DIRECTION('',(0.,0.,1.));
#11359=DIRECTION('',(-1.,0.,0.));
#11360=DIRECTION('',(0.,0.,1.));
#11361=DIRECTION('',(-1.,0.,0.));
#11362=DIRECTION('',(0.,0.,1.));
#11363=DIRECTION('',(1.,0.,0.));
#11364=DIRECTION('',(0.,0.,1.));
#11365=DIRECTION('',(-1.,0.,0.));
#11366=DIRECTION('',(0.,0.,1.));
#11367=DIRECTION('',(1.,0.,0.));
#11368=DIRECTION('',(0.,0.,1.));
#11369=DIRECTION('',(-1.,0.,0.));
#11370=DIRECTION('',(0.,0.,1.));
#11371=DIRECTION('',(1.,0.,0.));
#11372=DIRECTION('',(0.,0.,1.));
#11373=DIRECTION('',(-1.,0.,0.));
#11374=DIRECTION('',(0.,0.,1.));
#11375=DIRECTION('',(1.,0.,0.));
#11376=DIRECTION('',(1.,0.,0.));
#11377=DIRECTION('',(0.,0.,1.));
#11378=DIRECTION('',(0.,0.,-1.));
#11379=DIRECTION('',(0.,0.,1.));
#11380=DIRECTION('',(0.,1.,0.));
#11381=DIRECTION('',(0.,1.,0.));
#11382=DIRECTION('',(0.,0.,-1.));
#11383=DIRECTION('',(0.,0.,1.));
#11384=DIRECTION('',(-1.,0.,0.));
#11385=DIRECTION('',(0.,0.,-1.));
#11386=DIRECTION('',(-1.,0.,0.));
#11387=DIRECTION('',(0.,0.,-1.));
#11388=DIRECTION('',(0.,0.,1.));
#11389=DIRECTION('',(0.,-1.,0.));
#11390=DIRECTION('',(0.,0.,-1.));
#11391=DIRECTION('',(0.,-1.,0.));
#11392=DIRECTION('',(0.,0.,1.));
#11393=DIRECTION('',(0.,0.,1.));
#11394=DIRECTION('',(1.,0.,0.));
#11395=DIRECTION('',(0.,0.,-1.));
#11396=DIRECTION('',(0.,0.,-1.));
#11397=DIRECTION('',(1.,0.,0.));
#11398=DIRECTION('',(0.,0.,-1.));
#11399=DIRECTION('',(-1.,0.,0.));
#11400=DIRECTION('',(0.,0.,-1.));
#11401=DIRECTION('',(1.,0.,0.));
#11402=DIRECTION('',(0.,0.,1.));
#11403=DIRECTION('',(1.,0.,0.));
#11404=DIRECTION('',(0.,0.,-1.));
#11405=DIRECTION('',(1.,0.,0.));
#11406=DIRECTION('',(0.,0.,1.));
#11407=DIRECTION('',(1.,0.,0.));
#11408=DIRECTION('',(0.,0.,-1.));
#11409=DIRECTION('',(1.,0.,0.));
#11410=DIRECTION('',(0.,0.,1.));
#11411=DIRECTION('',(1.,0.,0.));
#11412=DIRECTION('',(0.,0.,-1.));
#11413=DIRECTION('',(1.,0.,0.));
#11414=DIRECTION('',(0.,0.,1.));
#11415=DIRECTION('',(1.,0.,0.));
#11416=DIRECTION('',(-0.707106781186547,0.,-0.707106781186547));
#11417=DIRECTION('',(0.707106781186547,0.,-0.707106781186547));
#11418=DIRECTION('',(0.577350269189615,-0.577350269189663,-0.577350269189599));
#11419=DIRECTION('',(0.,-1.,0.));
#11420=DIRECTION('',(-0.577350269189615,-0.577350269189663,0.577350269189599));
#11421=DIRECTION('',(-0.577350269189615,0.577350269189663,0.577350269189599));
#11422=DIRECTION('',(0.577350269189615,0.577350269189663,-0.577350269189599));
#11423=DIRECTION('',(0.707106781186547,0.707106781186547,0.));
#11424=DIRECTION('',(0.707106781186547,-0.707106781186547,0.));
#11425=DIRECTION('',(-0.577350269189647,0.577350269189647,-0.577350269189583));
#11426=DIRECTION('',(0.707106781186547,-0.707106781186547,0.));
#11427=DIRECTION('',(-0.707106781186547,-0.707106781186547,0.));
#11428=DIRECTION('',(0.577350269189647,0.577350269189647,0.577350269189583));
#11429=DIRECTION('',(0.,-0.707106781186547,-0.707106781186547));
#11430=DIRECTION('',(0.,-0.707106781186547,0.707106781186547));
#11431=DIRECTION('',(0.577350269189663,-0.577350269189615,0.577350269189599));
#11432=DIRECTION('',(-0.577350269189663,-0.577350269189615,0.577350269189599));
#11433=DIRECTION('',(1.,0.,0.));
#11434=DIRECTION('',(-0.707106781186547,0.707106781186547,0.));
#11435=DIRECTION('',(0.707106781186547,0.707106781186547,0.));
#11436=DIRECTION('',(-0.577350269189647,-0.577350269189647,-0.577350269189583));
#11437=DIRECTION('',(0.707106781186547,0.,-0.707106781186547));
#11438=DIRECTION('',(0.707106781186547,0.,0.707106781186547));
#11439=DIRECTION('',(0.577350269189615,0.577350269189663,0.577350269189599));
#11440=DIRECTION('',(0.577350269189615,-0.577350269189663,0.577350269189599));
#11441=DIRECTION('',(0.,1.,0.));
#11442=DIRECTION('',(-0.707106781186547,-0.707106781186547,0.));
#11443=DIRECTION('',(-0.707106781186547,0.707106781186547,0.));
#11444=DIRECTION('',(0.577350269189647,-0.577350269189647,-0.577350269189583));
#11445=DIRECTION('',(0.,0.707106781186547,-0.707106781186547));
#11446=DIRECTION('',(0.,-0.707106781186547,-0.707106781186547));
#11447=DIRECTION('',(-1.,0.,0.));
#11448=DIRECTION('',(0.,0.,-1.));
#11449=DIRECTION('',(1.,0.,0.));
#11450=DIRECTION('',(0.,0.,1.));
#11451=DIRECTION('',(-1.,0.,0.));
#11452=DIRECTION('',(0.,0.,1.));
#11453=DIRECTION('',(-1.,0.,0.));
#11454=DIRECTION('',(0.,0.,1.));
#11455=DIRECTION('',(1.,0.,0.));
#11456=DIRECTION('',(0.,0.,1.));
#11457=DIRECTION('',(-1.,0.,0.));
#11458=DIRECTION('',(0.,0.,1.));
#11459=DIRECTION('',(1.,0.,0.));
#11460=DIRECTION('',(0.,0.,1.));
#11461=DIRECTION('',(-1.,0.,0.));
#11462=DIRECTION('',(0.,0.,1.));
#11463=DIRECTION('',(1.,0.,0.));
#11464=DIRECTION('',(0.,0.,1.));
#11465=DIRECTION('',(-1.,0.,0.));
#11466=DIRECTION('',(0.,0.,1.));
#11467=DIRECTION('',(1.,0.,0.));
#11468=DIRECTION('',(0.,0.,-1.));
#11469=DIRECTION('',(1.,0.,0.));
#11470=DIRECTION('',(0.,0.,1.));
#11471=DIRECTION('',(-1.,0.,0.));
#11472=DIRECTION('',(0.,-8.54017711320948E-15,1.));
#11473=DIRECTION('',(0.,1.,8.54017711320948E-15));
#11474=DIRECTION('',(0.,-4.82705662899339E-15,1.));
#11475=DIRECTION('',(0.,1.,4.82705662899339E-15));
#11476=DIRECTION('',(0.,0.,1.));
#11477=DIRECTION('',(-1.,0.,0.));
#11478=DIRECTION('',(0.,-1.4608197692961E-14,1.));
#11479=DIRECTION('',(0.,1.,1.4608197692961E-14));
#11480=DIRECTION('',(0.,-1.46081976924962E-14,1.));
#11481=DIRECTION('',(0.,1.,1.46081976924962E-14));
#11482=DIRECTION('',(0.,0.,1.));
#11483=DIRECTION('',(-1.,0.,0.));
#11484=DIRECTION('',(0.,4.82705662899339E-15,-1.));
#11485=DIRECTION('',(0.,-1.,-4.82705662899339E-15));
#11486=DIRECTION('',(0.,0.,-1.));
#11487=DIRECTION('',(1.,0.,0.));
#11488=DIRECTION('',(0.,1.4608197692961E-14,-1.));
#11489=DIRECTION('',(0.,-1.,-1.4608197692961E-14));
#11490=DIRECTION('',(0.,1.46081976924962E-14,-1.));
#11491=DIRECTION('',(0.,-1.,-1.46081976924962E-14));
#11492=DIRECTION('',(0.,0.,-1.));
#11493=DIRECTION('',(1.,0.,0.));
#11494=DIRECTION('',(0.,0.,-1.));
#11495=DIRECTION('',(1.,0.,0.));
#11496=DIRECTION('',(0.,0.,-1.));
#11497=DIRECTION('',(1.,0.,0.));
#11498=DIRECTION('',(0.,8.54017711320948E-15,-1.));
#11499=DIRECTION('',(0.,-1.,-8.54017711320948E-15));
#11500=DIRECTION('',(0.,0.,-1.));
#11501=DIRECTION('',(1.,0.,0.));
#11502=DIRECTION('',(0.,0.,-1.));
#11503=DIRECTION('',(1.,0.,0.));
#11504=DIRECTION('',(0.,0.,-1.));
#11505=DIRECTION('',(-1.,0.,0.));
#11506=DIRECTION('',(0.,0.,-1.));
#11507=DIRECTION('',(1.,0.,0.));
#11508=DIRECTION('',(0.,0.,-1.));
#11509=DIRECTION('',(-1.,0.,0.));
#11510=DIRECTION('',(0.,0.,-1.));
#11511=DIRECTION('',(1.,0.,0.));
#11512=DIRECTION('',(0.,0.,-1.));
#11513=DIRECTION('',(1.,0.,0.));
#11514=DIRECTION('',(0.,0.,1.));
#11515=DIRECTION('',(-1.,0.,0.));
#11516=DIRECTION('',(0.,0.,1.));
#11517=DIRECTION('',(-1.,0.,0.));
#11518=DIRECTION('',(-0.707106780583632,8.65956055497135E-17,0.707106781789463));
#11519=DIRECTION('',(0.,0.,-1.));
#11520=DIRECTION('',(1.,0.,0.));
#11521=DIRECTION('',(0.707106780583632,0.,0.707106781789463));
#11522=DIRECTION('',(0.,0.,1.));
#11523=DIRECTION('',(-1.,0.,0.));
#11524=DIRECTION('',(0.,0.,1.));
#11525=DIRECTION('',(-1.,0.,0.));
#11526=DIRECTION('',(-0.707106780583632,8.65956055497135E-17,0.707106781789463));
#11527=DIRECTION('',(0.,0.,-1.));
#11528=DIRECTION('',(1.,0.,0.));
#11529=DIRECTION('',(0.707106780583632,0.,0.707106781789463));
#11530=DIRECTION('',(0.,0.,-1.));
#11531=DIRECTION('',(1.,0.,0.));
#11532=DIRECTION('',(0.,0.,-1.));
#11533=DIRECTION('',(-1.,0.,0.));
#11534=DIRECTION('',(0.,0.,-1.));
#11535=DIRECTION('',(0.,0.,1.));
#11536=DIRECTION('',(-1.,0.,0.));
#11537=DIRECTION('',(0.,0.,-1.));
#11538=DIRECTION('',(0.,0.,-1.));
#11539=DIRECTION('',(1.,0.,0.));
#11540=DIRECTION('',(0.,0.,-1.));
#11541=DIRECTION('',(-1.,0.,0.));
#11542=DIRECTION('',(0.,0.,-1.));
#11543=DIRECTION('',(0.,0.,1.));
#11544=DIRECTION('',(-1.,0.,0.));
#11545=DIRECTION('',(0.,0.,-1.));
#11546=DIRECTION('',(0.,0.,-1.));
#11547=DIRECTION('',(1.,0.,0.));
#11548=DIRECTION('',(0.,0.,-1.));
#11549=DIRECTION('',(-1.,0.,0.));
#11550=DIRECTION('',(0.,0.,-1.));
#11551=DIRECTION('',(0.,0.,1.));
#11552=DIRECTION('',(-1.,0.,0.));
#11553=DIRECTION('',(0.,0.,-1.));
#11554=DIRECTION('',(0.,0.,-1.));
#11555=DIRECTION('',(1.,0.,0.));
#11556=DIRECTION('',(0.,0.,-1.));
#11557=DIRECTION('',(-1.,0.,0.));
#11558=DIRECTION('',(0.,0.,-1.));
#11559=DIRECTION('',(0.,0.,1.));
#11560=DIRECTION('',(-1.,0.,0.));
#11561=DIRECTION('',(0.,0.,-1.));
#11562=DIRECTION('',(0.,0.,-1.));
#11563=DIRECTION('',(1.,0.,0.));
#11564=DIRECTION('',(0.,0.,-1.));
#11565=DIRECTION('',(-1.,0.,0.));
#11566=DIRECTION('',(0.,0.,-1.));
#11567=DIRECTION('',(0.,0.,1.));
#11568=DIRECTION('',(-1.,0.,0.));
#11569=DIRECTION('',(0.,0.,-1.));
#11570=DIRECTION('',(0.,0.,-1.));
#11571=DIRECTION('',(1.,0.,0.));
#11572=DIRECTION('',(0.,0.,-1.));
#11573=DIRECTION('',(-1.,0.,0.));
#11574=DIRECTION('',(0.,0.,-1.));
#11575=DIRECTION('',(0.,0.,1.));
#11576=DIRECTION('',(-1.,0.,0.));
#11577=DIRECTION('',(0.,0.,-1.));
#11578=DIRECTION('',(0.,0.,-1.));
#11579=DIRECTION('',(1.,0.,0.));
#11580=DIRECTION('',(0.,0.,-1.));
#11581=DIRECTION('',(-1.,0.,0.));
#11582=DIRECTION('',(0.,0.,-1.));
#11583=DIRECTION('',(0.,0.,1.));
#11584=DIRECTION('',(-1.,0.,0.));
#11585=DIRECTION('',(0.,0.,-1.));
#11586=DIRECTION('',(0.,0.,-1.));
#11587=DIRECTION('',(1.,0.,0.));
#11588=DIRECTION('',(0.,0.,-1.));
#11589=DIRECTION('',(-1.,0.,0.));
#11590=DIRECTION('',(0.,0.,-1.));
#11591=DIRECTION('',(0.,0.,1.));
#11592=DIRECTION('',(-1.,0.,0.));
#11593=DIRECTION('',(0.,0.,-1.));
#11594=DIRECTION('',(0.,0.,1.));
#11595=DIRECTION('',(-1.,0.,0.));
#11596=DIRECTION('',(0.,0.,1.));
#11597=DIRECTION('',(1.,0.,0.));
#11598=DIRECTION('',(0.,0.,1.));
#11599=DIRECTION('',(0.,0.,-1.));
#11600=DIRECTION('',(1.,1.82602471155453E-15,0.));
#11601=DIRECTION('',(0.,0.,1.));
#11602=DIRECTION('',(0.,0.,-1.));
#11603=DIRECTION('',(1.,0.,0.));
#11604=DIRECTION('',(0.,0.,-1.));
#11605=DIRECTION('',(0.,0.,-1.));
#11606=DIRECTION('',(1.,0.,0.));
#11607=DIRECTION('',(0.,0.,1.));
#11608=DIRECTION('',(0.,0.,-1.));
#11609=DIRECTION('',(1.,0.,0.));
#11610=DIRECTION('',(0.,0.,1.));
#11611=DIRECTION('',(0.,0.,-1.));
#11612=DIRECTION('',(1.,0.,0.));
#11613=DIRECTION('',(0.,0.,1.));
#11614=DIRECTION('',(0.,0.,-1.));
#11615=DIRECTION('',(1.,0.,0.));
#11616=DIRECTION('',(0.,0.,-1.));
#11617=DIRECTION('',(-1.,0.,0.));
#11618=DIRECTION('',(0.,0.,-1.));
#11619=DIRECTION('',(0.,0.,1.));
#11620=DIRECTION('',(-1.,0.,0.));
#11621=DIRECTION('',(0.,0.,1.));
#11622=DIRECTION('',(0.,0.,-1.));
#11623=DIRECTION('',(1.,0.,0.));
#11624=DIRECTION('',(0.,0.,-1.));
#11625=DIRECTION('',(-1.,0.,0.));
#11626=DIRECTION('',(0.,0.,-1.));
#11627=DIRECTION('',(0.,0.,1.));
#11628=DIRECTION('',(-1.,0.,0.));
#11629=DIRECTION('',(0.,0.,1.));
#11630=DIRECTION('',(0.,0.,1.));
#11631=DIRECTION('',(-1.,0.,0.));
#11632=DIRECTION('',(0.,0.,1.));
#11633=DIRECTION('',(1.,0.,0.));
#11634=DIRECTION('',(0.,0.,1.));
#11635=DIRECTION('',(0.,0.,1.));
#11636=DIRECTION('',(0.,0.,1.));
#11637=DIRECTION('',(-1.,0.,0.));
#11638=DIRECTION('',(0.,0.,1.));
#11639=DIRECTION('',(1.,0.,0.));
#11640=DIRECTION('',(0.,0.,1.));
#11641=DIRECTION('',(0.,0.,1.));
#11642=DIRECTION('',(0.,0.,-1.));
#11643=DIRECTION('',(1.,0.,0.));
#11644=DIRECTION('',(0.,0.,1.));
#11645=DIRECTION('',(-1.,0.,0.));
#11646=DIRECTION('',(0.,0.,-1.));
#11647=DIRECTION('',(0.,0.,-1.));
#11648=DIRECTION('',(-1.,0.,0.));
#11649=DIRECTION('',(0.,0.,-1.));
#11650=DIRECTION('',(0.,0.,-1.));
#11651=DIRECTION('',(1.,0.,0.));
#11652=DIRECTION('',(0.,0.,1.));
#11653=DIRECTION('',(-1.,0.,0.));
#11654=DIRECTION('',(0.,0.,-1.));
#11655=DIRECTION('',(0.,0.,-1.));
#11656=DIRECTION('',(-1.,0.,0.));
#11657=DIRECTION('',(0.,0.,-1.));
#11658=DIRECTION('',(0.,0.,-1.));
#11659=DIRECTION('',(1.,0.,0.));
#11660=DIRECTION('',(0.,0.,1.));
#11661=DIRECTION('',(-1.,0.,0.));
#11662=DIRECTION('',(0.,0.,-1.));
#11663=DIRECTION('',(0.,0.,-1.));
#11664=DIRECTION('',(-1.,0.,0.));
#11665=DIRECTION('',(0.,0.,-1.));
#11666=DIRECTION('',(0.,0.,-1.));
#11667=DIRECTION('',(1.,0.,0.));
#11668=DIRECTION('',(0.,0.,1.));
#11669=DIRECTION('',(-1.,0.,0.));
#11670=DIRECTION('',(0.,0.,-1.));
#11671=DIRECTION('',(0.,0.,-1.));
#11672=DIRECTION('',(-1.,0.,0.));
#11673=DIRECTION('',(0.,0.,-1.));
#11674=DIRECTION('',(0.,0.,1.));
#11675=DIRECTION('',(-1.,0.,0.));
#11676=DIRECTION('',(0.,0.,-1.));
#11677=DIRECTION('',(1.,0.,0.));
#11678=DIRECTION('',(0.,0.,1.));
#11679=DIRECTION('',(0.,0.,1.));
#11680=DIRECTION('',(1.,0.,0.));
#11681=DIRECTION('',(0.,0.,1.));
#11682=DIRECTION('',(0.,0.,1.));
#11683=DIRECTION('',(-1.,0.,0.));
#11684=DIRECTION('',(0.,0.,-1.));
#11685=DIRECTION('',(1.,0.,0.));
#11686=DIRECTION('',(0.,0.,1.));
#11687=DIRECTION('',(0.,0.,1.));
#11688=DIRECTION('',(1.,0.,0.));
#11689=DIRECTION('',(0.,0.,1.));
#11690=DIRECTION('',(0.,0.,1.));
#11691=DIRECTION('',(-1.,0.,0.));
#11692=DIRECTION('',(0.,0.,-1.));
#11693=DIRECTION('',(1.,0.,0.));
#11694=DIRECTION('',(0.,0.,1.));
#11695=DIRECTION('',(0.,0.,1.));
#11696=DIRECTION('',(1.,0.,0.));
#11697=DIRECTION('',(0.,0.,1.));
#11698=DIRECTION('',(0.,0.,1.));
#11699=DIRECTION('',(-1.,0.,0.));
#11700=DIRECTION('',(0.,0.,-1.));
#11701=DIRECTION('',(1.,0.,0.));
#11702=DIRECTION('',(0.,0.,1.));
#11703=DIRECTION('',(0.,0.,1.));
#11704=DIRECTION('',(1.,0.,0.));
#11705=DIRECTION('',(0.,0.,1.));
#11706=DIRECTION('',(0.,0.,1.));
#11707=DIRECTION('',(-1.,0.,0.));
#11708=DIRECTION('',(0.,0.,-1.));
#11709=DIRECTION('',(1.,0.,0.));
#11710=DIRECTION('',(0.,0.,-1.));
#11711=DIRECTION('',(1.,0.,0.));
#11712=DIRECTION('',(0.,-1.,0.));
#11713=DIRECTION('',(1.,0.,0.));
#11714=DIRECTION('',(0.,1.,0.));
#11715=DIRECTION('',(-1.,0.,0.));
#11716=DIRECTION('',(0.,0.,-1.));
#11717=DIRECTION('',(-1.,0.,0.));
#11718=DIRECTION('',(0.,0.,-1.));
#11719=DIRECTION('',(-1.,0.,0.));
#11720=DIRECTION('',(0.,0.,-1.));
#11721=DIRECTION('',(-1.,0.,0.));
#11722=DIRECTION('',(0.,0.,-1.));
#11723=DIRECTION('',(-1.,0.,0.));
#11724=DIRECTION('',(0.,0.,-1.));
#11725=DIRECTION('',(-1.,0.,0.));
#11726=DIRECTION('',(0.,0.,-1.));
#11727=DIRECTION('',(-1.,0.,0.));
#11728=DIRECTION('',(0.,0.,-1.));
#11729=DIRECTION('',(-1.,0.,0.));
#11730=DIRECTION('',(0.,0.,-1.));
#11731=DIRECTION('',(-1.,0.,0.));
#11732=DIRECTION('',(0.70710678118656,-0.707106781186535,0.));
#11733=DIRECTION('',(0.,0.,-1.));
#11734=DIRECTION('',(-1.,0.,0.));
#11735=DIRECTION('',(-0.707106781186541,0.707106781186554,0.));
#11736=DIRECTION('',(-0.707106781186563,-0.707106781186532,0.));
#11737=DIRECTION('',(0.,0.,-1.));
#11738=DIRECTION('',(-1.,0.,0.));
#11739=DIRECTION('',(0.707106781186547,0.707106781186548,0.));
#11740=DIRECTION('',(0.,0.,-1.));
#11741=DIRECTION('',(1.,0.,0.));
#11742=DIRECTION('',(-0.707106781186533,0.707106781186562,0.));
#11743=DIRECTION('',(0.,0.,-1.));
#11744=DIRECTION('',(-1.,0.,0.));
#11745=DIRECTION('',(0.707106781186548,-0.707106781186547,0.));
#11746=DIRECTION('',(0.,0.,-1.));
#11747=DIRECTION('',(1.,-1.82602471155453E-15,0.));
#11748=DIRECTION('',(0.707106781186506,0.707106781186589,0.));
#11749=DIRECTION('',(0.,0.,-1.));
#11750=DIRECTION('',(-1.,0.,0.));
#11751=DIRECTION('',(-0.707106781186549,-0.707106781186546,0.));
#11752=DIRECTION('',(0.,0.,-1.));
#11753=DIRECTION('',(1.,7.30409884621813E-16,0.));
#11754=DIRECTION('',(0.,0.,1.));
#11755=DIRECTION('',(-1.,0.,0.));
#11756=DIRECTION('',(0.,0.,1.));
#11757=DIRECTION('',(-1.,0.,0.));
#11758=DIRECTION('',(0.,0.,1.));
#11759=DIRECTION('',(-1.,0.,0.));
#11760=DIRECTION('',(0.,0.,1.));
#11761=DIRECTION('',(-1.,0.,0.));
#11762=DIRECTION('',(0.,-0.707106781186547,0.707106781186547));
#11763=DIRECTION('',(0.,0.707106781186547,0.707106781186547));
#11764=DIRECTION('',(-0.577350269189626,-0.577350269189626,-0.577350269189626));
#11765=DIRECTION('',(0.577350269189626,-0.577350269189626,-0.577350269189626));
#11766=DIRECTION('',(1.,0.,0.));
#11767=DIRECTION('',(0.577350269189626,0.577350269189626,0.577350269189626));
#11768=DIRECTION('',(-0.577350269189626,0.577350269189626,0.577350269189626));
#11769=DIRECTION('',(-0.707106781186547,0.,0.707106781186547));
#11770=DIRECTION('',(-0.707106781186547,0.,-0.707106781186547));
#11771=DIRECTION('',(-0.577350269189626,0.577350269189626,-0.577350269189626));
#11772=DIRECTION('',(-0.577350269189626,-0.577350269189626,-0.577350269189626));
#11773=DIRECTION('',(0.,-1.,0.));
#11774=DIRECTION('',(0.577350269189626,-0.577350269189626,0.577350269189626));
#11775=DIRECTION('',(0.,0.707106781186547,0.707106781186547));
#11776=DIRECTION('',(0.,0.707106781186547,-0.707106781186547));
#11777=DIRECTION('',(0.577350269189626,0.577350269189626,-0.577350269189626));
#11778=DIRECTION('',(-0.577350269189626,0.577350269189626,-0.577350269189626));
#11779=DIRECTION('',(-1.,0.,0.));
#11780=DIRECTION('',(-0.577350269189626,-0.577350269189626,0.577350269189626));
#11781=DIRECTION('',(0.707106781186547,0.,0.707106781186547));
#11782=DIRECTION('',(-0.707106781186547,0.,0.707106781186547));
#11783=DIRECTION('',(0.577350269189626,0.577350269189626,-0.577350269189626));
#11784=DIRECTION('',(0.,1.,0.));
#11785=DIRECTION('',(-0.577350269189626,0.577350269189626,0.577350269189626));
#11786=DIRECTION('',(0.,0.,-1.));
#11787=DIRECTION('',(1.,0.,0.));
#11788=DIRECTION('',(0.,0.,1.));
#11789=DIRECTION('',(-1.,0.,0.));
#11790=DIRECTION('',(0.,0.,-1.));
#11791=DIRECTION('',(1.,0.,0.));
#11792=DIRECTION('',(0.,0.,1.));
#11793=DIRECTION('',(-1.,0.,0.));
#11794=DIRECTION('',(0.,0.,-1.));
#11795=DIRECTION('',(1.,0.,0.));
#11796=DIRECTION('',(0.,0.,1.));
#11797=DIRECTION('',(-1.,0.,0.));
#11798=DIRECTION('',(0.,0.,-1.));
#11799=DIRECTION('',(1.,0.,0.));
#11800=DIRECTION('',(0.,0.,1.));
#11801=DIRECTION('',(-1.,0.,0.));
#11802=DIRECTION('',(0.,0.,-1.));
#11803=DIRECTION('',(1.,0.,0.));
#11804=DIRECTION('',(0.,0.,1.));
#11805=DIRECTION('',(-1.,0.,0.));
#11806=DIRECTION('',(0.,0.,-1.));
#11807=DIRECTION('',(1.,0.,0.));
#11808=DIRECTION('',(0.,0.,1.));
#11809=DIRECTION('',(-1.,0.,0.));
#11810=DIRECTION('',(0.,0.,-1.));
#11811=DIRECTION('',(1.,0.,0.));
#11812=DIRECTION('',(0.,0.,1.));
#11813=DIRECTION('',(-1.,0.,0.));
#11814=DIRECTION('',(0.,0.,-1.));
#11815=DIRECTION('',(1.,0.,0.));
#11816=DIRECTION('',(0.,0.,1.));
#11817=DIRECTION('',(-1.,0.,0.));
#11818=DIRECTION('',(0.,0.,-1.));
#11819=DIRECTION('',(1.,0.,0.));
#11820=DIRECTION('',(0.,0.,1.));
#11821=DIRECTION('',(-1.,1.15648231731787E-15,0.));
#11822=DIRECTION('',(0.,0.,-1.));
#11823=DIRECTION('',(0.,0.,1.));
#11824=DIRECTION('',(0.707106781186548,0.707106781186547,0.));
#11825=DIRECTION('',(0.707106781186547,-0.707106781186548,0.));
#11826=DIRECTION('',(-0.707106781186547,0.707106781186548,0.));
#11827=DIRECTION('',(0.,0.,1.));
#11828=DIRECTION('',(-1.,0.,0.));
#11829=DIRECTION('',(0.,0.,1.));
#11830=DIRECTION('',(1.,0.,0.));
#11831=DIRECTION('',(0.,0.,1.));
#11832=DIRECTION('',(0.,0.,-1.));
#11833=DIRECTION('',(1.,-2.55643459617635E-15,0.));
#11834=DIRECTION('',(0.,0.,-1.));
#11835=DIRECTION('',(0.,0.,1.));
#11836=DIRECTION('',(0.,0.,-1.));
#11837=DIRECTION('',(1.,0.,0.));
#11838=DIRECTION('',(0.,0.,-1.));
#11839=DIRECTION('',(0.707106781186547,-0.707106781186548,0.));
#11840=DIRECTION('',(-0.707106781186548,-0.707106781186547,0.));
#11841=DIRECTION('',(0.,0.,1.));
#11842=DIRECTION('',(0.707106781186548,0.707106781186547,0.));
#11843=DIRECTION('',(0.,0.,-1.));
#11844=DIRECTION('',(1.,0.,0.));
#11845=DIRECTION('',(0.,0.,1.));
#11846=DIRECTION('',(-1.,0.,0.));
#11847=DIRECTION('',(0.,0.,1.));
#11848=DIRECTION('',(-0.707106781186547,0.707106781186548,0.));
#11849=DIRECTION('',(0.707106781186548,0.707106781186547,0.));
#11850=DIRECTION('',(-0.707106781186548,-0.707106781186547,0.));
#11851=DIRECTION('',(0.707106781186548,0.707106781186547,0.));
#11852=DIRECTION('',(0.707106781186547,-0.707106781186548,0.));
#11853=DIRECTION('',(-0.707106781186547,0.707106781186548,0.));
#11854=DIRECTION('',(0.,0.,-1.));
#11855=DIRECTION('',(1.,0.,0.));
#11856=DIRECTION('',(0.,0.,1.));
#11857=DIRECTION('',(0.,0.,1.));
#11858=DIRECTION('',(-1.,0.,0.));
#11859=DIRECTION('',(-0.707106781186548,-0.707106781186547,0.));
#11860=DIRECTION('',(-0.707106781186547,0.707106781186548,0.));
#11861=DIRECTION('',(0.707106781186547,-0.707106781186548,0.));
#11862=DIRECTION('',(-0.707106781186547,0.707106781186548,0.));
#11863=DIRECTION('',(0.707106781186548,0.707106781186547,0.));
#11864=DIRECTION('',(-0.707106781186548,-0.707106781186547,0.));
#11865=DIRECTION('',(0.,0.,-1.));
#11866=DIRECTION('',(1.,0.,0.));
#11867=DIRECTION('',(0.,0.,1.));
#11868=DIRECTION('',(0.,0.,1.));
#11869=DIRECTION('',(-1.,0.,0.));
#11870=DIRECTION('',(0.707106781186547,-0.707106781186548,0.));
#11871=DIRECTION('',(-0.707106781186548,-0.707106781186547,0.));
#11872=DIRECTION('',(0.707106781186548,0.707106781186547,0.));
#11873=DIRECTION('',(-0.707106781186548,-0.707106781186547,0.));
#11874=DIRECTION('',(-0.707106781186547,0.707106781186548,0.));
#11875=DIRECTION('',(0.707106781186547,-0.707106781186548,0.));
#11876=DIRECTION('',(0.,0.,1.));
#11877=DIRECTION('',(-1.,0.,0.));
#11878=DIRECTION('',(0.,0.,1.));
#11879=DIRECTION('',(1.,0.,0.));
#11880=DIRECTION('',(0.,0.,1.));
#11881=DIRECTION('',(-1.,0.,0.));
#11882=DIRECTION('',(0.,0.,1.));
#11883=DIRECTION('',(1.,0.,0.));
#11884=DIRECTION('',(0.,1.,0.));
#11885=DIRECTION('',(0.,0.,-1.));
#11886=DIRECTION('',(0.,0.,-1.));
#11887=DIRECTION('',(0.,0.,1.));
#11888=DIRECTION('',(-1.,0.,0.));
#11889=DIRECTION('',(1.,0.,0.));
#11890=DIRECTION('',(0.,0.,1.));
#11891=DIRECTION('',(0.,0.,-1.));
#11892=DIRECTION('',(0.,0.,1.));
#11893=DIRECTION('',(0.,1.,0.));
#11894=DIRECTION('',(0.,-1.,0.));
#11895=DIRECTION('',(0.,0.,1.));
#11896=DIRECTION('',(0.,0.,-1.));
#11897=DIRECTION('',(0.,0.,1.));
#11898=DIRECTION('',(1.,0.,0.));
#11899=DIRECTION('',(-1.,0.,0.));
#11900=DIRECTION('',(0.,0.,-1.));
#11901=DIRECTION('',(0.,0.,1.));
#11902=DIRECTION('',(0.,-1.,0.));
#11903=DIRECTION('',(0.,0.,-1.));
#11904=DIRECTION('',(0.,0.,1.));
#11905=DIRECTION('',(-1.,0.,0.));
#11906=DIRECTION('',(1.,0.,0.));
#11907=DIRECTION('',(0.,-1.,0.));
#11908=DIRECTION('',(-1.,0.,0.));
#11909=DIRECTION('',(0.,1.,0.));
#11910=DIRECTION('',(0.,0.,-1.));
#11911=DIRECTION('',(-1.,0.,0.));
#11912=DIRECTION('',(0.,0.,-1.));
#11913=DIRECTION('',(-1.,0.,0.));
#11914=DIRECTION('',(0.,0.,-1.));
#11915=DIRECTION('',(-1.,0.,0.));
#11916=DIRECTION('',(0.,0.,-1.));
#11917=DIRECTION('',(-1.,0.,0.));
#11918=DIRECTION('',(0.,0.,-1.));
#11919=DIRECTION('',(1.,0.,0.));
#11920=DIRECTION('',(-1.,0.,0.));
#11921=DIRECTION('',(0.,0.,-1.));
#11922=DIRECTION('',(1.,0.,0.));
#11923=DIRECTION('',(0.,-1.,0.));
#11924=DIRECTION('',(0.,0.,-1.));
#11925=DIRECTION('',(1.,0.,0.));
#11926=DIRECTION('',(1.,0.,0.));
#11927=DIRECTION('',(0.,0.,-1.));
#11928=DIRECTION('',(1.,0.,0.));
#11929=DIRECTION('',(0.,1.,0.));
#11930=DIRECTION('',(0.,0.,1.));
#11931=DIRECTION('',(-1.,0.,0.));
#11932=DIRECTION('',(0.,0.,1.));
#11933=DIRECTION('',(-1.,0.,0.));
#11934=DIRECTION('',(0.,0.,1.));
#11935=DIRECTION('',(-1.,0.,0.));
#11936=DIRECTION('',(0.,0.,1.));
#11937=DIRECTION('',(-1.,0.,0.));
#11938=DIRECTION('',(0.,0.,1.));
#11939=DIRECTION('',(-1.,0.,0.));
#11940=DIRECTION('',(0.,0.,1.));
#11941=DIRECTION('',(-1.,0.,0.));
#11942=DIRECTION('',(0.,0.,1.));
#11943=DIRECTION('',(-1.,0.,0.));
#11944=DIRECTION('',(0.,0.,1.));
#11945=DIRECTION('',(-1.,0.,0.));
#11946=DIRECTION('',(0.,0.,-1.));
#11947=DIRECTION('',(1.,0.,0.));
#11948=DIRECTION('',(0.,0.,1.));
#11949=DIRECTION('',(1.,0.,0.));
#11950=DIRECTION('',(0.,0.,-1.));
#11951=DIRECTION('',(1.,0.,0.));
#11952=DIRECTION('',(0.,0.,1.));
#11953=DIRECTION('',(1.,0.,0.));
#11954=DIRECTION('',(0.,0.,-1.));
#11955=DIRECTION('',(1.,0.,0.));
#11956=DIRECTION('',(0.,0.,1.));
#11957=DIRECTION('',(1.,0.,0.));
#11958=DIRECTION('',(0.,0.,-1.));
#11959=DIRECTION('',(1.,0.,0.));
#11960=DIRECTION('',(0.,0.,1.));
#11961=DIRECTION('',(1.,0.,0.));
#11962=DIRECTION('',(0.,0.,1.));
#11963=DIRECTION('',(-1.,0.,0.));
#11964=DIRECTION('',(0.,0.,1.));
#11965=DIRECTION('',(1.,0.,0.));
#11966=DIRECTION('',(0.,1.,0.));
#11967=DIRECTION('',(0.,0.,1.));
#11968=DIRECTION('',(1.,0.,0.));
#11969=DIRECTION('',(1.,0.,0.));
#11970=DIRECTION('',(0.,0.,1.));
#11971=DIRECTION('',(1.,0.,0.));
#11972=DIRECTION('',(0.,-1.,0.));
#11973=DIRECTION('',(0.,0.,1.));
#11974=DIRECTION('',(1.,0.,0.));
#11975=DIRECTION('',(-1.,0.,0.));
#11976=DIRECTION('',(0.,0.,-1.));
#11977=DIRECTION('',(1.,0.,0.));
#11978=DIRECTION('',(0.,0.,-1.));
#11979=DIRECTION('',(1.,0.,0.));
#11980=DIRECTION('',(0.,0.,-1.));
#11981=DIRECTION('',(1.,0.,0.));
#11982=DIRECTION('',(0.,0.,-1.));
#11983=DIRECTION('',(1.,0.,0.));
#11984=DIRECTION('',(0.,0.,1.));
#11985=DIRECTION('',(-1.,0.,0.));
#11986=DIRECTION('',(0.,0.,1.));
#11987=DIRECTION('',(-1.,0.,0.));
#11988=DIRECTION('',(0.,0.707106781186547,0.707106781186547));
#11989=DIRECTION('',(0.,0.707106781186547,-0.707106781186547));
#11990=DIRECTION('',(0.577350269189626,0.577350269189626,-0.577350269189626));
#11991=DIRECTION('',(0.577350269189626,-0.577350269189626,0.577350269189626));
#11992=DIRECTION('',(-0.577350269189626,-0.577350269189626,0.577350269189626));
#11993=DIRECTION('',(-0.577350269189626,0.577350269189626,-0.577350269189626));
#11994=DIRECTION('',(-0.707106781186547,0.707106781186547,0.));
#11995=DIRECTION('',(0.707106781186547,0.707106781186547,0.));
#11996=DIRECTION('',(-0.577350269189626,-0.577350269189626,-0.577350269189626));
#11997=DIRECTION('',(0.707106781186547,0.707106781186547,0.));
#11998=DIRECTION('',(0.707106781186547,-0.707106781186547,0.));
#11999=DIRECTION('',(-0.577350269189626,0.577350269189626,0.577350269189626));
#12000=DIRECTION('',(0.707106781186547,0.,0.707106781186547));
#12001=DIRECTION('',(-0.707106781186547,0.,0.707106781186547));
#12002=DIRECTION('',(-0.577350269189626,-0.577350269189626,0.577350269189626));
#12003=DIRECTION('',(-0.577350269189626,0.577350269189626,0.577350269189626));
#12004=DIRECTION('',(0.707106781186547,-0.707106781186547,0.));
#12005=DIRECTION('',(-0.707106781186547,-0.707106781186547,0.));
#12006=DIRECTION('',(0.577350269189626,0.577350269189626,0.577350269189626));
#12007=DIRECTION('',(0.,-0.707106781186547,0.707106781186547));
#12008=DIRECTION('',(0.,0.707106781186547,0.707106781186547));
#12009=DIRECTION('',(-0.577350269189626,0.577350269189626,0.577350269189626));
#12010=DIRECTION('',(0.577350269189626,0.577350269189626,0.577350269189626));
#12011=DIRECTION('',(-0.707106781186547,-0.707106781186547,0.));
#12012=DIRECTION('',(-0.707106781186547,0.707106781186547,0.));
#12013=DIRECTION('',(0.577350269189626,-0.577350269189626,0.577350269189626));
#12014=DIRECTION('',(-0.707106781186547,0.,0.707106781186547));
#12015=DIRECTION('',(-0.707106781186547,0.,-0.707106781186547));
#12016=DIRECTION('',(0.,0.,-1.));
#12017=DIRECTION('',(1.,0.,0.));
#12018=DIRECTION('',(0.,0.,-1.));
#12019=DIRECTION('',(1.,0.,0.));
#12020=DIRECTION('',(0.,0.,-1.));
#12021=DIRECTION('',(1.,0.,0.));
#12022=DIRECTION('',(0.,0.,-1.));
#12023=DIRECTION('',(1.,0.,0.));
#12024=DIRECTION('',(-1.,0.,0.));
#12025=DIRECTION('',(0.,0.,-1.));
#12026=DIRECTION('',(0.,0.,1.));
#12027=DIRECTION('',(0.,0.,-1.));
#12028=DIRECTION('',(0.,0.,1.));
#12029=DIRECTION('',(-1.,0.,0.));
#12030=DIRECTION('',(0.,0.,1.));
#12031=DIRECTION('',(0.,-1.,0.));
#12032=DIRECTION('',(0.,0.,1.));
#12033=DIRECTION('',(0.,0.,1.));
#12034=DIRECTION('',(0.,0.,1.));
#12035=DIRECTION('',(-1.,0.,0.));
#12036=DIRECTION('',(0.,0.,1.));
#12037=DIRECTION('',(1.,0.,0.));
#12038=DIRECTION('',(0.,0.,1.));
#12039=DIRECTION('',(0.,0.,1.));
#12040=DIRECTION('',(0.,0.,1.));
#12041=DIRECTION('',(-1.,0.,0.));
#12042=DIRECTION('',(0.,0.,1.));
#12043=DIRECTION('',(0.,1.,0.));
#12044=DIRECTION('',(0.,0.,-1.));
#12045=DIRECTION('',(0.,0.,1.));
#12046=DIRECTION('',(0.,0.,1.));
#12047=DIRECTION('',(-1.,0.,0.));
#12048=DIRECTION('',(0.,0.,1.));
#12049=DIRECTION('',(-1.,0.,0.));
#12050=DIRECTION('',(0.,0.,1.));
#12051=DIRECTION('',(-1.,0.,0.));
#12052=DIRECTION('',(0.,0.,1.));
#12053=DIRECTION('',(-1.,0.,0.));
#12054=DIRECTION('',(0.,0.,1.));
#12055=DIRECTION('',(-1.,0.,0.));
#12056=DIRECTION('',(-1.26161707348914E-15,0.,-1.));
#12057=DIRECTION('',(1.,0.,-1.26161707348914E-15));
#12058=DIRECTION('',(0.,0.,-1.));
#12059=DIRECTION('',(0.,1.,0.));
#12060=DIRECTION('',(0.707106780551955,8.65956055458342E-17,-0.707106781821141));
#12061=DIRECTION('',(-1.26161707348914E-15,0.,-1.));
#12062=DIRECTION('',(-1.,0.,1.26161707348914E-15));
#12063=DIRECTION('',(-0.707106780551956,0.,-0.707106781821139));
#12064=DIRECTION('',(-1.26161707348914E-15,0.,-1.));
#12065=DIRECTION('',(1.,0.,-1.26161707348914E-15));
#12066=DIRECTION('',(0.,0.,-1.));
#12067=DIRECTION('',(0.,1.,0.));
#12068=DIRECTION('',(0.707106780551955,8.65956055458342E-17,-0.707106781821141));
#12069=DIRECTION('',(0.,0.,1.));
#12070=DIRECTION('',(1.,0.,0.));
#12071=DIRECTION('',(-0.707106780551956,0.,-0.707106781821139));
#12072=DIRECTION('',(-3.38482629503488E-15,0.,-1.));
#12073=DIRECTION('',(1.,0.,-3.38482629503488E-15));
#12074=DIRECTION('',(0.,0.,-1.));
#12075=DIRECTION('',(0.,1.,0.));
#12076=DIRECTION('',(-0.70710678054344,0.,-0.707106781829655));
#12077=DIRECTION('',(-3.38482629503488E-15,0.,-1.));
#12078=DIRECTION('',(-1.,0.,3.38482629503488E-15));
#12079=DIRECTION('',(-9.91270557701033E-16,0.,-1.));
#12080=DIRECTION('',(1.,0.,-9.91270557701033E-16));
#12081=DIRECTION('',(0.,0.,-1.));
#12082=DIRECTION('',(0.,1.,0.));
#12083=DIRECTION('',(-0.707106780551956,0.,-0.707106781821139));
#12084=DIRECTION('',(-9.91270557701033E-16,0.,-1.));
#12085=DIRECTION('',(-1.,0.,9.91270557701033E-16));
#12086=DIRECTION('',(0.,0.,-1.));
#12087=DIRECTION('',(1.,0.,0.));
#12088=DIRECTION('',(0.,0.,-1.));
#12089=DIRECTION('',(0.,1.,0.));
#12090=DIRECTION('',(-0.707106780543438,0.,-0.707106781829657));
#12091=DIRECTION('',(0.,0.,-1.));
#12092=DIRECTION('',(-1.,0.,0.));
#12093=DIRECTION('',(1.,0.,0.));
#12094=DIRECTION('',(0.,0.,1.));
#12095=DIRECTION('',(1.,0.,0.));
#12096=DIRECTION('',(0.,1.,0.));
#12097=DIRECTION('',(0.707106781869852,8.65956055398687E-17,0.707106780503243));
#12098=DIRECTION('',(1.,0.,0.));
#12099=DIRECTION('',(0.,0.,-1.));
#12100=DIRECTION('',(0.707106781869852,0.,-0.707106780503243));
#12101=DIRECTION('',(1.,0.,0.));
#12102=DIRECTION('',(0.,0.,1.));
#12103=DIRECTION('',(1.,0.,0.));
#12104=DIRECTION('',(0.,1.,0.));
#12105=DIRECTION('',(0.707106781869852,8.65956055398687E-17,0.707106780503243));
#12106=DIRECTION('',(1.,0.,0.));
#12107=DIRECTION('',(0.,0.,-1.));
#12108=DIRECTION('',(0.707106781869852,0.,-0.707106780503243));
#12109=DIRECTION('',(2.92163953848725E-15,0.,1.));
#12110=DIRECTION('',(-1.,0.,2.92163953848725E-15));
#12111=DIRECTION('',(0.,0.,1.));
#12112=DIRECTION('',(0.,-1.,0.));
#12113=DIRECTION('',(-0.707106780551956,8.65956055458345E-17,0.707106781821139));
#12114=DIRECTION('',(2.92163953848725E-15,0.,1.));
#12115=DIRECTION('',(1.,0.,-2.92163953848725E-15));
#12116=DIRECTION('',(0.70710678055196,0.,0.707106781821135));
#12117=DIRECTION('',(3.26536183713281E-15,0.,1.));
#12118=DIRECTION('',(-1.,0.,3.26536183713281E-15));
#12119=DIRECTION('',(0.,0.,1.));
#12120=DIRECTION('',(0.,-1.,0.));
#12121=DIRECTION('',(-0.707106780551948,8.65956055458336E-17,0.707106781821147));
#12122=DIRECTION('',(3.26536183713281E-15,0.,1.));
#12123=DIRECTION('',(1.,0.,-3.26536183713281E-15));
#12124=DIRECTION('',(0.707106780551953,0.,0.707106781821142));
#12125=DIRECTION('',(3.26536183713281E-15,0.,1.));
#12126=DIRECTION('',(-1.,0.,3.26536183713281E-15));
#12127=DIRECTION('',(0.,0.,1.));
#12128=DIRECTION('',(0.,-1.,0.));
#12129=DIRECTION('',(-0.707106780551948,8.65956055458336E-17,0.707106781821147));
#12130=DIRECTION('',(3.26536183713281E-15,0.,1.));
#12131=DIRECTION('',(1.,0.,-3.26536183713281E-15));
#12132=DIRECTION('',(0.707106780551953,0.,0.707106781821142));
#12133=DIRECTION('',(-1.,0.,0.));
#12134=DIRECTION('',(0.,0.,-1.));
#12135=DIRECTION('',(-1.,0.,0.));
#12136=DIRECTION('',(0.,-1.,0.));
#12137=DIRECTION('',(-0.707106781829657,8.65956055447911E-17,-0.707106780543438));
#12138=DIRECTION('',(-1.,0.,0.));
#12139=DIRECTION('',(0.,0.,1.));
#12140=DIRECTION('',(-0.707106781829657,0.,0.707106780543438));
#12141=DIRECTION('',(-1.,0.,1.61369625711787E-15));
#12142=DIRECTION('',(-1.61369625711787E-15,0.,-1.));
#12143=DIRECTION('',(-1.,0.,0.));
#12144=DIRECTION('',(0.,-1.,0.));
#12145=DIRECTION('',(-0.707106781829658,8.65956055447911E-17,-0.707106780543436));
#12146=DIRECTION('',(-1.,0.,1.61369625711787E-15));
#12147=DIRECTION('',(1.61369625711787E-15,0.,1.));
#12148=DIRECTION('',(-0.707106781829656,0.,0.707106780543439));
#12149=DIRECTION('',(0.,1.,0.));
#12150=DIRECTION('',(0.,0.,-1.));
#12151=DIRECTION('',(0.,1.,0.));
#12152=DIRECTION('',(0.,-1.,0.));
#12153=DIRECTION('',(0.,0.,1.));
#12154=DIRECTION('',(0.,1.,0.));
#12155=DIRECTION('',(0.,-1.,0.));
#12156=DIRECTION('',(0.,-1.,0.));
#12157=DIRECTION('',(0.,1.,0.));
#12158=DIRECTION('',(0.,0.,-1.));
#12159=DIRECTION('',(0.,1.,0.));
#12160=DIRECTION('',(0.,-1.,0.));
#12161=DIRECTION('',(0.,0.,1.));
#12162=DIRECTION('',(0.,1.,0.));
#12163=DIRECTION('',(0.,-1.,0.));
#12164=DIRECTION('',(0.,-1.,0.));
#12165=DIRECTION('',(0.,1.,0.));
#12166=DIRECTION('',(0.,0.,-1.));
#12167=DIRECTION('',(0.,1.,0.));
#12168=DIRECTION('',(0.,-1.,0.));
#12169=DIRECTION('',(0.,0.,1.));
#12170=DIRECTION('',(0.,1.,0.));
#12171=DIRECTION('',(0.,-1.,0.));
#12172=DIRECTION('',(0.,1.,0.));
#12173=DIRECTION('',(0.,0.,-1.));
#12174=DIRECTION('',(0.,1.,0.));
#12175=DIRECTION('',(0.,-1.,0.));
#12176=DIRECTION('',(0.,0.,1.));
#12177=DIRECTION('',(0.,1.,0.));
#12178=DIRECTION('',(0.,-1.,0.));
#12179=DIRECTION('',(0.,0.,-1.));
#12180=DIRECTION('',(1.,0.,0.));
#12181=DIRECTION('',(0.,0.,-1.));
#12182=DIRECTION('',(-1.,0.,0.));
#12183=DIRECTION('',(0.,0.,-1.));
#12184=DIRECTION('',(0.,0.,-1.));
#12185=DIRECTION('',(0.,0.,-1.));
#12186=DIRECTION('',(1.,0.,0.));
#12187=DIRECTION('',(0.,0.,-1.));
#12188=DIRECTION('',(-1.,0.,0.));
#12189=DIRECTION('',(0.,0.,-1.));
#12190=DIRECTION('',(0.,0.,-1.));
#12191=DIRECTION('',(0.,0.,-1.));
#12192=DIRECTION('',(1.,0.,0.));
#12193=DIRECTION('',(0.,0.,-1.));
#12194=DIRECTION('',(-1.,0.,0.));
#12195=DIRECTION('',(0.,0.,-1.));
#12196=DIRECTION('',(0.,0.,-1.));
#12197=DIRECTION('',(0.,1.,0.));
#12198=DIRECTION('',(0.,0.,-1.));
#12199=DIRECTION('',(0.,0.,1.));
#12200=DIRECTION('',(-1.,-1.5419764230905E-15,0.));
#12201=DIRECTION('',(0.,0.,1.));
#12202=DIRECTION('',(0.,0.,-1.));
#12203=DIRECTION('',(0.,1.,0.));
#12204=DIRECTION('',(0.,0.,-1.));
#12205=DIRECTION('',(0.,0.,1.));
#12206=DIRECTION('',(-1.,0.,0.));
#12207=DIRECTION('',(0.,0.,1.));
#12208=DIRECTION('',(0.,0.,-1.));
#12209=DIRECTION('',(0.,1.,0.));
#12210=DIRECTION('',(0.,0.,-1.));
#12211=DIRECTION('',(0.,0.,-1.));
#12212=DIRECTION('',(1.,0.,0.));
#12213=DIRECTION('',(0.,0.,-1.));
#12214=DIRECTION('',(-1.,0.,0.));
#12215=DIRECTION('',(0.,0.,-1.));
#12216=DIRECTION('',(0.,0.,1.));
#12217=DIRECTION('',(0.,0.,-1.));
#12218=DIRECTION('',(1.,0.,0.));
#12219=DIRECTION('',(0.,0.,-1.));
#12220=DIRECTION('',(-1.,0.,0.));
#12221=DIRECTION('',(0.,0.,-1.));
#12222=DIRECTION('',(1.,0.,0.));
#12223=DIRECTION('',(0.,0.,1.));
#12224=DIRECTION('',(1.,0.,0.));
#12225=DIRECTION('',(1.,0.,0.));
#12226=DIRECTION('',(1.,0.,0.));
#12227=DIRECTION('',(0.,0.,1.));
#12228=DIRECTION('',(1.,0.,0.));
#12229=DIRECTION('',(1.,0.,0.));
#12230=DIRECTION('',(0.,0.,-1.));
#12231=DIRECTION('',(1.,0.,0.));
#12232=DIRECTION('',(0.,0.,-1.));
#12233=DIRECTION('',(0.,0.,1.));
#12234=DIRECTION('',(-1.,0.,0.));
#12235=DIRECTION('',(0.,0.,-1.));
#12236=DIRECTION('',(0.,0.,-1.));
#12237=DIRECTION('',(1.,0.,0.));
#12238=DIRECTION('',(0.,0.,-1.));
#12239=DIRECTION('',(0.,0.,1.));
#12240=DIRECTION('',(-1.,0.,0.));
#12241=DIRECTION('',(0.,0.,-1.));
#12242=DIRECTION('',(0.,0.,-1.));
#12243=DIRECTION('',(1.,0.,0.));
#12244=DIRECTION('',(0.,0.,-1.));
#12245=DIRECTION('',(0.,0.,1.));
#12246=DIRECTION('',(-1.,0.,0.));
#12247=DIRECTION('',(0.,0.,-1.));
#12248=DIRECTION('',(-1.,0.,0.));
#12249=DIRECTION('',(0.,0.,-1.));
#12250=DIRECTION('',(-1.,0.,0.));
#12251=DIRECTION('',(-1.,0.,0.));
#12252=DIRECTION('',(-1.,0.,0.));
#12253=DIRECTION('',(0.,0.,-1.));
#12254=DIRECTION('',(-1.,0.,0.));
#12255=DIRECTION('',(-1.,0.,0.));
#12256=DIRECTION('',(0.,0.,-1.));
#12257=DIRECTION('',(1.,0.,0.));
#12258=DIRECTION('',(0.,0.,-1.));
#12259=DIRECTION('',(-1.,0.,0.));
#12260=DIRECTION('',(0.,0.,-1.));
#12261=DIRECTION('',(0.,0.,1.));
#12262=DIRECTION('',(-1.,0.,0.));
#12263=DIRECTION('',(0.,0.,-1.));
#12264=DIRECTION('',(0.,0.,-1.));
#12265=DIRECTION('',(1.,0.,0.));
#12266=DIRECTION('',(0.,0.,-1.));
#12267=DIRECTION('',(-1.,0.,0.));
#12268=DIRECTION('',(0.,0.,-1.));
#12269=DIRECTION('',(0.,0.,1.));
#12270=DIRECTION('',(-1.,0.,0.));
#12271=DIRECTION('',(0.,0.,-1.));
#12272=DIRECTION('',(0.,0.,1.));
#12273=DIRECTION('',(-1.,0.,0.));
#12274=DIRECTION('',(0.,0.,-1.));
#12275=DIRECTION('',(1.,0.,0.));
#12276=DIRECTION('',(0.,0.,1.));
#12277=DIRECTION('',(0.,0.,-1.));
#12278=DIRECTION('',(1.,0.,0.));
#12279=DIRECTION('',(0.,0.,1.));
#12280=DIRECTION('',(0.,0.,1.));
#12281=DIRECTION('',(-1.,0.,0.));
#12282=DIRECTION('',(0.,0.,-1.));
#12283=DIRECTION('',(1.,0.,0.));
#12284=DIRECTION('',(0.,0.,-1.));
#12285=DIRECTION('',(1.,6.30808536718839E-16,0.));
#12286=DIRECTION('',(0.,0.,1.));
#12287=DIRECTION('',(-1.,0.,0.));
#12288=DIRECTION('',(0.,0.,-1.));
#12289=DIRECTION('',(1.,0.,0.));
#12290=DIRECTION('',(0.,0.,1.));
#12291=DIRECTION('',(0.,0.,-1.));
#12292=DIRECTION('',(1.,0.,0.));
#12293=DIRECTION('',(0.,0.,1.));
#12294=DIRECTION('',(0.,0.,1.));
#12295=DIRECTION('',(-1.,0.,0.));
#12296=DIRECTION('',(0.,0.,-1.));
#12297=DIRECTION('',(1.,1.89242561015652E-15,0.));
#12298=DIRECTION('',(0.,0.,-1.));
#12299=DIRECTION('',(1.,0.,0.));
#12300=DIRECTION('',(0.,0.,-1.));
#12301=DIRECTION('',(1.,0.,0.));
#12302=DIRECTION('',(0.,0.,-1.));
#12303=DIRECTION('',(-1.,0.,0.));
#12304=DIRECTION('',(0.,0.,-1.));
#12305=DIRECTION('',(0.,0.,1.));
#12306=DIRECTION('',(-1.,0.,0.));
#12307=DIRECTION('',(0.,0.,-1.));
#12308=DIRECTION('',(0.,0.,-1.));
#12309=DIRECTION('',(1.,0.,0.));
#12310=DIRECTION('',(0.,0.,-1.));
#12311=DIRECTION('',(-1.,0.,0.));
#12312=DIRECTION('',(0.,0.,-1.));
#12313=DIRECTION('',(0.,0.,1.));
#12314=DIRECTION('',(-1.,0.,0.));
#12315=DIRECTION('',(0.,0.,-1.));
#12316=DIRECTION('',(0.,0.,-1.));
#12317=DIRECTION('',(1.,0.,0.));
#12318=DIRECTION('',(0.,0.,-1.));
#12319=DIRECTION('',(-1.,0.,0.));
#12320=DIRECTION('',(0.,0.,-1.));
#12321=DIRECTION('',(0.,0.,1.));
#12322=DIRECTION('',(-1.,0.,0.));
#12323=DIRECTION('',(0.,0.,-1.));
#12324=DIRECTION('',(0.,0.,-1.));
#12325=DIRECTION('',(1.,0.,0.));
#12326=DIRECTION('',(0.,0.,-1.));
#12327=DIRECTION('',(-1.,0.,0.));
#12328=DIRECTION('',(0.,0.,-1.));
#12329=DIRECTION('',(0.,0.,1.));
#12330=DIRECTION('',(-1.,0.,0.));
#12331=DIRECTION('',(0.,0.,-1.));
#12332=DIRECTION('',(-8.41078048978285E-15,0.,-1.));
#12333=DIRECTION('',(1.,0.,-8.41078048978285E-15));
#12334=DIRECTION('',(-0.857167300086462,0.,-0.515038075934669));
#12335=DIRECTION('',(0.857167300086453,1.04972719038466E-16,-0.515038075934684));
#12336=DIRECTION('',(-8.41078048944902E-15,0.,-1.));
#12337=DIRECTION('',(1.,0.,-8.41078048944902E-15));
#12338=DIRECTION('',(-0.857167300098274,0.,-0.515038075915009));
#12339=DIRECTION('',(0.857167300098266,1.04972719039913E-16,-0.515038075915024));
#12340=DIRECTION('',(-8.41078048944902E-15,0.,-1.));
#12341=DIRECTION('',(1.,0.,-8.41078048944902E-15));
#12342=DIRECTION('',(-0.857167300098274,0.,-0.515038075915009));
#12343=DIRECTION('',(0.857167300098266,1.04972719039913E-16,-0.515038075915024));
#12344=DIRECTION('',(-8.41078048978285E-15,0.,-1.));
#12345=DIRECTION('',(1.,0.,-8.41078048978285E-15));
#12346=DIRECTION('',(-0.857167300086462,0.,-0.515038075934669));
#12347=DIRECTION('',(0.857167300086453,1.04972719038466E-16,-0.515038075934684));
#12348=DIRECTION('',(0.,1.,0.));
#12349=DIRECTION('',(0.,0.,-1.));
#12350=DIRECTION('',(0.707106781186557,0.,0.707106781186538));
#12351=DIRECTION('',(0.,0.,-1.));
#12352=DIRECTION('',(-0.707106781186538,0.,0.707106781186557));
#12353=DIRECTION('',(1.,0.,0.));
#12354=DIRECTION('',(-0.707106781186557,0.,-0.707106781186538));
#12355=DIRECTION('',(0.,0.,1.));
#12356=DIRECTION('',(0.707106781186557,0.,-0.707106781186538));
#12357=DIRECTION('',(-1.,0.,0.));
#12358=DIRECTION('',(0.,0.,1.));
#12359=DIRECTION('',(-1.,0.,0.));
#12360=DIRECTION('',(-1.,0.,0.));
#12361=DIRECTION('',(0.,1.,0.));
#12362=DIRECTION('',(-1.26161707348914E-15,0.,-1.));
#12363=DIRECTION('',(-1.,0.,1.26161707348914E-15));
#12364=DIRECTION('',(0.,1.,0.));
#12365=DIRECTION('',(0.,-1.,0.));
#12366=DIRECTION('',(0.,0.,1.));
#12367=DIRECTION('',(1.,0.,0.));
#12368=DIRECTION('',(0.,0.,-1.));
#12369=DIRECTION('',(-1.,0.,0.));
#12370=DIRECTION('',(0.,0.,-1.));
#12371=DIRECTION('',(-1.,0.,0.));
#12372=DIRECTION('',(-3.38482629503488E-15,0.,-1.));
#12373=DIRECTION('',(-1.,0.,3.38482629503488E-15));
#12374=DIRECTION('',(-9.91270557701033E-16,0.,-1.));
#12375=DIRECTION('',(-1.,0.,9.91270557701033E-16));
#12376=DIRECTION('',(-3.38482629503488E-15,0.,-1.));
#12377=DIRECTION('',(-1.,0.,3.38482629503488E-15));
#12378=DIRECTION('',(-9.91270557701033E-16,0.,-1.));
#12379=DIRECTION('',(-1.,0.,9.91270557701033E-16));
#12380=DIRECTION('',(0.,0.,-1.));
#12381=DIRECTION('',(-1.,0.,0.));
#12382=DIRECTION('',(0.,0.,-1.));
#12383=DIRECTION('',(-1.,0.,0.));
#12384=DIRECTION('',(-1.,0.,0.));
#12385=DIRECTION('',(0.,0.,-1.));
#12386=DIRECTION('',(1.,0.,0.));
#12387=DIRECTION('',(0.,0.,-1.));
#12388=DIRECTION('',(1.,0.,0.));
#12389=DIRECTION('',(0.,0.,-1.));
#12390=DIRECTION('',(0.,1.,0.));
#12391=DIRECTION('',(0.,-1.,0.));
#12392=DIRECTION('',(0.,0.,-1.));
#12393=DIRECTION('',(0.,0.,-1.));
#12394=DIRECTION('',(1.,0.,0.));
#12395=DIRECTION('',(1.,0.,0.));
#12396=DIRECTION('',(0.,1.,0.));
#12397=DIRECTION('',(0.,-1.,0.));
#12398=DIRECTION('',(2.92163953848725E-15,0.,1.));
#12399=DIRECTION('',(1.,0.,-2.92163953848725E-15));
#12400=DIRECTION('',(3.26536183713281E-15,0.,1.));
#12401=DIRECTION('',(1.,0.,-3.26536183713281E-15));
#12402=DIRECTION('',(3.26536183713281E-15,0.,1.));
#12403=DIRECTION('',(1.,0.,-3.26536183713281E-15));
#12404=DIRECTION('',(1.,0.,0.));
#12405=DIRECTION('',(0.,0.,1.));
#12406=DIRECTION('',(0.,0.,1.));
#12407=DIRECTION('',(0.,1.,0.));
#12408=DIRECTION('',(0.,-1.,0.));
#12409=DIRECTION('',(-1.,0.,0.));
#12410=DIRECTION('',(0.,0.,1.));
#12411=DIRECTION('',(-1.,0.,1.61369625711787E-15));
#12412=DIRECTION('',(1.61369625711787E-15,0.,1.));
#12413=DIRECTION('',(0.707106781186538,0.,0.707106781186557));
#12414=DIRECTION('',(-0.707106781186557,0.,0.707106781186538));
#12415=DIRECTION('',(-0.707106781186557,0.,0.707106781186538));
#12416=DIRECTION('',(0.,1.,0.));
#12417=DIRECTION('',(0.,0.,-1.));
#12418=DIRECTION('',(0.,-1.,0.));
#12419=DIRECTION('',(0.,0.,1.));
#12420=DIRECTION('',(0.,-1.,0.));
#12421=DIRECTION('',(0.,0.,1.));
#12422=DIRECTION('',(0.707106781186547,0.,-0.707106781186547));
#12423=DIRECTION('',(-0.707106781186547,0.,-0.707106781186547));
#12424=DIRECTION('',(0.707106781186479,0.,0.707106781186616));
#12425=DIRECTION('',(0.,-1.,0.));
#12426=DIRECTION('',(0.,0.,1.));
#12427=DIRECTION('',(0.,-1.,0.));
#12428=DIRECTION('',(0.,0.,1.));
#12429=DIRECTION('',(-0.707106781186538,0.,0.707106781186557));
#12430=DIRECTION('',(-0.707106781186557,0.,-0.707106781186538));
#12431=DIRECTION('',(-1.26161707348914E-15,0.,-1.));
#12432=DIRECTION('',(1.,0.,-1.26161707348914E-15));
#12433=DIRECTION('',(0.,0.,-1.));
#12434=DIRECTION('',(0.,1.,0.));
#12435=DIRECTION('',(-1.26161707348914E-15,0.,-1.));
#12436=DIRECTION('',(1.,0.,-1.26161707348914E-15));
#12437=DIRECTION('',(0.,0.,-1.));
#12438=DIRECTION('',(0.,1.,0.));
#12439=DIRECTION('',(0.,0.,-1.));
#12440=DIRECTION('',(1.,0.,0.));
#12441=DIRECTION('',(0.,0.,-1.));
#12442=DIRECTION('',(1.,0.,0.));
#12443=DIRECTION('',(0.,0.,-1.));
#12444=DIRECTION('',(0.,1.,0.));
#12445=DIRECTION('',(0.,0.,-1.));
#12446=DIRECTION('',(1.,0.,0.));
#12447=DIRECTION('',(0.,0.,-1.));
#12448=DIRECTION('',(0.,1.,0.));
#12449=DIRECTION('',(-3.38482629503488E-15,0.,-1.));
#12450=DIRECTION('',(1.,0.,-3.38482629503488E-15));
#12451=DIRECTION('',(0.,0.,-1.));
#12452=DIRECTION('',(0.,1.,0.));
#12453=DIRECTION('',(-9.91270557701033E-16,0.,-1.));
#12454=DIRECTION('',(1.,0.,-9.91270557701033E-16));
#12455=DIRECTION('',(0.,0.,-1.));
#12456=DIRECTION('',(0.,1.,0.));
#12457=DIRECTION('',(-3.38482629503488E-15,0.,-1.));
#12458=DIRECTION('',(1.,0.,-3.38482629503488E-15));
#12459=DIRECTION('',(0.,0.,-1.));
#12460=DIRECTION('',(0.,1.,0.));
#12461=DIRECTION('',(-9.91270557701033E-16,0.,-1.));
#12462=DIRECTION('',(1.,0.,-9.91270557701033E-16));
#12463=DIRECTION('',(0.,0.,-1.));
#12464=DIRECTION('',(1.,0.,0.));
#12465=DIRECTION('',(0.,0.,-1.));
#12466=DIRECTION('',(0.,1.,0.));
#12467=DIRECTION('',(1.,0.,0.));
#12468=DIRECTION('',(0.,0.,1.));
#12469=DIRECTION('',(1.,0.,0.));
#12470=DIRECTION('',(0.,1.,0.));
#12471=DIRECTION('',(1.,0.,0.));
#12472=DIRECTION('',(0.,0.,1.));
#12473=DIRECTION('',(1.,0.,0.));
#12474=DIRECTION('',(0.,1.,0.));
#12475=DIRECTION('',(-0.707106781186557,0.,-0.707106781186538));
#12476=DIRECTION('',(0.707106781186538,0.,-0.707106781186557));
#12477=DIRECTION('',(0.707106781186538,0.,-0.707106781186557));
#12478=DIRECTION('',(0.707106781186557,0.,0.707106781186538));
#12479=DIRECTION('',(2.92163953848725E-15,0.,1.));
#12480=DIRECTION('',(-1.,0.,2.92163953848725E-15));
#12481=DIRECTION('',(0.,0.,1.));
#12482=DIRECTION('',(0.,-1.,0.));
#12483=DIRECTION('',(3.26536183713281E-15,0.,1.));
#12484=DIRECTION('',(-1.,0.,3.26536183713281E-15));
#12485=DIRECTION('',(0.,0.,1.));
#12486=DIRECTION('',(0.,-1.,0.));
#12487=DIRECTION('',(3.26536183713281E-15,0.,1.));
#12488=DIRECTION('',(-1.,0.,3.26536183713281E-15));
#12489=DIRECTION('',(0.,0.,1.));
#12490=DIRECTION('',(0.,-1.,0.));
#12491=DIRECTION('',(-1.,0.,0.));
#12492=DIRECTION('',(0.,0.,-1.));
#12493=DIRECTION('',(-1.,0.,0.));
#12494=DIRECTION('',(0.,-1.,0.));
#12495=DIRECTION('',(-1.,0.,1.61369625711787E-15));
#12496=DIRECTION('',(-1.61369625711787E-15,0.,-1.));
#12497=DIRECTION('',(-1.,0.,0.));
#12498=DIRECTION('',(0.,-1.,0.));
#12499=DIRECTION('',(0.,1.,0.));
#12500=DIRECTION('',(0.,0.,-1.));
#12501=DIRECTION('',(0.,1.,0.));
#12502=DIRECTION('',(0.,1.,0.));
#12503=DIRECTION('',(0.,1.,0.));
#12504=DIRECTION('',(0.,0.,-1.));
#12505=DIRECTION('',(0.,1.,0.));
#12506=DIRECTION('',(0.,1.,0.));
#12507=DIRECTION('',(0.,1.,0.));
#12508=DIRECTION('',(0.,0.,-1.));
#12509=DIRECTION('',(0.,1.,0.));
#12510=DIRECTION('',(0.,1.,0.));
#12511=DIRECTION('',(0.,0.,-1.));
#12512=DIRECTION('',(0.,1.,0.));
#12513=DIRECTION('',(0.,0.,-1.));
#12514=DIRECTION('',(1.,0.,0.));
#12515=DIRECTION('',(0.,0.,-1.));
#12516=DIRECTION('',(-1.,0.,0.));
#12517=DIRECTION('',(0.,0.,-1.));
#12518=DIRECTION('',(-1.,0.,0.));
#12519=DIRECTION('',(0.,0.,-1.));
#12520=DIRECTION('',(1.,0.,0.));
#12521=DIRECTION('',(0.,0.,-1.));
#12522=DIRECTION('',(-1.,0.,0.));
#12523=DIRECTION('',(0.,0.,-1.));
#12524=DIRECTION('',(-1.,0.,0.));
#12525=DIRECTION('',(0.,0.,-1.));
#12526=DIRECTION('',(1.,0.,0.));
#12527=DIRECTION('',(0.,0.,-1.));
#12528=DIRECTION('',(-1.,0.,0.));
#12529=DIRECTION('',(0.,0.,-1.));
#12530=DIRECTION('',(0.,0.,1.));
#12531=DIRECTION('',(-1.,4.62592926927149E-15,0.));
#12532=DIRECTION('',(0.,0.,-1.));
#12533=DIRECTION('',(0.,0.,1.));
#12534=DIRECTION('',(-1.,-3.59794498721116E-15,0.));
#12535=DIRECTION('',(0.,0.,1.));
#12536=DIRECTION('',(0.,0.,-1.));
#12537=DIRECTION('',(1.,0.,0.));
#12538=DIRECTION('',(0.,0.,-1.));
#12539=DIRECTION('',(-1.,0.,0.));
#12540=DIRECTION('',(0.,0.,-1.));
#12541=DIRECTION('',(1.,0.,0.));
#12542=DIRECTION('',(0.,0.,-1.));
#12543=DIRECTION('',(-1.,0.,0.));
#12544=DIRECTION('',(0.,0.,-1.));
#12545=DIRECTION('',(1.,0.,0.));
#12546=DIRECTION('',(0.,0.,-1.));
#12547=DIRECTION('',(-1.,0.,0.));
#12548=DIRECTION('',(0.,0.,-1.));
#12549=DIRECTION('',(1.,0.,0.));
#12550=DIRECTION('',(0.,0.,-1.));
#12551=DIRECTION('',(-1.,0.,0.));
#12552=DIRECTION('',(1.,0.,0.));
#12553=DIRECTION('',(0.,0.,1.));
#12554=DIRECTION('',(1.,0.,0.));
#12555=DIRECTION('',(0.,0.,1.));
#12556=DIRECTION('',(0.,0.,-1.));
#12557=DIRECTION('',(1.,0.,0.));
#12558=DIRECTION('',(0.,0.,1.));
#12559=DIRECTION('',(-1.,0.,0.));
#12560=DIRECTION('',(0.,0.,-1.));
#12561=DIRECTION('',(1.,0.,0.));
#12562=DIRECTION('',(0.,0.,1.));
#12563=DIRECTION('',(-1.,1.73472347597681E-15,0.));
#12564=DIRECTION('',(0.,0.,1.));
#12565=DIRECTION('',(-1.,-1.73472347597681E-15,0.));
#12566=DIRECTION('',(0.,0.,-1.));
#12567=DIRECTION('',(1.,0.,0.));
#12568=DIRECTION('',(0.,0.,1.));
#12569=DIRECTION('',(-1.,-3.46944695195361E-15,0.));
#12570=DIRECTION('',(0.,0.,1.));
#12571=DIRECTION('',(-1.,0.,0.));
#12572=DIRECTION('',(-1.,0.,0.));
#12573=DIRECTION('',(0.,0.,-1.));
#12574=DIRECTION('',(-1.,0.,0.));
#12575=DIRECTION('',(0.,0.,-1.));
#12576=DIRECTION('',(0.,0.,-1.));
#12577=DIRECTION('',(1.,0.,0.));
#12578=DIRECTION('',(0.,0.,-1.));
#12579=DIRECTION('',(-1.,0.,0.));
#12580=DIRECTION('',(0.,0.,-1.));
#12581=DIRECTION('',(-1.,0.,0.));
#12582=DIRECTION('',(0.,0.,1.));
#12583=DIRECTION('',(-1.,6.60847038467355E-16,0.));
#12584=DIRECTION('',(0.,0.,1.));
#12585=DIRECTION('',(-1.,0.,0.));
#12586=DIRECTION('',(0.,0.,-1.));
#12587=DIRECTION('',(1.,0.,0.));
#12588=DIRECTION('',(0.,0.,-1.));
#12589=DIRECTION('',(-1.,0.,0.));
#12590=DIRECTION('',(0.,0.,-1.));
#12591=DIRECTION('',(-1.,0.,0.));
#12592=DIRECTION('',(0.,0.,1.));
#12593=DIRECTION('',(-1.,0.,0.));
#12594=DIRECTION('',(0.,0.,1.));
#12595=DIRECTION('',(-1.,0.,0.));
#12596=DIRECTION('',(0.,0.,-1.));
#12597=DIRECTION('',(1.,0.,0.));
#12598=DIRECTION('',(0.,0.,-1.));
#12599=DIRECTION('',(1.,0.,0.));
#12600=DIRECTION('',(0.,0.,-1.));
#12601=DIRECTION('',(1.,0.,0.));
#12602=DIRECTION('',(0.,0.,-1.));
#12603=DIRECTION('',(1.,0.,0.));
#12604=DIRECTION('',(0.,0.,-1.));
#12605=DIRECTION('',(1.,0.,0.));
#12606=DIRECTION('',(0.,0.,-1.));
#12607=DIRECTION('',(1.,-6.30808536718839E-16,0.));
#12608=DIRECTION('',(0.,0.,1.));
#12609=DIRECTION('',(-1.,0.,0.));
#12610=DIRECTION('',(0.,0.,-1.));
#12611=DIRECTION('',(1.,0.,0.));
#12612=DIRECTION('',(0.,0.,1.));
#12613=DIRECTION('',(-1.,0.,0.));
#12614=DIRECTION('',(0.,0.,-1.));
#12615=DIRECTION('',(1.,0.,0.));
#12616=DIRECTION('',(0.,0.,1.));
#12617=DIRECTION('',(-1.,0.,0.));
#12618=DIRECTION('',(0.,0.,-1.));
#12619=DIRECTION('',(1.,0.,0.));
#12620=DIRECTION('',(0.,0.,1.));
#12621=DIRECTION('',(-1.,0.,0.));
#12622=DIRECTION('',(0.,0.,-1.));
#12623=DIRECTION('',(1.,0.,0.));
#12624=DIRECTION('',(0.,0.,1.));
#12625=DIRECTION('',(-1.,0.,0.));
#12626=DIRECTION('',(0.,0.,-1.));
#12627=DIRECTION('',(1.,0.,0.));
#12628=DIRECTION('',(0.,0.,-1.));
#12629=DIRECTION('',(1.,6.30808536718839E-16,0.));
#12630=DIRECTION('',(0.,0.,-1.));
#12631=DIRECTION('',(1.,0.,0.));
#12632=DIRECTION('',(0.,0.,-1.));
#12633=DIRECTION('',(1.,0.,0.));
#12634=DIRECTION('',(0.,0.,1.));
#12635=DIRECTION('',(-1.,0.,0.));
#12636=DIRECTION('',(0.,0.,1.));
#12637=DIRECTION('',(-1.,0.,0.));
#12638=DIRECTION('',(0.,0.,-1.));
#12639=DIRECTION('',(1.,0.,0.));
#12640=DIRECTION('',(0.,0.,-1.));
#12641=DIRECTION('',(-1.,0.,0.));
#12642=DIRECTION('',(0.,0.,-1.));
#12643=DIRECTION('',(1.,0.,0.));
#12644=DIRECTION('',(0.,0.,-1.));
#12645=DIRECTION('',(-1.,0.,0.));
#12646=DIRECTION('',(0.,0.,-1.));
#12647=DIRECTION('',(1.,0.,0.));
#12648=DIRECTION('',(0.,0.,-1.));
#12649=DIRECTION('',(-1.,0.,0.));
#12650=DIRECTION('',(0.,0.,-1.));
#12651=DIRECTION('',(1.,0.,0.));
#12652=DIRECTION('',(0.,0.,-1.));
#12653=DIRECTION('',(-1.,0.,0.));
#12654=DIRECTION('',(-8.41078048978285E-15,0.,-1.));
#12655=DIRECTION('',(1.,0.,-8.41078048978285E-15));
#12656=DIRECTION('',(-8.41078048944902E-15,0.,-1.));
#12657=DIRECTION('',(1.,0.,-8.41078048944902E-15));
#12658=DIRECTION('',(-8.41078048944902E-15,0.,-1.));
#12659=DIRECTION('',(1.,0.,-8.41078048944902E-15));
#12660=DIRECTION('',(-8.41078048978285E-15,0.,-1.));
#12661=DIRECTION('',(1.,0.,-8.41078048978285E-15));
#12662=DIRECTION('',(0.,0.,1.));
#12663=DIRECTION('',(-1.,0.,0.));
#12664=DIRECTION('',(0.,0.,1.));
#12665=DIRECTION('',(1.,0.,0.));
#12666=DIRECTION('',(-0.707106780551958,8.65956055458345E-17,0.707106781821137));
#12667=DIRECTION('',(0.,0.,-1.));
#12668=DIRECTION('',(1.,0.,0.));
#12669=DIRECTION('',(0.707106780551958,0.,0.707106781821137));
#12670=DIRECTION('',(0.,0.,1.));
#12671=DIRECTION('',(-1.,0.,0.));
#12672=DIRECTION('',(0.,0.,1.));
#12673=DIRECTION('',(1.,0.,0.));
#12674=DIRECTION('',(-0.707106780543438,8.65956055447911E-17,0.707106781829657));
#12675=DIRECTION('',(0.,0.,-1.));
#12676=DIRECTION('',(1.,0.,0.));
#12677=DIRECTION('',(0.707106780543438,0.,0.707106781829657));
#12678=DIRECTION('',(0.,0.,1.));
#12679=DIRECTION('',(-1.,0.,0.));
#12680=DIRECTION('',(0.,0.,1.));
#12681=DIRECTION('',(1.,0.,0.));
#12682=DIRECTION('',(-0.707106780583632,8.65956055497135E-17,0.707106781789463));
#12683=DIRECTION('',(0.,0.,-1.));
#12684=DIRECTION('',(1.,0.,0.));
#12685=DIRECTION('',(0.707106780583632,0.,0.707106781789463));
#12686=DIRECTION('',(0.,0.,1.));
#12687=DIRECTION('',(-1.,0.,0.));
#12688=DIRECTION('',(0.,0.,1.));
#12689=DIRECTION('',(1.,0.,0.));
#12690=DIRECTION('',(0.,0.,1.));
#12691=DIRECTION('',(0.,0.,1.));
#12692=DIRECTION('',(0.,0.,-1.));
#12693=DIRECTION('',(1.,0.,0.));
#12694=DIRECTION('',(0.,0.,-1.));
#12695=DIRECTION('',(0.,0.,1.));
#12696=DIRECTION('',(-1.,0.,0.));
#12697=DIRECTION('',(0.,0.,-1.));
#12698=DIRECTION('',(0.,0.,-1.));
#12699=DIRECTION('',(1.,0.,0.));
#12700=DIRECTION('',(0.,0.,-1.));
#12701=DIRECTION('',(0.,0.,1.));
#12702=DIRECTION('',(-1.,0.,0.));
#12703=DIRECTION('',(0.,0.,-1.));
#12704=DIRECTION('',(0.,1.,0.));
#12705=DIRECTION('',(0.,0.,-1.));
#12706=DIRECTION('',(0.,1.,0.));
#12707=DIRECTION('',(-1.,0.,0.));
#12708=DIRECTION('',(8.65956055398687E-17,0.707106781869852,-0.707106780503243));
#12709=DIRECTION('',(0.,-1.,0.));
#12710=DIRECTION('',(0.,0.,1.));
#12711=DIRECTION('',(0.,0.707106781869852,0.707106780503243));
#12712=DIRECTION('',(0.,1.,0.));
#12713=DIRECTION('',(0.,0.,-1.));
#12714=DIRECTION('',(0.,1.,0.));
#12715=DIRECTION('',(-1.,0.,0.));
#12716=DIRECTION('',(8.65956055447911E-17,0.707106781829657,-0.707106780543438));
#12717=DIRECTION('',(0.,-1.,0.));
#12718=DIRECTION('',(0.,0.,1.));
#12719=DIRECTION('',(0.,0.707106781829657,0.707106780543438));
#12720=DIRECTION('',(0.,-1.,0.));
#12721=DIRECTION('',(0.,0.,1.));
#12722=DIRECTION('',(0.,-1.,0.));
#12723=DIRECTION('',(1.,0.,0.));
#12724=DIRECTION('',(8.65956055447911E-17,-0.707106781829657,0.707106780543438));
#12725=DIRECTION('',(0.,1.,0.));
#12726=DIRECTION('',(0.,0.,-1.));
#12727=DIRECTION('',(0.,-0.707106781829657,-0.707106780543438));
#12728=DIRECTION('',(0.,-1.,0.));
#12729=DIRECTION('',(0.,0.,1.));
#12730=DIRECTION('',(0.,-1.,0.));
#12731=DIRECTION('',(1.,0.,0.));
#12732=DIRECTION('',(8.65956055447911E-17,-0.707106781829657,0.707106780543438));
#12733=DIRECTION('',(0.,1.,0.));
#12734=DIRECTION('',(0.,0.,-1.));
#12735=DIRECTION('',(0.,-0.707106781829657,-0.707106780543438));
#12736=DIRECTION('',(0.,-1.,-2.66880534768707E-16));
#12737=DIRECTION('',(0.,-2.66880534768707E-16,1.));
#12738=DIRECTION('',(0.,-1.,0.));
#12739=DIRECTION('',(1.,0.,0.));
#12740=DIRECTION('',(8.65956055497135E-17,-0.707106781789463,0.707106780583632));
#12741=DIRECTION('',(0.,1.,2.66880534768707E-16));
#12742=DIRECTION('',(0.,2.66880534768707E-16,-1.));
#12743=DIRECTION('',(0.,-0.707106781789463,-0.707106780583632));
#12744=DIRECTION('',(0.,-1.,0.));
#12745=DIRECTION('',(0.,0.,1.));
#12746=DIRECTION('',(0.,-1.,0.));
#12747=DIRECTION('',(1.,0.,0.));
#12748=DIRECTION('',(8.65956055497135E-17,-0.707106781789463,0.707106780583632));
#12749=DIRECTION('',(0.,1.,0.));
#12750=DIRECTION('',(0.,0.,-1.));
#12751=DIRECTION('',(0.,-0.707106781789463,-0.707106780583632));
#12752=DIRECTION('',(0.,0.,-1.));
#12753=DIRECTION('',(1.,0.,0.));
#12754=DIRECTION('',(0.707106780543438,8.65956055447911E-17,-0.707106781829657));
#12755=DIRECTION('',(0.,0.,1.));
#12756=DIRECTION('',(-1.,0.,0.));
#12757=DIRECTION('',(-0.707106780543438,0.,-0.707106781829657));
#12758=DIRECTION('',(0.,0.,-1.));
#12759=DIRECTION('',(1.,0.,0.));
#12760=DIRECTION('',(0.707106780543438,8.65956055447911E-17,-0.707106781829657));
#12761=DIRECTION('',(0.,0.,1.));
#12762=DIRECTION('',(-1.,0.,0.));
#12763=DIRECTION('',(-0.707106780543438,0.,-0.707106781829657));
#12764=DIRECTION('',(0.,1.,0.));
#12765=DIRECTION('',(0.,0.,-1.));
#12766=DIRECTION('',(0.,1.,0.));
#12767=DIRECTION('',(0.,0.,1.));
#12768=DIRECTION('',(0.,1.,0.));
#12769=DIRECTION('',(0.,1.,0.));
#12770=DIRECTION('',(0.,1.,0.));
#12771=DIRECTION('',(0.,0.,-1.));
#12772=DIRECTION('',(0.,1.,0.));
#12773=DIRECTION('',(0.,0.,1.));
#12774=DIRECTION('',(0.,1.,0.));
#12775=DIRECTION('',(0.,1.,0.));
#12776=DIRECTION('',(0.,1.,0.));
#12777=DIRECTION('',(0.,0.,-1.));
#12778=DIRECTION('',(0.,1.,0.));
#12779=DIRECTION('',(0.,-1.,0.));
#12780=DIRECTION('',(0.,0.,1.));
#12781=DIRECTION('',(0.,1.,0.));
#12782=DIRECTION('',(0.,1.,0.));
#12783=DIRECTION('',(0.,0.,-1.));
#12784=DIRECTION('',(0.,1.,0.));
#12785=DIRECTION('',(0.,-1.,0.));
#12786=DIRECTION('',(0.,0.,1.));
#12787=DIRECTION('',(0.,1.,0.));
#12788=DIRECTION('',(0.,1.,0.));
#12789=DIRECTION('',(0.,0.,-1.));
#12790=DIRECTION('',(0.,1.,0.));
#12791=DIRECTION('',(0.,-1.,0.));
#12792=DIRECTION('',(0.,0.,1.));
#12793=DIRECTION('',(0.,1.,0.));
#12794=DIRECTION('',(0.,1.,0.));
#12795=DIRECTION('',(0.,0.,-1.));
#12796=DIRECTION('',(0.,1.,0.));
#12797=DIRECTION('',(0.,-1.,0.));
#12798=DIRECTION('',(0.,0.,1.));
#12799=DIRECTION('',(0.,1.,0.));
#12800=DIRECTION('',(0.,0.,1.));
#12801=DIRECTION('',(-1.,0.,0.));
#12802=DIRECTION('',(0.,0.,1.));
#12803=DIRECTION('',(1.,0.,0.));
#12804=DIRECTION('',(0.,0.,1.));
#12805=DIRECTION('',(0.,0.,-1.));
#12806=DIRECTION('',(1.,0.,0.));
#12807=DIRECTION('',(0.,0.,1.));
#12808=DIRECTION('',(0.,0.,-1.));
#12809=DIRECTION('',(1.,0.,0.));
#12810=DIRECTION('',(0.707106780551953,8.65956055458339E-17,-0.707106781821142));
#12811=DIRECTION('',(0.,0.,-1.));
#12812=DIRECTION('',(-1.,0.,0.));
#12813=DIRECTION('',(-0.707106780551953,0.,-0.707106781821142));
#12814=DIRECTION('',(0.,0.,1.));
#12815=DIRECTION('',(-1.,0.,0.));
#12816=DIRECTION('',(0.,1.,0.));
#12817=DIRECTION('',(-1.,0.,0.));
#12818=DIRECTION('',(0.,-1.,0.));
#12819=DIRECTION('',(1.,0.,0.));
#12820=DIRECTION('',(0.,0.,-1.));
#12821=DIRECTION('',(1.,0.,0.));
#12822=DIRECTION('',(0.,0.,-1.));
#12823=DIRECTION('',(1.,0.,0.));
#12824=DIRECTION('',(0.,0.,-1.));
#12825=DIRECTION('',(1.,0.,0.));
#12826=DIRECTION('',(0.,-0.707106781186547,-0.707106781186547));
#12827=DIRECTION('',(0.,-0.707106781186547,0.707106781186547));
#12828=DIRECTION('',(1.,0.,0.));
#12829=DIRECTION('',(0.,0.707106781186547,-0.707106781186547));
#12830=DIRECTION('',(0.,-0.707106781186547,0.707106781186547));
#12831=DIRECTION('',(1.,0.,0.));
#12832=DIRECTION('',(1.,0.,0.));
#12833=DIRECTION('',(-0.707106781186547,0.,-0.707106781186547));
#12834=DIRECTION('',(0.707106781186547,0.,-0.707106781186547));
#12835=DIRECTION('',(-0.707106781186547,0.,0.707106781186547));
#12836=DIRECTION('',(0.,-1.,0.));
#12837=DIRECTION('',(0.707106781186547,0.,-0.707106781186547));
#12838=DIRECTION('',(0.,0.707106781186547,-0.707106781186547));
#12839=DIRECTION('',(0.,-0.707106781186547,-0.707106781186547));
#12840=DIRECTION('',(0.,0.707106781186547,0.707106781186547));
#12841=DIRECTION('',(-1.,0.,0.));
#12842=DIRECTION('',(0.,-0.707106781186547,-0.707106781186547));
#12843=DIRECTION('',(-0.707106781186547,0.,0.707106781186547));
#12844=DIRECTION('',(-0.707106781186547,0.,-0.707106781186547));
#12845=DIRECTION('',(0.707106781186547,0.,0.707106781186547));
#12846=DIRECTION('',(-0.707106781186547,0.,-0.707106781186547));
#12847=DIRECTION('',(0.,-1.,0.));
#12848=DIRECTION('',(0.,0.,1.));
#12849=DIRECTION('',(-1.,0.,0.));
#12850=DIRECTION('',(0.,0.,1.));
#12851=DIRECTION('',(1.,0.,0.));
#12852=DIRECTION('',(0.,0.,1.));
#12853=DIRECTION('',(-1.,0.,0.));
#12854=DIRECTION('',(0.,0.,1.));
#12855=DIRECTION('',(1.,0.,0.));
#12856=DIRECTION('',(0.,0.,1.));
#12857=DIRECTION('',(-1.,0.,0.));
#12858=DIRECTION('',(0.,0.,1.));
#12859=DIRECTION('',(1.,0.,0.));
#12860=DIRECTION('',(0.,1.,0.));
#12861=DIRECTION('',(0.,0.,-1.));
#12862=DIRECTION('',(-1.,0.,0.));
#12863=DIRECTION('',(0.,-1.,0.));
#12864=DIRECTION('',(-2.52323414707448E-15,0.,1.));
#12865=DIRECTION('',(0.,1.,0.));
#12866=DIRECTION('',(0.,0.,-1.));
#12867=DIRECTION('',(-1.,0.,0.));
#12868=DIRECTION('',(0.,0.,1.));
#12869=DIRECTION('',(-0.577350269189626,0.577350269189626,0.577350269189626));
#12870=DIRECTION('',(-0.707106781186547,0.,-0.707106781186547));
#12871=DIRECTION('',(-0.707106781186547,-0.707106781186547,0.));
#12872=DIRECTION('',(0.577350269189626,0.577350269189626,0.577350269189626));
#12873=DIRECTION('',(-0.707106781186547,0.,0.707106781186547));
#12874=DIRECTION('',(-0.707106781186547,0.707106781186547,0.));
#12875=DIRECTION('',(0.,1.,0.));
#12876=DIRECTION('',(0.,0.,-1.));
#12877=DIRECTION('',(0.,-1.,0.));
#12878=DIRECTION('',(-5.36187256260819E-15,0.,1.));
#12879=DIRECTION('',(0.,0.,-1.));
#12880=DIRECTION('',(-1.,0.,0.));
#12881=DIRECTION('',(0.577350269189626,-0.577350269189626,0.577350269189626));
#12882=DIRECTION('',(-0.707106781186547,0.,0.707106781186547));
#12883=DIRECTION('',(0.707106781186547,0.707106781186547,0.));
#12884=DIRECTION('',(1.,0.,0.));
#12885=DIRECTION('',(0.,0.,1.));
#12886=DIRECTION('',(0.,0.,-1.));
#12887=DIRECTION('',(0.,1.,0.));
#12888=DIRECTION('',(0.,0.,1.));
#12889=DIRECTION('',(0.,1.,0.));
#12890=DIRECTION('',(0.,0.,1.));
#12891=DIRECTION('',(-0.577350269189626,-0.577350269189626,0.577350269189626));
#12892=DIRECTION('',(-0.707106781186547,0.,-0.707106781186547));
#12893=DIRECTION('',(-0.707106781186547,0.707106781186547,0.));
#12894=DIRECTION('',(0.,-1.,0.));
#12895=DIRECTION('',(0.,0.,1.));
#12896=DIRECTION('',(0.,0.,1.));
#12897=DIRECTION('',(0.,0.,-1.));
#12898=DIRECTION('',(1.,0.,0.));
#12899=DIRECTION('',(0.,1.,0.));
#12900=DIRECTION('',(0.,0.,-1.));
#12901=DIRECTION('',(0.,1.,0.));
#12902=DIRECTION('',(0.,0.,-1.));
#12903=DIRECTION('',(0.,1.,2.66880534768707E-16));
#12904=DIRECTION('',(0.,2.66880534768707E-16,-1.));
#12905=DIRECTION('',(0.,1.,0.));
#12906=DIRECTION('',(0.,0.,-1.));
#12907=DIRECTION('',(1.,0.,0.));
#12908=DIRECTION('',(0.,0.,1.));
#12909=DIRECTION('',(0.,1.,0.));
#12910=DIRECTION('',(0.,0.,-1.));
#12911=DIRECTION('',(0.,0.,1.));
#12912=DIRECTION('',(0.,1.,0.));
#12913=DIRECTION('',(0.,0.,1.));
#12914=DIRECTION('',(0.,0.,1.));
#12915=DIRECTION('',(-1.,0.,0.));
#12916=DIRECTION('',(0.,0.,1.));
#12917=DIRECTION('',(1.,0.,0.));
#12918=DIRECTION('',(0.,0.,-1.));
#12919=DIRECTION('',(1.,0.,0.));
#12920=DIRECTION('',(0.,0.,1.));
#12921=DIRECTION('',(-1.,0.,0.));
#12922=DIRECTION('',(0.,0.,-1.));
#12923=DIRECTION('',(1.,0.,0.));
#12924=DIRECTION('',(0.,0.,1.));
#12925=DIRECTION('',(-1.,0.,0.));
#12926=DIRECTION('',(0.,1.,0.));
#12927=DIRECTION('',(0.,0.,-1.));
#12928=DIRECTION('',(0.,1.,0.));
#12929=DIRECTION('',(-1.,0.,0.));
#12930=DIRECTION('',(0.,1.,0.));
#12931=DIRECTION('',(0.,0.,-1.));
#12932=DIRECTION('',(0.,1.,0.));
#12933=DIRECTION('',(-1.,0.,0.));
#12934=DIRECTION('',(0.,0.707106781186547,-0.707106781186547));
#12935=DIRECTION('',(0.,-0.707106781186547,-0.707106781186547));
#12936=DIRECTION('',(0.,-0.707106781186547,-0.707106781186547));
#12937=DIRECTION('',(-1.,0.,0.));
#12938=DIRECTION('',(0.,0.707106781186547,0.707106781186547));
#12939=DIRECTION('',(-0.707106781186547,0.707106781186547,0.));
#12940=DIRECTION('',(0.707106781186547,0.707106781186547,0.));
#12941=DIRECTION('',(-0.707106781186547,-0.707106781186547,0.));
#12942=DIRECTION('',(-0.707106781186547,-0.707106781186547,0.));
#12943=DIRECTION('',(-0.707106781186547,0.707106781186547,0.));
#12944=DIRECTION('',(0.707106781186547,-0.707106781186547,0.));
#12945=DIRECTION('',(-0.707106781186547,0.707106781186547,0.));
#12946=DIRECTION('',(0.707106781186547,0.707106781186547,0.));
#12947=DIRECTION('',(-0.707106781186547,-0.707106781186547,0.));
#12948=DIRECTION('',(0.707106781186547,0.,-0.707106781186547));
#12949=DIRECTION('',(0.707106781186547,0.,0.707106781186547));
#12950=DIRECTION('',(-0.577350269189626,0.577350269189626,-0.577350269189626));
#12951=DIRECTION('',(0.,1.,0.));
#12952=DIRECTION('',(0.707106781186547,0.,0.707106781186547));
#12953=DIRECTION('',(0.707106781186547,0.707106781186547,0.));
#12954=DIRECTION('',(0.707106781186547,-0.707106781186547,0.));
#12955=DIRECTION('',(-0.577350269189626,0.577350269189626,-0.577350269189626));
#12956=DIRECTION('',(0.,0.,1.));
#12957=DIRECTION('',(-0.707106781186547,0.,0.707106781186547));
#12958=DIRECTION('',(-0.707106781186547,0.,-0.707106781186547));
#12959=DIRECTION('',(0.707106781186547,0.,0.707106781186547));
#12960=DIRECTION('',(0.,-1.,0.));
#12961=DIRECTION('',(0.,0.707106781186547,0.707106781186547));
#12962=DIRECTION('',(0.,0.707106781186547,-0.707106781186547));
#12963=DIRECTION('',(-1.,0.,0.));
#12964=DIRECTION('',(0.,0.707106781186547,-0.707106781186547));
#12965=DIRECTION('',(0.,-0.707106781186547,0.707106781186547));
#12966=DIRECTION('',(-0.707106781186547,-0.707106781186547,0.));
#12967=DIRECTION('',(-0.707106781186547,0.707106781186547,0.));
#12968=DIRECTION('',(0.707106781186547,-0.707106781186547,0.));
#12969=DIRECTION('',(0.,-1.,0.));
#12970=DIRECTION('',(0.,0.,1.));
#12971=DIRECTION('',(0.,-1.,0.));
#12972=DIRECTION('',(1.,0.,0.));
#12973=DIRECTION('',(0.,-1.,0.));
#12974=DIRECTION('',(0.,0.,1.));
#12975=DIRECTION('',(0.,-1.,0.));
#12976=DIRECTION('',(1.,0.,0.));
#12977=DIRECTION('',(0.,-1.,-2.66880534768707E-16));
#12978=DIRECTION('',(0.,-2.66880534768707E-16,1.));
#12979=DIRECTION('',(0.,-1.,0.));
#12980=DIRECTION('',(1.,0.,0.));
#12981=DIRECTION('',(0.,-1.,0.));
#12982=DIRECTION('',(0.,0.,1.));
#12983=DIRECTION('',(0.,-1.,0.));
#12984=DIRECTION('',(1.,0.,0.));
#12985=DIRECTION('',(0.707106781186547,-0.707106781186547,0.));
#12986=DIRECTION('',(-0.707106781186547,-0.707106781186547,0.));
#12987=DIRECTION('',(-0.577350269189626,-0.577350269189626,0.577350269189626));
#12988=DIRECTION('',(0.,0.,1.));
#12989=DIRECTION('',(0.577350269189626,0.577350269189626,-0.577350269189626));
#12990=DIRECTION('',(-0.707106781186547,0.,-0.707106781186547));
#12991=DIRECTION('',(0.707106781186547,0.,-0.707106781186547));
#12992=DIRECTION('',(-0.707106781186547,0.,0.707106781186547));
#12993=DIRECTION('',(0.,-1.,0.));
#12994=DIRECTION('',(0.707106781186547,0.,0.707106781186547));
#12995=DIRECTION('',(-0.707106781186547,0.,0.707106781186547));
#12996=DIRECTION('',(0.,1.,0.));
#12997=DIRECTION('',(-0.707106781186547,0.,0.707106781186547));
#12998=DIRECTION('',(0.,0.,1.));
#12999=DIRECTION('',(-1.,0.,0.));
#13000=DIRECTION('',(0.,0.,-1.));
#13001=DIRECTION('',(1.,0.,0.));
#13002=DIRECTION('',(0.,0.,-1.));
#13003=DIRECTION('',(1.,0.,0.));
#13004=DIRECTION('',(0.,0.,1.));
#13005=DIRECTION('',(-1.,0.,0.));
#13006=DIRECTION('',(0.,0.,-1.));
#13007=DIRECTION('',(1.,0.,0.));
#13008=DIRECTION('',(0.,0.,1.));
#13009=DIRECTION('',(-1.,0.,0.));
#13010=DIRECTION('',(0.,1.,0.));
#13011=DIRECTION('',(0.,0.,-1.));
#13012=DIRECTION('',(0.,1.,0.));
#13013=DIRECTION('',(0.,0.,1.));
#13014=DIRECTION('',(0.,1.,0.));
#13015=DIRECTION('',(0.,0.,-1.));
#13016=DIRECTION('',(0.,1.,0.));
#13017=DIRECTION('',(0.,0.,1.));
#13018=DIRECTION('',(-0.577350269189626,0.577350269189626,-0.577350269189626));
#13019=DIRECTION('',(0.707106781186547,0.,-0.707106781186547));
#13020=DIRECTION('',(0.,0.,1.));
#13021=DIRECTION('',(-1.,0.,0.));
#13022=DIRECTION('',(0.,0.,-1.));
#13023=DIRECTION('',(-1.,0.,0.));
#13024=DIRECTION('',(1.,0.,0.));
#13025=DIRECTION('',(0.333924696716458,-0.942599754361745,0.));
#13026=DIRECTION('',(0.,0.,-1.));
#13027=DIRECTION('',(-1.,0.,0.));
#13028=DIRECTION('',(1.,0.,0.));
#13029=DIRECTION('',(1.,0.,0.));
#13030=DIRECTION('',(0.,0.,-1.));
#13031=DIRECTION('',(-1.,0.,0.));
#13032=DIRECTION('',(0.333924696716453,0.942599754361747,0.));
#13033=DIRECTION('',(0.577350269189626,0.577350269189626,-0.577350269189626));
#13034=DIRECTION('',(0.707106781186547,0.,0.707106781186547));
#13035=DIRECTION('',(0.577350269189626,-0.577350269189626,-0.577350269189626));
#13036=DIRECTION('',(0.707106781186547,0.,0.707106781186547));
#13037=DIRECTION('',(0.,-1.,0.));
#13038=DIRECTION('',(0.,0.,1.));
#13039=DIRECTION('',(1.,0.,0.));
#13040=DIRECTION('',(0.,0.,-1.));
#13041=DIRECTION('',(0.,0.,-1.));
#13042=DIRECTION('',(1.,0.,0.));
#13043=DIRECTION('',(1.,0.,0.));
#13044=DIRECTION('',(0.,0.,-1.));
#13045=DIRECTION('',(-1.,0.,0.));
#13046=DIRECTION('',(0.333924696716458,-0.942599754361745,0.));
#13047=DIRECTION('',(1.,0.,0.));
#13048=DIRECTION('',(0.333924696716431,0.942599754361754,0.));
#13049=DIRECTION('',(0.,0.,-1.));
#13050=DIRECTION('',(-1.,0.,0.));
#13051=DIRECTION('',(-0.577350269189626,-0.577350269189626,-0.577350269189626));
#13052=DIRECTION('',(0.707106781186547,0.,-0.707106781186547));
#13053=DIRECTION('',(0.,1.,0.));
#13054=DIRECTION('',(0.,0.,-1.));
#13055=DIRECTION('',(0.,-1.,0.));
#13056=DIRECTION('',(0.,0.,1.));
#13057=DIRECTION('',(0.,1.,0.));
#13058=DIRECTION('',(0.,0.,-1.));
#13059=DIRECTION('',(0.,-1.,0.));
#13060=DIRECTION('',(0.,0.,1.));
#13061=DIRECTION('',(0.,1.,0.));
#13062=DIRECTION('',(0.,0.,-1.));
#13063=DIRECTION('',(0.,-1.,0.));
#13064=DIRECTION('',(0.,0.,1.));
#13065=DIRECTION('',(0.,1.,0.));
#13066=DIRECTION('',(0.,0.,-1.));
#13067=DIRECTION('',(0.,-1.,0.));
#13068=DIRECTION('',(0.,0.,1.));
#13069=DIRECTION('',(0.,-1.,0.));
#13070=DIRECTION('',(0.,0.,1.));
#13071=DIRECTION('',(0.,0.,1.));
#13072=DIRECTION('',(0.,0.,1.));
#13073=DIRECTION('',(-1.,0.,0.));
#13074=DIRECTION('',(0.,0.,1.));
#13075=DIRECTION('',(1.,0.,0.));
#13076=DIRECTION('',(0.,-1.,0.));
#13077=DIRECTION('',(0.,0.,1.));
#13078=DIRECTION('',(0.,-1.,0.));
#13079=DIRECTION('',(0.,0.,1.));
#13080=DIRECTION('',(0.,0.,-1.));
#13081=DIRECTION('',(1.,0.,0.));
#13082=DIRECTION('',(0.942599754361749,-0.333924696716447,0.));
#13083=DIRECTION('',(-0.333924696716447,-0.942599754361749,0.));
#13084=DIRECTION('',(0.,0.,1.));
#13085=DIRECTION('',(0.,0.,-1.));
#13086=DIRECTION('',(0.,-1.,0.));
#13087=DIRECTION('',(0.,0.,1.));
#13088=DIRECTION('',(0.,0.,-1.));
#13089=DIRECTION('',(-0.94259975436174,-0.333924696716471,0.));
#13090=DIRECTION('',(-0.333924696716471,0.94259975436174,0.));
#13091=DIRECTION('',(0.,0.,-1.));
#13092=DIRECTION('',(0.,0.,-1.));
#13093=DIRECTION('',(1.,0.,0.));
#13094=DIRECTION('',(0.,0.,-1.));
#13095=DIRECTION('',(1.,0.,0.));
#13096=CARTESIAN_POINT('',(0.,0.,0.));
#13097=CARTESIAN_POINT('',(-11.8736791112249,32.851831296672,307.));
#13098=CARTESIAN_POINT('',(-11.8736791112249,32.851831296672,307.));
#13099=CARTESIAN_POINT('',(-11.8736791112249,40.851831296672,307.));
#13100=CARTESIAN_POINT('',(-11.8736791112249,32.851831296672,307.));
#13101=CARTESIAN_POINT('',(-0.873679111224903,32.851831296672,307.));
#13102=CARTESIAN_POINT('',(-11.8736791112249,32.851831296672,300.));
#13103=CARTESIAN_POINT('',(-11.8736791112249,32.851831296672,300.));
#13104=CARTESIAN_POINT('',(-19.8736791112249,32.851831296672,300.));
#13105=CARTESIAN_POINT('',(-11.8736791112249,32.851831296672,300.));
#13106=CARTESIAN_POINT('',(-0.873679111224903,32.851831296672,300.));
#13107=CARTESIAN_POINT('',(-11.8736791112249,32.851831296672,300.));
#13108=CARTESIAN_POINT('',(-11.8736791112249,32.851831296672,282.));
#13109=CARTESIAN_POINT('',(-11.8736791112248,32.851831296672,140.));
#13110=CARTESIAN_POINT('',(-11.8736791112248,32.851831296672,140.));
#13111=CARTESIAN_POINT('',(-11.8736791112248,40.851831296672,140.));
#13112=CARTESIAN_POINT('',(-11.8736791112248,32.851831296672,140.));
#13113=CARTESIAN_POINT('',(-0.873679111224801,32.851831296672,140.));
#13114=CARTESIAN_POINT('',(-11.8736791112248,32.851831296672,133.));
#13115=CARTESIAN_POINT('',(-11.8736791112248,32.851831296672,133.));
#13116=CARTESIAN_POINT('',(-19.8736791112248,32.851831296672,133.));
#13117=CARTESIAN_POINT('',(-11.8736791112248,32.851831296672,133.));
#13118=CARTESIAN_POINT('',(-0.873679111224801,32.851831296672,133.));
#13119=CARTESIAN_POINT('',(-11.8736791112248,32.851831296672,133.));
#13120=CARTESIAN_POINT('',(-11.8736791112248,32.851831296672,115.));
#13121=CARTESIAN_POINT('',(-11.8736791112249,32.851831296672,111.999999999551));
#13122=CARTESIAN_POINT('',(-11.8736791112242,32.8518312966713,111.999999999551));
#13123=CARTESIAN_POINT('',(-11.8736791112242,28.8518312966706,111.999999999551));
#13124=CARTESIAN_POINT('',(-11.8736791112249,32.851831296672,307.999999999551));
#13125=CARTESIAN_POINT('',(-11.8736791112243,32.8518312966714,139.999999999551));
#13126=CARTESIAN_POINT('',(-11.8736791112243,28.8518312966708,139.999999999551));
#13127=CARTESIAN_POINT('',(-11.8736791112249,36.851831296672,139.999999999551));
#13128=CARTESIAN_POINT('',(-11.8736791112243,32.8518312966714,139.999999999551));
#13129=CARTESIAN_POINT('',(-11.8736791112243,24.8518312966708,139.999999999551));
#13130=CARTESIAN_POINT('',(-11.8736791112249,32.851831296672,307.999999999551));
#13131=CARTESIAN_POINT('',(-11.8736791112249,32.851831296672,299.999999999551));
#13132=CARTESIAN_POINT('',(-11.8736791112249,24.851831296672,299.999999999551));
#13133=CARTESIAN_POINT('',(-11.8736791112249,40.851831296672,299.999999999551));
#13134=CARTESIAN_POINT('',(-11.8736791112249,32.851831296672,299.999999999551));
#13135=CARTESIAN_POINT('',(-11.8736791112249,28.851831296672,299.999999999551));
#13136=CARTESIAN_POINT('',(-11.8736791112249,32.851831296672,307.999999999551));
#13137=CARTESIAN_POINT('',(-11.8736791112249,32.851831296672,307.999999999551));
#13138=CARTESIAN_POINT('',(-11.8736791112249,28.851831296672,307.999999999551));
#13139=CARTESIAN_POINT('',(-11.8736791112249,36.851831296672,307.999999999551));
#13140=CARTESIAN_POINT('',(-21.8779077318634,2.85183129667175,835.));
#13141=CARTESIAN_POINT('',(-21.8779077318634,2.85183129667175,300.));
#13142=CARTESIAN_POINT('',(-19.3779077318634,2.85183129667175,300.));
#13143=CARTESIAN_POINT('',(-24.3779077318634,2.85183129667175,300.));
#13144=CARTESIAN_POINT('',(-19.3779077318634,2.85183129667175,835.));
#13145=CARTESIAN_POINT('',(-19.3779077318634,2.85183129667175,100.));
#13146=CARTESIAN_POINT('',(-21.8779077318634,2.85183129667175,100.));
#13147=CARTESIAN_POINT('',(-24.3779077318634,2.85183129667175,100.));
#13148=CARTESIAN_POINT('',(-24.3779077318634,2.85183129667175,835.));
#13149=CARTESIAN_POINT('',(18.1263208887751,2.85183129667175,835.));
#13150=CARTESIAN_POINT('',(18.1263208887751,2.85183129667175,300.));
#13151=CARTESIAN_POINT('',(20.6263208887751,2.85183129667175,300.));
#13152=CARTESIAN_POINT('',(15.6263208887751,2.85183129667175,300.));
#13153=CARTESIAN_POINT('',(20.6263208887751,2.85183129667175,835.));
#13154=CARTESIAN_POINT('',(20.6263208887751,2.85183129667175,100.));
#13155=CARTESIAN_POINT('',(18.1263208887751,2.85183129667175,100.));
#13156=CARTESIAN_POINT('',(15.6263208887751,2.85183129667175,100.));
#13157=CARTESIAN_POINT('',(15.6263208887751,2.85183129667175,835.));
#13158=CARTESIAN_POINT('',(-1.87316485831732,2.85183129667175,835.));
#13159=CARTESIAN_POINT('',(-1.87316485831732,2.85183129667175,300.));
#13160=CARTESIAN_POINT('',(0.62683514168268,2.85183129667175,300.));
#13161=CARTESIAN_POINT('',(-4.37316485831732,2.85183129667175,300.));
#13162=CARTESIAN_POINT('',(0.62683514168268,2.85183129667175,835.));
#13163=CARTESIAN_POINT('',(0.62683514168268,2.85183129667175,100.));
#13164=CARTESIAN_POINT('',(-1.87316485831732,2.85183129667175,100.));
#13165=CARTESIAN_POINT('',(-4.37316485831732,2.85183129667175,100.));
#13166=CARTESIAN_POINT('',(-4.37316485831732,2.85183129667175,835.));
#13167=CARTESIAN_POINT('',(-41.8773934789558,2.85183129667175,835.));
#13168=CARTESIAN_POINT('',(-41.8773934789558,2.85183129667175,300.));
#13169=CARTESIAN_POINT('',(-39.3773934789558,2.85183129667175,300.));
#13170=CARTESIAN_POINT('',(-44.3773934789558,2.85183129667175,300.));
#13171=CARTESIAN_POINT('',(-39.3773934789558,2.85183129667175,835.));
#13172=CARTESIAN_POINT('',(-39.3773934789558,2.85183129667175,100.));
#13173=CARTESIAN_POINT('',(-41.8773934789558,2.85183129667175,100.));
#13174=CARTESIAN_POINT('',(-44.3773934789558,2.85183129667175,100.));
#13175=CARTESIAN_POINT('',(-44.3773934789558,2.85183129667175,835.));
#13176=CARTESIAN_POINT('',(4.05132088877511,12.8518312966718,835.));
#13177=CARTESIAN_POINT('',(5.1263208887751,12.8518312966718,835.));
#13178=CARTESIAN_POINT('',(5.1263208887751,12.8518312966718,300.));
#13179=CARTESIAN_POINT('',(5.1263208887751,12.8518312966718,100.));
#13180=CARTESIAN_POINT('',(-55.8775791973424,12.8518312966718,300.));
#13181=CARTESIAN_POINT('',(26.6263208887751,12.8518312966718,300.));
#13182=CARTESIAN_POINT('',(26.6263208887751,12.8518312966718,835.));
#13183=CARTESIAN_POINT('',(26.6263208887751,12.8518312966718,100.));
#13184=CARTESIAN_POINT('',(-55.8775791973424,12.8518312966718,100.));
#13185=CARTESIAN_POINT('',(-55.8775791973424,-8.1481687033282,100.));
#13186=CARTESIAN_POINT('',(-21.8779077318634,2.85183129667175,100.));
#13187=CARTESIAN_POINT('',(18.1263208887751,2.85183129667175,100.));
#13188=CARTESIAN_POINT('',(-1.87316485831732,2.85183129667175,100.));
#13189=CARTESIAN_POINT('',(-41.8773934789558,2.85183129667175,100.));
#13190=CARTESIAN_POINT('',(5.1263208887751,12.3268312966718,100.));
#13191=CARTESIAN_POINT('',(5.1263208887751,12.3518312966718,100.));
#13192=CARTESIAN_POINT('',(26.6263208887751,11.3518312966718,100.));
#13193=CARTESIAN_POINT('',(28.1263208887751,11.3518312966718,100.));
#13194=CARTESIAN_POINT('',(28.1263208887751,6.20683129667174,100.));
#13195=CARTESIAN_POINT('',(28.1263208887751,6.45183129667174,100.));
#13196=CARTESIAN_POINT('',(-55.8775791973424,6.45183129667174,100.));
#13197=CARTESIAN_POINT('',(27.6263208887751,6.45183129667174,100.));
#13198=CARTESIAN_POINT('',(27.6263208887751,-8.1481687033282,100.));
#13199=CARTESIAN_POINT('',(27.6263208887751,5.95183129667174,100.));
#13200=CARTESIAN_POINT('',(25.5263208887751,5.95183129667174,100.));
#13201=CARTESIAN_POINT('',(25.6263208887751,5.95183129667174,100.));
#13202=CARTESIAN_POINT('',(25.6262873885222,5.85834002748339,100.));
#13203=CARTESIAN_POINT('',(25.6269908938335,7.82165668043797,100.));
#13204=CARTESIAN_POINT('',(-55.8775791973424,7.82165668043797,100.));
#13205=CARTESIAN_POINT('',(24.0918651118209,7.82165668043797,100.));
#13206=CARTESIAN_POINT('',(24.1951423229732,7.92451436614039,100.));
#13207=CARTESIAN_POINT('',(22.026320888775,5.76450296638955,100.));
#13208=CARTESIAN_POINT('',(22.0263208887749,6.05550727703866,100.));
#13209=CARTESIAN_POINT('',(22.0263208887749,-0.0555832465921496,100.));
#13210=CARTESIAN_POINT('',(21.9232001765921,0.04795806384621,100.));
#13211=CARTESIAN_POINT('',(24.0887351324326,-2.12640945535951,100.));
#13212=CARTESIAN_POINT('',(-55.8775791973424,-2.1264094553595,100.));
#13213=CARTESIAN_POINT('',(25.6269908938335,-2.1264094553595,100.));
#13214=CARTESIAN_POINT('',(25.6270243940864,-2.22032149296112,100.));
#13215=CARTESIAN_POINT('',(25.6263208887751,-0.248168703328246,100.));
#13216=CARTESIAN_POINT('',(25.5263208887751,-0.248168703328247,100.));
#13217=CARTESIAN_POINT('',(27.6263208887751,-0.248168703328247,100.));
#13218=CARTESIAN_POINT('',(27.6263208887751,-8.1481687033282,100.));
#13219=CARTESIAN_POINT('',(27.6263208887751,-0.748168703328247,100.));
#13220=CARTESIAN_POINT('',(-55.8775791973424,-0.748168703328247,100.));
#13221=CARTESIAN_POINT('',(28.1263208887751,-0.748168703328247,100.));
#13222=CARTESIAN_POINT('',(28.1263208887751,-0.503168703328242,100.));
#13223=CARTESIAN_POINT('',(28.1263208887751,-5.64816870332825,100.));
#13224=CARTESIAN_POINT('',(26.6263208887751,-5.64816870332825,100.));
#13225=CARTESIAN_POINT('',(26.6263208887751,-7.1481687033282,100.));
#13226=CARTESIAN_POINT('',(21.4813208887751,-7.1481687033282,100.));
#13227=CARTESIAN_POINT('',(21.7263208887751,-7.1481687033282,100.));
#13228=CARTESIAN_POINT('',(21.7263208887751,-8.1481687033282,100.));
#13229=CARTESIAN_POINT('',(21.7263208887751,-6.6481687033282,100.));
#13230=CARTESIAN_POINT('',(-55.8775791973424,-6.6481687033282,100.));
#13231=CARTESIAN_POINT('',(21.2263208887751,-6.6481687033282,100.));
#13232=CARTESIAN_POINT('',(21.2263208887751,-6.74816870332819,100.));
#13233=CARTESIAN_POINT('',(21.2263208887751,-4.6481687033282,100.));
#13234=CARTESIAN_POINT('',(21.1328296195869,-4.64813520307527,100.));
#13235=CARTESIAN_POINT('',(23.0961462725412,-4.64883870838657,100.));
#13236=CARTESIAN_POINT('',(23.0961462725412,-8.1481687033282,100.));
#13237=CARTESIAN_POINT('',(23.0961462725412,-3.11371292637396,100.));
#13238=CARTESIAN_POINT('',(23.1990039582436,-3.21699013752624,100.));
#13239=CARTESIAN_POINT('',(21.0389925584929,-1.04816870332821,100.));
#13240=CARTESIAN_POINT('',(21.3299968691421,-1.04816870332806,100.));
#13241=CARTESIAN_POINT('',(15.2189063455111,-1.04816870332806,100.));
#13242=CARTESIAN_POINT('',(15.3224476559494,-0.945047991145202,100.));
#13243=CARTESIAN_POINT('',(13.1480801367437,-3.1105829469856,100.));
#13244=CARTESIAN_POINT('',(13.1480801367437,-8.1481687033282,100.));
#13245=CARTESIAN_POINT('',(13.1480801367437,-4.64883870838656,100.));
#13246=CARTESIAN_POINT('',(13.0541680991422,-4.64883870838656,100.));
#13247=CARTESIAN_POINT('',(15.0263208887751,-4.64883870838656,100.));
#13248=CARTESIAN_POINT('',(15.0263208887751,-4.54887220863949,100.));
#13249=CARTESIAN_POINT('',(15.0263208887751,-6.6481687033282,100.));
#13250=CARTESIAN_POINT('',(-55.8775791973424,-6.6481687033282,100.));
#13251=CARTESIAN_POINT('',(14.5263208887751,-6.6481687033282,100.));
#13252=CARTESIAN_POINT('',(14.5263208887751,-8.1481687033282,100.));
#13253=CARTESIAN_POINT('',(14.5263208887751,-7.1481687033282,100.));
#13254=CARTESIAN_POINT('',(1.08134087155179,-7.1481687033282,100.));
#13255=CARTESIAN_POINT('',(1.72157801522908,-7.1481687033282,100.));
#13256=CARTESIAN_POINT('',(1.72157801522908,-8.1481687033282,100.));
#13257=CARTESIAN_POINT('',(1.72157801522908,-6.6481687033282,100.));
#13258=CARTESIAN_POINT('',(-55.8775791973424,-6.6481687033282,100.));
#13259=CARTESIAN_POINT('',(1.22157801522903,-6.6481687033282,100.));
#13260=CARTESIAN_POINT('',(1.22157801522903,-6.74813520307527,100.));
#13261=CARTESIAN_POINT('',(1.22157801522903,-4.64883870838656,100.));
#13262=CARTESIAN_POINT('',(1.12766597762746,-4.64883870838656,100.));
#13263=CARTESIAN_POINT('',(3.09981876726036,-4.64883870838656,100.));
#13264=CARTESIAN_POINT('',(3.09981876726036,-8.1481687033282,100.));
#13265=CARTESIAN_POINT('',(3.09981876726036,-3.1105829469856,100.));
#13266=CARTESIAN_POINT('',(3.20336007769873,-3.21370365916849,100.));
#13267=CARTESIAN_POINT('',(1.02899255849327,-1.04816870332822,100.));
#13268=CARTESIAN_POINT('',(1.31947115649717,-1.04816870332806,100.));
#13269=CARTESIAN_POINT('',(-4.78057940158132,-1.04816870332806,100.));
#13270=CARTESIAN_POINT('',(-4.67703809114295,-0.945047991145202,100.));
#13271=CARTESIAN_POINT('',(-6.85140561034868,-3.1105829469856,100.));
#13272=CARTESIAN_POINT('',(-6.85140561034868,-8.1481687033282,100.));
#13273=CARTESIAN_POINT('',(-6.85140561034868,-4.64883870838656,100.));
#13274=CARTESIAN_POINT('',(-6.94531764795025,-4.64883870838656,100.));
#13275=CARTESIAN_POINT('',(-4.97316485831738,-4.64883870838656,100.));
#13276=CARTESIAN_POINT('',(-4.97316485831729,-4.54887220863949,100.));
#13277=CARTESIAN_POINT('',(-4.97316485831729,-6.6481687033282,100.));
#13278=CARTESIAN_POINT('',(-55.8775791973424,-6.6481687033282,100.));
#13279=CARTESIAN_POINT('',(-5.47316485831729,-6.6481687033282,100.));
#13280=CARTESIAN_POINT('',(-5.47316485831729,-8.1481687033282,100.));
#13281=CARTESIAN_POINT('',(-5.47316485831729,-7.1481687033282,100.));
#13282=CARTESIAN_POINT('',(-18.9181448755406,-7.1481687033282,100.));
#13283=CARTESIAN_POINT('',(-18.2779077318633,-7.1481687033282,100.));
#13284=CARTESIAN_POINT('',(-18.2779077318633,-8.1481687033282,100.));
#13285=CARTESIAN_POINT('',(-18.2779077318633,-6.6481687033282,100.));
#13286=CARTESIAN_POINT('',(-55.8775791973424,-6.6481687033282,100.));
#13287=CARTESIAN_POINT('',(-18.7779077318634,-6.6481687033282,100.));
#13288=CARTESIAN_POINT('',(-18.7779077318634,-6.74813520307527,100.));
#13289=CARTESIAN_POINT('',(-18.7779077318634,-4.64883870838656,100.));
#13290=CARTESIAN_POINT('',(-18.8718197694649,-4.64883870838656,100.));
#13291=CARTESIAN_POINT('',(-16.8996669798321,-4.64883870838656,100.));
#13292=CARTESIAN_POINT('',(-16.8996669798321,-8.1481687033282,100.));
#13293=CARTESIAN_POINT('',(-16.8996669798321,-3.11058294698558,100.));
#13294=CARTESIAN_POINT('',(-16.7961256693937,-3.21370365916849,100.));
#13295=CARTESIAN_POINT('',(-18.9704931885992,-1.04816870332822,100.));
#13296=CARTESIAN_POINT('',(-18.6800145905952,-1.04816870332806,100.));
#13297=CARTESIAN_POINT('',(-24.7800651486737,-1.04816870332806,100.));
#13298=CARTESIAN_POINT('',(-24.6765238382354,-0.945047991145174,100.));
#13299=CARTESIAN_POINT('',(-26.8508913574411,-3.11058294698556,100.));
#13300=CARTESIAN_POINT('',(-26.8508913574411,-8.1481687033282,100.));
#13301=CARTESIAN_POINT('',(-26.8508913574411,-4.64883870838656,100.));
#13302=CARTESIAN_POINT('',(-26.9448033950428,-4.64883870838656,100.));
#13303=CARTESIAN_POINT('',(-24.9726506054099,-4.64883870838656,100.));
#13304=CARTESIAN_POINT('',(-24.9726506054098,-4.54887220863949,100.));
#13305=CARTESIAN_POINT('',(-24.9726506054098,-6.6481687033282,100.));
#13306=CARTESIAN_POINT('',(-55.8775791973424,-6.6481687033282,100.));
#13307=CARTESIAN_POINT('',(-25.4726506054098,-6.6481687033282,100.));
#13308=CARTESIAN_POINT('',(-25.4726506054098,-8.1481687033282,100.));
#13309=CARTESIAN_POINT('',(-25.4726506054098,-7.1481687033282,100.));
#13310=CARTESIAN_POINT('',(-38.9176306226332,-7.1481687033282,100.));
#13311=CARTESIAN_POINT('',(-38.2773934789558,-7.1481687033282,100.));
#13312=CARTESIAN_POINT('',(-38.2773934789558,-8.1481687033282,100.));
#13313=CARTESIAN_POINT('',(-38.2773934789558,-6.6481687033282,100.));
#13314=CARTESIAN_POINT('',(-55.8775791973424,-6.6481687033282,100.));
#13315=CARTESIAN_POINT('',(-38.7773934789559,-6.6481687033282,100.));
#13316=CARTESIAN_POINT('',(-38.7773934789559,-6.74813520307527,100.));
#13317=CARTESIAN_POINT('',(-38.7773934789559,-4.64883870838656,100.));
#13318=CARTESIAN_POINT('',(-38.8713055165574,-4.64883870838656,100.));
#13319=CARTESIAN_POINT('',(-36.8991527269245,-4.64883870838656,100.));
#13320=CARTESIAN_POINT('',(-36.8991527269245,-8.1481687033282,100.));
#13321=CARTESIAN_POINT('',(-36.8991527269245,-3.11058294698563,100.));
#13322=CARTESIAN_POINT('',(-36.7956114164862,-3.21370365916846,100.));
#13323=CARTESIAN_POINT('',(-38.9699789356917,-1.04816870332823,100.));
#13324=CARTESIAN_POINT('',(-38.6789746250427,-1.04816870332837,100.));
#13325=CARTESIAN_POINT('',(-44.7900651486737,-1.04816870332837,100.));
#13326=CARTESIAN_POINT('',(-44.6872074629713,-0.944891492176055,100.));
#13327=CARTESIAN_POINT('',(-46.847218862722,-3.11371292637409,100.));
#13328=CARTESIAN_POINT('',(-46.847218862722,-8.1481687033282,100.));
#13329=CARTESIAN_POINT('',(-46.847218862722,-4.64883870838657,100.));
#13330=CARTESIAN_POINT('',(-46.9407101319103,-4.64887220863949,100.));
#13331=CARTESIAN_POINT('',(-44.9773934789559,-4.64816870332819,100.));
#13332=CARTESIAN_POINT('',(-44.9773934789559,-6.74816870332819,100.));
#13333=CARTESIAN_POINT('',(-44.9773934789559,-6.6481687033282,100.));
#13334=CARTESIAN_POINT('',(-55.8775791973424,-6.6481687033282,100.));
#13335=CARTESIAN_POINT('',(-45.4773934789559,-6.6481687033282,100.));
#13336=CARTESIAN_POINT('',(-45.4773934789559,-8.1481687033282,100.));
#13337=CARTESIAN_POINT('',(-45.4773934789559,-7.1481687033282,100.));
#13338=CARTESIAN_POINT('',(-50.6223934789558,-7.1481687033282,100.));
#13339=CARTESIAN_POINT('',(-50.3773934789558,-7.1481687033282,100.));
#13340=CARTESIAN_POINT('',(-50.3773934789558,-5.64816870332825,100.));
#13341=CARTESIAN_POINT('',(-51.8773934789558,-5.64816870332825,100.));
#13342=CARTESIAN_POINT('',(-51.8773934789558,-5.89316870332826,100.));
#13343=CARTESIAN_POINT('',(-51.8773934789558,-0.748168703328247,100.));
#13344=CARTESIAN_POINT('',(-55.8775791973424,-0.748168703328247,100.));
#13345=CARTESIAN_POINT('',(-51.3773934789558,-0.748168703328247,100.));
#13346=CARTESIAN_POINT('',(-51.3773934789558,-8.1481687033282,100.));
#13347=CARTESIAN_POINT('',(-51.3773934789558,-0.248168703328247,100.));
#13348=CARTESIAN_POINT('',(-51.4773934789558,-0.248168703328247,100.));
#13349=CARTESIAN_POINT('',(-49.3773934789558,-0.248168703328247,100.));
#13350=CARTESIAN_POINT('',(-49.3773599787029,-0.154256665726678,100.));
#13351=CARTESIAN_POINT('',(-49.3780634840142,-2.12640945535957,100.));
#13352=CARTESIAN_POINT('',(-55.8775791973424,-2.12640945535964,100.));
#13353=CARTESIAN_POINT('',(-47.8398077226133,-2.12640945535963,100.));
#13354=CARTESIAN_POINT('',(-47.9429284347962,-2.22995076579801,100.));
#13355=CARTESIAN_POINT('',(-45.7773934789557,-0.0555832465922976,100.));
#13356=CARTESIAN_POINT('',(-45.7773934789558,-0.346587557241293,100.));
#13357=CARTESIAN_POINT('',(-45.7773934789558,5.76450296638959,100.));
#13358=CARTESIAN_POINT('',(-45.6741162678035,5.6616452806872,100.));
#13359=CARTESIAN_POINT('',(-47.8429377020017,7.82165668043798,100.));
#13360=CARTESIAN_POINT('',(-55.8775791973424,7.82165668043797,100.));
#13361=CARTESIAN_POINT('',(-49.3780634840142,7.82165668043797,100.));
#13362=CARTESIAN_POINT('',(-49.3780969842671,7.91514794962632,100.));
#13363=CARTESIAN_POINT('',(-49.3773934789558,5.95183129667174,100.));
#13364=CARTESIAN_POINT('',(-51.4773934789558,5.95183129667174,100.));
#13365=CARTESIAN_POINT('',(-51.3773934789558,5.95183129667174,100.));
#13366=CARTESIAN_POINT('',(-51.3773934789558,-8.1481687033282,100.));
#13367=CARTESIAN_POINT('',(-51.3773934789558,6.45183129667174,100.));
#13368=CARTESIAN_POINT('',(-55.8775791973424,6.45183129667174,100.));
#13369=CARTESIAN_POINT('',(-51.8773934789558,6.45183129667174,100.));
#13370=CARTESIAN_POINT('',(-51.8773934789558,6.20683129667174,100.));
#13371=CARTESIAN_POINT('',(-51.8773934789558,11.3518312966718,100.));
#13372=CARTESIAN_POINT('',(-50.3773934789558,11.3518312966718,100.));
#13373=CARTESIAN_POINT('',(-50.3773934789558,12.8518312966718,100.));
#13374=CARTESIAN_POINT('',(-51.3925791973424,12.8518312966718,100.));
#13375=CARTESIAN_POINT('',(-30.0736791112249,12.8518312966718,100.));
#13376=CARTESIAN_POINT('',(-30.0736791112249,-8.1481687033282,100.));
#13377=CARTESIAN_POINT('',(-30.0736791112249,12.3518312966715,100.));
#13378=CARTESIAN_POINT('',(-55.8775791973424,12.3518312966715,100.));
#13379=CARTESIAN_POINT('',(-29.5736791112249,12.3518312966715,100.));
#13380=CARTESIAN_POINT('',(-29.5736791112249,10.2518312966715,100.));
#13381=CARTESIAN_POINT('',(-29.5736791112249,10.3518312966715,100.));
#13382=CARTESIAN_POINT('',(-29.4801878420366,10.3517977964186,100.));
#13383=CARTESIAN_POINT('',(-31.4435044949911,10.35250130173,100.));
#13384=CARTESIAN_POINT('',(-31.4435044949911,-8.1481687033282,100.));
#13385=CARTESIAN_POINT('',(-31.4435044949911,8.81737551971733,100.));
#13386=CARTESIAN_POINT('',(-31.5463621806935,8.92065273086962,100.));
#13387=CARTESIAN_POINT('',(-29.3863507809428,6.75183129667163,100.));
#13388=CARTESIAN_POINT('',(-29.6773550915919,6.75183129667164,100.));
#13389=CARTESIAN_POINT('',(-23.5662645679609,6.75183129667163,100.));
#13390=CARTESIAN_POINT('',(-23.6698058783992,6.64871058448875,100.));
#13391=CARTESIAN_POINT('',(-21.4954383591936,8.81424554032905,100.));
#13392=CARTESIAN_POINT('',(-21.4954383591936,-8.1481687033282,100.));
#13393=CARTESIAN_POINT('',(-21.4954383591936,10.3525013017303,100.));
#13394=CARTESIAN_POINT('',(-23.4675911488265,10.3525013017303,100.));
#13395=CARTESIAN_POINT('',(-23.3736791112249,10.3525013017303,100.));
#13396=CARTESIAN_POINT('',(-23.3736791112249,10.2525348019832,100.));
#13397=CARTESIAN_POINT('',(-23.3736791112249,12.3518312966718,100.));
#13398=CARTESIAN_POINT('',(-55.8775791973424,12.3518312966718,100.));
#13399=CARTESIAN_POINT('',(-22.8736791112249,12.3518312966718,100.));
#13400=CARTESIAN_POINT('',(-22.8736791112249,-8.1481687033282,100.));
#13401=CARTESIAN_POINT('',(-22.8736791112249,12.8518312966718,100.));
#13402=CARTESIAN_POINT('',(-23.9136791112249,12.8518312966718,100.));
#13403=CARTESIAN_POINT('',(-2.07367911122492,12.8518312966718,100.));
#13404=CARTESIAN_POINT('',(-2.07367911122492,-8.1481687033282,100.));
#13405=CARTESIAN_POINT('',(-2.07367911122492,12.3518312966715,100.));
#13406=CARTESIAN_POINT('',(-55.8775791973424,12.3518312966715,100.));
#13407=CARTESIAN_POINT('',(-1.57367911122492,12.3518312966715,100.));
#13408=CARTESIAN_POINT('',(-1.57367911122492,10.2518312966715,100.));
#13409=CARTESIAN_POINT('',(-1.57367911122492,10.3518312966715,100.));
#13410=CARTESIAN_POINT('',(-1.4801878420366,10.3517977964186,100.));
#13411=CARTESIAN_POINT('',(-3.44350449499106,10.35250130173,100.));
#13412=CARTESIAN_POINT('',(-3.44350449499106,-8.1481687033282,100.));
#13413=CARTESIAN_POINT('',(-3.44350449499106,8.8173755197173,100.));
#13414=CARTESIAN_POINT('',(-3.54636218069345,8.92065273086956,100.));
#13415=CARTESIAN_POINT('',(-1.38635078094282,6.75183129667164,100.));
#13416=CARTESIAN_POINT('',(-1.67735509159192,6.75183129667164,100.));
#13417=CARTESIAN_POINT('',(4.43373543203911,6.75183129667163,100.));
#13418=CARTESIAN_POINT('',(4.33019412160076,6.64871058448875,100.));
#13419=CARTESIAN_POINT('',(6.50456164080644,8.81424554032909,100.));
#13420=CARTESIAN_POINT('',(6.50456164080643,-8.1481687033282,100.));
#13421=CARTESIAN_POINT('',(6.50456164080643,10.3525013017303,100.));
#13422=CARTESIAN_POINT('',(4.53240885117353,10.3525013017303,100.));
#13423=CARTESIAN_POINT('',(4.6263208887751,10.3525013017303,100.));
#13424=CARTESIAN_POINT('',(4.6263208887751,10.2525348019832,100.));
#13425=CARTESIAN_POINT('',(4.6263208887751,12.3518312966718,100.));
#13426=CARTESIAN_POINT('',(-55.8775791973424,12.3518312966718,100.));
#13427=CARTESIAN_POINT('',(5.1263208887751,12.3268312966718,835.));
#13428=CARTESIAN_POINT('',(5.1263208887751,12.3518312966718,835.));
#13429=CARTESIAN_POINT('',(5.1263208887751,12.3518312966718,300.));
#13430=CARTESIAN_POINT('',(5.1263208887751,-8.1481687033282,300.));
#13431=CARTESIAN_POINT('',(-55.8775791973424,-8.1481687033282,300.));
#13432=CARTESIAN_POINT('',(-21.8779077318634,2.85183129667175,300.));
#13433=CARTESIAN_POINT('',(-1.87316485831732,2.85183129667175,300.));
#13434=CARTESIAN_POINT('',(-41.8773934789558,2.85183129667175,300.));
#13435=CARTESIAN_POINT('',(18.1263208887751,2.85183129667175,300.));
#13436=CARTESIAN_POINT('',(26.6263208887751,11.3518312966718,300.));
#13437=CARTESIAN_POINT('',(28.1263208887751,11.3518312966718,300.));
#13438=CARTESIAN_POINT('',(-55.8775791973424,12.3518312966718,300.));
#13439=CARTESIAN_POINT('',(4.6263208887751,12.3518312966718,300.));
#13440=CARTESIAN_POINT('',(4.6263208887751,-8.1481687033282,300.));
#13441=CARTESIAN_POINT('',(4.6263208887751,10.3525013017303,300.));
#13442=CARTESIAN_POINT('',(-55.8775791973424,10.3525013017303,300.));
#13443=CARTESIAN_POINT('',(6.50456164080643,10.3525013017303,300.));
#13444=CARTESIAN_POINT('',(6.50456164080643,-8.1481687033282,300.));
#13445=CARTESIAN_POINT('',(6.50456164080643,8.81424554032912,300.));
#13446=CARTESIAN_POINT('',(6.50456164080643,8.81424554032913,300.));
#13447=CARTESIAN_POINT('',(4.4337354320391,6.75183129667164,300.));
#13448=CARTESIAN_POINT('',(-55.8775791973424,6.75183129667164,300.));
#13449=CARTESIAN_POINT('',(-1.38635078094282,6.75183129667164,300.));
#13450=CARTESIAN_POINT('',(-1.38635078094282,6.75183129667164,300.));
#13451=CARTESIAN_POINT('',(-3.44350449499106,8.8173755197173,300.));
#13452=CARTESIAN_POINT('',(-3.44350449499106,-8.1481687033282,300.));
#13453=CARTESIAN_POINT('',(-3.44350449499106,10.35250130173,300.));
#13454=CARTESIAN_POINT('',(-3.44350449499106,10.35250130173,300.));
#13455=CARTESIAN_POINT('',(-1.57367911122492,10.3518312966715,300.));
#13456=CARTESIAN_POINT('',(-1.57367911122492,-8.1481687033282,300.));
#13457=CARTESIAN_POINT('',(-1.57367911122492,12.3518312966715,300.));
#13458=CARTESIAN_POINT('',(-55.8775791973424,12.3518312966715,300.));
#13459=CARTESIAN_POINT('',(-2.07367911122492,12.3518312966715,300.));
#13460=CARTESIAN_POINT('',(-2.07367911122492,-8.1481687033282,300.));
#13461=CARTESIAN_POINT('',(-2.07367911122492,12.8518312966718,300.));
#13462=CARTESIAN_POINT('',(-55.8775791973424,12.8518312966718,300.));
#13463=CARTESIAN_POINT('',(-22.8736791112249,12.8518312966718,300.));
#13464=CARTESIAN_POINT('',(-22.8736791112249,-8.1481687033282,300.));
#13465=CARTESIAN_POINT('',(-22.8736791112249,12.3518312966718,300.));
#13466=CARTESIAN_POINT('',(-55.8775791973424,12.3518312966718,300.));
#13467=CARTESIAN_POINT('',(-23.3736791112249,12.3518312966718,300.));
#13468=CARTESIAN_POINT('',(-23.3736791112249,-8.1481687033282,300.));
#13469=CARTESIAN_POINT('',(-23.3736791112249,10.3525013017303,300.));
#13470=CARTESIAN_POINT('',(-55.8775791973424,10.3525013017303,300.));
#13471=CARTESIAN_POINT('',(-21.4954383591936,10.3525013017303,300.));
#13472=CARTESIAN_POINT('',(-21.4954383591936,-8.1481687033282,300.));
#13473=CARTESIAN_POINT('',(-21.4954383591936,8.8142455403291,300.));
#13474=CARTESIAN_POINT('',(-21.4954383591936,8.81424554032913,300.));
#13475=CARTESIAN_POINT('',(-23.5662645679609,6.75183129667164,300.));
#13476=CARTESIAN_POINT('',(-55.8775791973424,6.75183129667164,300.));
#13477=CARTESIAN_POINT('',(-29.3863507809428,6.75183129667164,300.));
#13478=CARTESIAN_POINT('',(-29.3863507809428,6.75183129667164,300.));
#13479=CARTESIAN_POINT('',(-31.4435044949911,8.81737551971731,300.));
#13480=CARTESIAN_POINT('',(-31.4435044949911,-8.1481687033282,300.));
#13481=CARTESIAN_POINT('',(-31.4435044949911,10.35250130173,300.));
#13482=CARTESIAN_POINT('',(-31.4435044949911,10.35250130173,300.));
#13483=CARTESIAN_POINT('',(-29.5736791112249,10.3518312966715,300.));
#13484=CARTESIAN_POINT('',(-29.5736791112249,-8.1481687033282,300.));
#13485=CARTESIAN_POINT('',(-29.5736791112249,12.3518312966715,300.));
#13486=CARTESIAN_POINT('',(-55.8775791973424,12.3518312966715,300.));
#13487=CARTESIAN_POINT('',(-30.0736791112249,12.3518312966715,300.));
#13488=CARTESIAN_POINT('',(-30.0736791112249,-8.1481687033282,300.));
#13489=CARTESIAN_POINT('',(-30.0736791112249,12.8518312966718,300.));
#13490=CARTESIAN_POINT('',(-55.8775791973424,12.8518312966718,300.));
#13491=CARTESIAN_POINT('',(-50.3773934789558,12.8518312966718,300.));
#13492=CARTESIAN_POINT('',(-50.3773934789558,11.3518312966718,300.));
#13493=CARTESIAN_POINT('',(-51.8773934789558,11.3518312966718,300.));
#13494=CARTESIAN_POINT('',(-51.8773934789558,-8.1481687033282,300.));
#13495=CARTESIAN_POINT('',(-51.8773934789558,6.45183129667174,300.));
#13496=CARTESIAN_POINT('',(-55.8775791973424,6.45183129667174,300.));
#13497=CARTESIAN_POINT('',(-51.3773934789558,6.45183129667174,300.));
#13498=CARTESIAN_POINT('',(-51.3773934789558,-8.1481687033282,300.));
#13499=CARTESIAN_POINT('',(-51.3773934789558,5.95183129667174,300.));
#13500=CARTESIAN_POINT('',(-55.8775791973424,5.95183129667174,300.));
#13501=CARTESIAN_POINT('',(-49.3773934789558,5.95183129667174,300.));
#13502=CARTESIAN_POINT('',(-49.3773934789558,5.95183129667174,300.));
#13503=CARTESIAN_POINT('',(-49.3780634840142,7.82165668043797,300.));
#13504=CARTESIAN_POINT('',(-55.8775791973424,7.82165668043797,300.));
#13505=CARTESIAN_POINT('',(-47.8429377020017,7.82165668043797,300.));
#13506=CARTESIAN_POINT('',(-47.8429377020017,7.82165668043797,300.));
#13507=CARTESIAN_POINT('',(-45.7773934789558,5.76450296638956,300.));
#13508=CARTESIAN_POINT('',(-45.7773934789558,-8.1481687033282,300.));
#13509=CARTESIAN_POINT('',(-45.7773934789557,-0.0555832465922957,300.));
#13510=CARTESIAN_POINT('',(-45.7773934789556,-0.0555832465921925,300.));
#13511=CARTESIAN_POINT('',(-47.8398077226133,-2.12640945535964,300.));
#13512=CARTESIAN_POINT('',(-55.8775791973424,-2.12640945535964,300.));
#13513=CARTESIAN_POINT('',(-49.3780634840143,-2.12640945535961,300.));
#13514=CARTESIAN_POINT('',(-49.3780634840143,-2.1264094553595,300.));
#13515=CARTESIAN_POINT('',(-49.3773934789558,-0.248168703328247,300.));
#13516=CARTESIAN_POINT('',(-55.8775791973424,-0.248168703328246,300.));
#13517=CARTESIAN_POINT('',(-51.3773934789558,-0.248168703328247,300.));
#13518=CARTESIAN_POINT('',(-51.3773934789558,-8.1481687033282,300.));
#13519=CARTESIAN_POINT('',(-51.3773934789558,-0.748168703328247,300.));
#13520=CARTESIAN_POINT('',(-55.8775791973424,-0.748168703328247,300.));
#13521=CARTESIAN_POINT('',(-51.8773934789558,-0.748168703328247,300.));
#13522=CARTESIAN_POINT('',(-51.8773934789558,-8.1481687033282,300.));
#13523=CARTESIAN_POINT('',(-51.8773934789558,-5.64816870332825,300.));
#13524=CARTESIAN_POINT('',(-50.3773934789558,-5.64816870332825,300.));
#13525=CARTESIAN_POINT('',(-50.3773934789558,-7.1481687033282,300.));
#13526=CARTESIAN_POINT('',(-55.8775791973424,-7.1481687033282,300.));
#13527=CARTESIAN_POINT('',(-45.4773934789559,-7.1481687033282,300.));
#13528=CARTESIAN_POINT('',(-45.4773934789559,-8.1481687033282,300.));
#13529=CARTESIAN_POINT('',(-45.4773934789559,-6.6481687033282,300.));
#13530=CARTESIAN_POINT('',(-55.8775791973424,-6.6481687033282,300.));
#13531=CARTESIAN_POINT('',(-44.9773934789559,-6.6481687033282,300.));
#13532=CARTESIAN_POINT('',(-44.9773934789559,-8.1481687033282,300.));
#13533=CARTESIAN_POINT('',(-44.9773934789559,-4.6481687033282,300.));
#13534=CARTESIAN_POINT('',(-44.9773934789559,-4.6481687033282,300.));
#13535=CARTESIAN_POINT('',(-46.847218862722,-4.64883870838656,300.));
#13536=CARTESIAN_POINT('',(-46.847218862722,-8.1481687033282,300.));
#13537=CARTESIAN_POINT('',(-46.847218862722,-3.11371292637399,300.));
#13538=CARTESIAN_POINT('',(-46.847218862722,-3.11371292637395,300.));
#13539=CARTESIAN_POINT('',(-44.7900651486737,-1.04816870332837,300.));
#13540=CARTESIAN_POINT('',(-55.8775791973424,-1.04816870332837,300.));
#13541=CARTESIAN_POINT('',(-38.9699789356916,-1.04816870332822,300.));
#13542=CARTESIAN_POINT('',(-38.9699789356918,-1.04816870332806,300.));
#13543=CARTESIAN_POINT('',(-36.8991527269245,-3.11058294698558,300.));
#13544=CARTESIAN_POINT('',(-36.8991527269245,-8.1481687033282,300.));
#13545=CARTESIAN_POINT('',(-36.8991527269245,-4.64883870838656,300.));
#13546=CARTESIAN_POINT('',(-55.8775791973424,-4.64883870838656,300.));
#13547=CARTESIAN_POINT('',(-38.7773934789559,-4.64883870838656,300.));
#13548=CARTESIAN_POINT('',(-38.7773934789559,-8.1481687033282,300.));
#13549=CARTESIAN_POINT('',(-38.7773934789559,-6.6481687033282,300.));
#13550=CARTESIAN_POINT('',(-55.8775791973424,-6.6481687033282,300.));
#13551=CARTESIAN_POINT('',(-38.2773934789558,-6.6481687033282,300.));
#13552=CARTESIAN_POINT('',(-38.2773934789558,-8.1481687033282,300.));
#13553=CARTESIAN_POINT('',(-38.2773934789558,-7.1481687033282,300.));
#13554=CARTESIAN_POINT('',(-55.8775791973424,-7.1481687033282,300.));
#13555=CARTESIAN_POINT('',(-25.4726506054098,-7.1481687033282,300.));
#13556=CARTESIAN_POINT('',(-25.4726506054098,-8.1481687033282,300.));
#13557=CARTESIAN_POINT('',(-25.4726506054098,-6.6481687033282,300.));
#13558=CARTESIAN_POINT('',(-55.8775791973424,-6.6481687033282,300.));
#13559=CARTESIAN_POINT('',(-24.9726506054098,-6.6481687033282,300.));
#13560=CARTESIAN_POINT('',(-24.9726506054098,-8.1481687033282,300.));
#13561=CARTESIAN_POINT('',(-24.9726506054099,-4.64883870838656,300.));
#13562=CARTESIAN_POINT('',(-55.8775791973424,-4.64883870838656,300.));
#13563=CARTESIAN_POINT('',(-26.8508913574411,-4.64883870838656,300.));
#13564=CARTESIAN_POINT('',(-26.8508913574411,-8.1481687033282,300.));
#13565=CARTESIAN_POINT('',(-26.8508913574411,-3.11058294698559,300.));
#13566=CARTESIAN_POINT('',(-26.8508913574411,-3.1105829469856,300.));
#13567=CARTESIAN_POINT('',(-24.7800651486737,-1.04816870332806,300.));
#13568=CARTESIAN_POINT('',(-55.8775791973424,-1.04816870332806,300.));
#13569=CARTESIAN_POINT('',(-18.9704931885992,-1.04816870332821,300.));
#13570=CARTESIAN_POINT('',(-18.970493188599,-1.04816870332837,300.));
#13571=CARTESIAN_POINT('',(-16.8996669798321,-3.11058294698559,300.));
#13572=CARTESIAN_POINT('',(-16.8996669798321,-8.1481687033282,300.));
#13573=CARTESIAN_POINT('',(-16.8996669798321,-4.64883870838656,300.));
#13574=CARTESIAN_POINT('',(-55.8775791973424,-4.64883870838656,300.));
#13575=CARTESIAN_POINT('',(-18.7779077318634,-4.64883870838656,300.));
#13576=CARTESIAN_POINT('',(-18.7779077318634,-8.1481687033282,300.));
#13577=CARTESIAN_POINT('',(-18.7779077318634,-6.6481687033282,300.));
#13578=CARTESIAN_POINT('',(-55.8775791973424,-6.6481687033282,300.));
#13579=CARTESIAN_POINT('',(-18.2779077318633,-6.6481687033282,300.));
#13580=CARTESIAN_POINT('',(-18.2779077318633,-8.1481687033282,300.));
#13581=CARTESIAN_POINT('',(-18.2779077318633,-7.1481687033282,300.));
#13582=CARTESIAN_POINT('',(-55.8775791973424,-7.1481687033282,300.));
#13583=CARTESIAN_POINT('',(-5.47316485831729,-7.1481687033282,300.));
#13584=CARTESIAN_POINT('',(-5.47316485831729,-8.1481687033282,300.));
#13585=CARTESIAN_POINT('',(-5.47316485831729,-6.6481687033282,300.));
#13586=CARTESIAN_POINT('',(-55.8775791973424,-6.6481687033282,300.));
#13587=CARTESIAN_POINT('',(-4.97316485831729,-6.6481687033282,300.));
#13588=CARTESIAN_POINT('',(-4.97316485831729,-8.1481687033282,300.));
#13589=CARTESIAN_POINT('',(-4.97316485831737,-4.64883870838656,300.));
#13590=CARTESIAN_POINT('',(-55.8775791973424,-4.64883870838656,300.));
#13591=CARTESIAN_POINT('',(-6.85140561034868,-4.64883870838656,300.));
#13592=CARTESIAN_POINT('',(-6.85140561034868,-8.1481687033282,300.));
#13593=CARTESIAN_POINT('',(-6.85140561034868,-3.1105829469856,300.));
#13594=CARTESIAN_POINT('',(-6.85140561034868,-3.1105829469856,300.));
#13595=CARTESIAN_POINT('',(-4.78057940158132,-1.04816870332806,300.));
#13596=CARTESIAN_POINT('',(-55.8775791973424,-1.04816870332806,300.));
#13597=CARTESIAN_POINT('',(1.02899255849328,-1.04816870332822,300.));
#13598=CARTESIAN_POINT('',(1.02899255849343,-1.04816870332837,300.));
#13599=CARTESIAN_POINT('',(3.09981876726036,-3.1105829469856,300.));
#13600=CARTESIAN_POINT('',(3.09981876726036,-8.1481687033282,300.));
#13601=CARTESIAN_POINT('',(3.09981876726036,-4.64883870838656,300.));
#13602=CARTESIAN_POINT('',(-55.8775791973424,-4.64883870838656,300.));
#13603=CARTESIAN_POINT('',(1.22157801522903,-4.64883870838656,300.));
#13604=CARTESIAN_POINT('',(1.22157801522903,-8.1481687033282,300.));
#13605=CARTESIAN_POINT('',(1.22157801522903,-6.6481687033282,300.));
#13606=CARTESIAN_POINT('',(-55.8775791973424,-6.6481687033282,300.));
#13607=CARTESIAN_POINT('',(1.72157801522908,-6.6481687033282,300.));
#13608=CARTESIAN_POINT('',(1.72157801522908,-8.1481687033282,300.));
#13609=CARTESIAN_POINT('',(1.72157801522908,-7.1481687033282,300.));
#13610=CARTESIAN_POINT('',(-55.8775791973424,-7.1481687033282,300.));
#13611=CARTESIAN_POINT('',(14.5263208887751,-7.1481687033282,300.));
#13612=CARTESIAN_POINT('',(14.5263208887751,-8.1481687033282,300.));
#13613=CARTESIAN_POINT('',(14.5263208887751,-6.6481687033282,300.));
#13614=CARTESIAN_POINT('',(-55.8775791973424,-6.6481687033282,300.));
#13615=CARTESIAN_POINT('',(15.0263208887751,-6.6481687033282,300.));
#13616=CARTESIAN_POINT('',(15.0263208887751,-8.1481687033282,300.));
#13617=CARTESIAN_POINT('',(15.0263208887751,-4.64883870838656,300.));
#13618=CARTESIAN_POINT('',(-55.8775791973424,-4.64883870838656,300.));
#13619=CARTESIAN_POINT('',(13.1480801367437,-4.64883870838656,300.));
#13620=CARTESIAN_POINT('',(13.1480801367437,-8.1481687033282,300.));
#13621=CARTESIAN_POINT('',(13.1480801367437,-3.1105829469856,300.));
#13622=CARTESIAN_POINT('',(13.1480801367437,-3.1105829469856,300.));
#13623=CARTESIAN_POINT('',(15.2189063455111,-1.04816870332806,300.));
#13624=CARTESIAN_POINT('',(-55.8775791973424,-1.04816870332806,300.));
#13625=CARTESIAN_POINT('',(21.0389925584928,-1.04816870332821,300.));
#13626=CARTESIAN_POINT('',(21.038992558493,-1.04816870332837,300.));
#13627=CARTESIAN_POINT('',(23.0961462725412,-3.11371292637395,300.));
#13628=CARTESIAN_POINT('',(23.0961462725412,-8.1481687033282,300.));
#13629=CARTESIAN_POINT('',(23.0961462725412,-4.64883870838656,300.));
#13630=CARTESIAN_POINT('',(23.0961462725413,-4.64883870838656,300.));
#13631=CARTESIAN_POINT('',(21.2263208887751,-4.6481687033282,300.));
#13632=CARTESIAN_POINT('',(21.2263208887751,-8.1481687033282,300.));
#13633=CARTESIAN_POINT('',(21.2263208887751,-6.6481687033282,300.));
#13634=CARTESIAN_POINT('',(-55.8775791973424,-6.6481687033282,300.));
#13635=CARTESIAN_POINT('',(21.7263208887751,-6.6481687033282,300.));
#13636=CARTESIAN_POINT('',(21.7263208887751,-8.1481687033282,300.));
#13637=CARTESIAN_POINT('',(21.7263208887751,-7.1481687033282,300.));
#13638=CARTESIAN_POINT('',(-55.8775791973424,-7.1481687033282,300.));
#13639=CARTESIAN_POINT('',(26.6263208887751,-7.1481687033282,300.));
#13640=CARTESIAN_POINT('',(26.6263208887751,-5.64816870332825,300.));
#13641=CARTESIAN_POINT('',(28.1263208887751,-5.64816870332825,300.));
#13642=CARTESIAN_POINT('',(28.1263208887751,-8.1481687033282,300.));
#13643=CARTESIAN_POINT('',(28.1263208887751,-0.748168703328247,300.));
#13644=CARTESIAN_POINT('',(-55.8775791973424,-0.748168703328247,300.));
#13645=CARTESIAN_POINT('',(27.6263208887751,-0.748168703328247,300.));
#13646=CARTESIAN_POINT('',(27.6263208887751,-8.1481687033282,300.));
#13647=CARTESIAN_POINT('',(27.6263208887751,-0.248168703328247,300.));
#13648=CARTESIAN_POINT('',(-55.8775791973424,-0.248168703328246,300.));
#13649=CARTESIAN_POINT('',(25.6263208887751,-0.248168703328246,300.));
#13650=CARTESIAN_POINT('',(25.6263208887751,-0.248168703328246,300.));
#13651=CARTESIAN_POINT('',(25.6269908938335,-2.1264094553595,300.));
#13652=CARTESIAN_POINT('',(-55.8775791973424,-2.1264094553595,300.));
#13653=CARTESIAN_POINT('',(24.0887351324326,-2.12640945535951,300.));
#13654=CARTESIAN_POINT('',(24.0887351324326,-2.1264094553595,300.));
#13655=CARTESIAN_POINT('',(22.0263208887749,-0.0555832465922209,300.));
#13656=CARTESIAN_POINT('',(22.0263208887749,-8.1481687033282,300.));
#13657=CARTESIAN_POINT('',(22.026320888775,5.76450296638948,300.));
#13658=CARTESIAN_POINT('',(22.0263208887751,5.76450296638956,300.));
#13659=CARTESIAN_POINT('',(24.0918651118209,7.82165668043797,300.));
#13660=CARTESIAN_POINT('',(-55.8775791973424,7.82165668043797,300.));
#13661=CARTESIAN_POINT('',(25.6269908938335,7.82165668043797,300.));
#13662=CARTESIAN_POINT('',(25.6269908938335,7.82165668043797,300.));
#13663=CARTESIAN_POINT('',(25.6263208887751,5.95183129667174,300.));
#13664=CARTESIAN_POINT('',(-55.8775791973424,5.95183129667174,300.));
#13665=CARTESIAN_POINT('',(27.6263208887751,5.95183129667174,300.));
#13666=CARTESIAN_POINT('',(27.6263208887751,-8.1481687033282,300.));
#13667=CARTESIAN_POINT('',(27.6263208887751,6.45183129667174,300.));
#13668=CARTESIAN_POINT('',(-55.8775791973424,6.45183129667174,300.));
#13669=CARTESIAN_POINT('',(28.1263208887751,6.45183129667174,300.));
#13670=CARTESIAN_POINT('',(28.1263208887751,-8.1481687033282,300.));
#13671=CARTESIAN_POINT('',(26.6263208887751,11.3518312966718,835.));
#13672=CARTESIAN_POINT('',(28.1263208887751,11.3518312966718,835.));
#13673=CARTESIAN_POINT('',(-21.8779077318634,2.85183129667175,835.));
#13674=CARTESIAN_POINT('',(18.1263208887751,2.85183129667175,835.));
#13675=CARTESIAN_POINT('',(-1.87316485831732,2.85183129667175,835.));
#13676=CARTESIAN_POINT('',(-41.8773934789558,2.85183129667175,835.));
#13677=CARTESIAN_POINT('',(28.1263208887751,6.20683129667174,65.));
#13678=CARTESIAN_POINT('',(28.1263208887751,6.45183129667174,65.));
#13679=CARTESIAN_POINT('',(25.5263208887751,5.95183129667174,65.));
#13680=CARTESIAN_POINT('',(25.6263208887751,5.95183129667174,65.));
#13681=CARTESIAN_POINT('',(27.6263208887751,5.95183129667174,65.));
#13682=CARTESIAN_POINT('',(25.6262873885222,5.85834002748339,65.));
#13683=CARTESIAN_POINT('',(25.6269908938335,7.82165668043797,65.));
#13684=CARTESIAN_POINT('',(24.1951423229732,7.92451436614039,65.));
#13685=CARTESIAN_POINT('',(22.0263208887751,5.76450296638962,65.));
#13686=CARTESIAN_POINT('',(24.0918651118209,7.82165668043797,65.));
#13687=CARTESIAN_POINT('',(22.0263208887749,6.05550727703866,65.));
#13688=CARTESIAN_POINT('',(22.0263208887749,-0.0555832465922211,65.));
#13689=CARTESIAN_POINT('',(21.9232001765921,0.04795806384621,65.));
#13690=CARTESIAN_POINT('',(24.0887351324326,-2.12640945535952,65.));
#13691=CARTESIAN_POINT('',(25.6270243940864,-2.22032149296112,65.));
#13692=CARTESIAN_POINT('',(25.6263208887751,-0.248168703328246,65.));
#13693=CARTESIAN_POINT('',(25.6269908938335,-2.1264094553595,65.));
#13694=CARTESIAN_POINT('',(25.5263208887751,-0.248168703328247,835.));
#13695=CARTESIAN_POINT('',(27.6263208887751,-0.248168703328247,835.));
#13696=CARTESIAN_POINT('',(28.1263208887751,-0.503168703328242,65.));
#13697=CARTESIAN_POINT('',(28.1263208887751,-5.64816870332825,65.));
#13698=CARTESIAN_POINT('',(28.1263208887751,-0.748168703328247,65.));
#13699=CARTESIAN_POINT('',(26.6263208887751,-5.64816870332825,835.));
#13700=CARTESIAN_POINT('',(26.6263208887751,-7.1481687033282,835.));
#13701=CARTESIAN_POINT('',(21.4813208887751,-7.1481687033282,65.));
#13702=CARTESIAN_POINT('',(21.7263208887751,-7.1481687033282,65.));
#13703=CARTESIAN_POINT('',(21.2263208887751,-6.74816870332819,835.));
#13704=CARTESIAN_POINT('',(21.2263208887751,-4.6481687033282,835.));
#13705=CARTESIAN_POINT('',(21.2263208887751,-6.6481687033282,835.));
#13706=CARTESIAN_POINT('',(21.1328296195869,-4.64813520307527,65.));
#13707=CARTESIAN_POINT('',(23.0961462725413,-4.64883870838657,65.));
#13708=CARTESIAN_POINT('',(23.1990039582436,-3.21699013752624,65.));
#13709=CARTESIAN_POINT('',(21.038992558493,-1.04816870332836,65.));
#13710=CARTESIAN_POINT('',(23.0961462725412,-3.11371292637396,65.));
#13711=CARTESIAN_POINT('',(21.3299968691421,-1.04816870332806,65.));
#13712=CARTESIAN_POINT('',(15.2189063455111,-1.04816870332806,65.));
#13713=CARTESIAN_POINT('',(15.3224476559494,-0.945047991145202,65.));
#13714=CARTESIAN_POINT('',(13.1480801367437,-3.1105829469856,65.));
#13715=CARTESIAN_POINT('',(13.0541680991422,-4.64883870838656,835.));
#13716=CARTESIAN_POINT('',(15.026320888775,-4.64883870838656,835.));
#13717=CARTESIAN_POINT('',(13.1480801367437,-4.64883870838656,835.));
#13718=CARTESIAN_POINT('',(15.0263208887751,-4.54887220863949,65.));
#13719=CARTESIAN_POINT('',(15.0263208887751,-6.6481687033282,65.));
#13720=CARTESIAN_POINT('',(1.08134087155179,-7.1481687033282,65.));
#13721=CARTESIAN_POINT('',(1.72157801522908,-7.1481687033282,65.));
#13722=CARTESIAN_POINT('',(14.5263208887751,-7.1481687033282,65.));
#13723=CARTESIAN_POINT('',(1.22157801522903,-6.74813520307527,65.));
#13724=CARTESIAN_POINT('',(1.22157801522903,-4.64883870838656,65.));
#13725=CARTESIAN_POINT('',(1.22157801522903,-6.6481687033282,65.));
#13726=CARTESIAN_POINT('',(1.12766597762746,-4.64883870838656,65.));
#13727=CARTESIAN_POINT('',(3.09981876726036,-4.64883870838656,65.));
#13728=CARTESIAN_POINT('',(3.20336007769873,-3.21370365916849,65.));
#13729=CARTESIAN_POINT('',(1.02899255849343,-1.04816870332837,65.));
#13730=CARTESIAN_POINT('',(3.09981876726036,-3.1105829469856,65.));
#13731=CARTESIAN_POINT('',(1.31947115649717,-1.04816870332806,65.));
#13732=CARTESIAN_POINT('',(-4.78057940158132,-1.04816870332806,65.));
#13733=CARTESIAN_POINT('',(-4.67703809114295,-0.945047991145202,65.));
#13734=CARTESIAN_POINT('',(-6.85140561034868,-3.1105829469856,65.));
#13735=CARTESIAN_POINT('',(-6.94531764795025,-4.64883870838656,835.));
#13736=CARTESIAN_POINT('',(-4.97316485831746,-4.64883870838656,835.));
#13737=CARTESIAN_POINT('',(-6.85140561034868,-4.64883870838656,835.));
#13738=CARTESIAN_POINT('',(-4.97316485831729,-4.54887220863949,65.));
#13739=CARTESIAN_POINT('',(-4.97316485831729,-6.6481687033282,65.));
#13740=CARTESIAN_POINT('',(-18.9181448755406,-7.1481687033282,65.));
#13741=CARTESIAN_POINT('',(-18.2779077318633,-7.1481687033282,65.));
#13742=CARTESIAN_POINT('',(-5.47316485831729,-7.1481687033282,65.));
#13743=CARTESIAN_POINT('',(-18.7779077318634,-6.74813520307527,65.));
#13744=CARTESIAN_POINT('',(-18.7779077318634,-4.64883870838656,65.));
#13745=CARTESIAN_POINT('',(-18.7779077318634,-6.6481687033282,65.));
#13746=CARTESIAN_POINT('',(-18.8718197694649,-4.64883870838656,65.));
#13747=CARTESIAN_POINT('',(-16.8996669798321,-4.64883870838656,65.));
#13748=CARTESIAN_POINT('',(-16.7961256693937,-3.21370365916849,65.));
#13749=CARTESIAN_POINT('',(-18.970493188599,-1.04816870332837,65.));
#13750=CARTESIAN_POINT('',(-16.8996669798321,-3.11058294698559,65.));
#13751=CARTESIAN_POINT('',(-18.6800145905952,-1.04816870332806,65.));
#13752=CARTESIAN_POINT('',(-24.7800651486737,-1.04816870332806,65.));
#13753=CARTESIAN_POINT('',(-24.6765238382354,-0.945047991145174,65.));
#13754=CARTESIAN_POINT('',(-26.8508913574411,-3.11058294698557,65.));
#13755=CARTESIAN_POINT('',(-26.9448033950428,-4.64883870838656,835.));
#13756=CARTESIAN_POINT('',(-24.9726506054099,-4.64883870838656,835.));
#13757=CARTESIAN_POINT('',(-26.8508913574411,-4.64883870838656,835.));
#13758=CARTESIAN_POINT('',(-24.9726506054098,-4.54887220863949,65.));
#13759=CARTESIAN_POINT('',(-24.9726506054098,-6.6481687033282,65.));
#13760=CARTESIAN_POINT('',(-38.9176306226332,-7.1481687033282,65.));
#13761=CARTESIAN_POINT('',(-38.2773934789558,-7.1481687033282,65.));
#13762=CARTESIAN_POINT('',(-25.4726506054098,-7.1481687033282,65.));
#13763=CARTESIAN_POINT('',(-38.7773934789559,-6.74813520307527,65.));
#13764=CARTESIAN_POINT('',(-38.7773934789559,-4.64883870838656,65.));
#13765=CARTESIAN_POINT('',(-38.7773934789559,-6.6481687033282,65.));
#13766=CARTESIAN_POINT('',(-38.8713055165574,-4.64883870838656,65.));
#13767=CARTESIAN_POINT('',(-36.8991527269245,-4.64883870838656,65.));
#13768=CARTESIAN_POINT('',(-36.7956114164862,-3.21370365916846,65.));
#13769=CARTESIAN_POINT('',(-38.9699789356918,-1.04816870332809,65.));
#13770=CARTESIAN_POINT('',(-36.8991527269246,-3.1105829469856,65.));
#13771=CARTESIAN_POINT('',(-38.6789746250427,-1.04816870332837,65.));
#13772=CARTESIAN_POINT('',(-44.7900651486737,-1.04816870332837,65.));
#13773=CARTESIAN_POINT('',(-44.6872074629713,-0.944891492176055,65.));
#13774=CARTESIAN_POINT('',(-46.847218862722,-3.11371292637407,65.));
#13775=CARTESIAN_POINT('',(-46.9407101319103,-4.64887220863949,65.));
#13776=CARTESIAN_POINT('',(-44.9773934789559,-4.64816870332819,65.));
#13777=CARTESIAN_POINT('',(-46.847218862722,-4.64883870838657,65.));
#13778=CARTESIAN_POINT('',(-44.9773934789559,-6.74816870332819,65.));
#13779=CARTESIAN_POINT('',(-44.9773934789559,-6.6481687033282,65.));
#13780=CARTESIAN_POINT('',(-50.6223934789558,-7.1481687033282,65.));
#13781=CARTESIAN_POINT('',(-50.3773934789558,-7.1481687033282,65.));
#13782=CARTESIAN_POINT('',(-45.4773934789559,-7.1481687033282,65.));
#13783=CARTESIAN_POINT('',(-50.3773934789558,-5.64816870332825,835.));
#13784=CARTESIAN_POINT('',(-51.8773934789558,-5.64816870332825,835.));
#13785=CARTESIAN_POINT('',(-51.8773934789558,-5.89316870332826,835.));
#13786=CARTESIAN_POINT('',(-51.8773934789558,-0.748168703328247,835.));
#13787=CARTESIAN_POINT('',(-51.4773934789558,-0.248168703328247,835.));
#13788=CARTESIAN_POINT('',(-49.3773934789558,-0.248168703328247,835.));
#13789=CARTESIAN_POINT('',(-51.3773934789558,-0.248168703328247,835.));
#13790=CARTESIAN_POINT('',(-49.3773599787029,-0.154256665726678,65.));
#13791=CARTESIAN_POINT('',(-49.3780634840142,-2.1264094553595,65.));
#13792=CARTESIAN_POINT('',(-47.9429284347962,-2.22995076579801,65.));
#13793=CARTESIAN_POINT('',(-45.7773934789556,-0.0555832465921956,65.));
#13794=CARTESIAN_POINT('',(-47.8398077226133,-2.12640945535963,65.));
#13795=CARTESIAN_POINT('',(-45.7773934789558,-0.346587557241293,65.));
#13796=CARTESIAN_POINT('',(-45.7773934789558,5.76450296638956,65.));
#13797=CARTESIAN_POINT('',(-45.6741162678035,5.6616452806872,65.));
#13798=CARTESIAN_POINT('',(-47.8429377020017,7.82165668043798,65.));
#13799=CARTESIAN_POINT('',(-49.3780969842671,7.91514794962632,65.));
#13800=CARTESIAN_POINT('',(-49.3773934789558,5.95183129667174,65.));
#13801=CARTESIAN_POINT('',(-49.3780634840142,7.82165668043797,65.));
#13802=CARTESIAN_POINT('',(-51.4773934789558,5.95183129667174,65.));
#13803=CARTESIAN_POINT('',(-51.3773934789558,5.95183129667174,65.));
#13804=CARTESIAN_POINT('',(-51.8773934789558,6.20683129667174,65.));
#13805=CARTESIAN_POINT('',(-51.8773934789558,11.3518312966718,65.));
#13806=CARTESIAN_POINT('',(-51.8773934789558,6.45183129667174,65.));
#13807=CARTESIAN_POINT('',(-50.3773934789558,11.3518312966718,835.));
#13808=CARTESIAN_POINT('',(-50.3773934789558,12.8518312966718,835.));
#13809=CARTESIAN_POINT('',(-51.3925791973424,12.8518312966718,835.));
#13810=CARTESIAN_POINT('',(-30.0736791112249,12.8518312966718,835.));
#13811=CARTESIAN_POINT('',(-29.5736791112249,10.2518312966715,65.));
#13812=CARTESIAN_POINT('',(-29.5736791112249,12.3518312966715,65.));
#13813=CARTESIAN_POINT('',(-29.5736791112249,10.3518312966715,65.));
#13814=CARTESIAN_POINT('',(-29.4801878420366,10.3517977964186,65.));
#13815=CARTESIAN_POINT('',(-31.4435044949911,10.35250130173,65.));
#13816=CARTESIAN_POINT('',(-31.5463621806935,8.92065273086962,65.));
#13817=CARTESIAN_POINT('',(-31.4435044949911,8.81737551971732,65.));
#13818=CARTESIAN_POINT('',(-29.3863507809428,6.75183129667163,65.));
#13819=CARTESIAN_POINT('',(-29.6773550915919,6.75183129667164,835.));
#13820=CARTESIAN_POINT('',(-23.5662645679609,6.75183129667164,835.));
#13821=CARTESIAN_POINT('',(-23.6698058783992,6.64871058448875,65.));
#13822=CARTESIAN_POINT('',(-21.4954383591935,8.81424554032908,65.));
#13823=CARTESIAN_POINT('',(-23.4675911488265,10.3525013017303,65.));
#13824=CARTESIAN_POINT('',(-21.4954383591936,10.3525013017303,65.));
#13825=CARTESIAN_POINT('',(-23.3736791112249,10.3525013017303,65.));
#13826=CARTESIAN_POINT('',(-23.3736791112249,10.2525348019832,835.));
#13827=CARTESIAN_POINT('',(-23.3736791112249,12.3518312966718,835.));
#13828=CARTESIAN_POINT('',(-23.9136791112249,12.8518312966718,835.));
#13829=CARTESIAN_POINT('',(-2.07367911122492,12.8518312966718,835.));
#13830=CARTESIAN_POINT('',(-22.8736791112249,12.8518312966718,835.));
#13831=CARTESIAN_POINT('',(-1.57367911122492,10.2518312966715,65.));
#13832=CARTESIAN_POINT('',(-1.57367911122492,12.3518312966715,65.));
#13833=CARTESIAN_POINT('',(-1.57367911122492,10.3518312966715,65.));
#13834=CARTESIAN_POINT('',(-1.4801878420366,10.3517977964186,65.));
#13835=CARTESIAN_POINT('',(-3.44350449499106,10.35250130173,65.));
#13836=CARTESIAN_POINT('',(-3.54636218069345,8.92065273086956,65.));
#13837=CARTESIAN_POINT('',(-3.44350449499106,8.8173755197173,65.));
#13838=CARTESIAN_POINT('',(-1.38635078094282,6.75183129667163,65.));
#13839=CARTESIAN_POINT('',(-1.67735509159192,6.75183129667164,835.));
#13840=CARTESIAN_POINT('',(4.4337354320391,6.75183129667164,835.));
#13841=CARTESIAN_POINT('',(4.33019412160076,6.64871058448875,65.));
#13842=CARTESIAN_POINT('',(6.50456164080645,8.81424554032911,65.));
#13843=CARTESIAN_POINT('',(4.53240885117353,10.3525013017303,65.));
#13844=CARTESIAN_POINT('',(6.50456164080643,10.3525013017303,65.));
#13845=CARTESIAN_POINT('',(4.6263208887751,10.3525013017303,65.));
#13846=CARTESIAN_POINT('',(4.6263208887751,10.2525348019832,835.));
#13847=CARTESIAN_POINT('',(4.6263208887751,12.3518312966718,835.));
#13848=CARTESIAN_POINT('',(4.60132088877509,12.3518312966718,835.));
#13849=CARTESIAN_POINT('',(27.6013208887751,6.45183129667174,65.));
#13850=CARTESIAN_POINT('',(27.6263208887751,6.45183129667174,65.));
#13851=CARTESIAN_POINT('',(27.6263208887751,5.92683129667176,65.));
#13852=CARTESIAN_POINT('',(24.0151088227204,7.82165668043797,65.));
#13853=CARTESIAN_POINT('',(24.0118223443625,-2.1264094553595,835.));
#13854=CARTESIAN_POINT('',(27.6263208887751,-0.773168703328253,65.));
#13855=CARTESIAN_POINT('',(27.6263208887751,-0.748168703328247,65.));
#13856=CARTESIAN_POINT('',(27.6013208887751,-0.748168703328247,835.));
#13857=CARTESIAN_POINT('',(21.7263208887751,-7.1731687033282,835.));
#13858=CARTESIAN_POINT('',(21.7263208887751,-6.6481687033282,835.));
#13859=CARTESIAN_POINT('',(21.2013208887751,-6.6481687033282,65.));
#13860=CARTESIAN_POINT('',(23.0961462725412,-4.72559499748721,65.));
#13861=CARTESIAN_POINT('',(13.1480801367437,-3.03367015891555,65.));
#13862=CARTESIAN_POINT('',(14.5013208887751,-6.6481687033282,65.));
#13863=CARTESIAN_POINT('',(14.5263208887751,-6.6481687033282,65.));
#13864=CARTESIAN_POINT('',(1.72157801522908,-7.1731687033282,835.));
#13865=CARTESIAN_POINT('',(1.72157801522908,-6.6481687033282,835.));
#13866=CARTESIAN_POINT('',(14.5263208887751,-7.1731687033282,65.));
#13867=CARTESIAN_POINT('',(1.19657801522908,-6.6481687033282,65.));
#13868=CARTESIAN_POINT('',(3.09981876726036,-4.72575149645661,65.));
#13869=CARTESIAN_POINT('',(-6.85140561034868,-4.72575149645661,65.));
#13870=CARTESIAN_POINT('',(-5.4981648583173,-6.6481687033282,65.));
#13871=CARTESIAN_POINT('',(-5.47316485831729,-6.6481687033282,65.));
#13872=CARTESIAN_POINT('',(-18.2779077318633,-7.1731687033282,835.));
#13873=CARTESIAN_POINT('',(-18.2779077318633,-6.6481687033282,835.));
#13874=CARTESIAN_POINT('',(-5.47316485831729,-7.1731687033282,65.));
#13875=CARTESIAN_POINT('',(-18.8029077318633,-6.6481687033282,65.));
#13876=CARTESIAN_POINT('',(-16.8996669798321,-4.72575149645661,65.));
#13877=CARTESIAN_POINT('',(-26.8508913574411,-4.72575149645661,65.));
#13878=CARTESIAN_POINT('',(-25.4976506054097,-6.6481687033282,65.));
#13879=CARTESIAN_POINT('',(-25.4726506054098,-6.6481687033282,65.));
#13880=CARTESIAN_POINT('',(-38.2773934789558,-7.1731687033282,835.));
#13881=CARTESIAN_POINT('',(-38.2773934789558,-6.6481687033282,835.));
#13882=CARTESIAN_POINT('',(-25.4726506054098,-7.1731687033282,65.));
#13883=CARTESIAN_POINT('',(-38.8023934789559,-6.6481687033282,65.));
#13884=CARTESIAN_POINT('',(-36.8991527269246,-4.72575149645661,65.));
#13885=CARTESIAN_POINT('',(-46.847218862722,-3.0369566372733,65.));
#13886=CARTESIAN_POINT('',(-45.5023934789559,-6.6481687033282,65.));
#13887=CARTESIAN_POINT('',(-45.4773934789559,-6.6481687033282,65.));
#13888=CARTESIAN_POINT('',(-45.4773934789559,-7.1731687033282,65.));
#13889=CARTESIAN_POINT('',(-51.9023934789558,-0.748168703328247,835.));
#13890=CARTESIAN_POINT('',(-51.3773934789558,-0.748168703328247,835.));
#13891=CARTESIAN_POINT('',(-51.3773934789558,-0.773168703328253,835.));
#13892=CARTESIAN_POINT('',(-49.4549762720843,-2.1264094553595,835.));
#13893=CARTESIAN_POINT('',(-49.4548197731149,7.82165668043797,65.));
#13894=CARTESIAN_POINT('',(-51.3773934789558,5.92683129667176,835.));
#13895=CARTESIAN_POINT('',(-51.3773934789558,6.45183129667174,835.));
#13896=CARTESIAN_POINT('',(-51.9023934789558,6.45183129667174,65.));
#13897=CARTESIAN_POINT('',(-30.0736791112249,12.3268312966715,65.));
#13898=CARTESIAN_POINT('',(-30.0736791112249,12.3518312966715,65.));
#13899=CARTESIAN_POINT('',(-30.098679111225,12.3518312966715,835.));
#13900=CARTESIAN_POINT('',(-31.4435044949911,8.74061923061669,65.));
#13901=CARTESIAN_POINT('',(-21.4954383591936,8.73733275225908,835.));
#13902=CARTESIAN_POINT('',(-23.3986791112249,12.3518312966718,835.));
#13903=CARTESIAN_POINT('',(-22.8736791112249,12.3518312966718,835.));
#13904=CARTESIAN_POINT('',(-2.07367911122492,12.3268312966715,65.));
#13905=CARTESIAN_POINT('',(-2.07367911122492,12.3518312966715,65.));
#13906=CARTESIAN_POINT('',(-22.8736791112249,12.3268312966718,835.));
#13907=CARTESIAN_POINT('',(-2.09867911122493,12.3518312966715,835.));
#13908=CARTESIAN_POINT('',(-3.44350449499106,8.74061923061669,65.));
#13909=CARTESIAN_POINT('',(6.50456164080643,8.73733275225908,835.));
#13910=CARTESIAN_POINT('',(16.6263208887751,32.8518312966719,594.));
#13911=CARTESIAN_POINT('',(16.6263208887751,32.8518312966719,306.));
#13912=CARTESIAN_POINT('',(10.6263208887751,32.8518312966719,306.));
#13913=CARTESIAN_POINT('',(22.6263208887751,32.8518312966719,306.));
#13914=CARTESIAN_POINT('',(22.6263208887751,32.8518312966719,594.));
#13915=CARTESIAN_POINT('',(22.6263208887751,32.8518312966719,94.));
#13916=CARTESIAN_POINT('',(16.6263208887751,32.8518312966719,94.));
#13917=CARTESIAN_POINT('',(10.6263208887751,32.8518312966719,94.));
#13918=CARTESIAN_POINT('',(10.6263208887751,32.8518312966719,594.));
#13919=CARTESIAN_POINT('',(16.6263208887751,32.8518312966719,594.));
#13920=CARTESIAN_POINT('',(16.6263208887751,32.8518312966719,306.));
#13921=CARTESIAN_POINT('',(16.6263208887751,32.8518312966719,94.));
#13922=CARTESIAN_POINT('',(16.6263208887751,32.8518312966719,94.));
#13923=CARTESIAN_POINT('',(16.6263208887751,32.851831296672,306.));
#13924=CARTESIAN_POINT('',(-40.3736791112249,32.8518312966719,594.));
#13925=CARTESIAN_POINT('',(-40.3736791112249,32.8518312966719,306.));
#13926=CARTESIAN_POINT('',(-46.3736791112249,32.8518312966719,306.));
#13927=CARTESIAN_POINT('',(-34.3736791112249,32.8518312966719,306.));
#13928=CARTESIAN_POINT('',(-34.3736791112249,32.8518312966719,594.));
#13929=CARTESIAN_POINT('',(-34.3736791112249,32.8518312966719,94.));
#13930=CARTESIAN_POINT('',(-40.3736791112249,32.8518312966719,94.));
#13931=CARTESIAN_POINT('',(-46.3736791112249,32.8518312966719,94.));
#13932=CARTESIAN_POINT('',(-46.3736791112249,32.8518312966719,594.));
#13933=CARTESIAN_POINT('',(-40.3736791112249,32.8518312966719,594.));
#13934=CARTESIAN_POINT('',(-40.3736791112249,32.8518312966719,306.));
#13935=CARTESIAN_POINT('',(-40.3736791112249,32.8518312966719,94.));
#13936=CARTESIAN_POINT('',(-40.3736791112249,32.8518312966719,94.));
#13937=CARTESIAN_POINT('',(-40.3736791112249,32.851831296672,306.));
#13938=CARTESIAN_POINT('',(-11.8736791112249,32.851831296672,312.));
#13939=CARTESIAN_POINT('',(-11.8736791112249,32.851831296672,311.499999999551));
#13940=CARTESIAN_POINT('',(-18.8736791116736,32.851831296672,311.499999999551));
#13941=CARTESIAN_POINT('',(-4.87367911077619,32.851831296672,311.499999999551));
#13942=CARTESIAN_POINT('',(-19.3736791112249,32.851831296672,312.));
#13943=CARTESIAN_POINT('',(-19.3736791112249,32.851831296672,312.));
#13944=CARTESIAN_POINT('',(-11.8736791112249,32.851831296672,312.));
#13945=CARTESIAN_POINT('',(-4.3736791112249,32.851831296672,312.));
#13946=CARTESIAN_POINT('',(-4.3736791112249,32.851831296672,312.));
#13947=CARTESIAN_POINT('',(18.1263208887751,2.8518312966718,312.000000000467));
#13948=CARTESIAN_POINT('',(18.1263208887751,2.8518312966718,311.499999999967));
#13949=CARTESIAN_POINT('',(18.1263208887751,8.351831296662,311.499999999967));
#13950=CARTESIAN_POINT('',(12.6263208887849,2.8518312966718,311.499999999967));
#13951=CARTESIAN_POINT('',(18.1263208887751,8.85183129625227,312.000000000467));
#13952=CARTESIAN_POINT('',(18.1263208887751,8.85183129625227,312.000000000467));
#13953=CARTESIAN_POINT('',(18.1263208887751,2.8518312966718,312.000000000467));
#13954=CARTESIAN_POINT('',(18.1263208887751,-3.14816870290867,312.000000000467));
#13955=CARTESIAN_POINT('',(18.1263208887751,-3.14816870290867,312.000000000467));
#13956=CARTESIAN_POINT('',(18.1263208887751,-2.6481687033184,311.499999999967));
#13957=CARTESIAN_POINT('',(18.1263208887751,2.8518312966718,311.499999999967));
#13958=CARTESIAN_POINT('',(-1.87316485831728,2.8518312966718,312.000000000467));
#13959=CARTESIAN_POINT('',(-1.87316485831728,2.8518312966718,311.499999999967));
#13960=CARTESIAN_POINT('',(-1.87316485831728,8.35183129669069,311.499999999967));
#13961=CARTESIAN_POINT('',(-7.37316485833617,2.8518312966718,311.499999999967));
#13962=CARTESIAN_POINT('',(-1.87316485831728,8.85183129628096,312.000000000467));
#13963=CARTESIAN_POINT('',(-1.87316485831728,8.85183129628096,312.000000000467));
#13964=CARTESIAN_POINT('',(-1.87316485831728,2.8518312966718,312.000000000467));
#13965=CARTESIAN_POINT('',(-1.87316485831728,-3.14816870293736,312.000000000467));
#13966=CARTESIAN_POINT('',(-1.87316485831728,-3.14816870293736,312.000000000467));
#13967=CARTESIAN_POINT('',(-1.87316485831728,-2.64816870334709,311.499999999967));
#13968=CARTESIAN_POINT('',(-1.87316485831728,2.8518312966718,311.499999999967));
#13969=CARTESIAN_POINT('',(-21.8779077318633,2.8518312966718,312.000000000467));
#13970=CARTESIAN_POINT('',(-21.8779077318633,2.8518312966718,311.499999999967));
#13971=CARTESIAN_POINT('',(-21.8779077318633,8.35183129668348,311.499999999967));
#13972=CARTESIAN_POINT('',(-27.377907731875,2.8518312966718,311.499999999967));
#13973=CARTESIAN_POINT('',(-21.8779077318633,8.85183129621691,312.000000000467));
#13974=CARTESIAN_POINT('',(-21.8779077318633,8.85183129621691,312.000000000467));
#13975=CARTESIAN_POINT('',(-21.8779077318633,2.8518312966718,312.000000000467));
#13976=CARTESIAN_POINT('',(-21.8779077318633,-3.14816870287331,312.000000000467));
#13977=CARTESIAN_POINT('',(-21.8779077318633,-3.14816870287331,312.000000000467));
#13978=CARTESIAN_POINT('',(-21.8779077318633,-2.64816870333988,311.499999999967));
#13979=CARTESIAN_POINT('',(-21.8779077318633,2.8518312966718,311.499999999967));
#13980=CARTESIAN_POINT('',(-41.8773934789557,2.8518312966718,312.000000000467));
#13981=CARTESIAN_POINT('',(-41.8773934789557,2.8518312966718,311.499999999967));
#13982=CARTESIAN_POINT('',(-41.8773934789557,8.35183129665531,311.499999999967));
#13983=CARTESIAN_POINT('',(-47.3773934789392,2.8518312966718,311.499999999967));
#13984=CARTESIAN_POINT('',(-41.8773934789557,8.85183129618873,312.000000000467));
#13985=CARTESIAN_POINT('',(-41.8773934789557,8.85183129618873,312.000000000467));
#13986=CARTESIAN_POINT('',(-41.8773934789557,2.8518312966718,312.000000000467));
#13987=CARTESIAN_POINT('',(-41.8773934789557,-3.14816870284513,312.000000000467));
#13988=CARTESIAN_POINT('',(-41.8773934789557,-3.14816870284513,312.000000000467));
#13989=CARTESIAN_POINT('',(-41.8773934789557,-2.6481687033117,311.499999999967));
#13990=CARTESIAN_POINT('',(-41.8773934789557,2.8518312966718,311.499999999967));
#13991=CARTESIAN_POINT('',(-11.8736791112249,32.851831296672,312.));
#13992=CARTESIAN_POINT('',(-4.8736791112249,32.851831296672,312.));
#13993=CARTESIAN_POINT('',(-4.8736791112249,32.851831296672,307.));
#13994=CARTESIAN_POINT('',(-11.8736791112249,32.851831296672,307.));
#13995=CARTESIAN_POINT('',(-18.8736791112249,32.851831296672,307.));
#13996=CARTESIAN_POINT('',(-18.8736791112249,32.851831296672,312.));
#13997=CARTESIAN_POINT('',(18.1263208887751,2.8518312966718,312.));
#13998=CARTESIAN_POINT('',(18.1263208887751,2.8518312966718,305.6));
#13999=CARTESIAN_POINT('',(12.6263208887751,2.8518312966718,305.6));
#14000=CARTESIAN_POINT('',(23.6263208887751,2.8518312966718,305.6));
#14001=CARTESIAN_POINT('',(12.6263208887751,2.8518312966718,312.));
#14002=CARTESIAN_POINT('',(18.1263208887751,2.8518312966718,311.499999999967));
#14003=CARTESIAN_POINT('',(23.6263208887653,2.8518312966718,311.499999999967));
#14004=CARTESIAN_POINT('',(23.6263208887751,2.8518312966718,312.));
#14005=CARTESIAN_POINT('',(-1.87316485831728,2.8518312966718,312.));
#14006=CARTESIAN_POINT('',(-1.87316485831728,2.8518312966718,305.6));
#14007=CARTESIAN_POINT('',(-7.37316485831728,2.8518312966718,305.6));
#14008=CARTESIAN_POINT('',(3.62683514168272,2.8518312966718,305.6));
#14009=CARTESIAN_POINT('',(-7.37316485831728,2.8518312966718,312.));
#14010=CARTESIAN_POINT('',(-1.87316485831728,2.8518312966718,311.499999999967));
#14011=CARTESIAN_POINT('',(3.62683514170161,2.8518312966718,311.499999999967));
#14012=CARTESIAN_POINT('',(3.62683514168272,2.8518312966718,312.));
#14013=CARTESIAN_POINT('',(-21.8779077318633,2.8518312966718,312.));
#14014=CARTESIAN_POINT('',(-21.8779077318633,2.8518312966718,305.6));
#14015=CARTESIAN_POINT('',(-27.3779077318633,2.8518312966718,305.6));
#14016=CARTESIAN_POINT('',(-16.3779077318633,2.8518312966718,305.6));
#14017=CARTESIAN_POINT('',(-27.3779077318633,2.8518312966718,312.));
#14018=CARTESIAN_POINT('',(-21.8779077318633,2.8518312966718,311.499999999967));
#14019=CARTESIAN_POINT('',(-16.3779077318516,2.8518312966718,311.499999999967));
#14020=CARTESIAN_POINT('',(-16.3779077318633,2.8518312966718,312.));
#14021=CARTESIAN_POINT('',(-41.8773934789557,2.8518312966718,312.));
#14022=CARTESIAN_POINT('',(-41.8773934789557,2.8518312966718,305.6));
#14023=CARTESIAN_POINT('',(-47.3773934789557,2.8518312966718,305.6));
#14024=CARTESIAN_POINT('',(-36.3773934789557,2.8518312966718,305.6));
#14025=CARTESIAN_POINT('',(-47.3773934789557,2.8518312966718,312.));
#14026=CARTESIAN_POINT('',(-41.8773934789557,2.8518312966718,311.499999999967));
#14027=CARTESIAN_POINT('',(-36.3773934789722,2.8518312966718,311.499999999967));
#14028=CARTESIAN_POINT('',(-36.3773934789557,2.8518312966718,312.));
#14029=CARTESIAN_POINT('',(-11.8736791112249,32.851831296672,307.));
#14030=CARTESIAN_POINT('',(-11.8736791112249,32.851831296672,307.));
#14031=CARTESIAN_POINT('',(-0.873679111224901,32.851831296672,307.));
#14032=CARTESIAN_POINT('',(-22.8736791112249,32.851831296672,307.));
#14033=CARTESIAN_POINT('',(-0.873679111224901,32.851831296672,307.));
#14034=CARTESIAN_POINT('',(-0.873679111224901,32.851831296672,300.5));
#14035=CARTESIAN_POINT('',(-11.8736791112249,32.851831296672,300.5));
#14036=CARTESIAN_POINT('',(-11.8736791112249,21.851831296672,300.5));
#14037=CARTESIAN_POINT('',(-11.8736791112249,32.851831296672,300.5));
#14038=CARTESIAN_POINT('',(-22.8736791112249,32.851831296672,300.5));
#14039=CARTESIAN_POINT('',(-22.8736791112249,32.851831296672,307.));
#14040=CARTESIAN_POINT('',(18.1263208887751,2.8518312966718,312.));
#14041=CARTESIAN_POINT('',(18.1263208887751,2.8518312966718,300.5));
#14042=CARTESIAN_POINT('',(14.8263208887751,2.8518312966718,300.5));
#14043=CARTESIAN_POINT('',(21.4263208887751,2.8518312966718,300.5));
#14044=CARTESIAN_POINT('',(14.8263208887751,2.8518312966718,312.));
#14045=CARTESIAN_POINT('',(14.8263208887751,2.8518312966718,305.6));
#14046=CARTESIAN_POINT('',(18.1263208887751,2.8518312966718,305.6));
#14047=CARTESIAN_POINT('',(21.4263208887751,2.8518312966718,305.6));
#14048=CARTESIAN_POINT('',(21.4263208887751,2.8518312966718,312.));
#14049=CARTESIAN_POINT('',(-1.87316485831728,2.8518312966718,312.));
#14050=CARTESIAN_POINT('',(-1.87316485831728,2.8518312966718,300.5));
#14051=CARTESIAN_POINT('',(-5.17316485831728,2.8518312966718,300.5));
#14052=CARTESIAN_POINT('',(-1.87316485831728,-0.4481687033282,300.5));
#14053=CARTESIAN_POINT('',(-5.17316485831728,2.8518312966718,312.));
#14054=CARTESIAN_POINT('',(-5.17316485831728,2.8518312966718,305.6));
#14055=CARTESIAN_POINT('',(-1.87316485831728,2.8518312966718,305.6));
#14056=CARTESIAN_POINT('',(1.42683514168272,2.8518312966718,305.6));
#14057=CARTESIAN_POINT('',(1.42683514168272,2.8518312966718,312.));
#14058=CARTESIAN_POINT('',(1.42683514168272,2.8518312966718,300.5));
#14059=CARTESIAN_POINT('',(-1.87316485831728,2.8518312966718,300.5));
#14060=CARTESIAN_POINT('',(-21.8779077318633,2.8518312966718,312.));
#14061=CARTESIAN_POINT('',(-21.8779077318633,2.8518312966718,300.5));
#14062=CARTESIAN_POINT('',(-25.1779077318633,2.8518312966718,300.5));
#14063=CARTESIAN_POINT('',(-21.8779077318633,-0.4481687033282,300.5));
#14064=CARTESIAN_POINT('',(-25.1779077318633,2.8518312966718,312.));
#14065=CARTESIAN_POINT('',(-25.1779077318633,2.8518312966718,305.6));
#14066=CARTESIAN_POINT('',(-21.8779077318633,2.8518312966718,305.6));
#14067=CARTESIAN_POINT('',(-18.5779077318633,2.8518312966718,305.6));
#14068=CARTESIAN_POINT('',(-18.5779077318633,2.8518312966718,312.));
#14069=CARTESIAN_POINT('',(-18.5779077318633,2.8518312966718,300.5));
#14070=CARTESIAN_POINT('',(-21.8779077318633,2.8518312966718,300.5));
#14071=CARTESIAN_POINT('',(-41.8773934789557,2.8518312966718,312.));
#14072=CARTESIAN_POINT('',(-41.8773934789557,2.8518312966718,300.5));
#14073=CARTESIAN_POINT('',(-45.1773934789557,2.8518312966718,300.5));
#14074=CARTESIAN_POINT('',(-38.5773934789557,2.8518312966718,300.5));
#14075=CARTESIAN_POINT('',(-45.1773934789557,2.8518312966718,312.));
#14076=CARTESIAN_POINT('',(-45.1773934789557,2.8518312966718,305.6));
#14077=CARTESIAN_POINT('',(-41.8773934789557,2.8518312966718,305.6));
#14078=CARTESIAN_POINT('',(-38.5773934789557,2.8518312966718,305.6));
#14079=CARTESIAN_POINT('',(-38.5773934789557,2.8518312966718,312.));
#14080=CARTESIAN_POINT('',(-11.8736791112249,32.851831296672,299.999999999551));
#14081=CARTESIAN_POINT('',(-11.8736791112249,32.851831296672,300.5));
#14082=CARTESIAN_POINT('',(-11.8736791112249,43.851831296672,300.5));
#14083=CARTESIAN_POINT('',(-11.8736791112249,21.3518312971208,299.999999999551));
#14084=CARTESIAN_POINT('',(-11.8736791112249,21.3518312971208,299.999999999551));
#14085=CARTESIAN_POINT('',(-11.8736791112249,32.851831296672,299.999999999551));
#14086=CARTESIAN_POINT('',(-11.8736791112249,44.3518312962232,299.999999999551));
#14087=CARTESIAN_POINT('',(-11.8736791112249,44.3518312962232,299.999999999551));
#14088=CARTESIAN_POINT('',(18.1263208887751,2.8518312966718,300.000000000011));
#14089=CARTESIAN_POINT('',(21.926320888781,2.8518312966718,300.000000000011));
#14090=CARTESIAN_POINT('',(21.926320888781,2.8518312966718,300.000000000011));
#14091=CARTESIAN_POINT('',(18.1263208887751,2.8518312966718,300.000000000011));
#14092=CARTESIAN_POINT('',(14.3263208887692,2.8518312966718,300.000000000011));
#14093=CARTESIAN_POINT('',(14.3263208887692,2.8518312966718,300.000000000011));
#14094=CARTESIAN_POINT('',(-1.87316485831728,2.8518312966718,300.000000000068));
#14095=CARTESIAN_POINT('',(-1.87316485831728,2.8518312966718,300.5));
#14096=CARTESIAN_POINT('',(-1.87316485831728,6.1518312966718,300.5));
#14097=CARTESIAN_POINT('',(-1.87316485831728,-0.948168703191715,300.000000000068));
#14098=CARTESIAN_POINT('',(-1.87316485831728,-0.948168703305402,299.999999999954));
#14099=CARTESIAN_POINT('',(-1.87316485831728,2.8518312966718,299.999999999955));
#14100=CARTESIAN_POINT('',(-1.87316485831728,6.651831296649,299.999999999955));
#14101=CARTESIAN_POINT('',(-1.87316485831728,6.65183129653532,300.000000000068));
#14102=CARTESIAN_POINT('',(-21.8779077318633,2.8518312966718,300.000000000068));
#14103=CARTESIAN_POINT('',(-21.8779077318633,2.8518312966718,300.5));
#14104=CARTESIAN_POINT('',(-21.8779077318633,6.1518312966718,300.5));
#14105=CARTESIAN_POINT('',(-21.8779077318633,-0.948168703312606,300.000000000068));
#14106=CARTESIAN_POINT('',(-21.8779077318633,-0.948168703312606,300.000000000068));
#14107=CARTESIAN_POINT('',(-21.8779077318633,2.8518312966718,300.000000000068));
#14108=CARTESIAN_POINT('',(-21.8779077318633,6.65183129665621,300.000000000068));
#14109=CARTESIAN_POINT('',(-21.8779077318633,6.65183129665621,300.000000000068));
#14110=CARTESIAN_POINT('',(-41.8773934789557,2.8518312966718,300.000000000125));
#14111=CARTESIAN_POINT('',(-38.0773934790568,2.8518312966718,300.000000000125));
#14112=CARTESIAN_POINT('',(-38.0773934789431,2.8518312966718,300.000000000011));
#14113=CARTESIAN_POINT('',(-41.8773934789557,2.8518312966718,300.000000000011));
#14114=CARTESIAN_POINT('',(-45.6773934789683,2.8518312966718,300.000000000011));
#14115=CARTESIAN_POINT('',(-45.6773934788546,2.8518312966718,300.000000000125));
#14116=CARTESIAN_POINT('',(16.6263208887751,32.851831296672,299.99999999967));
#14117=CARTESIAN_POINT('',(16.6263208887751,32.851831296672,300.500000000056));
#14118=CARTESIAN_POINT('',(22.6263208887758,32.851831296672,300.500000000056));
#14119=CARTESIAN_POINT('',(10.6263208887744,32.851831296672,300.500000000056));
#14120=CARTESIAN_POINT('',(23.1263208881956,32.851831296672,299.99999999967));
#14121=CARTESIAN_POINT('',(23.1263208883092,32.851831296672,299.999999999557));
#14122=CARTESIAN_POINT('',(16.6263208887751,32.851831296672,299.999999999557));
#14123=CARTESIAN_POINT('',(10.126320889241,32.851831296672,299.999999999557));
#14124=CARTESIAN_POINT('',(10.1263208893547,32.851831296672,299.99999999967));
#14125=CARTESIAN_POINT('',(-40.3736791112249,32.851831296672,299.999999999557));
#14126=CARTESIAN_POINT('',(-40.3736791112249,32.851831296672,300.499999999943));
#14127=CARTESIAN_POINT('',(-40.3736791112249,26.8518312966877,300.499999999943));
#14128=CARTESIAN_POINT('',(-46.3736791112092,32.851831296672,300.499999999943));
#14129=CARTESIAN_POINT('',(-40.3736791112249,26.3518312972111,299.999999999557));
#14130=CARTESIAN_POINT('',(-40.3736791112249,26.3518312971542,299.9999999995));
#14131=CARTESIAN_POINT('',(-40.3736791112249,32.851831296672,299.9999999995));
#14132=CARTESIAN_POINT('',(-40.3736791112249,39.3518312961898,299.9999999995));
#14133=CARTESIAN_POINT('',(-40.3736791112249,39.3518312961329,299.999999999557));
#14134=CARTESIAN_POINT('',(-40.3736791112249,38.8518312966563,300.499999999943));
#14135=CARTESIAN_POINT('',(-40.3736791112249,32.851831296672,300.499999999943));
#14136=CARTESIAN_POINT('',(16.6263208887751,32.851831296672,306.));
#14137=CARTESIAN_POINT('',(16.6263208887751,32.851831296672,306.));
#14138=CARTESIAN_POINT('',(22.6263208887751,32.851831296672,306.));
#14139=CARTESIAN_POINT('',(10.6263208887751,32.851831296672,306.));
#14140=CARTESIAN_POINT('',(22.6263208887751,32.851831296672,306.));
#14141=CARTESIAN_POINT('',(10.6263208887751,32.851831296672,306.));
#14142=CARTESIAN_POINT('',(-40.3736791112249,32.851831296672,306.));
#14143=CARTESIAN_POINT('',(-40.3736791112249,32.851831296672,306.));
#14144=CARTESIAN_POINT('',(-34.3736791112249,32.851831296672,306.));
#14145=CARTESIAN_POINT('',(-46.3736791112249,32.851831296672,306.));
#14146=CARTESIAN_POINT('',(-34.3736791112249,32.851831296672,306.));
#14147=CARTESIAN_POINT('',(-34.3736791112406,32.851831296672,300.499999999943));
#14148=CARTESIAN_POINT('',(-40.3736791112249,32.851831296672,300.499999999943));
#14149=CARTESIAN_POINT('',(-46.3736791112249,32.851831296672,306.));
#14150=CARTESIAN_POINT('',(-11.8736791112249,20.851831296672,312.));
#14151=CARTESIAN_POINT('',(-11.8736791112249,32.851831296672,312.));
#14152=CARTESIAN_POINT('',(18.1263208887751,2.8518312966718,312.000000000467));
#14153=CARTESIAN_POINT('',(-1.87316485831728,2.8518312966718,312.000000000467));
#14154=CARTESIAN_POINT('',(-21.8779077318633,2.8518312966718,312.000000000467));
#14155=CARTESIAN_POINT('',(-41.8773934789557,2.8518312966718,312.000000000467));
#14156=CARTESIAN_POINT('',(-11.8736791112249,-6.64816870332795,312.));
#14157=CARTESIAN_POINT('',(27.6263208887751,-6.64816870332796,312.));
#14158=CARTESIAN_POINT('',(-51.3736791112249,-6.64816870332796,312.));
#14159=CARTESIAN_POINT('',(27.6263208887751,20.851831296672,312.));
#14160=CARTESIAN_POINT('',(27.6263208887751,48.351831296672,312.));
#14161=CARTESIAN_POINT('',(-11.8736791112249,48.351831296672,312.));
#14162=CARTESIAN_POINT('',(-51.3736791112249,48.351831296672,312.));
#14163=CARTESIAN_POINT('',(-51.3736791112249,20.851831296672,312.));
#14164=CARTESIAN_POINT('',(-11.8736791112249,32.851831296672,312.));
#14165=CARTESIAN_POINT('',(-11.8736791112249,32.851831296672,311.499999999551));
#14166=CARTESIAN_POINT('',(18.1263208887751,2.8518312966718,312.000000000467));
#14167=CARTESIAN_POINT('',(18.1263208887751,2.8518312966718,311.499999999967));
#14168=CARTESIAN_POINT('',(-1.87316485831728,2.8518312966718,312.000000000467));
#14169=CARTESIAN_POINT('',(-1.87316485831728,2.8518312966718,311.499999999967));
#14170=CARTESIAN_POINT('',(-21.8779077318633,2.8518312966718,312.000000000467));
#14171=CARTESIAN_POINT('',(-21.8779077318633,2.8518312966718,311.499999999967));
#14172=CARTESIAN_POINT('',(-41.8773934789557,2.8518312966718,312.000000000467));
#14173=CARTESIAN_POINT('',(-41.8773934789557,2.8518312966718,311.499999999967));
#14174=CARTESIAN_POINT('',(-51.3736791112249,20.851831296672,312.));
#14175=CARTESIAN_POINT('',(-51.8736791112249,-6.64816870332795,311.5));
#14176=CARTESIAN_POINT('',(-51.8736791112249,-6.64816870332796,311.5));
#14177=CARTESIAN_POINT('',(-51.6236791112249,-6.89816870332797,311.75));
#14178=CARTESIAN_POINT('',(-51.3736791112249,-6.64816870332796,312.));
#14179=CARTESIAN_POINT('',(-51.623679111225,48.601831296672,311.75));
#14180=CARTESIAN_POINT('',(-51.6236791112249,48.601831296672,311.75));
#14181=CARTESIAN_POINT('',(-51.6236791112249,48.601831296672,311.75));
#14182=CARTESIAN_POINT('',(-51.8736791112249,48.351831296672,311.5));
#14183=CARTESIAN_POINT('',(-51.8736791112249,20.851831296672,311.5));
#14184=CARTESIAN_POINT('',(-11.8736791112249,-6.64816870332795,312.));
#14185=CARTESIAN_POINT('',(-51.6236791112249,-6.89816870332795,311.75));
#14186=CARTESIAN_POINT('',(-51.3736791112249,-7.14816870332796,311.5));
#14187=CARTESIAN_POINT('',(-11.8736791112249,-7.14816870332799,311.5));
#14188=CARTESIAN_POINT('',(27.6263208887751,-7.14816870332796,311.5));
#14189=CARTESIAN_POINT('',(27.6263208887751,-7.14816870332795,311.5));
#14190=CARTESIAN_POINT('',(27.8763208887751,-6.89816870332797,311.75));
#14191=CARTESIAN_POINT('',(27.6263208887751,-6.64816870332795,312.));
#14192=CARTESIAN_POINT('',(27.6263208887751,20.851831296672,312.));
#14193=CARTESIAN_POINT('',(27.8763208887751,-6.89816870332795,311.75));
#14194=CARTESIAN_POINT('',(28.1263208887751,-6.64816870332795,311.5));
#14195=CARTESIAN_POINT('',(28.1263208887751,20.851831296672,311.5));
#14196=CARTESIAN_POINT('',(28.1263208887751,48.351831296672,311.5));
#14197=CARTESIAN_POINT('',(28.1263208887751,48.351831296672,311.5));
#14198=CARTESIAN_POINT('',(27.8763208887751,48.601831296672,311.75));
#14199=CARTESIAN_POINT('',(27.6263208887751,48.351831296672,312.));
#14200=CARTESIAN_POINT('',(-11.8736791112249,48.351831296672,312.));
#14201=CARTESIAN_POINT('',(27.8763208887751,48.601831296672,311.75));
#14202=CARTESIAN_POINT('',(27.6263208887751,48.851831296672,311.5));
#14203=CARTESIAN_POINT('',(-11.8736791112249,48.851831296672,311.5));
#14204=CARTESIAN_POINT('',(-51.3736791112249,48.851831296672,311.5));
#14205=CARTESIAN_POINT('',(-51.3736791112249,48.851831296672,311.5));
#14206=CARTESIAN_POINT('',(-11.8736791112249,32.851831296672,312.));
#14207=CARTESIAN_POINT('',(-11.8736791112249,32.851831296672,307.));
#14208=CARTESIAN_POINT('',(18.1263208887751,2.8518312966718,312.));
#14209=CARTESIAN_POINT('',(18.1263208887751,2.8518312966718,305.6));
#14210=CARTESIAN_POINT('',(-1.87316485831728,2.8518312966718,312.));
#14211=CARTESIAN_POINT('',(-1.87316485831728,2.8518312966718,305.6));
#14212=CARTESIAN_POINT('',(-21.8779077318633,2.8518312966718,312.));
#14213=CARTESIAN_POINT('',(-21.8779077318633,2.8518312966718,305.6));
#14214=CARTESIAN_POINT('',(-41.8773934789557,2.8518312966718,312.));
#14215=CARTESIAN_POINT('',(-41.8773934789557,2.8518312966718,305.6));
#14216=CARTESIAN_POINT('',(-51.8736791112249,-7.14816870332795,312.));
#14217=CARTESIAN_POINT('',(-51.8736791112249,-6.64816870332795,312.));
#14218=CARTESIAN_POINT('',(-51.8736791112249,-6.64816870332795,300.5));
#14219=CARTESIAN_POINT('',(-51.8736791112249,48.351831296672,312.));
#14220=CARTESIAN_POINT('',(-51.8736791112249,48.351831296672,300.5));
#14221=CARTESIAN_POINT('',(-51.8736791112249,-7.14816870332795,300.5));
#14222=CARTESIAN_POINT('',(-51.8736791112249,-7.14816870332795,312.));
#14223=CARTESIAN_POINT('',(-51.3736791112249,-7.14816870332795,312.));
#14224=CARTESIAN_POINT('',(-51.3736791112249,-7.14816870332795,300.5));
#14225=CARTESIAN_POINT('',(-51.8736791112249,-7.14816870332795,300.5));
#14226=CARTESIAN_POINT('',(27.6263208887751,-7.14816870332795,300.5));
#14227=CARTESIAN_POINT('',(27.6263208887751,-7.14816870332795,312.));
#14228=CARTESIAN_POINT('',(28.1263208887751,-7.14816870332795,312.));
#14229=CARTESIAN_POINT('',(28.1263208887751,-6.64816870332795,312.));
#14230=CARTESIAN_POINT('',(28.1263208887751,-6.64816870332795,300.5));
#14231=CARTESIAN_POINT('',(28.1263208887751,-7.14816870332795,300.5));
#14232=CARTESIAN_POINT('',(28.1263208887751,48.351831296672,300.5));
#14233=CARTESIAN_POINT('',(28.1263208887751,48.351831296672,312.));
#14234=CARTESIAN_POINT('',(-51.8736791112249,48.851831296672,312.));
#14235=CARTESIAN_POINT('',(27.6263208887751,48.851831296672,312.));
#14236=CARTESIAN_POINT('',(27.6263208887751,48.851831296672,300.5));
#14237=CARTESIAN_POINT('',(-51.8736791112249,48.851831296672,300.5));
#14238=CARTESIAN_POINT('',(-51.3736791112249,48.851831296672,300.5));
#14239=CARTESIAN_POINT('',(-51.3736791112249,48.851831296672,312.));
#14240=CARTESIAN_POINT('',(-11.8736791112249,32.851831296672,307.));
#14241=CARTESIAN_POINT('',(-11.8736791112249,32.851831296672,307.));
#14242=CARTESIAN_POINT('',(21.4263208887751,2.8518312966718,305.6));
#14243=CARTESIAN_POINT('',(18.1263208887751,2.8518312966718,305.6));
#14244=CARTESIAN_POINT('',(1.42683514168272,2.8518312966718,305.6));
#14245=CARTESIAN_POINT('',(-1.87316485831728,2.8518312966718,305.6));
#14246=CARTESIAN_POINT('',(-18.5779077318633,2.8518312966718,305.6));
#14247=CARTESIAN_POINT('',(-21.8779077318633,2.8518312966718,305.6));
#14248=CARTESIAN_POINT('',(-38.5773934789557,2.8518312966718,305.6));
#14249=CARTESIAN_POINT('',(-41.8773934789557,2.8518312966718,305.6));
#14250=CARTESIAN_POINT('',(-51.8736791112249,-7.14816870332795,300.5));
#14251=CARTESIAN_POINT('',(-51.6236791112249,48.601831296672,300.25));
#14252=CARTESIAN_POINT('',(-51.6236791112249,48.601831296672,300.25));
#14253=CARTESIAN_POINT('',(-51.3736791112249,48.351831296672,300.));
#14254=CARTESIAN_POINT('',(-51.3736791112249,-7.14816870332795,300.));
#14255=CARTESIAN_POINT('',(-51.3736791112249,-6.64816870332797,300.));
#14256=CARTESIAN_POINT('',(-51.3736791112249,-6.64816870332795,300.));
#14257=CARTESIAN_POINT('',(-51.6236791112249,-6.89816870332796,300.25));
#14258=CARTESIAN_POINT('',(-51.6236791112249,-6.89816870332795,300.25));
#14259=CARTESIAN_POINT('',(-51.8736791112249,48.351831296672,300.5));
#14260=CARTESIAN_POINT('',(-51.3736791112249,-7.14816870332795,312.));
#14261=CARTESIAN_POINT('',(-51.3736791112249,-7.14816870332795,300.5));
#14262=CARTESIAN_POINT('',(-51.8736791112249,48.351831296672,312.));
#14263=CARTESIAN_POINT('',(-51.6236791112249,48.601831296672,300.25));
#14264=CARTESIAN_POINT('',(-51.8736791112249,-7.14816870332795,300.5));
#14265=CARTESIAN_POINT('',(27.6263208887751,-6.64816870332799,300.));
#14266=CARTESIAN_POINT('',(27.6263208887751,-6.64816870332796,300.));
#14267=CARTESIAN_POINT('',(27.8763208887751,-6.89816870332795,300.25));
#14268=CARTESIAN_POINT('',(27.8763208887751,-6.89816870332797,300.25));
#14269=CARTESIAN_POINT('',(-51.8736791112249,-6.64816870332799,300.));
#14270=CARTESIAN_POINT('',(28.1263208887751,-6.64816870332795,312.));
#14271=CARTESIAN_POINT('',(28.1263208887751,-6.64816870332795,300.5));
#14272=CARTESIAN_POINT('',(28.1263208887751,-7.14816870332795,300.5));
#14273=CARTESIAN_POINT('',(27.6263208887751,48.351831296672,300.));
#14274=CARTESIAN_POINT('',(27.6263208887751,48.351831296672,300.));
#14275=CARTESIAN_POINT('',(27.8763208887751,48.601831296672,300.25));
#14276=CARTESIAN_POINT('',(27.8763208887751,48.601831296672,300.25));
#14277=CARTESIAN_POINT('',(27.6263208887751,-7.14816870332795,300.));
#14278=CARTESIAN_POINT('',(27.6263208887751,48.851831296672,312.));
#14279=CARTESIAN_POINT('',(27.6263208887751,48.851831296672,300.5));
#14280=CARTESIAN_POINT('',(-51.8736791112249,48.851831296672,300.5));
#14281=CARTESIAN_POINT('',(-51.8736791112249,48.351831296672,300.));
#14282=CARTESIAN_POINT('',(-11.8736791112249,32.851831296672,307.));
#14283=CARTESIAN_POINT('',(-11.8736791112249,32.851831296672,300.5));
#14284=CARTESIAN_POINT('',(18.1263208887751,2.8518312966718,312.));
#14285=CARTESIAN_POINT('',(18.1263208887751,2.8518312966718,300.5));
#14286=CARTESIAN_POINT('',(-1.87316485831728,2.8518312966718,312.));
#14287=CARTESIAN_POINT('',(-1.87316485831728,2.8518312966718,300.5));
#14288=CARTESIAN_POINT('',(-21.8779077318633,2.8518312966718,312.));
#14289=CARTESIAN_POINT('',(-21.8779077318633,2.8518312966718,300.5));
#14290=CARTESIAN_POINT('',(-41.8773934789557,2.8518312966718,312.));
#14291=CARTESIAN_POINT('',(-41.8773934789557,2.8518312966718,300.5));
#14292=CARTESIAN_POINT('',(-11.8736791112249,20.851831296672,300.));
#14293=CARTESIAN_POINT('',(16.6263208887751,32.851831296672,299.999999999557));
#14294=CARTESIAN_POINT('',(-40.3736791112249,32.851831296672,299.9999999995));
#14295=CARTESIAN_POINT('',(-11.8736791112249,32.851831296672,299.999999999551));
#14296=CARTESIAN_POINT('',(18.1263208887751,2.8518312966718,300.000000000011));
#14297=CARTESIAN_POINT('',(-1.87316485831728,2.8518312966718,299.999999999955));
#14298=CARTESIAN_POINT('',(-21.8779077318633,2.8518312966718,300.000000000068));
#14299=CARTESIAN_POINT('',(-41.8773934789557,2.8518312966718,300.000000000011));
#14300=CARTESIAN_POINT('',(-11.8736791112249,32.851831296672,299.999999999551));
#14301=CARTESIAN_POINT('',(18.1263208887751,2.8518312966718,300.000000000011));
#14302=CARTESIAN_POINT('',(-1.87316485831728,2.8518312966718,300.000000000068));
#14303=CARTESIAN_POINT('',(-21.8779077318633,2.8518312966718,300.000000000068));
#14304=CARTESIAN_POINT('',(-41.8773934789557,2.8518312966718,300.000000000125));
#14305=CARTESIAN_POINT('',(16.6263208887751,32.851831296672,299.99999999967));
#14306=CARTESIAN_POINT('',(16.6263208887751,32.851831296672,300.500000000056));
#14307=CARTESIAN_POINT('',(-40.3736791112249,32.851831296672,299.999999999557));
#14308=CARTESIAN_POINT('',(-40.3736791112249,32.851831296672,300.499999999943));
#14309=CARTESIAN_POINT('',(16.6263208887751,32.851831296672,306.));
#14310=CARTESIAN_POINT('',(16.6263208887751,32.851831296672,306.));
#14311=CARTESIAN_POINT('',(-40.3736791112249,32.851831296672,306.));
#14312=CARTESIAN_POINT('',(-40.3736791112249,32.851831296672,306.));
#14313=CARTESIAN_POINT('',(16.6263208887751,32.851831296672,306.));
#14314=CARTESIAN_POINT('',(-40.3736791112249,32.851831296672,306.));
#14315=CARTESIAN_POINT('',(-40.3736791112249,32.8518312966719,100.000000000364));
#14316=CARTESIAN_POINT('',(-40.3736791112249,32.8518312966719,99.4999999999777));
#14317=CARTESIAN_POINT('',(-46.373679111241,32.8518312966719,99.4999999999777));
#14318=CARTESIAN_POINT('',(-34.3736791112088,32.8518312966719,99.4999999999777));
#14319=CARTESIAN_POINT('',(-46.8736791107176,32.8518312966719,100.000000000364));
#14320=CARTESIAN_POINT('',(-46.8736791107744,32.8518312966719,100.000000000421));
#14321=CARTESIAN_POINT('',(-40.3736791112249,32.8518312966719,100.000000000421));
#14322=CARTESIAN_POINT('',(-33.8736791116754,32.8518312966719,100.000000000421));
#14323=CARTESIAN_POINT('',(-33.8736791117322,32.8518312966719,100.000000000364));
#14324=CARTESIAN_POINT('',(16.6263208887751,32.8518312966719,100.000000000364));
#14325=CARTESIAN_POINT('',(16.6263208887751,32.8518312966719,99.4999999999777));
#14326=CARTESIAN_POINT('',(10.6263208887754,32.8518312966719,99.4999999999777));
#14327=CARTESIAN_POINT('',(22.6263208887748,32.8518312966719,99.4999999999777));
#14328=CARTESIAN_POINT('',(10.1263208892988,32.8518312966719,100.000000000364));
#14329=CARTESIAN_POINT('',(10.1263208892419,32.8518312966719,100.000000000421));
#14330=CARTESIAN_POINT('',(16.6263208887751,32.8518312966719,100.000000000421));
#14331=CARTESIAN_POINT('',(23.1263208883083,32.8518312966719,100.000000000421));
#14332=CARTESIAN_POINT('',(23.1263208882514,32.8518312966719,100.000000000364));
#14333=CARTESIAN_POINT('',(-35.5617562809742,9.16375412692245,88.));
#14334=CARTESIAN_POINT('',(-35.5617562809742,9.16375412692245,100.));
#14335=CARTESIAN_POINT('',(-33.9117562809742,9.16375412692245,100.));
#14336=CARTESIAN_POINT('',(-37.2117562809742,9.16375412692245,100.));
#14337=CARTESIAN_POINT('',(-33.9117562809742,9.16375412692245,88.));
#14338=CARTESIAN_POINT('',(-33.9117562809742,9.16375412692245,88.));
#14339=CARTESIAN_POINT('',(-35.5617562809742,9.16375412692245,88.));
#14340=CARTESIAN_POINT('',(-37.2117562809742,9.16375412692245,88.));
#14341=CARTESIAN_POINT('',(-37.2117562809742,9.16375412692245,88.));
#14342=CARTESIAN_POINT('',(11.8143980585244,56.5399084664212,88.));
#14343=CARTESIAN_POINT('',(11.8143980585244,56.5399084664212,100.));
#14344=CARTESIAN_POINT('',(13.4643980585244,56.5399084664212,100.));
#14345=CARTESIAN_POINT('',(10.1643980585244,56.5399084664212,100.));
#14346=CARTESIAN_POINT('',(13.4643980585244,56.5399084664212,88.));
#14347=CARTESIAN_POINT('',(13.4643980585244,56.5399084664212,88.));
#14348=CARTESIAN_POINT('',(11.8143980585244,56.5399084664212,88.));
#14349=CARTESIAN_POINT('',(10.1643980585244,56.5399084664212,88.));
#14350=CARTESIAN_POINT('',(10.1643980585244,56.5399084664212,88.));
#14351=CARTESIAN_POINT('',(11.8143980585244,9.16375412692245,88.));
#14352=CARTESIAN_POINT('',(11.8143980585244,9.16375412692245,100.));
#14353=CARTESIAN_POINT('',(13.4643980585244,9.16375412692245,100.));
#14354=CARTESIAN_POINT('',(10.1643980585244,9.16375412692245,100.));
#14355=CARTESIAN_POINT('',(13.4643980585244,9.16375412692245,88.));
#14356=CARTESIAN_POINT('',(13.4643980585244,9.16375412692245,88.));
#14357=CARTESIAN_POINT('',(11.8143980585244,9.16375412692245,88.));
#14358=CARTESIAN_POINT('',(10.1643980585244,9.16375412692245,88.));
#14359=CARTESIAN_POINT('',(10.1643980585244,9.16375412692245,88.));
#14360=CARTESIAN_POINT('',(-35.5617562809742,56.5399084664212,88.));
#14361=CARTESIAN_POINT('',(-35.5617562809742,56.5399084664212,100.));
#14362=CARTESIAN_POINT('',(-33.9117562809742,56.5399084664212,100.));
#14363=CARTESIAN_POINT('',(-37.2117562809742,56.5399084664212,100.));
#14364=CARTESIAN_POINT('',(-33.9117562809742,56.5399084664212,88.));
#14365=CARTESIAN_POINT('',(-33.9117562809742,56.5399084664212,88.));
#14366=CARTESIAN_POINT('',(-35.5617562809742,56.5399084664212,88.));
#14367=CARTESIAN_POINT('',(-37.2117562809742,56.5399084664212,88.));
#14368=CARTESIAN_POINT('',(-37.2117562809742,56.5399084664212,88.));
#14369=CARTESIAN_POINT('',(18.1263208887751,2.85183129667185,88.));
#14370=CARTESIAN_POINT('',(18.1263208887751,2.85183129667185,100.));
#14371=CARTESIAN_POINT('',(21.4263208887751,2.85183129667185,100.));
#14372=CARTESIAN_POINT('',(14.8263208887751,2.85183129667185,100.));
#14373=CARTESIAN_POINT('',(21.4263208887751,2.85183129667185,88.));
#14374=CARTESIAN_POINT('',(21.4263208887751,2.85183129667185,94.4));
#14375=CARTESIAN_POINT('',(18.1263208887751,2.85183129667185,94.4));
#14376=CARTESIAN_POINT('',(14.8263208887751,2.85183129667185,94.4));
#14377=CARTESIAN_POINT('',(14.8263208887751,2.85183129667185,88.));
#14378=CARTESIAN_POINT('',(-1.87316485831734,2.85183129667185,88.));
#14379=CARTESIAN_POINT('',(-1.87316485831734,2.85183129667185,100.));
#14380=CARTESIAN_POINT('',(1.42683514168266,2.85183129667185,100.));
#14381=CARTESIAN_POINT('',(-5.17316485831734,2.85183129667185,100.));
#14382=CARTESIAN_POINT('',(1.42683514168266,2.85183129667185,88.));
#14383=CARTESIAN_POINT('',(1.42683514168266,2.85183129667185,94.4));
#14384=CARTESIAN_POINT('',(-1.87316485831734,2.85183129667185,94.4));
#14385=CARTESIAN_POINT('',(-5.17316485831734,2.85183129667185,94.4));
#14386=CARTESIAN_POINT('',(-5.17316485831734,2.85183129667185,88.));
#14387=CARTESIAN_POINT('',(-21.8779077318634,2.85183129667185,88.));
#14388=CARTESIAN_POINT('',(-21.8779077318634,2.85183129667185,100.));
#14389=CARTESIAN_POINT('',(-18.5779077318634,2.85183129667185,100.));
#14390=CARTESIAN_POINT('',(-25.1779077318634,2.85183129667185,100.));
#14391=CARTESIAN_POINT('',(-18.5779077318634,2.85183129667185,88.));
#14392=CARTESIAN_POINT('',(-18.5779077318634,2.85183129667185,94.4));
#14393=CARTESIAN_POINT('',(-21.8779077318634,2.85183129667185,94.4));
#14394=CARTESIAN_POINT('',(-25.1779077318634,2.85183129667185,94.4));
#14395=CARTESIAN_POINT('',(-25.1779077318634,2.85183129667185,88.));
#14396=CARTESIAN_POINT('',(-41.8773934789558,2.85183129667185,88.));
#14397=CARTESIAN_POINT('',(-41.8773934789558,2.85183129667185,100.));
#14398=CARTESIAN_POINT('',(-38.5773934789558,2.85183129667185,100.));
#14399=CARTESIAN_POINT('',(-45.1773934789558,2.85183129667185,100.));
#14400=CARTESIAN_POINT('',(-38.5773934789558,2.85183129667185,88.));
#14401=CARTESIAN_POINT('',(-38.5773934789558,2.85183129667185,94.4));
#14402=CARTESIAN_POINT('',(-41.8773934789558,2.85183129667185,94.4));
#14403=CARTESIAN_POINT('',(-45.1773934789558,2.85183129667185,94.4));
#14404=CARTESIAN_POINT('',(-45.1773934789558,2.85183129667185,88.));
#14405=CARTESIAN_POINT('',(-11.8736791112249,32.8518312966719,88.));
#14406=CARTESIAN_POINT('',(-11.8736791112249,32.8518312966719,89.));
#14407=CARTESIAN_POINT('',(-30.8736791112249,32.8518312966719,89.));
#14408=CARTESIAN_POINT('',(7.1263208887751,32.8518312966719,89.));
#14409=CARTESIAN_POINT('',(-30.8736791112249,32.8518312966719,88.));
#14410=CARTESIAN_POINT('',(-30.8736791112249,32.8518312966719,100.));
#14411=CARTESIAN_POINT('',(-11.8736791112249,32.8518312966719,100.));
#14412=CARTESIAN_POINT('',(-27.2614986162061,21.7066524788098,100.));
#14413=CARTESIAN_POINT('',(-27.2614986162061,21.7066524788098,88.));
#14414=CARTESIAN_POINT('',(-27.261498616206,21.7066524788098,96.));
#14415=CARTESIAN_POINT('',(-11.8736791112249,32.8518312966719,96.));
#14416=CARTESIAN_POINT('',(-23.0188579290868,17.4640117916906,96.));
#14417=CARTESIAN_POINT('',(-23.0188579290867,17.4640117916906,88.));
#14418=CARTESIAN_POINT('',(-23.0188579290867,17.4640117916906,100.));
#14419=CARTESIAN_POINT('',(-11.8736791112249,32.8518312966719,100.));
#14420=CARTESIAN_POINT('',(-0.728500293363002,17.4640117916906,100.));
#14421=CARTESIAN_POINT('',(-0.728500293363002,17.4640117916906,88.));
#14422=CARTESIAN_POINT('',(-0.728500293362991,17.4640117916906,96.));
#14423=CARTESIAN_POINT('',(-11.8736791112249,32.8518312966719,96.));
#14424=CARTESIAN_POINT('',(3.51414039375629,21.7066524788099,96.));
#14425=CARTESIAN_POINT('',(3.51414039375628,21.7066524788099,96.));
#14426=CARTESIAN_POINT('',(3.51414039375628,21.7066524788099,100.));
#14427=CARTESIAN_POINT('',(-11.8736791112249,32.8518312966719,100.));
#14428=CARTESIAN_POINT('',(7.1263208887751,32.8518312966719,100.));
#14429=CARTESIAN_POINT('',(7.1263208887751,32.8518312966719,88.));
#14430=CARTESIAN_POINT('',(-27.373679111225,48.3518312966719,100.));
#14431=CARTESIAN_POINT('',(-27.373679111225,48.3518312966719,100.));
#14432=CARTESIAN_POINT('',(-30.373679111225,48.3518312966719,100.));
#14433=CARTESIAN_POINT('',(-25.2523587676653,50.4731516402315,100.));
#14434=CARTESIAN_POINT('',(-30.373679111225,48.3518312966719,100.));
#14435=CARTESIAN_POINT('',(-30.373679111225,48.3518312966719,96.));
#14436=CARTESIAN_POINT('',(-27.373679111225,48.3518312966719,96.));
#14437=CARTESIAN_POINT('',(-25.2523587676653,50.4731516402315,96.));
#14438=CARTESIAN_POINT('',(-25.2523587676653,50.4731516402315,96.));
#14439=CARTESIAN_POINT('',(-27.3736791112248,17.3518312966718,100.));
#14440=CARTESIAN_POINT('',(-27.3736791112248,17.3518312966718,100.));
#14441=CARTESIAN_POINT('',(-30.3736791112248,17.3518312966718,100.));
#14442=CARTESIAN_POINT('',(-29.4949994547844,19.4731516402314,100.));
#14443=CARTESIAN_POINT('',(-30.3736791112248,17.3518312966718,100.));
#14444=CARTESIAN_POINT('',(-30.3736791112248,17.3518312966718,96.));
#14445=CARTESIAN_POINT('',(-27.3736791112248,17.3518312966718,96.));
#14446=CARTESIAN_POINT('',(-29.4949994547844,19.4731516402314,96.));
#14447=CARTESIAN_POINT('',(-29.4949994547844,19.4731516402314,96.));
#14448=CARTESIAN_POINT('',(-40.3736791112249,32.8518312966719,94.));
#14449=CARTESIAN_POINT('',(-40.3736791112249,32.8518312966719,94.));
#14450=CARTESIAN_POINT('',(-46.3736791112249,32.8518312966719,94.));
#14451=CARTESIAN_POINT('',(-34.3736791112249,32.8518312966719,94.));
#14452=CARTESIAN_POINT('',(-46.3736791112249,32.8518312966719,94.));
#14453=CARTESIAN_POINT('',(-34.3736791112249,32.8518312966719,94.));
#14454=CARTESIAN_POINT('',(16.6263208887751,32.8518312966719,94.));
#14455=CARTESIAN_POINT('',(16.6263208887751,32.8518312966719,94.));
#14456=CARTESIAN_POINT('',(10.6263208887751,32.8518312966719,94.));
#14457=CARTESIAN_POINT('',(22.6263208887751,32.8518312966719,94.));
#14458=CARTESIAN_POINT('',(10.6263208887751,32.8518312966719,94.));
#14459=CARTESIAN_POINT('',(22.6263208887751,32.8518312966719,94.));
#14460=CARTESIAN_POINT('',(18.1263208887751,2.85183129667185,88.));
#14461=CARTESIAN_POINT('',(18.1263208887751,2.85183129667185,94.4));
#14462=CARTESIAN_POINT('',(12.6263208887751,2.85183129667185,94.4));
#14463=CARTESIAN_POINT('',(23.6263208887751,2.85183129667185,94.4));
#14464=CARTESIAN_POINT('',(23.6263208887751,2.85183129667185,88.));
#14465=CARTESIAN_POINT('',(23.6263208887751,2.85183129667185,88.));
#14466=CARTESIAN_POINT('',(18.1263208887751,2.85183129667185,88.));
#14467=CARTESIAN_POINT('',(12.6263208887751,2.85183129667185,88.));
#14468=CARTESIAN_POINT('',(12.6263208887751,2.85183129667185,88.));
#14469=CARTESIAN_POINT('',(-1.87316485831734,2.85183129667185,88.));
#14470=CARTESIAN_POINT('',(-1.87316485831734,2.85183129667185,94.4));
#14471=CARTESIAN_POINT('',(-7.37316485831734,2.85183129667185,94.4));
#14472=CARTESIAN_POINT('',(3.62683514168266,2.85183129667185,94.4));
#14473=CARTESIAN_POINT('',(3.62683514168266,2.85183129667185,88.));
#14474=CARTESIAN_POINT('',(3.62683514168266,2.85183129667185,88.));
#14475=CARTESIAN_POINT('',(-1.87316485831734,2.85183129667185,88.));
#14476=CARTESIAN_POINT('',(-7.37316485831734,2.85183129667185,88.));
#14477=CARTESIAN_POINT('',(-7.37316485831734,2.85183129667185,88.));
#14478=CARTESIAN_POINT('',(-21.8779077318634,2.85183129667185,88.));
#14479=CARTESIAN_POINT('',(-21.8779077318634,2.85183129667185,94.4));
#14480=CARTESIAN_POINT('',(-27.3779077318634,2.85183129667185,94.4));
#14481=CARTESIAN_POINT('',(-16.3779077318634,2.85183129667185,94.4));
#14482=CARTESIAN_POINT('',(-16.3779077318634,2.85183129667185,88.));
#14483=CARTESIAN_POINT('',(-16.3779077318634,2.85183129667185,88.));
#14484=CARTESIAN_POINT('',(-21.8779077318634,2.85183129667185,88.));
#14485=CARTESIAN_POINT('',(-27.3779077318634,2.85183129667185,88.));
#14486=CARTESIAN_POINT('',(-27.3779077318634,2.85183129667185,88.));
#14487=CARTESIAN_POINT('',(-41.8773934789558,2.85183129667185,88.));
#14488=CARTESIAN_POINT('',(-41.8773934789558,2.85183129667185,94.4));
#14489=CARTESIAN_POINT('',(-47.3773934789558,2.85183129667185,94.4));
#14490=CARTESIAN_POINT('',(-36.3773934789558,2.85183129667185,94.4));
#14491=CARTESIAN_POINT('',(-36.3773934789558,2.85183129667185,88.));
#14492=CARTESIAN_POINT('',(-36.3773934789558,2.85183129667185,88.));
#14493=CARTESIAN_POINT('',(-41.8773934789558,2.85183129667185,88.));
#14494=CARTESIAN_POINT('',(-47.3773934789558,2.85183129667185,88.));
#14495=CARTESIAN_POINT('',(-47.3773934789558,2.85183129667185,88.));
#14496=CARTESIAN_POINT('',(3.62632088877515,17.3518312966718,88.));
#14497=CARTESIAN_POINT('',(3.62632088877515,17.3518312966718,89.));
#14498=CARTESIAN_POINT('',(5.32632088877515,17.3518312966718,89.));
#14499=CARTESIAN_POINT('',(1.92632088877515,17.3518312966718,89.));
#14500=CARTESIAN_POINT('',(1.92632088877515,17.3518312966718,88.));
#14501=CARTESIAN_POINT('',(1.92632088877515,17.3518312966718,96.));
#14502=CARTESIAN_POINT('',(3.62632088877515,17.3518312966718,96.));
#14503=CARTESIAN_POINT('',(5.32632088877515,17.3518312966718,96.));
#14504=CARTESIAN_POINT('',(5.32632088877515,17.3518312966718,88.));
#14505=CARTESIAN_POINT('',(3.62632088877504,48.3518312966719,88.));
#14506=CARTESIAN_POINT('',(3.62632088877504,48.3518312966719,89.));
#14507=CARTESIAN_POINT('',(5.32632088877504,48.3518312966719,89.));
#14508=CARTESIAN_POINT('',(1.92632088877504,48.3518312966719,89.));
#14509=CARTESIAN_POINT('',(1.92632088877504,48.3518312966719,88.));
#14510=CARTESIAN_POINT('',(1.92632088877504,48.3518312966719,96.));
#14511=CARTESIAN_POINT('',(3.62632088877504,48.3518312966719,96.));
#14512=CARTESIAN_POINT('',(5.32632088877504,48.3518312966719,96.));
#14513=CARTESIAN_POINT('',(5.32632088877504,48.3518312966719,88.));
#14514=CARTESIAN_POINT('',(-27.373679111225,48.3518312966719,88.));
#14515=CARTESIAN_POINT('',(-27.373679111225,48.3518312966719,89.));
#14516=CARTESIAN_POINT('',(-25.673679111225,48.3518312966719,89.));
#14517=CARTESIAN_POINT('',(-29.073679111225,48.3518312966719,89.));
#14518=CARTESIAN_POINT('',(-29.073679111225,48.3518312966719,88.));
#14519=CARTESIAN_POINT('',(-29.073679111225,48.3518312966719,96.));
#14520=CARTESIAN_POINT('',(-27.373679111225,48.3518312966719,96.));
#14521=CARTESIAN_POINT('',(-25.673679111225,48.3518312966719,96.));
#14522=CARTESIAN_POINT('',(-25.673679111225,48.3518312966719,88.));
#14523=CARTESIAN_POINT('',(-27.3736791112248,17.3518312966718,88.));
#14524=CARTESIAN_POINT('',(-27.3736791112248,17.3518312966718,89.));
#14525=CARTESIAN_POINT('',(-25.6736791112248,17.3518312966718,89.));
#14526=CARTESIAN_POINT('',(-29.0736791112248,17.3518312966718,89.));
#14527=CARTESIAN_POINT('',(-29.0736791112248,17.3518312966718,88.));
#14528=CARTESIAN_POINT('',(-29.0736791112248,17.3518312966718,96.));
#14529=CARTESIAN_POINT('',(-27.3736791112248,17.3518312966718,96.));
#14530=CARTESIAN_POINT('',(-25.6736791112248,17.3518312966718,96.));
#14531=CARTESIAN_POINT('',(-25.6736791112248,17.3518312966718,88.));
#14532=CARTESIAN_POINT('',(-11.8736791112249,26.8518312966719,100.));
#14533=CARTESIAN_POINT('',(-40.3736791112249,32.8518312966719,100.000000000421));
#14534=CARTESIAN_POINT('',(16.6263208887751,32.8518312966719,100.000000000421));
#14535=CARTESIAN_POINT('',(-51.3736791112249,26.8518312966719,100.));
#14536=CARTESIAN_POINT('',(-51.3736791112249,60.3518312966718,100.));
#14537=CARTESIAN_POINT('',(-51.3736791112249,-6.64816870332815,100.));
#14538=CARTESIAN_POINT('',(-11.8736791112249,-6.64816870332815,100.));
#14539=CARTESIAN_POINT('',(27.6263208887751,-6.64816870332815,100.));
#14540=CARTESIAN_POINT('',(27.6263208887751,26.8518312966719,100.));
#14541=CARTESIAN_POINT('',(27.6263208887751,60.3518312966718,100.));
#14542=CARTESIAN_POINT('',(-11.8736791112249,60.3518312966718,100.));
#14543=CARTESIAN_POINT('',(-35.5617562809742,9.16375412692245,100.));
#14544=CARTESIAN_POINT('',(11.8143980585244,56.5399084664212,100.));
#14545=CARTESIAN_POINT('',(11.8143980585244,9.16375412692245,100.));
#14546=CARTESIAN_POINT('',(-35.5617562809742,56.5399084664212,100.));
#14547=CARTESIAN_POINT('',(18.1263208887751,2.85183129667185,100.));
#14548=CARTESIAN_POINT('',(-1.87316485831734,2.85183129667185,100.));
#14549=CARTESIAN_POINT('',(-21.8779077318634,2.85183129667185,100.));
#14550=CARTESIAN_POINT('',(-41.8773934789558,2.85183129667185,100.));
#14551=CARTESIAN_POINT('',(3.51414039375631,21.7066524788098,100.));
#14552=CARTESIAN_POINT('',(5.74764123233476,19.4731516402315,100.));
#14553=CARTESIAN_POINT('',(3.62632088877515,17.3518312966718,100.));
#14554=CARTESIAN_POINT('',(1.50500054521548,15.2305109531121,100.));
#14555=CARTESIAN_POINT('',(1.50500054521547,15.2305109531121,100.));
#14556=CARTESIAN_POINT('',(-23.0188579290868,17.4640117916905,100.));
#14557=CARTESIAN_POINT('',(-25.2523587676652,15.2305109531122,100.));
#14558=CARTESIAN_POINT('',(-27.3736791112248,17.3518312966718,100.));
#14559=CARTESIAN_POINT('',(-29.4949994547844,19.4731516402315,100.));
#14560=CARTESIAN_POINT('',(-11.8736791112249,32.8518312966719,100.));
#14561=CARTESIAN_POINT('',(-27.2614986162062,43.9970101145338,100.));
#14562=CARTESIAN_POINT('',(-27.2614986162062,43.9970101145338,100.));
#14563=CARTESIAN_POINT('',(-29.4949994547846,46.2305109531123,100.));
#14564=CARTESIAN_POINT('',(-27.373679111225,48.3518312966719,100.));
#14565=CARTESIAN_POINT('',(-25.2523587676654,50.4731516402316,100.));
#14566=CARTESIAN_POINT('',(-23.0188579290869,48.2396508016531,100.));
#14567=CARTESIAN_POINT('',(-11.8736791112249,32.8518312966719,100.));
#14568=CARTESIAN_POINT('',(-0.728500293362806,48.239650801653,100.));
#14569=CARTESIAN_POINT('',(-0.728500293362838,48.239650801653,100.));
#14570=CARTESIAN_POINT('',(1.50500054521536,50.4731516402315,100.));
#14571=CARTESIAN_POINT('',(3.62632088877504,48.3518312966719,100.));
#14572=CARTESIAN_POINT('',(5.74764123233481,46.2305109531121,100.));
#14573=CARTESIAN_POINT('',(5.74764123233483,46.2305109531121,100.));
#14574=CARTESIAN_POINT('',(3.51414039375644,43.9970101145337,100.));
#14575=CARTESIAN_POINT('',(-11.8736791112249,32.8518312966719,100.));
#14576=CARTESIAN_POINT('',(-40.3736791112249,32.8518312966719,100.000000000364));
#14577=CARTESIAN_POINT('',(-40.3736791112249,32.8518312966719,99.4999999999777));
#14578=CARTESIAN_POINT('',(16.6263208887751,32.8518312966719,100.000000000364));
#14579=CARTESIAN_POINT('',(16.6263208887751,32.8518312966719,99.4999999999777));
#14580=CARTESIAN_POINT('',(28.1263208887751,-7.14816870332815,99.5));
#14581=CARTESIAN_POINT('',(-51.3736791112249,-6.64816870332815,100.));
#14582=CARTESIAN_POINT('',(-51.6236791112249,-6.89816870332815,99.75));
#14583=CARTESIAN_POINT('',(-51.6236791112249,-6.89816870332815,99.75));
#14584=CARTESIAN_POINT('',(-51.3736791112249,-7.14816870332815,99.5));
#14585=CARTESIAN_POINT('',(28.1263208887751,-7.14816870332815,99.5));
#14586=CARTESIAN_POINT('',(27.6263208887751,-7.14816870332815,99.5));
#14587=CARTESIAN_POINT('',(27.6263208887751,-7.14816870332815,99.5));
#14588=CARTESIAN_POINT('',(27.8763208887751,-6.89816870332815,99.75));
#14589=CARTESIAN_POINT('',(27.8763208887751,-6.89816870332815,99.75));
#14590=CARTESIAN_POINT('',(-51.8736791112249,-7.14816870332815,99.5));
#14591=CARTESIAN_POINT('',(-51.3736791112249,60.3518312966718,100.));
#14592=CARTESIAN_POINT('',(-51.6236791112249,60.6018312966718,99.75));
#14593=CARTESIAN_POINT('',(-51.6236791112249,60.6018312966718,99.75));
#14594=CARTESIAN_POINT('',(-51.8736791112249,60.3518312966718,99.5));
#14595=CARTESIAN_POINT('',(-51.8736791112249,-7.14816870332815,99.5));
#14596=CARTESIAN_POINT('',(-51.8736791112249,-6.64816870332815,99.5));
#14597=CARTESIAN_POINT('',(-51.8736791112249,-6.64816870332815,99.5));
#14598=CARTESIAN_POINT('',(28.1263208887751,60.8518312966718,99.5));
#14599=CARTESIAN_POINT('',(27.6263208887751,60.3518312966718,100.));
#14600=CARTESIAN_POINT('',(27.8763208887751,60.6018312966718,99.75));
#14601=CARTESIAN_POINT('',(27.8763208887751,60.6018312966718,99.75));
#14602=CARTESIAN_POINT('',(27.6263208887751,60.8518312966718,99.5));
#14603=CARTESIAN_POINT('',(28.1263208887751,60.8518312966718,99.5));
#14604=CARTESIAN_POINT('',(-51.3736791112249,60.8518312966718,99.5));
#14605=CARTESIAN_POINT('',(-51.3736791112249,60.8518312966718,99.5));
#14606=CARTESIAN_POINT('',(28.1263208887751,-7.14816870332815,99.5));
#14607=CARTESIAN_POINT('',(27.8763208887751,-6.89816870332815,99.75));
#14608=CARTESIAN_POINT('',(28.1263208887751,-6.64816870332815,99.5));
#14609=CARTESIAN_POINT('',(28.1263208887751,-7.14816870332815,99.5));
#14610=CARTESIAN_POINT('',(28.1263208887751,60.3518312966718,99.5));
#14611=CARTESIAN_POINT('',(28.1263208887751,60.3518312966718,99.5));
#14612=CARTESIAN_POINT('',(-35.5617562809742,9.16375412692245,88.));
#14613=CARTESIAN_POINT('',(-35.5617562809742,9.16375412692245,88.));
#14614=CARTESIAN_POINT('',(11.8143980585244,56.5399084664212,88.));
#14615=CARTESIAN_POINT('',(11.8143980585244,56.5399084664212,88.));
#14616=CARTESIAN_POINT('',(11.8143980585244,9.16375412692245,88.));
#14617=CARTESIAN_POINT('',(11.8143980585244,9.16375412692245,88.));
#14618=CARTESIAN_POINT('',(-35.5617562809742,56.5399084664212,88.));
#14619=CARTESIAN_POINT('',(-35.5617562809742,56.5399084664212,88.));
#14620=CARTESIAN_POINT('',(18.1263208887751,2.85183129667185,88.));
#14621=CARTESIAN_POINT('',(18.1263208887751,2.85183129667185,94.4));
#14622=CARTESIAN_POINT('',(-1.87316485831734,2.85183129667185,88.));
#14623=CARTESIAN_POINT('',(-1.87316485831734,2.85183129667185,94.4));
#14624=CARTESIAN_POINT('',(-21.8779077318634,2.85183129667185,88.));
#14625=CARTESIAN_POINT('',(-21.8779077318634,2.85183129667185,94.4));
#14626=CARTESIAN_POINT('',(-41.8773934789558,2.85183129667185,88.));
#14627=CARTESIAN_POINT('',(-41.8773934789558,2.85183129667185,94.4));
#14628=CARTESIAN_POINT('',(3.62632088877515,17.3518312966718,100.));
#14629=CARTESIAN_POINT('',(3.62632088877515,17.3518312966718,96.));
#14630=CARTESIAN_POINT('',(1.50500054521551,15.2305109531122,96.));
#14631=CARTESIAN_POINT('',(5.74764123233478,19.4731516402314,96.));
#14632=CARTESIAN_POINT('',(1.50500054521552,15.2305109531121,100.));
#14633=CARTESIAN_POINT('',(5.74764123233479,19.4731516402314,100.));
#14634=CARTESIAN_POINT('',(-25.2523587676654,50.4731516402316,96.));
#14635=CARTESIAN_POINT('',(-25.2523587676654,50.4731516402316,96.));
#14636=CARTESIAN_POINT('',(-11.8736791112249,32.8518312966719,88.));
#14637=CARTESIAN_POINT('',(-11.8736791112249,32.8518312966719,89.));
#14638=CARTESIAN_POINT('',(3.51414039375644,43.9970101145337,88.));
#14639=CARTESIAN_POINT('',(3.51414039375642,43.9970101145337,96.));
#14640=CARTESIAN_POINT('',(-11.8736791112249,32.8518312966719,96.));
#14641=CARTESIAN_POINT('',(-0.728500293362781,48.239650801653,96.));
#14642=CARTESIAN_POINT('',(-0.72850029336281,48.239650801653,88.));
#14643=CARTESIAN_POINT('',(-23.0188579290869,48.2396508016531,88.));
#14644=CARTESIAN_POINT('',(-23.0188579290869,48.2396508016531,96.));
#14645=CARTESIAN_POINT('',(-11.8736791112249,32.8518312966719,96.));
#14646=CARTESIAN_POINT('',(-27.2614986162062,43.9970101145338,96.));
#14647=CARTESIAN_POINT('',(-27.2614986162062,43.9970101145338,88.));
#14648=CARTESIAN_POINT('',(-25.2523587676652,15.2305109531122,96.));
#14649=CARTESIAN_POINT('',(5.74764123233479,46.2305109531121,96.));
#14650=CARTESIAN_POINT('',(5.74764123233479,46.2305109531121,96.));
#14651=CARTESIAN_POINT('',(-25.2523587676652,15.2305109531122,96.));
#14652=CARTESIAN_POINT('',(3.62632088877504,48.3518312966719,100.));
#14653=CARTESIAN_POINT('',(3.62632088877504,48.3518312966719,96.));
#14654=CARTESIAN_POINT('',(1.5050005452155,50.4731516402314,96.));
#14655=CARTESIAN_POINT('',(1.5050005452154,50.4731516402315,100.));
#14656=CARTESIAN_POINT('',(-29.4949994547844,19.4731516402314,96.));
#14657=CARTESIAN_POINT('',(-29.4949994547844,19.4731516402314,96.));
#14658=CARTESIAN_POINT('',(-25.2523587676654,50.4731516402316,96.));
#14659=CARTESIAN_POINT('',(-25.2523587676654,50.4731516402316,96.));
#14660=CARTESIAN_POINT('',(-27.373679111225,48.3518312966719,100.));
#14661=CARTESIAN_POINT('',(-29.4949994547846,46.2305109531123,100.));
#14662=CARTESIAN_POINT('',(-29.4949994547846,46.2305109531123,96.));
#14663=CARTESIAN_POINT('',(-27.373679111225,48.3518312966719,96.));
#14664=CARTESIAN_POINT('',(-29.4949994547846,46.2305109531123,96.));
#14665=CARTESIAN_POINT('',(-29.4949994547846,46.2305109531123,96.));
#14666=CARTESIAN_POINT('',(-29.4949994547844,19.4731516402314,96.));
#14667=CARTESIAN_POINT('',(-29.4949994547844,19.4731516402314,96.));
#14668=CARTESIAN_POINT('',(-27.3736791112248,17.3518312966718,100.));
#14669=CARTESIAN_POINT('',(-25.2523587676652,15.2305109531122,100.));
#14670=CARTESIAN_POINT('',(-25.2523587676652,15.2305109531122,96.));
#14671=CARTESIAN_POINT('',(-27.3736791112248,17.3518312966718,96.));
#14672=CARTESIAN_POINT('',(-25.2523587676652,15.2305109531122,96.));
#14673=CARTESIAN_POINT('',(-25.2523587676652,15.2305109531122,96.));
#14674=CARTESIAN_POINT('',(-29.4949994547846,46.2305109531123,96.));
#14675=CARTESIAN_POINT('',(-29.4949994547846,46.2305109531123,96.));
#14676=CARTESIAN_POINT('',(-40.3736791112249,32.8518312966719,94.));
#14677=CARTESIAN_POINT('',(-40.3736791112249,32.8518312966719,94.));
#14678=CARTESIAN_POINT('',(16.6263208887751,32.8518312966719,94.));
#14679=CARTESIAN_POINT('',(16.6263208887751,32.8518312966719,94.));
#14680=CARTESIAN_POINT('',(28.1263208887751,-7.14816870332815,88.));
#14681=CARTESIAN_POINT('',(27.6263208887751,-7.14816870332815,88.));
#14682=CARTESIAN_POINT('',(27.6263208887751,-7.14816870332815,88.5));
#14683=CARTESIAN_POINT('',(-51.3736791112249,-7.14816870332815,88.));
#14684=CARTESIAN_POINT('',(-51.3736791112249,-7.14816870332815,88.5));
#14685=CARTESIAN_POINT('',(28.1263208887751,-7.14816870332815,88.5));
#14686=CARTESIAN_POINT('',(-51.8736791112249,-7.14816870332815,88.));
#14687=CARTESIAN_POINT('',(-51.8736791112249,-6.64816870332815,88.));
#14688=CARTESIAN_POINT('',(-51.8736791112249,-6.64816870332815,88.5));
#14689=CARTESIAN_POINT('',(-51.8736791112249,60.3518312966718,88.));
#14690=CARTESIAN_POINT('',(-51.8736791112249,60.3518312966718,88.5));
#14691=CARTESIAN_POINT('',(-51.8736791112249,-7.14816870332815,88.5));
#14692=CARTESIAN_POINT('',(28.1263208887751,60.8518312966718,88.));
#14693=CARTESIAN_POINT('',(-51.3736791112249,60.8518312966718,88.));
#14694=CARTESIAN_POINT('',(-51.3736791112249,60.8518312966718,88.5));
#14695=CARTESIAN_POINT('',(27.6263208887751,60.8518312966718,88.));
#14696=CARTESIAN_POINT('',(27.6263208887751,60.8518312966718,88.5));
#14697=CARTESIAN_POINT('',(28.1263208887751,60.8518312966718,88.5));
#14698=CARTESIAN_POINT('',(28.1263208887751,-7.14816870332815,88.));
#14699=CARTESIAN_POINT('',(28.1263208887751,-6.64816870332815,88.));
#14700=CARTESIAN_POINT('',(28.1263208887751,-6.64816870332816,88.5));
#14701=CARTESIAN_POINT('',(28.1263208887751,-7.14816870332815,88.5));
#14702=CARTESIAN_POINT('',(28.1263208887751,60.3518312966718,88.5));
#14703=CARTESIAN_POINT('',(28.1263208887751,60.3518312966718,88.));
#14704=CARTESIAN_POINT('',(-11.8736791112249,26.8518312966719,88.));
#14705=CARTESIAN_POINT('',(-11.8736791112249,-6.64816870332815,88.));
#14706=CARTESIAN_POINT('',(-51.3736791112249,-6.64816870332816,88.));
#14707=CARTESIAN_POINT('',(27.6263208887751,-6.64816870332815,88.));
#14708=CARTESIAN_POINT('',(-51.3736791112249,26.8518312966719,88.));
#14709=CARTESIAN_POINT('',(-51.3736791112249,60.3518312966718,88.));
#14710=CARTESIAN_POINT('',(-11.8736791112249,60.3518312966718,88.));
#14711=CARTESIAN_POINT('',(27.6263208887751,60.3518312966718,88.));
#14712=CARTESIAN_POINT('',(27.6263208887751,26.8518312966719,88.));
#14713=CARTESIAN_POINT('',(18.1263208887751,2.85183129667185,88.));
#14714=CARTESIAN_POINT('',(-1.87316485831734,2.85183129667185,88.));
#14715=CARTESIAN_POINT('',(-21.8779077318634,2.85183129667185,88.));
#14716=CARTESIAN_POINT('',(-41.8773934789558,2.85183129667185,88.));
#14717=CARTESIAN_POINT('',(-30.1236791112249,14.6018312966719,88.));
#14718=CARTESIAN_POINT('',(-30.1236791112249,11.6018312966719,88.));
#14719=CARTESIAN_POINT('',(-33.1236791112249,14.6018312966719,88.));
#14720=CARTESIAN_POINT('',(-11.8736791112249,11.6018312966719,88.));
#14721=CARTESIAN_POINT('',(6.3763208887751,11.6018312966719,88.));
#14722=CARTESIAN_POINT('',(6.3763208887751,14.6018312966719,88.));
#14723=CARTESIAN_POINT('',(9.3763208887751,14.6018312966719,88.));
#14724=CARTESIAN_POINT('',(9.3763208887751,26.8518312966719,88.));
#14725=CARTESIAN_POINT('',(9.3763208887751,51.1018312966719,88.));
#14726=CARTESIAN_POINT('',(6.3763208887751,51.1018312966719,88.));
#14727=CARTESIAN_POINT('',(6.3763208887751,54.1018312966719,88.));
#14728=CARTESIAN_POINT('',(-11.8736791112249,54.1018312966719,88.));
#14729=CARTESIAN_POINT('',(-30.1236791112249,54.1018312966719,88.));
#14730=CARTESIAN_POINT('',(-30.1236791112249,51.1018312966719,88.));
#14731=CARTESIAN_POINT('',(-33.1236791112249,51.1018312966719,88.));
#14732=CARTESIAN_POINT('',(-33.1236791112249,26.8518312966719,88.));
#14733=CARTESIAN_POINT('',(14.8263208887751,2.85183129667185,94.4));
#14734=CARTESIAN_POINT('',(18.1263208887751,2.85183129667185,94.4));
#14735=CARTESIAN_POINT('',(-5.17316485831734,2.85183129667185,94.4));
#14736=CARTESIAN_POINT('',(-1.87316485831734,2.85183129667185,94.4));
#14737=CARTESIAN_POINT('',(-25.1779077318634,2.85183129667185,94.4));
#14738=CARTESIAN_POINT('',(-21.8779077318634,2.85183129667185,94.4));
#14739=CARTESIAN_POINT('',(-45.1773934789558,2.85183129667185,94.4));
#14740=CARTESIAN_POINT('',(-41.8773934789558,2.85183129667185,94.4));
#14741=CARTESIAN_POINT('',(3.62632088877515,17.3518312966718,96.));
#14742=CARTESIAN_POINT('',(3.62632088877515,17.3518312966718,96.));
#14743=CARTESIAN_POINT('',(3.62632088877504,48.3518312966719,96.));
#14744=CARTESIAN_POINT('',(3.62632088877504,48.3518312966719,96.));
#14745=CARTESIAN_POINT('',(-27.373679111225,48.3518312966719,96.));
#14746=CARTESIAN_POINT('',(-27.373679111225,48.3518312966719,96.));
#14747=CARTESIAN_POINT('',(-27.3736791112248,17.3518312966718,96.));
#14748=CARTESIAN_POINT('',(-27.3736791112248,17.3518312966718,96.));
#14749=CARTESIAN_POINT('',(-11.8736791112249,26.8518312966719,89.));
#14750=CARTESIAN_POINT('',(6.3763208887751,51.1018312966719,89.));
#14751=CARTESIAN_POINT('',(9.3763208887751,51.1018312966719,89.));
#14752=CARTESIAN_POINT('',(6.3763208887751,54.1018312966719,89.));
#14753=CARTESIAN_POINT('',(9.3763208887751,26.8518312966719,89.));
#14754=CARTESIAN_POINT('',(9.3763208887751,14.6018312966719,89.));
#14755=CARTESIAN_POINT('',(6.3763208887751,14.6018312966719,89.));
#14756=CARTESIAN_POINT('',(6.3763208887751,11.6018312966719,89.));
#14757=CARTESIAN_POINT('',(-11.8736791112249,11.6018312966719,89.));
#14758=CARTESIAN_POINT('',(-30.1236791112249,11.6018312966719,89.));
#14759=CARTESIAN_POINT('',(-30.1236791112249,14.6018312966719,89.));
#14760=CARTESIAN_POINT('',(-33.1236791112249,14.6018312966719,89.));
#14761=CARTESIAN_POINT('',(-33.1236791112249,26.8518312966719,89.));
#14762=CARTESIAN_POINT('',(-33.1236791112249,51.1018312966719,89.));
#14763=CARTESIAN_POINT('',(-30.1236791112249,51.1018312966719,89.));
#14764=CARTESIAN_POINT('',(-30.1236791112249,54.1018312966719,89.));
#14765=CARTESIAN_POINT('',(-11.8736791112249,54.1018312966719,89.));
#14766=CARTESIAN_POINT('',(-27.373679111225,48.3518312966719,89.));
#14767=CARTESIAN_POINT('',(-27.3736791112248,17.3518312966718,89.));
#14768=CARTESIAN_POINT('',(3.62632088877515,17.3518312966718,89.));
#14769=CARTESIAN_POINT('',(3.62632088877504,48.3518312966719,89.));
#14770=CARTESIAN_POINT('',(-40.3736791112249,32.8518312966719,94.));
#14771=CARTESIAN_POINT('',(16.6263208887751,32.8518312966719,94.));
#14772=CARTESIAN_POINT('',(-11.8736791112249,-6.64816870332815,88.));
#14773=CARTESIAN_POINT('',(27.6263208887751,-7.14816870332815,88.5));
#14774=CARTESIAN_POINT('',(27.8763208887751,-6.89816870332815,88.25));
#14775=CARTESIAN_POINT('',(-51.6236791112249,-6.89816870332815,88.25));
#14776=CARTESIAN_POINT('',(-51.6236791112249,-6.89816870332816,88.25));
#14777=CARTESIAN_POINT('',(-51.3736791112249,-6.64816870332815,88.));
#14778=CARTESIAN_POINT('',(27.8763208887751,-6.89816870332815,88.25));
#14779=CARTESIAN_POINT('',(27.6263208887751,-7.14816870332815,88.));
#14780=CARTESIAN_POINT('',(28.1263208887751,-6.64816870332815,88.5));
#14781=CARTESIAN_POINT('',(-51.8736791112249,-6.64816870332815,88.));
#14782=CARTESIAN_POINT('',(-51.6236791112249,-6.89816870332815,88.25));
#14783=CARTESIAN_POINT('',(-51.3736791112249,26.8518312966719,88.));
#14784=CARTESIAN_POINT('',(-51.6236791112249,60.6018312966718,88.25));
#14785=CARTESIAN_POINT('',(-51.6236791112249,60.6018312966718,88.25));
#14786=CARTESIAN_POINT('',(-51.3736791112249,60.3518312966718,88.));
#14787=CARTESIAN_POINT('',(-51.3736791112249,60.8518312966718,88.));
#14788=CARTESIAN_POINT('',(-51.6236791112249,60.6018312966718,88.25));
#14789=CARTESIAN_POINT('',(-11.8736791112249,60.3518312966718,88.));
#14790=CARTESIAN_POINT('',(27.8763208887751,60.6018312966718,88.25));
#14791=CARTESIAN_POINT('',(27.8763208887751,60.6018312966718,88.25));
#14792=CARTESIAN_POINT('',(27.6263208887751,60.3518312966718,88.));
#14793=CARTESIAN_POINT('',(28.1263208887751,60.3518312966718,88.));
#14794=CARTESIAN_POINT('',(27.8763208887751,60.6018312966718,88.25));
#14795=CARTESIAN_POINT('',(27.6263208887751,26.8518312966719,88.));
#14796=CARTESIAN_POINT('',(18.1263208887751,2.85183129667185,88.));
#14797=CARTESIAN_POINT('',(-1.87316485831734,2.85183129667185,88.));
#14798=CARTESIAN_POINT('',(-21.8779077318634,2.85183129667185,88.));
#14799=CARTESIAN_POINT('',(-41.8773934789558,2.85183129667185,88.));
#14800=CARTESIAN_POINT('',(-33.1236791112249,32.8518312966719,88.));
#14801=CARTESIAN_POINT('',(-33.1236791112249,14.6018312966719,88.));
#14802=CARTESIAN_POINT('',(-33.1236791112249,51.1018312966719,88.));
#14803=CARTESIAN_POINT('',(-30.1236791112249,14.6018312966719,88.));
#14804=CARTESIAN_POINT('',(-30.1236791112249,11.6018312966719,88.));
#14805=CARTESIAN_POINT('',(-11.8736791112249,11.6018312966719,88.));
#14806=CARTESIAN_POINT('',(6.3763208887751,11.6018312966719,88.));
#14807=CARTESIAN_POINT('',(6.3763208887751,14.6018312966719,88.));
#14808=CARTESIAN_POINT('',(9.3763208887751,14.6018312966719,88.));
#14809=CARTESIAN_POINT('',(9.3763208887751,32.8518312966719,88.));
#14810=CARTESIAN_POINT('',(9.3763208887751,51.1018312966719,88.));
#14811=CARTESIAN_POINT('',(6.3763208887751,51.1018312966719,88.));
#14812=CARTESIAN_POINT('',(6.3763208887751,54.1018312966719,88.));
#14813=CARTESIAN_POINT('',(-11.8736791112249,54.1018312966719,88.));
#14814=CARTESIAN_POINT('',(-30.1236791112249,54.1018312966719,88.));
#14815=CARTESIAN_POINT('',(-30.1236791112249,51.1018312966719,88.));
#14816=CARTESIAN_POINT('',(3.62632088877515,17.3518312966718,88.));
#14817=CARTESIAN_POINT('',(3.62632088877504,48.3518312966719,88.));
#14818=CARTESIAN_POINT('',(-27.373679111225,48.3518312966719,88.));
#14819=CARTESIAN_POINT('',(-27.3736791112248,17.3518312966718,88.));
#14820=CARTESIAN_POINT('',(16.6263208887757,32.8518312966714,190.499999999551));
#14821=CARTESIAN_POINT('',(16.6263208887757,32.8518312966714,191.));
#14822=CARTESIAN_POINT('',(27.1263208887757,32.8518312966714,191.));
#14823=CARTESIAN_POINT('',(6.12632088877567,32.8518312966714,191.));
#14824=CARTESIAN_POINT('',(27.626320888327,32.8518312966714,190.499999999551));
#14825=CARTESIAN_POINT('',(27.6263208887757,32.8518312966714,190.499999999776));
#14826=CARTESIAN_POINT('',(16.6263208887757,32.8518312966714,190.499999999551));
#14827=CARTESIAN_POINT('',(5.62632088922441,32.8518312966714,190.499999999551));
#14828=CARTESIAN_POINT('',(5.62632088922439,32.8518312966714,190.499999999551));
#14829=CARTESIAN_POINT('',(-40.3736791112243,32.8518312966714,190.499999999551));
#14830=CARTESIAN_POINT('',(-40.3736791112243,32.8518312966714,191.));
#14831=CARTESIAN_POINT('',(-29.8736791112243,32.8518312966714,191.));
#14832=CARTESIAN_POINT('',(-50.8736791112243,32.8518312966714,191.));
#14833=CARTESIAN_POINT('',(-29.3736791116731,32.8518312966714,190.499999999551));
#14834=CARTESIAN_POINT('',(-29.3736791121218,32.8518312966714,190.5));
#14835=CARTESIAN_POINT('',(-40.3736791112244,32.8518312966714,190.5));
#14836=CARTESIAN_POINT('',(-51.3736791103269,32.8518312966714,190.5));
#14837=CARTESIAN_POINT('',(-51.3736791107756,32.8518312966714,190.499999999551));
#14838=CARTESIAN_POINT('',(-22.8736791112243,43.8518312966715,190.499999999599));
#14839=CARTESIAN_POINT('',(-22.8736791112243,43.8518312966715,190.999999999928));
#14840=CARTESIAN_POINT('',(-26.4736791112075,43.8518312966715,190.999999999928));
#14841=CARTESIAN_POINT('',(-19.2848827110773,44.1356276972232,191.000000000132));
#14842=CARTESIAN_POINT('',(-26.9736791106841,43.8518312966715,190.499999999599));
#14843=CARTESIAN_POINT('',(-26.9736791107978,43.8518312966715,190.499999999485));
#14844=CARTESIAN_POINT('',(-22.8736791112243,43.8518312966715,190.499999999485));
#14845=CARTESIAN_POINT('',(-18.9228393109939,44.9476710973045,190.499999999612));
#14846=CARTESIAN_POINT('',(-18.9228393111388,44.94767109738,190.499999999602));
#14847=CARTESIAN_POINT('',(-19.0322839098543,44.6785799082796,190.67738510033));
#14848=CARTESIAN_POINT('',(-19.1514474881471,44.4081135055939,190.845499350035));
#14849=CARTESIAN_POINT('',(-19.284882711273,44.1356276974374,191.00000000033));
#14850=CARTESIAN_POINT('',(-11.8736791112243,32.8518312966714,190.5));
#14851=CARTESIAN_POINT('',(-11.8736791112243,32.8518312966714,191.000000000449));
#14852=CARTESIAN_POINT('',(-25.373679111673,32.8518312966714,191.000000000449));
#14853=CARTESIAN_POINT('',(-23.1574755118221,40.2630348963518,191.000000000227));
#14854=CARTESIAN_POINT('',(-25.8736791112243,32.8518312966714,190.5));
#14855=CARTESIAN_POINT('',(-25.8736791112244,32.8518312966714,190.5));
#14856=CARTESIAN_POINT('',(-11.8736791112243,32.8518312966714,190.5));
#14857=CARTESIAN_POINT('',(-23.9695189118604,39.9009914964398,190.49999999961));
#14858=CARTESIAN_POINT('',(-23.969518911939,39.9009914965834,190.499999999598));
#14859=CARTESIAN_POINT('',(-23.700427722851,40.0104360952937,190.677385100318));
#14860=CARTESIAN_POINT('',(-23.4299613200908,40.1295996736202,190.845499350068));
#14861=CARTESIAN_POINT('',(-23.1574755119468,40.2630348967414,191.000000000355));
#14862=CARTESIAN_POINT('',(-22.8736791112243,21.8518312966715,190.499999999485));
#14863=CARTESIAN_POINT('',(-22.8736791112243,21.8518312966715,191.000000000042));
#14864=CARTESIAN_POINT('',(-26.4736791111593,21.8518312966715,191.000000000042));
#14865=CARTESIAN_POINT('',(-23.1574755117713,25.4406276968189,191.000000000161));
#14866=CARTESIAN_POINT('',(-26.9736791108064,21.8518312966715,190.499999999485));
#14867=CARTESIAN_POINT('',(-26.9736791107496,21.8518312966715,190.499999999542));
#14868=CARTESIAN_POINT('',(-22.8736791112243,21.8518312966715,190.499999999542));
#14869=CARTESIAN_POINT('',(-23.9695189118311,25.8026710968777,190.499999999647));
#14870=CARTESIAN_POINT('',(-23.9695189119098,25.8026710967536,190.499999999631));
#14871=CARTESIAN_POINT('',(-23.700427722817,25.6932264980405,190.677385100353));
#14872=CARTESIAN_POINT('',(-23.4299613201282,25.5740629197456,190.845499350049));
#14873=CARTESIAN_POINT('',(-23.1574755119797,25.4406276966232,191.000000000339));
#14874=CARTESIAN_POINT('',(28.1263208892148,45.8518312966715,200.5));
#14875=CARTESIAN_POINT('',(27.626320888715,45.8518312966715,200.5));
#14876=CARTESIAN_POINT('',(27.626320888715,45.8518312966715,202.150000000027));
#14877=CARTESIAN_POINT('',(27.626320888715,45.8518312966715,198.849999999972));
#14878=CARTESIAN_POINT('',(28.1263208892148,45.8518312966715,202.649999999561));
#14879=CARTESIAN_POINT('',(28.1263208892148,45.8518312966715,202.649999999561));
#14880=CARTESIAN_POINT('',(28.1263208892148,45.8518312966715,200.5));
#14881=CARTESIAN_POINT('',(28.1263208892148,45.8518312966715,198.350000000439));
#14882=CARTESIAN_POINT('',(28.1263208892148,45.8518312966715,198.350000000439));
#14883=CARTESIAN_POINT('',(28.1263208892148,45.8518312966715,230.5));
#14884=CARTESIAN_POINT('',(27.626320888715,45.8518312966715,230.5));
#14885=CARTESIAN_POINT('',(27.626320888715,45.8518312966715,232.150000000027));
#14886=CARTESIAN_POINT('',(27.626320888715,45.8518312966715,228.849999999972));
#14887=CARTESIAN_POINT('',(28.1263208892148,45.8518312966715,232.649999999561));
#14888=CARTESIAN_POINT('',(28.1263208892148,45.8518312966715,232.649999999561));
#14889=CARTESIAN_POINT('',(28.1263208892148,45.8518312966715,230.5));
#14890=CARTESIAN_POINT('',(28.1263208892148,45.8518312966715,228.350000000439));
#14891=CARTESIAN_POINT('',(28.1263208892148,45.8518312966715,228.350000000439));
#14892=CARTESIAN_POINT('',(-11.8736791112243,32.8518312966714,240.5));
#14893=CARTESIAN_POINT('',(-11.8736791112243,32.8518312966714,239.999999999551));
#14894=CARTESIAN_POINT('',(-20.8736791116731,32.8518312966714,239.999999999551));
#14895=CARTESIAN_POINT('',(-2.87367911077559,32.8518312966714,239.999999999551));
#14896=CARTESIAN_POINT('',(-21.3736791112243,32.8518312966714,240.5));
#14897=CARTESIAN_POINT('',(-21.3736791112243,32.8518312966714,240.5));
#14898=CARTESIAN_POINT('',(-11.8736791112243,32.8518312966714,240.5));
#14899=CARTESIAN_POINT('',(-2.3736791112243,32.8518312966714,240.5));
#14900=CARTESIAN_POINT('',(-2.37367911122433,32.8518312966714,240.5));
#14901=CARTESIAN_POINT('',(16.6263208887757,32.8518312966714,240.5));
#14902=CARTESIAN_POINT('',(16.6263208887757,32.8518312966714,239.999999999551));
#14903=CARTESIAN_POINT('',(8.62632088832695,32.8518312966714,239.999999999551));
#14904=CARTESIAN_POINT('',(24.6263208892244,32.8518312966714,239.999999999551));
#14905=CARTESIAN_POINT('',(8.12632088877567,32.8518312966714,240.5));
#14906=CARTESIAN_POINT('',(8.1263208887757,32.8518312966714,240.5));
#14907=CARTESIAN_POINT('',(16.6263208887757,32.8518312966714,240.5));
#14908=CARTESIAN_POINT('',(25.1263208887757,32.8518312966714,240.5));
#14909=CARTESIAN_POINT('',(25.1263208887757,32.8518312966714,240.5));
#14910=CARTESIAN_POINT('',(-40.3736791112243,32.8518312966714,240.5));
#14911=CARTESIAN_POINT('',(-40.3736791112243,32.8518312966714,239.999999999551));
#14912=CARTESIAN_POINT('',(-48.3736791116731,32.8518312966714,239.999999999551));
#14913=CARTESIAN_POINT('',(-32.3736791107756,32.8518312966714,239.999999999551));
#14914=CARTESIAN_POINT('',(-48.8736791112243,32.8518312966714,240.5));
#14915=CARTESIAN_POINT('',(-48.8736791112243,32.8518312966714,240.5));
#14916=CARTESIAN_POINT('',(-40.3736791112243,32.8518312966714,240.5));
#14917=CARTESIAN_POINT('',(-31.8736791112243,32.8518312966714,240.5));
#14918=CARTESIAN_POINT('',(-31.8736791112243,32.8518312966714,240.5));
#14919=CARTESIAN_POINT('',(-51.8736791115651,45.8518312966715,200.5));
#14920=CARTESIAN_POINT('',(-51.3736791111791,45.8518312966715,200.5));
#14921=CARTESIAN_POINT('',(-51.3736791111791,45.8518312966715,198.850000000003));
#14922=CARTESIAN_POINT('',(-51.3736791111791,45.8518312966715,202.149999999997));
#14923=CARTESIAN_POINT('',(-51.8736791115651,45.8518312966715,198.350000000527));
#14924=CARTESIAN_POINT('',(-51.873679111622,45.8518312966715,198.35000000047));
#14925=CARTESIAN_POINT('',(-51.873679111622,45.8518312966715,200.5));
#14926=CARTESIAN_POINT('',(-51.873679111622,45.8518312966715,202.64999999953));
#14927=CARTESIAN_POINT('',(-51.8736791115651,45.8518312966715,202.649999999473));
#14928=CARTESIAN_POINT('',(-51.873679111622,45.8518312966715,230.5));
#14929=CARTESIAN_POINT('',(-51.3736791112359,45.8518312966715,230.5));
#14930=CARTESIAN_POINT('',(-51.3736791112359,45.8518312966715,228.850000000003));
#14931=CARTESIAN_POINT('',(-51.3736791112359,45.8518312966715,232.149999999997));
#14932=CARTESIAN_POINT('',(-51.873679111622,45.8518312966715,228.350000000527));
#14933=CARTESIAN_POINT('',(-51.8736791116788,45.8518312966715,228.35000000047));
#14934=CARTESIAN_POINT('',(-51.8736791116788,45.8518312966715,230.5));
#14935=CARTESIAN_POINT('',(-51.8736791116788,45.8518312966715,232.64999999953));
#14936=CARTESIAN_POINT('',(-51.873679111622,45.8518312966715,232.649999999473));
#14937=CARTESIAN_POINT('',(18.1263208887757,50.8518312966715,200.5));
#14938=CARTESIAN_POINT('',(18.1263208887757,43.2441361420847,198.4));
#14939=CARTESIAN_POINT('',(17.4113345169972,43.347335535638,198.4));
#14940=CARTESIAN_POINT('',(16.7158202251529,43.3582697904562,198.784709357214));
#14941=CARTESIAN_POINT('',(16.3374665067758,43.3478573611398,199.4));
#14942=CARTESIAN_POINT('',(18.1263208887757,43.2441361420847,198.4));
#14943=CARTESIAN_POINT('',(16.3374665067759,43.3478573611398,199.4));
#14944=CARTESIAN_POINT('',(18.1263208887757,50.8518312966715,198.4));
#14945=CARTESIAN_POINT('',(18.1263208887757,49.8518312966715,198.4));
#14946=CARTESIAN_POINT('',(18.1263208887757,49.8518312966715,200.5));
#14947=CARTESIAN_POINT('',(18.1263208887757,49.8518312966715,202.6));
#14948=CARTESIAN_POINT('',(18.1263208887757,50.8518312966715,202.6));
#14949=CARTESIAN_POINT('',(18.1263208887757,43.2441361420847,202.6));
#14950=CARTESIAN_POINT('',(16.0263208887757,43.3346744224651,200.5));
#14951=CARTESIAN_POINT('',(16.0263208887757,43.3346744224651,201.055510316597));
#14952=CARTESIAN_POINT('',(16.4838295298156,43.3745504559335,202.144526454095));
#14953=CARTESIAN_POINT('',(17.5764768976401,43.3234992861583,202.6));
#14954=CARTESIAN_POINT('',(18.1263208887757,43.2441361420847,202.6));
#14955=CARTESIAN_POINT('',(16.0263208887757,43.3346744224651,200.5));
#14956=CARTESIAN_POINT('',(16.0263208887757,32.8518312966714,200.5));
#14957=CARTESIAN_POINT('',(16.0263208887757,43.8354554708682,200.5));
#14958=CARTESIAN_POINT('',(16.0263208887757,43.8354554708682,200.5));
#14959=CARTESIAN_POINT('',(16.0263208887757,43.8354554708682,200.111204319182));
#14960=CARTESIAN_POINT('',(16.1338340826066,43.8426889303183,199.731153412993));
#14961=CARTESIAN_POINT('',(16.3374665067758,43.8480380583689,199.4));
#14962=CARTESIAN_POINT('',(16.3374665067759,43.8480380583689,199.4));
#14963=CARTESIAN_POINT('',(16.3374665067759,32.8518312966714,199.4));
#14964=CARTESIAN_POINT('',(-41.8736791112243,50.8518312966715,200.5));
#14965=CARTESIAN_POINT('',(-43.172717216901,45.8518312966715,202.15));
#14966=CARTESIAN_POINT('',(-43.172717216901,45.6207592637682,202.15));
#14967=CARTESIAN_POINT('',(-43.3047816788735,45.1812500501592,202.051357879669));
#14968=CARTESIAN_POINT('',(-43.6199463460018,44.6719605256201,201.706004558716));
#14969=CARTESIAN_POINT('',(-43.8937568212371,44.3017733147372,201.184701950574));
#14970=CARTESIAN_POINT('',(-44.0131994826949,44.1524234345002,200.501386819655));
#14971=CARTESIAN_POINT('',(-43.8955153630883,44.2995265210529,199.820461347483));
#14972=CARTESIAN_POINT('',(-43.6208070985693,44.6705453279877,199.294589458863));
#14973=CARTESIAN_POINT('',(-43.3046093956822,45.1815971379168,198.948542758579));
#14974=CARTESIAN_POINT('',(-43.172717216901,45.6205067584637,198.85));
#14975=CARTESIAN_POINT('',(-43.172717216901,45.8518312966715,198.85));
#14976=CARTESIAN_POINT('',(-43.172717216901,45.8518312966715,202.15));
#14977=CARTESIAN_POINT('',(-43.172717216901,45.8518312966715,198.85));
#14978=CARTESIAN_POINT('',(-43.172717216901,45.8518312966715,198.85));
#14979=CARTESIAN_POINT('',(-43.172717216901,46.0829033295747,198.85));
#14980=CARTESIAN_POINT('',(-43.3047816788736,46.5224125431837,198.948642120331));
#14981=CARTESIAN_POINT('',(-43.6199463460018,47.0317020677229,199.293995441284));
#14982=CARTESIAN_POINT('',(-43.8937568212371,47.4018892786057,199.815298049425));
#14983=CARTESIAN_POINT('',(-44.0131994826949,47.5512391588428,200.498613180345));
#14984=CARTESIAN_POINT('',(-43.8955153630883,47.4041360722901,201.179538652517));
#14985=CARTESIAN_POINT('',(-43.6208070985693,47.0331172653552,201.705410541137));
#14986=CARTESIAN_POINT('',(-43.3046093956822,46.5220654554261,202.051457241421));
#14987=CARTESIAN_POINT('',(-43.172717216901,46.0831558348793,202.15));
#14988=CARTESIAN_POINT('',(-43.172717216901,45.8518312966715,202.15));
#14989=CARTESIAN_POINT('',(-41.8736791112243,43.2441361420847,198.4));
#14990=CARTESIAN_POINT('',(-42.6006973950869,43.1392000916113,198.4));
#14991=CARTESIAN_POINT('',(-43.2834127449755,42.9485049186385,198.783461989262));
#14992=CARTESIAN_POINT('',(-43.6625334932242,42.8234629010781,199.4));
#14993=CARTESIAN_POINT('',(-41.8736791112243,43.2441361420847,198.4));
#14994=CARTESIAN_POINT('',(-43.6625334932242,42.8234629010781,199.4));
#14995=CARTESIAN_POINT('',(-41.8736791112243,50.8518312966715,198.4));
#14996=CARTESIAN_POINT('',(-41.8736791112243,49.8518312966715,198.4));
#14997=CARTESIAN_POINT('',(-41.8736791112243,49.8518312966715,200.5));
#14998=CARTESIAN_POINT('',(-41.8736791112243,49.8518312966715,202.6));
#14999=CARTESIAN_POINT('',(-41.8736791112243,50.8518312966715,202.6));
#15000=CARTESIAN_POINT('',(-41.8736791112243,43.2441361420847,202.6));
#15001=CARTESIAN_POINT('',(-43.9736791112243,42.7154006303356,200.5));
#15002=CARTESIAN_POINT('',(-43.9736791112243,42.7154006303356,201.062957902837));
#15003=CARTESIAN_POINT('',(-43.5043297607722,42.9008519529411,202.149121495511));
#15004=CARTESIAN_POINT('',(-42.4304927065071,43.1637670223035,202.6));
#15005=CARTESIAN_POINT('',(-41.8736791112242,43.2441361420847,202.6));
#15006=CARTESIAN_POINT('',(-43.9736791112243,42.7154006303356,200.5));
#15007=CARTESIAN_POINT('',(-43.9736791112243,32.8518312966714,200.5));
#15008=CARTESIAN_POINT('',(-43.9736791112243,43.2460604648205,200.5));
#15009=CARTESIAN_POINT('',(-43.9736791112243,43.2460604648205,200.5));
#15010=CARTESIAN_POINT('',(-43.9736791112243,43.2460604648205,200.109072105715));
#15011=CARTESIAN_POINT('',(-43.86451418998,43.2853767901409,199.728467322246));
#15012=CARTESIAN_POINT('',(-43.6625334932242,43.3486611444874,199.4));
#15013=CARTESIAN_POINT('',(-43.6625334932242,43.3486611444874,199.4));
#15014=CARTESIAN_POINT('',(-43.6625334932241,32.8518312966714,199.4));
#15015=CARTESIAN_POINT('',(18.1263208887757,50.8518312966715,230.5));
#15016=CARTESIAN_POINT('',(18.1263208887756,43.2441361420847,228.4));
#15017=CARTESIAN_POINT('',(17.5765657181987,43.323486466015,228.4));
#15018=CARTESIAN_POINT('',(16.4858931017217,43.3745534891502,228.853344262111));
#15019=CARTESIAN_POINT('',(16.0263208887757,43.3346744224651,229.944542174902));
#15020=CARTESIAN_POINT('',(16.0263208887757,43.3346744224651,230.5));
#15021=CARTESIAN_POINT('',(18.1263208887756,43.2441361420847,228.4));
#15022=CARTESIAN_POINT('',(16.0263208887757,43.3346744224651,230.5));
#15023=CARTESIAN_POINT('',(18.1263208887757,50.8518312966715,228.4));
#15024=CARTESIAN_POINT('',(18.1263208887757,49.8518312966715,228.4));
#15025=CARTESIAN_POINT('',(18.1263208887757,49.8518312966715,230.5));
#15026=CARTESIAN_POINT('',(18.1263208887757,49.8518312966715,232.6));
#15027=CARTESIAN_POINT('',(18.1263208887757,50.8518312966715,232.6));
#15028=CARTESIAN_POINT('',(18.1263208887757,40.7099481194223,232.6));
#15029=CARTESIAN_POINT('',(16.0263208887757,40.8292995667431,230.5));
#15030=CARTESIAN_POINT('',(16.0263208887757,40.8292995667431,231.056158886501));
#15031=CARTESIAN_POINT('',(16.4846552165399,40.8818551899827,232.146769458977));
#15032=CARTESIAN_POINT('',(17.5799729809044,40.814237974141,232.6));
#15033=CARTESIAN_POINT('',(18.1263208887757,40.7099481194223,232.6));
#15034=CARTESIAN_POINT('',(16.0263208887757,40.8292995667431,230.5));
#15035=CARTESIAN_POINT('',(16.0263208887757,50.8518312966715,230.5));
#15036=CARTESIAN_POINT('',(-41.8736791112243,50.8518312966715,230.5));
#15037=CARTESIAN_POINT('',(-43.172717216901,45.8518312966715,232.15));
#15038=CARTESIAN_POINT('',(-43.172717216901,45.6207592637682,232.15));
#15039=CARTESIAN_POINT('',(-43.3047816788736,45.1812500501592,232.051357879669));
#15040=CARTESIAN_POINT('',(-43.6199463460018,44.67196052562,231.706004558716));
#15041=CARTESIAN_POINT('',(-43.8937568212371,44.3017733147372,231.184701950575));
#15042=CARTESIAN_POINT('',(-44.0131994826949,44.1524234345001,230.501386819655));
#15043=CARTESIAN_POINT('',(-43.8955153630883,44.2995265210528,229.820461347483));
#15044=CARTESIAN_POINT('',(-43.6208070985693,44.6705453279877,229.294589458863));
#15045=CARTESIAN_POINT('',(-43.3046093956822,45.1815971379168,228.948542758579));
#15046=CARTESIAN_POINT('',(-43.172717216901,45.6205067584637,228.85));
#15047=CARTESIAN_POINT('',(-43.172717216901,45.8518312966715,228.85));
#15048=CARTESIAN_POINT('',(-43.172717216901,45.8518312966715,232.15));
#15049=CARTESIAN_POINT('',(-43.172717216901,45.8518312966715,228.85));
#15050=CARTESIAN_POINT('',(-43.172717216901,45.8518312966715,228.85));
#15051=CARTESIAN_POINT('',(-43.172717216901,46.0829033295747,228.85));
#15052=CARTESIAN_POINT('',(-43.3047816788735,46.5224125431837,228.948642120331));
#15053=CARTESIAN_POINT('',(-43.6199463460018,47.0317020677229,229.293995441284));
#15054=CARTESIAN_POINT('',(-43.8937568212371,47.4018892786057,229.815298049425));
#15055=CARTESIAN_POINT('',(-44.0131994826949,47.5512391588428,230.498613180345));
#15056=CARTESIAN_POINT('',(-43.8955153630883,47.4041360722901,231.179538652517));
#15057=CARTESIAN_POINT('',(-43.6208070985693,47.0331172653552,231.705410541137));
#15058=CARTESIAN_POINT('',(-43.3046093956822,46.5220654554261,232.051457241421));
#15059=CARTESIAN_POINT('',(-43.172717216901,46.0831558348793,232.15));
#15060=CARTESIAN_POINT('',(-43.172717216901,45.8518312966715,232.15));
#15061=CARTESIAN_POINT('',(-41.8736791112243,43.2441361420847,228.4));
#15062=CARTESIAN_POINT('',(-42.4307761922007,43.1637261046681,228.4));
#15063=CARTESIAN_POINT('',(-43.5028611789001,42.9012650145151,228.849690806914));
#15064=CARTESIAN_POINT('',(-43.9736791112243,42.7154006303356,229.936784166635));
#15065=CARTESIAN_POINT('',(-43.9736791112243,42.7154006303356,230.5));
#15066=CARTESIAN_POINT('',(-41.8736791112243,43.2441361420847,228.4));
#15067=CARTESIAN_POINT('',(-43.9736791112243,42.7154006303356,230.5));
#15068=CARTESIAN_POINT('',(-41.8736791112243,50.8518312966715,228.4));
#15069=CARTESIAN_POINT('',(-41.8736791112243,49.8518312966715,228.4));
#15070=CARTESIAN_POINT('',(-41.8736791112243,49.8518312966715,230.5));
#15071=CARTESIAN_POINT('',(-41.8736791112243,49.8518312966715,232.6));
#15072=CARTESIAN_POINT('',(-41.8736791112243,50.8518312966715,232.6));
#15073=CARTESIAN_POINT('',(-41.8736791112243,40.7099481194223,232.6));
#15074=CARTESIAN_POINT('',(-43.9736791112243,39.9960597364682,230.5));
#15075=CARTESIAN_POINT('',(-43.9736791112243,39.9960597364682,231.069710812065));
#15076=CARTESIAN_POINT('',(-43.4950043869854,40.2562060382427,232.153897526333));
#15077=CARTESIAN_POINT('',(-42.4326744010845,40.6032440637683,232.6));
#15078=CARTESIAN_POINT('',(-41.8736791112244,40.7099481194223,232.6));
#15079=CARTESIAN_POINT('',(-43.9736791112243,39.9960597364682,230.5));
#15080=CARTESIAN_POINT('',(-43.9736791112243,50.8518312966715,230.5));
#15081=CARTESIAN_POINT('',(16.6263208887757,32.8518312966714,230.5));
#15082=CARTESIAN_POINT('',(16.6263208887757,32.8518312966714,199.4));
#15083=CARTESIAN_POINT('',(27.1263208887757,32.8518312966714,199.4));
#15084=CARTESIAN_POINT('',(6.12632088877567,32.8518312966714,199.4));
#15085=CARTESIAN_POINT('',(27.1263208887757,32.8518312966714,230.5));
#15086=CARTESIAN_POINT('',(6.12632088877567,32.8518312966714,230.5));
#15087=CARTESIAN_POINT('',(-40.3736791112243,32.8518312966714,230.5));
#15088=CARTESIAN_POINT('',(-40.3736791112243,32.8518312966714,199.4));
#15089=CARTESIAN_POINT('',(-29.8736791112243,32.8518312966714,199.4));
#15090=CARTESIAN_POINT('',(-50.8736791112243,32.8518312966714,199.4));
#15091=CARTESIAN_POINT('',(-29.8736791112243,32.8518312966714,230.5));
#15092=CARTESIAN_POINT('',(-50.8736791112243,32.8518312966714,230.5));
#15093=CARTESIAN_POINT('',(-11.8736791112243,32.8518312966714,230.5));
#15094=CARTESIAN_POINT('',(-11.8736791112243,32.8518312966714,230.5));
#15095=CARTESIAN_POINT('',(1.62632088877567,32.8518312966714,230.5));
#15096=CARTESIAN_POINT('',(-25.3736791112243,32.8518312966714,230.5));
#15097=CARTESIAN_POINT('',(1.62632088877567,32.8518312966714,230.5));
#15098=CARTESIAN_POINT('',(1.62632088922438,32.8518312966714,191.000000000449));
#15099=CARTESIAN_POINT('',(-11.8736791112243,32.8518312966714,191.000000000449));
#15100=CARTESIAN_POINT('',(-0.589882710623886,25.4406276969952,191.000000000476));
#15101=CARTESIAN_POINT('',(-0.589882710876503,25.4406276970193,230.5));
#15102=CARTESIAN_POINT('',(-0.589882710876496,25.4406276970193,195.5));
#15103=CARTESIAN_POINT('',(-11.8736791112243,32.8518312966714,195.5));
#15104=CARTESIAN_POINT('',(-4.46247551157217,21.5680348963236,195.5));
#15105=CARTESIAN_POINT('',(-4.46247551157217,21.5680348963236,230.5));
#15106=CARTESIAN_POINT('',(-4.46247551154809,21.568034896071,191.000000000252));
#15107=CARTESIAN_POINT('',(-11.8736791112243,32.8518312966714,191.000000000449));
#15108=CARTESIAN_POINT('',(-19.2848827109276,21.5680348960888,191.000000000276));
#15109=CARTESIAN_POINT('',(-19.2848827108764,21.5680348963236,230.5));
#15110=CARTESIAN_POINT('',(-19.2848827108765,21.5680348963236,195.5));
#15111=CARTESIAN_POINT('',(-11.8736791112243,32.8518312966714,195.5));
#15112=CARTESIAN_POINT('',(-23.1574755115721,25.4406276970193,195.5));
#15113=CARTESIAN_POINT('',(-23.1574755115721,25.4406276970193,230.5));
#15114=CARTESIAN_POINT('',(-11.8736791112243,32.8518312966714,191.000000000449));
#15115=CARTESIAN_POINT('',(-25.3736791112243,32.8518312966714,230.5));
#15116=CARTESIAN_POINT('',(-22.8736791112243,43.8518312966715,195.5));
#15117=CARTESIAN_POINT('',(-22.8736791112243,43.8518312966715,195.5));
#15118=CARTESIAN_POINT('',(-26.4736791112243,43.8518312966715,195.5));
#15119=CARTESIAN_POINT('',(-19.2848827108765,44.1356276970193,195.5));
#15120=CARTESIAN_POINT('',(-26.4736791112243,43.8518312966715,195.5));
#15121=CARTESIAN_POINT('',(-19.2848827108765,44.1356276970193,230.5));
#15122=CARTESIAN_POINT('',(-22.8736791112243,21.8518312966715,195.5));
#15123=CARTESIAN_POINT('',(-22.8736791112243,21.8518312966715,195.5));
#15124=CARTESIAN_POINT('',(-26.4736791112243,21.8518312966715,195.5));
#15125=CARTESIAN_POINT('',(-26.4736791112243,21.8518312966715,195.5));
#15126=CARTESIAN_POINT('',(28.1263208887757,45.8518312966715,200.5));
#15127=CARTESIAN_POINT('',(19.4253589944523,45.8518312966715,198.85));
#15128=CARTESIAN_POINT('',(19.4253589944523,45.6207592637682,198.85));
#15129=CARTESIAN_POINT('',(19.5574234564249,45.1812500501592,198.948642120331));
#15130=CARTESIAN_POINT('',(19.8725881235531,44.67196052562,199.293995441284));
#15131=CARTESIAN_POINT('',(20.1463985987884,44.3017733147372,199.815298049425));
#15132=CARTESIAN_POINT('',(20.2658412602462,44.1524234345001,200.498613180345));
#15133=CARTESIAN_POINT('',(20.1481571406396,44.2995265210528,201.179538652517));
#15134=CARTESIAN_POINT('',(19.8734488761206,44.6705453279877,201.705410541137));
#15135=CARTESIAN_POINT('',(19.5572511732335,45.1815971379168,202.051457241421));
#15136=CARTESIAN_POINT('',(19.4253589944523,45.6205067584637,202.15));
#15137=CARTESIAN_POINT('',(19.4253589944523,45.8518312966715,202.15));
#15138=CARTESIAN_POINT('',(19.4253589944523,45.8518312966715,198.85));
#15139=CARTESIAN_POINT('',(19.4253589944523,45.8518312966715,202.15));
#15140=CARTESIAN_POINT('',(28.1263208887757,45.8518312966715,202.15));
#15141=CARTESIAN_POINT('',(28.1263208887757,45.8518312966715,198.85));
#15142=CARTESIAN_POINT('',(28.1263208887757,45.8518312966715,230.5));
#15143=CARTESIAN_POINT('',(19.4253589944523,45.8518312966715,228.85));
#15144=CARTESIAN_POINT('',(19.4253589944523,45.6207592637682,228.85));
#15145=CARTESIAN_POINT('',(19.5574234564249,45.1812500501592,228.948642120331));
#15146=CARTESIAN_POINT('',(19.8725881235531,44.67196052562,229.293995441284));
#15147=CARTESIAN_POINT('',(20.1463985987885,44.3017733147372,229.815298049425));
#15148=CARTESIAN_POINT('',(20.2658412602462,44.1524234345001,230.498613180345));
#15149=CARTESIAN_POINT('',(20.1481571406396,44.2995265210529,231.179538652517));
#15150=CARTESIAN_POINT('',(19.8734488761206,44.6705453279877,231.705410541137));
#15151=CARTESIAN_POINT('',(19.5572511732335,45.1815971379168,232.051457241421));
#15152=CARTESIAN_POINT('',(19.4253589944523,45.6205067584637,232.15));
#15153=CARTESIAN_POINT('',(19.4253589944523,45.8518312966715,232.15));
#15154=CARTESIAN_POINT('',(19.4253589944523,45.8518312966715,228.85));
#15155=CARTESIAN_POINT('',(19.4253589944523,45.8518312966715,232.15));
#15156=CARTESIAN_POINT('',(28.1263208887757,45.8518312966715,232.15));
#15157=CARTESIAN_POINT('',(28.1263208887757,45.8518312966715,228.85));
#15158=CARTESIAN_POINT('',(-11.8736791112243,32.8518312966714,270.5));
#15159=CARTESIAN_POINT('',(-2.87367911122433,32.8518312966714,270.5));
#15160=CARTESIAN_POINT('',(-2.87367911122433,32.8518312966714,230.5));
#15161=CARTESIAN_POINT('',(-11.8736791112243,32.8518312966714,230.5));
#15162=CARTESIAN_POINT('',(-20.8736791112243,32.8518312966714,230.5));
#15163=CARTESIAN_POINT('',(-20.8736791112243,32.8518312966714,270.5));
#15164=CARTESIAN_POINT('',(16.6263208887757,32.8518312966714,240.5));
#15165=CARTESIAN_POINT('',(24.6263208887757,32.8518312966714,240.5));
#15166=CARTESIAN_POINT('',(24.6263208887757,32.8518312966714,230.5));
#15167=CARTESIAN_POINT('',(16.6263208887757,32.8518312966714,230.5));
#15168=CARTESIAN_POINT('',(8.62632088877567,32.8518312966714,230.5));
#15169=CARTESIAN_POINT('',(8.62632088877567,32.8518312966714,240.5));
#15170=CARTESIAN_POINT('',(-40.3736791112243,32.8518312966714,240.5));
#15171=CARTESIAN_POINT('',(-32.3736791112243,32.8518312966714,240.5));
#15172=CARTESIAN_POINT('',(-32.3736791112243,32.8518312966714,230.5));
#15173=CARTESIAN_POINT('',(-40.3736791112243,32.8518312966714,230.5));
#15174=CARTESIAN_POINT('',(-48.3736791112243,32.8518312966714,230.5));
#15175=CARTESIAN_POINT('',(-48.3736791112243,32.8518312966714,240.5));
#15176=CARTESIAN_POINT('',(-51.8736791112243,45.8518312966715,200.5));
#15177=CARTESIAN_POINT('',(-51.8736791112243,45.8518312966715,198.85));
#15178=CARTESIAN_POINT('',(-51.8736791112243,45.8518312966715,202.15));
#15179=CARTESIAN_POINT('',(-51.8736791112243,45.8518312966715,230.5));
#15180=CARTESIAN_POINT('',(-51.8736791112243,45.8518312966715,228.85));
#15181=CARTESIAN_POINT('',(-51.8736791112243,45.8518312966715,232.15));
#15182=CARTESIAN_POINT('',(16.6263208887757,32.8518312966714,230.5));
#15183=CARTESIAN_POINT('',(16.6263208887757,32.8518312966714,230.5));
#15184=CARTESIAN_POINT('',(27.1263208887757,32.8518312966714,230.5));
#15185=CARTESIAN_POINT('',(6.12632088877567,32.8518312966714,230.5));
#15186=CARTESIAN_POINT('',(27.1263208887757,32.8518312966714,230.5));
#15187=CARTESIAN_POINT('',(27.1263208887757,32.8518312966714,200.5));
#15188=CARTESIAN_POINT('',(16.6263208887757,32.8518312966714,200.5));
#15189=CARTESIAN_POINT('',(6.12632088877567,32.8518312966714,200.5));
#15190=CARTESIAN_POINT('',(6.12632088877567,32.8518312966714,230.5));
#15191=CARTESIAN_POINT('',(-40.3736791112243,32.8518312966714,230.5));
#15192=CARTESIAN_POINT('',(-40.3736791112243,32.8518312966714,230.5));
#15193=CARTESIAN_POINT('',(-29.8736791112243,32.8518312966714,230.5));
#15194=CARTESIAN_POINT('',(-50.8736791112243,32.8518312966714,230.5));
#15195=CARTESIAN_POINT('',(-29.8736791112243,32.8518312966714,230.5));
#15196=CARTESIAN_POINT('',(-29.8736791112243,32.8518312966714,200.5));
#15197=CARTESIAN_POINT('',(-40.3736791112243,32.8518312966714,200.5));
#15198=CARTESIAN_POINT('',(-50.8736791112243,32.8518312966714,200.5));
#15199=CARTESIAN_POINT('',(-50.8736791112243,32.8518312966714,230.5));
#15200=CARTESIAN_POINT('',(16.6263208887757,32.8518312966714,199.4));
#15201=CARTESIAN_POINT('',(16.6263208887757,32.8518312966714,199.4));
#15202=CARTESIAN_POINT('',(27.6263208887757,32.8518312966714,199.4));
#15203=CARTESIAN_POINT('',(5.62632088877568,32.8518312966714,199.4));
#15204=CARTESIAN_POINT('',(5.62632088877568,32.8518312966714,199.4));
#15205=CARTESIAN_POINT('',(5.62632088877568,32.8518312966714,200.5));
#15206=CARTESIAN_POINT('',(16.6263208887757,32.8518312966714,200.5));
#15207=CARTESIAN_POINT('',(27.6263208887757,32.8518312966714,200.5));
#15208=CARTESIAN_POINT('',(27.6263208887757,32.8518312966714,199.4));
#15209=CARTESIAN_POINT('',(16.6263208887757,32.8518312966714,199.4));
#15210=CARTESIAN_POINT('',(16.6263208887757,32.8518312966714,199.4));
#15211=CARTESIAN_POINT('',(19.9151752707755,43.3486611444874,199.4));
#15212=CARTESIAN_POINT('',(16.6263208887757,32.8518312966714,200.5));
#15213=CARTESIAN_POINT('',(20.2263208887757,43.2460604648205,200.5));
#15214=CARTESIAN_POINT('',(19.9151752707755,43.3486611444875,199.4));
#15215=CARTESIAN_POINT('',(20.1170967654356,43.2853953392719,199.728371045948));
#15216=CARTESIAN_POINT('',(20.2263208887757,43.2460604648205,200.109147286293));
#15217=CARTESIAN_POINT('',(20.2263208887757,43.2460604648205,200.5));
#15218=CARTESIAN_POINT('',(-40.3736791112243,32.8518312966714,199.4));
#15219=CARTESIAN_POINT('',(-40.3736791112243,32.8518312966714,199.4));
#15220=CARTESIAN_POINT('',(-29.3736791112243,32.8518312966714,199.4));
#15221=CARTESIAN_POINT('',(-51.3736791112243,32.8518312966714,199.4));
#15222=CARTESIAN_POINT('',(-51.3736791112243,32.8518312966714,199.4));
#15223=CARTESIAN_POINT('',(-51.3736791112243,32.8518312966714,200.5));
#15224=CARTESIAN_POINT('',(-40.3736791112243,32.8518312966714,200.5));
#15225=CARTESIAN_POINT('',(-29.3736791112243,32.8518312966714,200.5));
#15226=CARTESIAN_POINT('',(-29.3736791112243,32.8518312966714,199.4));
#15227=CARTESIAN_POINT('',(-40.3736791112243,32.8518312966714,199.4));
#15228=CARTESIAN_POINT('',(-40.3736791112243,32.8518312966714,199.4));
#15229=CARTESIAN_POINT('',(-40.0848247292244,43.8480380583689,199.4));
#15230=CARTESIAN_POINT('',(-40.3736791112243,32.8518312966714,200.5));
#15231=CARTESIAN_POINT('',(-39.7736791112243,43.8354554708682,200.5));
#15232=CARTESIAN_POINT('',(-40.0848247292245,43.8480380583689,199.4));
#15233=CARTESIAN_POINT('',(-39.8811938112605,43.8426889698841,199.731150963555));
#15234=CARTESIAN_POINT('',(-39.7736791112243,43.8354554708682,200.111209310043));
#15235=CARTESIAN_POINT('',(-39.7736791112243,43.8354554708682,200.5));
#15236=CARTESIAN_POINT('',(-0.87367911122431,43.8518312966715,195.5));
#15237=CARTESIAN_POINT('',(-0.87367911122431,43.8518312966715,205.6));
#15238=CARTESIAN_POINT('',(0.776320888761124,43.8518312966715,205.6));
#15239=CARTESIAN_POINT('',(-2.52367911120984,43.8518312966715,205.6));
#15240=CARTESIAN_POINT('',(0.776320888775689,43.8518312966715,195.5));
#15241=CARTESIAN_POINT('',(0.776320888775689,43.8518312966715,195.5));
#15242=CARTESIAN_POINT('',(-0.87367911122431,43.8518312966715,195.5));
#15243=CARTESIAN_POINT('',(-2.52367911122432,43.8518312966715,195.5));
#15244=CARTESIAN_POINT('',(-2.52367911122432,43.8518312966715,195.5));
#15245=CARTESIAN_POINT('',(-0.87367911122431,21.8518312966715,195.5));
#15246=CARTESIAN_POINT('',(-0.87367911122431,21.8518312966715,205.6));
#15247=CARTESIAN_POINT('',(0.776320888826614,21.8518312966715,205.6));
#15248=CARTESIAN_POINT('',(-2.52367911127533,21.8518312966715,205.6));
#15249=CARTESIAN_POINT('',(0.776320888775689,21.8518312966715,195.5));
#15250=CARTESIAN_POINT('',(0.776320888775689,21.8518312966715,195.5));
#15251=CARTESIAN_POINT('',(-0.87367911122431,21.8518312966715,195.5));
#15252=CARTESIAN_POINT('',(-2.52367911122432,21.8518312966715,195.5));
#15253=CARTESIAN_POINT('',(-2.52367911122432,21.8518312966715,195.5));
#15254=CARTESIAN_POINT('',(-22.8736791112243,21.8518312966715,195.5));
#15255=CARTESIAN_POINT('',(-22.8736791112243,21.8518312966715,205.6));
#15256=CARTESIAN_POINT('',(-21.2236791111734,21.8518312966715,205.6));
#15257=CARTESIAN_POINT('',(-24.5236791112753,21.8518312966715,205.6));
#15258=CARTESIAN_POINT('',(-21.2236791112243,21.8518312966715,195.5));
#15259=CARTESIAN_POINT('',(-21.2236791112243,21.8518312966715,195.5));
#15260=CARTESIAN_POINT('',(-22.8736791112243,21.8518312966715,195.5));
#15261=CARTESIAN_POINT('',(-24.5236791112243,21.8518312966715,195.5));
#15262=CARTESIAN_POINT('',(-24.5236791112243,21.8518312966715,195.5));
#15263=CARTESIAN_POINT('',(-22.8736791112243,43.8518312966715,195.5));
#15264=CARTESIAN_POINT('',(-22.8736791112243,43.8518312966715,205.6));
#15265=CARTESIAN_POINT('',(-21.2236791112388,43.8518312966715,205.6));
#15266=CARTESIAN_POINT('',(-24.5236791112098,43.8518312966715,205.6));
#15267=CARTESIAN_POINT('',(-21.2236791112243,43.8518312966715,195.5));
#15268=CARTESIAN_POINT('',(-21.2236791112243,43.8518312966715,195.5));
#15269=CARTESIAN_POINT('',(-22.8736791112243,43.8518312966715,195.5));
#15270=CARTESIAN_POINT('',(-24.5236791112243,43.8518312966715,195.5));
#15271=CARTESIAN_POINT('',(-24.5236791112243,43.8518312966715,195.5));
#15272=CARTESIAN_POINT('',(-0.87367911122431,43.8518312966715,205.600000000015));
#15273=CARTESIAN_POINT('',(-2.5236791111854,43.8518312966715,205.600000000015));
#15274=CARTESIAN_POINT('',(-0.87367911122431,43.8518312966773,206.591420024022));
#15275=CARTESIAN_POINT('',(0.776320888736783,43.8518312966715,205.600000000015));
#15276=CARTESIAN_POINT('',(-0.87367911122431,21.8518312966715,205.600000000015));
#15277=CARTESIAN_POINT('',(-2.52367911125089,21.8518312966715,205.600000000015));
#15278=CARTESIAN_POINT('',(-0.87367911122431,21.8518312966575,206.591420024051));
#15279=CARTESIAN_POINT('',(0.776320888802272,21.8518312966715,205.600000000015));
#15280=CARTESIAN_POINT('',(-22.8736791112243,21.8518312966715,205.600000000015));
#15281=CARTESIAN_POINT('',(-24.5236791112509,21.8518312966715,205.600000000015));
#15282=CARTESIAN_POINT('',(-22.8736791112243,21.8518312966715,206.591420024051));
#15283=CARTESIAN_POINT('',(-21.2236791111977,21.8518312966715,205.600000000015));
#15284=CARTESIAN_POINT('',(-22.8736791112243,43.8518312966715,205.600000000015));
#15285=CARTESIAN_POINT('',(-24.5236791111854,43.8518312966715,205.600000000015));
#15286=CARTESIAN_POINT('',(-22.8736791112243,43.8518312966715,206.591420024051));
#15287=CARTESIAN_POINT('',(-21.2236791112632,43.8518312966715,205.600000000015));
#15288=CARTESIAN_POINT('',(-11.8736791112243,17.3518312966715,215.5));
#15289=CARTESIAN_POINT('',(28.1263208887757,17.3518312966715,191.));
#15290=CARTESIAN_POINT('',(27.6263208887757,17.3518312966715,190.5));
#15291=CARTESIAN_POINT('',(28.1263208887757,17.3518312966715,191.));
#15292=CARTESIAN_POINT('',(28.1263208887757,17.3518312966715,215.5));
#15293=CARTESIAN_POINT('',(28.1263208887757,17.3518312966715,240.));
#15294=CARTESIAN_POINT('',(27.6263208887757,17.3518312966715,240.5));
#15295=CARTESIAN_POINT('',(27.6263208887757,17.3518312966715,240.5));
#15296=CARTESIAN_POINT('',(-11.8736791112243,17.3518312966715,240.5));
#15297=CARTESIAN_POINT('',(-51.3736791112243,17.3518312966715,240.5));
#15298=CARTESIAN_POINT('',(-51.8736791112243,17.3518312966715,240.));
#15299=CARTESIAN_POINT('',(-51.8736791112243,17.3518312966715,240.));
#15300=CARTESIAN_POINT('',(-51.8736791112243,17.3518312966715,215.5));
#15301=CARTESIAN_POINT('',(-51.8736791112243,17.3518312966715,191.));
#15302=CARTESIAN_POINT('',(-51.3736791112243,17.3518312966715,190.5));
#15303=CARTESIAN_POINT('',(-51.3736791112243,17.3518312966715,190.5));
#15304=CARTESIAN_POINT('',(28.1263208887757,17.3518312966715,190.5));
#15305=CARTESIAN_POINT('',(28.1263208887757,17.8518312966715,190.5));
#15306=CARTESIAN_POINT('',(-11.8736791112243,49.8518312966715,190.5));
#15307=CARTESIAN_POINT('',(27.6263208887757,49.8518312966715,190.5));
#15308=CARTESIAN_POINT('',(-51.3736791112243,49.8518312966715,190.5));
#15309=CARTESIAN_POINT('',(27.6263208887757,17.8518312966715,190.5));
#15310=CARTESIAN_POINT('',(16.6263208887757,32.8518312966714,190.499999999551));
#15311=CARTESIAN_POINT('',(27.6263208887757,17.8518312966715,190.5));
#15312=CARTESIAN_POINT('',(-51.3736791112243,17.8518312966715,190.5));
#15313=CARTESIAN_POINT('',(-40.3736791112244,32.8518312966714,190.5));
#15314=CARTESIAN_POINT('',(-0.87367911122431,21.8518312966715,190.499999999485));
#15315=CARTESIAN_POINT('',(0.222160689343234,25.8026710969525,190.499999999742));
#15316=CARTESIAN_POINT('',(-4.82451891150461,20.7559914961057,190.499999999742));
#15317=CARTESIAN_POINT('',(-11.8736791112243,32.8518312966714,190.5));
#15318=CARTESIAN_POINT('',(0.222160689359277,39.9009914963511,190.499999999742));
#15319=CARTESIAN_POINT('',(-0.87367911122431,43.8518312966715,190.499999999485));
#15320=CARTESIAN_POINT('',(-4.82451891154625,44.9476710972588,190.499999999742));
#15321=CARTESIAN_POINT('',(-11.8736791112243,32.8518312966714,190.5));
#15322=CARTESIAN_POINT('',(-22.8736791112243,43.8518312966715,190.499999999485));
#15323=CARTESIAN_POINT('',(-11.8736791112243,32.8518312966714,190.5));
#15324=CARTESIAN_POINT('',(-22.8736791112243,21.8518312966715,190.499999999542));
#15325=CARTESIAN_POINT('',(-18.9228393109368,20.7559914961057,190.499999999771));
#15326=CARTESIAN_POINT('',(-11.8736791112243,32.8518312966714,190.5));
#15327=CARTESIAN_POINT('',(28.1263208887757,17.8518312966715,240.5));
#15328=CARTESIAN_POINT('',(28.1263208892148,45.8518312966715,200.5));
#15329=CARTESIAN_POINT('',(28.1263208892148,45.8518312966715,230.5));
#15330=CARTESIAN_POINT('',(28.1263208887757,17.8518312966715,240.));
#15331=CARTESIAN_POINT('',(28.1263208887757,49.8518312966715,240.));
#15332=CARTESIAN_POINT('',(28.1263208887757,17.8518312966715,191.));
#15333=CARTESIAN_POINT('',(28.1263208887757,49.8518312966715,191.));
#15334=CARTESIAN_POINT('',(28.1263208887757,49.8518312966715,240.5));
#15335=CARTESIAN_POINT('',(28.1263208887757,17.8518312966715,240.5));
#15336=CARTESIAN_POINT('',(28.1263208887757,49.8518312966715,240.5));
#15337=CARTESIAN_POINT('',(-51.3736791112243,49.8518312966715,240.5));
#15338=CARTESIAN_POINT('',(27.6263208887757,49.8518312966715,240.5));
#15339=CARTESIAN_POINT('',(-51.3736791112243,17.8518312966715,240.5));
#15340=CARTESIAN_POINT('',(27.6263208887757,17.8518312966715,240.5));
#15341=CARTESIAN_POINT('',(-11.8736791112243,32.8518312966714,240.5));
#15342=CARTESIAN_POINT('',(16.6263208887757,32.8518312966714,240.5));
#15343=CARTESIAN_POINT('',(-40.3736791112243,32.8518312966714,240.5));
#15344=CARTESIAN_POINT('',(-51.8736791112243,17.8518312966715,240.5));
#15345=CARTESIAN_POINT('',(-51.8736791112243,49.8518312966715,240.5));
#15346=CARTESIAN_POINT('',(-51.8736791112243,49.8518312966715,191.));
#15347=CARTESIAN_POINT('',(-51.8736791112243,49.8518312966715,240.));
#15348=CARTESIAN_POINT('',(-51.8736791112243,17.8518312966715,191.));
#15349=CARTESIAN_POINT('',(-51.8736791112243,17.8518312966715,240.));
#15350=CARTESIAN_POINT('',(-51.873679111622,45.8518312966715,200.5));
#15351=CARTESIAN_POINT('',(-51.8736791116788,45.8518312966715,230.5));
#15352=CARTESIAN_POINT('',(-51.3736791112243,17.8518312966715,190.5));
#15353=CARTESIAN_POINT('',(-51.3736791112243,49.8518312966715,190.5));
#15354=CARTESIAN_POINT('',(-11.8736791112243,49.8518312966715,215.5));
#15355=CARTESIAN_POINT('',(18.1263208887757,49.8518312966715,200.5));
#15356=CARTESIAN_POINT('',(-41.8736791112243,49.8518312966715,200.5));
#15357=CARTESIAN_POINT('',(27.6263208887757,49.8518312966715,240.5));
#15358=CARTESIAN_POINT('',(28.1263208887757,49.8518312966715,191.));
#15359=CARTESIAN_POINT('',(-51.8736791112242,49.8518312966715,240.));
#15360=CARTESIAN_POINT('',(18.1263208887757,49.8518312966715,230.5));
#15361=CARTESIAN_POINT('',(-41.8736791112243,49.8518312966715,230.5));
#15362=CARTESIAN_POINT('',(28.1263208887757,17.8518312966715,191.));
#15363=CARTESIAN_POINT('',(16.6263208887757,32.8518312966714,190.499999999551));
#15364=CARTESIAN_POINT('',(16.6263208887757,32.8518312966714,191.));
#15365=CARTESIAN_POINT('',(-40.3736791112243,32.8518312966714,190.499999999551));
#15366=CARTESIAN_POINT('',(-40.3736791112243,32.8518312966714,191.));
#15367=CARTESIAN_POINT('',(-11.8736791112243,32.8518312966714,190.5));
#15368=CARTESIAN_POINT('',(-4.82451891127161,20.7559914959764,190.499999999595));
#15369=CARTESIAN_POINT('',(-4.71507431257162,21.0250826850394,190.677385100297));
#15370=CARTESIAN_POINT('',(-4.59591073425267,21.2955490877841,190.845499350038));
#15371=CARTESIAN_POINT('',(-4.46247551114586,21.5680348959026,191.000000000311));
#15372=CARTESIAN_POINT('',(-19.2848827112741,21.5680348959191,191.000000000276));
#15373=CARTESIAN_POINT('',(-19.1514474881671,21.2955490878023,190.845499350003));
#15374=CARTESIAN_POINT('',(-19.0322839098304,21.0250826850194,190.677385100399));
#15375=CARTESIAN_POINT('',(-18.9228393111298,20.7559914959554,190.499999999696));
#15376=CARTESIAN_POINT('',(-0.87367911122431,21.8518312966715,190.499999999485));
#15377=CARTESIAN_POINT('',(-0.87367911122431,21.8518312966715,190.999999999985));
#15378=CARTESIAN_POINT('',(0.222160689473568,25.8026710967199,190.499999999593));
#15379=CARTESIAN_POINT('',(-0.0469304996189289,25.693226498008,190.677385100315));
#15380=CARTESIAN_POINT('',(-0.317396902358256,25.5740629196911,190.845499350052));
#15381=CARTESIAN_POINT('',(-0.589882710506813,25.4406276965679,191.000000000341));
#15382=CARTESIAN_POINT('',(-11.8736791112243,32.8518312966714,190.5));
#15383=CARTESIAN_POINT('',(-11.8736791112243,32.8518312966714,191.000000000449));
#15384=CARTESIAN_POINT('',(-0.589882710626571,40.2630348963518,191.000000000227));
#15385=CARTESIAN_POINT('',(0.22216068948424,39.9009914965859,190.499999999602));
#15386=CARTESIAN_POINT('',(-0.0469304995838099,40.0104360952882,190.677385100308));
#15387=CARTESIAN_POINT('',(-0.317396902334625,40.1295996736103,190.845499350053));
#15388=CARTESIAN_POINT('',(-0.58988271045831,40.2630348967202,191.00000000033));
#15389=CARTESIAN_POINT('',(-0.87367911122431,43.8518312966715,190.499999999599));
#15390=CARTESIAN_POINT('',(-0.87367911122431,43.8518312966715,190.999999999928));
#15391=CARTESIAN_POINT('',(-4.46247551154395,44.1356276972692,191.000000000227));
#15392=CARTESIAN_POINT('',(-4.82451891131239,44.947671097386,190.499999999598));
#15393=CARTESIAN_POINT('',(-4.71507431260976,44.678579908317,190.677385100305));
#15394=CARTESIAN_POINT('',(-4.5959107342662,44.4081135055187,190.845499350079));
#15395=CARTESIAN_POINT('',(-4.46247551115432,44.1356276973939,191.000000000355));
#15396=CARTESIAN_POINT('',(-11.8736791112243,32.8518312966714,190.5));
#15397=CARTESIAN_POINT('',(-11.8736791112243,32.8518312966714,191.000000000449));
#15398=CARTESIAN_POINT('',(-22.8736791112243,43.8518312966715,190.499999999599));
#15399=CARTESIAN_POINT('',(-22.8736791112243,43.8518312966715,190.999999999928));
#15400=CARTESIAN_POINT('',(-11.8736791112243,32.8518312966714,190.5));
#15401=CARTESIAN_POINT('',(-22.8736791112243,21.8518312966715,190.499999999485));
#15402=CARTESIAN_POINT('',(-22.8736791112243,21.8518312966715,191.000000000042));
#15403=CARTESIAN_POINT('',(28.1263208892148,45.8518312966715,200.5));
#15404=CARTESIAN_POINT('',(27.626320888715,45.8518312966715,200.5));
#15405=CARTESIAN_POINT('',(28.1263208892148,45.8518312966715,230.5));
#15406=CARTESIAN_POINT('',(27.626320888715,45.8518312966715,230.5));
#15407=CARTESIAN_POINT('',(27.6263208887757,17.8518312966715,240.5));
#15408=CARTESIAN_POINT('',(-51.8736791112243,17.8518312966715,240.));
#15409=CARTESIAN_POINT('',(-11.8736791112243,32.8518312966714,240.5));
#15410=CARTESIAN_POINT('',(-11.8736791112243,32.8518312966714,239.999999999551));
#15411=CARTESIAN_POINT('',(16.6263208887757,32.8518312966714,240.5));
#15412=CARTESIAN_POINT('',(16.6263208887757,32.8518312966714,239.999999999551));
#15413=CARTESIAN_POINT('',(-40.3736791112243,32.8518312966714,240.5));
#15414=CARTESIAN_POINT('',(-40.3736791112243,32.8518312966714,239.999999999551));
#15415=CARTESIAN_POINT('',(-51.8736791115651,45.8518312966715,200.5));
#15416=CARTESIAN_POINT('',(-51.3736791111791,45.8518312966715,200.5));
#15417=CARTESIAN_POINT('',(-51.873679111622,45.8518312966715,230.5));
#15418=CARTESIAN_POINT('',(-51.3736791112359,45.8518312966715,230.5));
#15419=CARTESIAN_POINT('',(18.1263208887757,50.8518312966715,200.5));
#15420=CARTESIAN_POINT('',(19.9151752707755,42.8234629010781,199.4));
#15421=CARTESIAN_POINT('',(19.5360535182305,42.9485052498767,198.783460356044));
#15422=CARTESIAN_POINT('',(18.8533326254185,43.139201036621,198.4));
#15423=CARTESIAN_POINT('',(18.1263208887757,43.2441361420847,198.4));
#15424=CARTESIAN_POINT('',(19.9151752707755,42.823462901078,199.4));
#15425=CARTESIAN_POINT('',(19.9151752707756,32.8518312966714,199.4));
#15426=CARTESIAN_POINT('',(20.2263208887757,32.8518312966714,200.5));
#15427=CARTESIAN_POINT('',(20.2263208887757,42.7154006303356,200.5));
#15428=CARTESIAN_POINT('',(18.1263208887757,43.2441361420847,202.6));
#15429=CARTESIAN_POINT('',(18.683417969752,43.1637261046681,202.6));
#15430=CARTESIAN_POINT('',(19.7555029564514,42.9012650145151,202.150309193086));
#15431=CARTESIAN_POINT('',(20.2263208887757,42.7154006303356,201.063215833365));
#15432=CARTESIAN_POINT('',(20.2263208887757,42.7154006303356,200.5));
#15433=CARTESIAN_POINT('',(19.4253589944523,45.8518312966715,202.15));
#15434=CARTESIAN_POINT('',(19.4253589944523,46.0829033295747,202.15));
#15435=CARTESIAN_POINT('',(19.5574234564249,46.5224125431837,202.051357879669));
#15436=CARTESIAN_POINT('',(19.8725881235531,47.0317020677229,201.706004558716));
#15437=CARTESIAN_POINT('',(20.1463985987885,47.4018892786057,201.184701950574));
#15438=CARTESIAN_POINT('',(20.2658412602462,47.5512391588428,200.501386819655));
#15439=CARTESIAN_POINT('',(20.1481571406396,47.4041360722901,199.820461347483));
#15440=CARTESIAN_POINT('',(19.8734488761206,47.0331172653552,199.294589458863));
#15441=CARTESIAN_POINT('',(19.5572511732335,46.5220654554261,198.948542758579));
#15442=CARTESIAN_POINT('',(19.4253589944523,46.0831558348793,198.85));
#15443=CARTESIAN_POINT('',(19.4253589944523,45.8518312966715,198.85));
#15444=CARTESIAN_POINT('',(-41.8736791112243,50.8518312966715,200.5));
#15445=CARTESIAN_POINT('',(-40.0848247292245,43.3478573611398,199.4));
#15446=CARTESIAN_POINT('',(-40.4631802145404,43.358269839083,198.784706483763));
#15447=CARTESIAN_POINT('',(-41.158707528179,43.3473334010683,198.4));
#15448=CARTESIAN_POINT('',(-41.8736791112243,43.2441361420847,198.4));
#15449=CARTESIAN_POINT('',(-40.0848247292244,43.3478573611398,199.4));
#15450=CARTESIAN_POINT('',(-40.0848247292244,32.8518312966714,199.4));
#15451=CARTESIAN_POINT('',(-39.7736791112243,32.8518312966714,200.5));
#15452=CARTESIAN_POINT('',(-39.7736791112243,43.3346744224651,200.5));
#15453=CARTESIAN_POINT('',(-41.8736791112242,43.2441361420847,202.6));
#15454=CARTESIAN_POINT('',(-41.3239239406474,43.323486466015,202.6));
#15455=CARTESIAN_POINT('',(-40.2332513241704,43.3745534891502,202.146655737889));
#15456=CARTESIAN_POINT('',(-39.7736791112243,43.3346744224651,201.055457825098));
#15457=CARTESIAN_POINT('',(-39.7736791112243,43.3346744224651,200.5));
#15458=CARTESIAN_POINT('',(18.1263208887757,50.8518312966715,230.5));
#15459=CARTESIAN_POINT('',(20.2263208887757,42.7154006303356,230.5));
#15460=CARTESIAN_POINT('',(20.2263208887757,42.7154006303356,229.937042097163));
#15461=CARTESIAN_POINT('',(19.7569715383235,42.9008519529411,228.850878504489));
#15462=CARTESIAN_POINT('',(18.6831344840584,43.1637670223035,228.4));
#15463=CARTESIAN_POINT('',(18.1263208887756,43.2441361420847,228.4));
#15464=CARTESIAN_POINT('',(20.2263208887757,42.7154006303356,230.5));
#15465=CARTESIAN_POINT('',(20.2263208887757,50.8518312966715,230.5));
#15466=CARTESIAN_POINT('',(20.2263208887757,39.9960597364682,230.5));
#15467=CARTESIAN_POINT('',(18.1263208887757,40.7099481194223,232.6));
#15468=CARTESIAN_POINT('',(18.6857324715183,40.6031645995229,232.6));
#15469=CARTESIAN_POINT('',(19.7468755072647,40.2564711389835,232.154195237363));
#15470=CARTESIAN_POINT('',(20.2263208887757,39.9960597364682,231.070225925082));
#15471=CARTESIAN_POINT('',(20.2263208887757,39.9960597364682,230.5));
#15472=CARTESIAN_POINT('',(19.4253589944523,45.8518312966715,232.15));
#15473=CARTESIAN_POINT('',(19.4253589944523,46.0829033295747,232.15));
#15474=CARTESIAN_POINT('',(19.5574234564249,46.5224125431837,232.051357879669));
#15475=CARTESIAN_POINT('',(19.8725881235531,47.0317020677229,231.706004558716));
#15476=CARTESIAN_POINT('',(20.1463985987884,47.4018892786057,231.184701950575));
#15477=CARTESIAN_POINT('',(20.2658412602462,47.5512391588428,230.501386819655));
#15478=CARTESIAN_POINT('',(20.1481571406396,47.4041360722901,229.820461347483));
#15479=CARTESIAN_POINT('',(19.8734488761206,47.0331172653552,229.294589458863));
#15480=CARTESIAN_POINT('',(19.5572511732335,46.5220654554261,228.948542758579));
#15481=CARTESIAN_POINT('',(19.4253589944523,46.0831558348793,228.85));
#15482=CARTESIAN_POINT('',(19.4253589944523,45.8518312966715,228.85));
#15483=CARTESIAN_POINT('',(-41.8736791112243,50.8518312966715,230.5));
#15484=CARTESIAN_POINT('',(-39.7736791112243,43.3346744224651,230.5));
#15485=CARTESIAN_POINT('',(-39.7736791112243,43.3346744224651,229.944489683403));
#15486=CARTESIAN_POINT('',(-40.2311877522643,43.3745504559335,228.855473545905));
#15487=CARTESIAN_POINT('',(-41.3238351200888,43.3234992861583,228.4));
#15488=CARTESIAN_POINT('',(-41.8736791112243,43.2441361420847,228.4));
#15489=CARTESIAN_POINT('',(-39.7736791112243,43.3346744224651,230.5));
#15490=CARTESIAN_POINT('',(-39.7736791112243,50.8518312966715,230.5));
#15491=CARTESIAN_POINT('',(-39.7736791112243,40.8292995667431,230.5));
#15492=CARTESIAN_POINT('',(-41.8736791112243,40.7099481194223,232.6));
#15493=CARTESIAN_POINT('',(-41.3274740171334,40.8142107130713,232.6));
#15494=CARTESIAN_POINT('',(-40.2340118550763,40.881864138141,232.148872276278));
#15495=CARTESIAN_POINT('',(-39.7736791112243,40.8292995667431,231.056076100869));
#15496=CARTESIAN_POINT('',(-39.7736791112243,40.8292995667431,230.5));
#15497=CARTESIAN_POINT('',(16.6263208887757,32.8518312966714,230.5));
#15498=CARTESIAN_POINT('',(16.6263208887757,32.8518312966714,199.4));
#15499=CARTESIAN_POINT('',(16.6263208887757,32.8518312966714,199.4));
#15500=CARTESIAN_POINT('',(-40.3736791112243,32.8518312966714,230.5));
#15501=CARTESIAN_POINT('',(-40.3736791112243,32.8518312966714,199.4));
#15502=CARTESIAN_POINT('',(-40.3736791112243,32.8518312966714,199.4));
#15503=CARTESIAN_POINT('',(-11.8736791112243,32.8518312966714,230.5));
#15504=CARTESIAN_POINT('',(-11.8736791112243,32.8518312966714,230.5));
#15505=CARTESIAN_POINT('',(-23.1574755115722,40.2630348963236,230.5));
#15506=CARTESIAN_POINT('',(-23.1574755115722,40.2630348963236,195.5));
#15507=CARTESIAN_POINT('',(-11.8736791112243,32.8518312966714,195.5));
#15508=CARTESIAN_POINT('',(-4.46247551157213,44.1356276970193,230.5));
#15509=CARTESIAN_POINT('',(-4.46247551157214,44.1356276970193,195.5));
#15510=CARTESIAN_POINT('',(-11.8736791112243,32.8518312966714,195.5));
#15511=CARTESIAN_POINT('',(-0.589882710876476,40.2630348963236,195.5));
#15512=CARTESIAN_POINT('',(-0.589882710876455,40.2630348963236,230.5));
#15513=CARTESIAN_POINT('',(-0.87367911122431,21.8518312966715,195.5));
#15514=CARTESIAN_POINT('',(-0.87367911122431,21.8518312966715,195.5));
#15515=CARTESIAN_POINT('',(-0.87367911122431,43.8518312966715,195.5));
#15516=CARTESIAN_POINT('',(-0.87367911122431,43.8518312966715,195.5));
#15517=CARTESIAN_POINT('',(-22.8736791112243,43.8518312966715,195.5));
#15518=CARTESIAN_POINT('',(-22.8736791112243,43.8518312966715,195.5));
#15519=CARTESIAN_POINT('',(-22.8736791112243,21.8518312966715,195.5));
#15520=CARTESIAN_POINT('',(-22.8736791112243,21.8518312966715,195.5));
#15521=CARTESIAN_POINT('',(28.1263208887757,45.8518312966715,200.5));
#15522=CARTESIAN_POINT('',(28.1263208887757,45.8518312966715,230.5));
#15523=CARTESIAN_POINT('',(-11.8736791112243,32.8518312966714,270.5));
#15524=CARTESIAN_POINT('',(-11.8736791112243,32.8518312966714,230.5));
#15525=CARTESIAN_POINT('',(16.6263208887757,32.8518312966714,240.5));
#15526=CARTESIAN_POINT('',(16.6263208887757,32.8518312966714,230.5));
#15527=CARTESIAN_POINT('',(16.6263208887757,32.8518312966714,230.5));
#15528=CARTESIAN_POINT('',(-40.3736791112243,32.8518312966714,240.5));
#15529=CARTESIAN_POINT('',(-40.3736791112243,32.8518312966714,230.5));
#15530=CARTESIAN_POINT('',(-40.3736791112243,32.8518312966714,230.5));
#15531=CARTESIAN_POINT('',(-51.8736791112243,45.8518312966715,200.5));
#15532=CARTESIAN_POINT('',(-51.8736791112243,45.8518312966715,230.5));
#15533=CARTESIAN_POINT('',(16.6263208887757,32.8518312966714,230.5));
#15534=CARTESIAN_POINT('',(16.6263208887757,32.8518312966714,230.5));
#15535=CARTESIAN_POINT('',(16.6263208887757,32.8518312966714,230.5));
#15536=CARTESIAN_POINT('',(16.6263208887757,32.8518312966714,200.5));
#15537=CARTESIAN_POINT('',(16.6263208887757,32.8518312966714,200.5));
#15538=CARTESIAN_POINT('',(-40.3736791112243,32.8518312966714,230.5));
#15539=CARTESIAN_POINT('',(-40.3736791112243,32.8518312966714,230.5));
#15540=CARTESIAN_POINT('',(-40.3736791112243,32.8518312966714,230.5));
#15541=CARTESIAN_POINT('',(-40.3736791112243,32.8518312966714,200.5));
#15542=CARTESIAN_POINT('',(-40.3736791112243,32.8518312966714,200.5));
#15543=CARTESIAN_POINT('',(16.6263208887757,32.8518312966714,230.5));
#15544=CARTESIAN_POINT('',(-40.3736791112243,32.8518312966714,230.5));
#15545=CARTESIAN_POINT('',(16.6263208887757,32.8518312966714,199.4));
#15546=CARTESIAN_POINT('',(16.6263208887757,32.8518312966714,199.4));
#15547=CARTESIAN_POINT('',(-40.3736791112243,32.8518312966714,199.4));
#15548=CARTESIAN_POINT('',(-40.3736791112243,32.8518312966714,199.4));
#15549=CARTESIAN_POINT('',(-11.8736791112243,32.8518312966714,230.5));
#15550=CARTESIAN_POINT('',(-0.87367911122431,43.8518312966715,195.5));
#15551=CARTESIAN_POINT('',(-0.87367911122431,43.8518312966715,195.5));
#15552=CARTESIAN_POINT('',(-0.87367911122431,21.8518312966715,195.5));
#15553=CARTESIAN_POINT('',(-0.87367911122431,21.8518312966715,195.5));
#15554=CARTESIAN_POINT('',(-22.8736791112243,21.8518312966715,195.5));
#15555=CARTESIAN_POINT('',(-22.8736791112243,21.8518312966715,195.5));
#15556=CARTESIAN_POINT('',(-22.8736791112243,43.8518312966715,195.5));
#15557=CARTESIAN_POINT('',(-22.8736791112243,43.8518312966715,195.5));
#15558=CARTESIAN_POINT('',(16.6263208887757,32.8518312966714,200.5));
#15559=CARTESIAN_POINT('',(16.6263208887757,32.8518312966714,200.5));
#15560=CARTESIAN_POINT('',(-40.3736791112243,32.8518312966714,200.5));
#15561=CARTESIAN_POINT('',(-40.3736791112243,32.8518312966714,200.5));
#15562=CARTESIAN_POINT('',(16.6263208887757,32.8518312966714,199.4));
#15563=CARTESIAN_POINT('',(-40.3736791112243,32.8518312966714,199.4));
#15564=CARTESIAN_POINT('',(-0.87367911122431,43.8518312966715,195.5));
#15565=CARTESIAN_POINT('',(-0.87367911122431,43.8518312966715,205.6));
#15566=CARTESIAN_POINT('',(-0.87367911122431,21.8518312966715,195.5));
#15567=CARTESIAN_POINT('',(-0.87367911122431,21.8518312966715,205.6));
#15568=CARTESIAN_POINT('',(-22.8736791112243,21.8518312966715,195.5));
#15569=CARTESIAN_POINT('',(-22.8736791112243,21.8518312966715,205.6));
#15570=CARTESIAN_POINT('',(-22.8736791112243,43.8518312966715,195.5));
#15571=CARTESIAN_POINT('',(-22.8736791112243,43.8518312966715,205.6));
#15572=CARTESIAN_POINT('',(-0.87367911122431,43.8518312966715,205.600000000015));
#15573=CARTESIAN_POINT('',(-0.87367911122431,21.8518312966715,205.600000000015));
#15574=CARTESIAN_POINT('',(-22.8736791112243,21.8518312966715,205.600000000015));
#15575=CARTESIAN_POINT('',(-22.8736791112243,43.8518312966715,205.600000000015));
#15576=CARTESIAN_POINT('',(-11.8736791112248,32.851831296672,140.000000000449));
#15577=CARTESIAN_POINT('',(-11.8736791112248,32.851831296672,139.5));
#15578=CARTESIAN_POINT('',(-22.8736791112263,32.851831296672,139.5));
#15579=CARTESIAN_POINT('',(-0.8736791112233,32.851831296672,139.5));
#15580=CARTESIAN_POINT('',(-23.3736791107776,32.851831296672,140.000000000449));
#15581=CARTESIAN_POINT('',(-23.3736791107776,32.851831296672,140.000000000449));
#15582=CARTESIAN_POINT('',(-11.8736791112248,32.851831296672,140.000000000449));
#15583=CARTESIAN_POINT('',(-0.373679111672021,32.851831296672,140.000000000449));
#15584=CARTESIAN_POINT('',(-0.373679111672021,32.851831296672,140.000000000449));
#15585=CARTESIAN_POINT('',(-40.3736791112248,32.851831296672,139.999999999873));
#15586=CARTESIAN_POINT('',(-40.3736791112248,32.851831296672,139.499999999543));
#15587=CARTESIAN_POINT('',(-46.3736791116638,32.851831296672,139.499999999543));
#15588=CARTESIAN_POINT('',(-34.3736791107858,32.851831296672,139.499999999543));
#15589=CARTESIAN_POINT('',(-46.8736791111404,32.851831296672,139.999999999873));
#15590=CARTESIAN_POINT('',(-46.8736791112541,32.851831296672,139.999999999986));
#15591=CARTESIAN_POINT('',(-40.3736791112248,32.851831296672,139.999999999986));
#15592=CARTESIAN_POINT('',(-33.8736791111955,32.851831296672,139.999999999986));
#15593=CARTESIAN_POINT('',(-33.8736791113092,32.851831296672,139.999999999873));
#15594=CARTESIAN_POINT('',(16.6263208887752,32.851831296672,139.99999999993));
#15595=CARTESIAN_POINT('',(16.6263208887752,32.851831296672,139.499999999487));
#15596=CARTESIAN_POINT('',(10.6263208883198,32.851831296672,139.499999999487));
#15597=CARTESIAN_POINT('',(22.6263208892306,32.851831296672,139.499999999487));
#15598=CARTESIAN_POINT('',(10.1263208887296,32.851831296672,139.99999999993));
#15599=CARTESIAN_POINT('',(10.1263208887296,32.851831296672,139.99999999993));
#15600=CARTESIAN_POINT('',(16.6263208887752,32.851831296672,139.99999999993));
#15601=CARTESIAN_POINT('',(23.1263208888208,32.851831296672,139.99999999993));
#15602=CARTESIAN_POINT('',(23.1263208888208,32.851831296672,139.99999999993));
#15603=CARTESIAN_POINT('',(-11.8736791112248,32.851831296672,133.));
#15604=CARTESIAN_POINT('',(-11.8736791112248,32.851831296672,133.));
#15605=CARTESIAN_POINT('',(-22.8736791112263,32.851831296672,133.));
#15606=CARTESIAN_POINT('',(-0.8736791112233,32.851831296672,133.));
#15607=CARTESIAN_POINT('',(-22.8736791112263,32.851831296672,133.));
#15608=CARTESIAN_POINT('',(-0.8736791112233,32.851831296672,133.));
#15609=CARTESIAN_POINT('',(-40.3736791112248,32.851831296672,140.));
#15610=CARTESIAN_POINT('',(-34.3736791112248,32.851831296672,140.));
#15611=CARTESIAN_POINT('',(-34.3736791112248,32.851831296672,128.5));
#15612=CARTESIAN_POINT('',(-40.3736791112248,32.851831296672,128.5));
#15613=CARTESIAN_POINT('',(-46.3736791112248,32.851831296672,128.5));
#15614=CARTESIAN_POINT('',(-46.3736791112248,32.851831296672,140.));
#15615=CARTESIAN_POINT('',(16.6263208887752,32.851831296672,140.));
#15616=CARTESIAN_POINT('',(22.6263208887752,32.851831296672,140.));
#15617=CARTESIAN_POINT('',(22.6263208887752,32.851831296672,128.5));
#15618=CARTESIAN_POINT('',(16.6263208887752,32.851831296672,128.5));
#15619=CARTESIAN_POINT('',(10.6263208887752,32.851831296672,128.5));
#15620=CARTESIAN_POINT('',(10.6263208887752,32.851831296672,140.));
#15621=CARTESIAN_POINT('',(2.1226065210442,48.8518312970996,134.));
#15622=CARTESIAN_POINT('',(2.1226065210442,48.3518312967135,134.));
#15623=CARTESIAN_POINT('',(2.1226065210442,48.3518312967135,128.999999999987));
#15624=CARTESIAN_POINT('',(2.1226065210442,48.3518312967135,139.000000000013));
#15625=CARTESIAN_POINT('',(2.1226065210442,48.8518312970996,128.500000000511));
#15626=CARTESIAN_POINT('',(2.1226065210442,48.8518312968855,128.500000000255));
#15627=CARTESIAN_POINT('',(2.1226065210442,48.8518312970996,134.));
#15628=CARTESIAN_POINT('',(2.12260652104423,48.8518312968855,139.499999999745));
#15629=CARTESIAN_POINT('',(2.1226065210442,48.8518312970996,139.499999999489));
#15630=CARTESIAN_POINT('',(-25.8773934789558,48.8518312970996,134.));
#15631=CARTESIAN_POINT('',(-25.8773934789558,48.3518312966567,134.));
#15632=CARTESIAN_POINT('',(-25.8773934789558,48.3518312966567,128.999999999968));
#15633=CARTESIAN_POINT('',(-25.8773934789558,48.3518312966567,139.000000000033));
#15634=CARTESIAN_POINT('',(-25.8773934789558,48.8518312970996,128.500000000434));
#15635=CARTESIAN_POINT('',(-25.8773934789558,48.8518312968855,128.500000000217));
#15636=CARTESIAN_POINT('',(-25.8773934789558,48.8518312970996,134.));
#15637=CARTESIAN_POINT('',(-25.8773934789558,48.8518312968855,139.499999999783));
#15638=CARTESIAN_POINT('',(-25.8773934789558,48.8518312970996,139.499999999566));
#15639=CARTESIAN_POINT('',(2.1226065210442,12.8518312967572,122.5));
#15640=CARTESIAN_POINT('',(2.1226065210442,13.3518312970295,122.5));
#15641=CARTESIAN_POINT('',(2.1226065210442,13.3518312970295,125.250000000486));
#15642=CARTESIAN_POINT('',(2.1226065210442,13.3518312970295,119.749999999514));
#15643=CARTESIAN_POINT('',(2.1226065210442,12.8518312967572,125.749999999849));
#15644=CARTESIAN_POINT('',(2.1226065210442,12.8518312967003,125.749999999906));
#15645=CARTESIAN_POINT('',(2.1226065210442,12.8518312967003,122.5));
#15646=CARTESIAN_POINT('',(2.1226065210442,12.8518312967003,119.250000000094));
#15647=CARTESIAN_POINT('',(2.1226065210442,12.8518312967572,119.250000000151));
#15648=CARTESIAN_POINT('',(-25.8773934789558,12.8518312965866,122.5));
#15649=CARTESIAN_POINT('',(-25.8773934789558,13.3518312970295,122.5));
#15650=CARTESIAN_POINT('',(-25.8773934789558,13.3518312970295,125.250000000466));
#15651=CARTESIAN_POINT('',(-25.8773934789558,13.3518312970295,119.749999999534));
#15652=CARTESIAN_POINT('',(-25.8773934789558,12.8518312965866,125.75));
#15653=CARTESIAN_POINT('',(-25.8773934789558,12.8518312965866,125.75));
#15654=CARTESIAN_POINT('',(-25.8773934789558,12.8518312965866,122.5));
#15655=CARTESIAN_POINT('',(-25.8773934789558,12.8518312965866,119.25));
#15656=CARTESIAN_POINT('',(-25.8773934789558,12.8518312965866,119.25));
#15657=CARTESIAN_POINT('',(2.1226065210442,12.8518312967003,134.));
#15658=CARTESIAN_POINT('',(2.1226065210442,13.3518312970864,134.));
#15659=CARTESIAN_POINT('',(2.1226065210442,13.3518312970864,136.750000000486));
#15660=CARTESIAN_POINT('',(2.1226065210442,13.3518312970864,131.249999999514));
#15661=CARTESIAN_POINT('',(2.1226065210442,12.8518312967003,137.249999999963));
#15662=CARTESIAN_POINT('',(2.1226065210442,12.8518312966435,137.25000000002));
#15663=CARTESIAN_POINT('',(2.1226065210442,12.8518312966435,134.));
#15664=CARTESIAN_POINT('',(2.1226065210442,12.8518312966435,130.74999999998));
#15665=CARTESIAN_POINT('',(2.1226065210442,12.8518312967003,130.750000000037));
#15666=CARTESIAN_POINT('',(-25.8773934789558,12.8518312967572,134.));
#15667=CARTESIAN_POINT('',(-25.8773934789558,13.3518312970864,134.));
#15668=CARTESIAN_POINT('',(-25.8773934789558,13.3518312970864,136.750000000466));
#15669=CARTESIAN_POINT('',(-25.8773934789558,13.3518312970864,131.249999999534));
#15670=CARTESIAN_POINT('',(-25.8773934789558,12.8518312967572,137.249999999943));
#15671=CARTESIAN_POINT('',(-25.8773934789558,12.8518312966435,137.250000000057));
#15672=CARTESIAN_POINT('',(-25.8773934789558,12.8518312966435,134.));
#15673=CARTESIAN_POINT('',(-25.8773934789558,12.8518312966435,130.749999999943));
#15674=CARTESIAN_POINT('',(-25.8773934789558,12.8518312967572,130.750000000057));
#15675=CARTESIAN_POINT('',(-40.3736791112248,32.851831296672,127.999999999588));
#15676=CARTESIAN_POINT('',(-33.8736791116752,32.851831296672,127.999999999588));
#15677=CARTESIAN_POINT('',(-33.8736791116752,32.851831296672,127.999999999588));
#15678=CARTESIAN_POINT('',(-40.3736791112248,32.851831296672,127.999999999588));
#15679=CARTESIAN_POINT('',(-46.8736791107744,32.851831296672,127.999999999588));
#15680=CARTESIAN_POINT('',(-46.8736791107744,32.851831296672,127.999999999588));
#15681=CARTESIAN_POINT('',(16.6263208887752,32.851831296672,127.999999999588));
#15682=CARTESIAN_POINT('',(23.1263208883085,32.851831296672,127.999999999588));
#15683=CARTESIAN_POINT('',(23.1263208883085,32.851831296672,127.999999999588));
#15684=CARTESIAN_POINT('',(16.6263208887752,32.851831296672,127.999999999588));
#15685=CARTESIAN_POINT('',(10.1263208892419,32.851831296672,127.999999999588));
#15686=CARTESIAN_POINT('',(10.1263208892419,32.851831296672,127.999999999588));
#15687=CARTESIAN_POINT('',(2.1226065210442,48.8518312966714,134.));
#15688=CARTESIAN_POINT('',(2.1226065210442,43.4518312966714,134.));
#15689=CARTESIAN_POINT('',(2.1226065210442,43.4518312966714,129.));
#15690=CARTESIAN_POINT('',(2.1226065210442,43.4518312966714,139.));
#15691=CARTESIAN_POINT('',(2.1226065210442,48.8518312966714,129.));
#15692=CARTESIAN_POINT('',(2.1226065210442,48.8518312966714,139.));
#15693=CARTESIAN_POINT('',(-25.8773934789558,48.8518312966714,134.));
#15694=CARTESIAN_POINT('',(-25.8773934789558,43.4518312966714,134.));
#15695=CARTESIAN_POINT('',(-25.8773934789558,43.4518312966714,129.));
#15696=CARTESIAN_POINT('',(-25.8773934789558,43.4518312966714,139.));
#15697=CARTESIAN_POINT('',(-25.8773934789558,48.8518312966714,129.));
#15698=CARTESIAN_POINT('',(-25.8773934789558,48.8518312966714,139.));
#15699=CARTESIAN_POINT('',(2.1226065210442,17.8518312966714,122.5));
#15700=CARTESIAN_POINT('',(2.1226065210442,17.8518312966714,119.75));
#15701=CARTESIAN_POINT('',(2.1226065210442,17.8518312966714,119.75));
#15702=CARTESIAN_POINT('',(2.1226065210442,17.8518312966714,122.5));
#15703=CARTESIAN_POINT('',(2.1226065210442,17.8518312966714,125.25));
#15704=CARTESIAN_POINT('',(2.1226065210442,17.8518312966714,125.25));
#15705=CARTESIAN_POINT('',(-25.8773934789558,17.8518312966714,122.5));
#15706=CARTESIAN_POINT('',(-25.8773934789558,17.8518312966714,119.75));
#15707=CARTESIAN_POINT('',(-25.8773934789558,17.8518312966714,119.75));
#15708=CARTESIAN_POINT('',(-25.8773934789558,17.8518312966714,122.5));
#15709=CARTESIAN_POINT('',(-25.8773934789558,17.8518312966714,125.25));
#15710=CARTESIAN_POINT('',(-25.8773934789558,17.8518312966714,125.25));
#15711=CARTESIAN_POINT('',(2.1226065210442,48.8518312966714,134.));
#15712=CARTESIAN_POINT('',(2.1226065210442,48.8518312966714,131.25));
#15713=CARTESIAN_POINT('',(2.1226065210442,43.4518312966714,131.25));
#15714=CARTESIAN_POINT('',(2.1226065210442,43.4518312966714,134.));
#15715=CARTESIAN_POINT('',(2.1226065210442,43.4518312966714,136.75));
#15716=CARTESIAN_POINT('',(2.1226065210442,48.8518312966714,136.75));
#15717=CARTESIAN_POINT('',(-25.8773934789558,48.8518312966714,134.));
#15718=CARTESIAN_POINT('',(-25.8773934789558,48.8518312966714,131.25));
#15719=CARTESIAN_POINT('',(-25.8773934789558,43.4518312966714,131.25));
#15720=CARTESIAN_POINT('',(-25.8773934789558,43.4518312966714,134.));
#15721=CARTESIAN_POINT('',(-25.8773934789558,43.4518312966714,136.75));
#15722=CARTESIAN_POINT('',(-25.8773934789558,48.8518312966714,136.75));
#15723=CARTESIAN_POINT('',(-11.8736791112248,32.851831296672,117.));
#15724=CARTESIAN_POINT('',(-11.8736791112248,32.851831296672,128.5));
#15725=CARTESIAN_POINT('',(-18.8736791112248,32.851831296672,128.5));
#15726=CARTESIAN_POINT('',(-4.8736791112248,32.851831296672,128.5));
#15727=CARTESIAN_POINT('',(-18.8736791112248,32.851831296672,117.));
#15728=CARTESIAN_POINT('',(-18.8736791112248,32.851831296672,133.));
#15729=CARTESIAN_POINT('',(-11.8736791112248,32.851831296672,133.));
#15730=CARTESIAN_POINT('',(-4.8736791112248,32.851831296672,133.));
#15731=CARTESIAN_POINT('',(-4.8736791112248,32.851831296672,117.));
#15732=CARTESIAN_POINT('',(-11.8736791112248,32.851831296672,128.));
#15733=CARTESIAN_POINT('',(-4.3736791112248,32.851831296672,128.));
#15734=CARTESIAN_POINT('',(-4.3736791112248,32.851831296672,128.));
#15735=CARTESIAN_POINT('',(-11.8736791112248,32.851831296672,128.));
#15736=CARTESIAN_POINT('',(-19.3736791112248,32.851831296672,128.));
#15737=CARTESIAN_POINT('',(-19.3736791112248,32.851831296672,128.));
#15738=CARTESIAN_POINT('',(-51.8773934789558,48.8518312966714,140.));
#15739=CARTESIAN_POINT('',(27.6226065210442,48.8518312966714,140.));
#15740=CARTESIAN_POINT('',(27.6226065210442,13.3518312966714,140.));
#15741=CARTESIAN_POINT('',(27.6226065210442,48.3518312966714,140.));
#15742=CARTESIAN_POINT('',(-51.8773934789558,48.3518312966714,140.));
#15743=CARTESIAN_POINT('',(-51.3773934789558,48.3518312966714,140.));
#15744=CARTESIAN_POINT('',(-51.3773934789558,48.8518312966714,140.));
#15745=CARTESIAN_POINT('',(-51.3773934789558,13.3518312966714,140.));
#15746=CARTESIAN_POINT('',(-51.8773934789558,13.3518312966714,140.));
#15747=CARTESIAN_POINT('',(-11.8736791112248,32.851831296672,140.000000000449));
#15748=CARTESIAN_POINT('',(-40.3736791112248,32.851831296672,139.999999999986));
#15749=CARTESIAN_POINT('',(16.6263208887752,32.851831296672,139.99999999993));
#15750=CARTESIAN_POINT('',(-51.8773934789558,48.8518312966714,139.5));
#15751=CARTESIAN_POINT('',(-51.8773934789558,48.8518312966714,139.5));
#15752=CARTESIAN_POINT('',(-51.3773934789558,48.8518312966714,139.5));
#15753=CARTESIAN_POINT('',(-51.3773934789558,48.8518312966714,139.5));
#15754=CARTESIAN_POINT('',(27.6226065210442,48.8518312966714,139.5));
#15755=CARTESIAN_POINT('',(27.6226065210442,48.8518312966714,139.5));
#15756=CARTESIAN_POINT('',(-51.8773934789558,48.8518312966714,139.5));
#15757=CARTESIAN_POINT('',(-51.8773934789558,48.8518312966714,139.5));
#15758=CARTESIAN_POINT('',(28.1226065210442,48.8518312966714,139.5));
#15759=CARTESIAN_POINT('',(28.1226065210442,13.3518312966714,139.5));
#15760=CARTESIAN_POINT('',(28.1226065210442,13.3518312966714,139.5));
#15761=CARTESIAN_POINT('',(28.1226065210442,48.8518312966714,139.5));
#15762=CARTESIAN_POINT('',(28.1226065210442,48.3518312966714,139.5));
#15763=CARTESIAN_POINT('',(28.1226065210442,48.3518312966714,139.5));
#15764=CARTESIAN_POINT('',(-51.8773934789558,13.3518312966714,140.));
#15765=CARTESIAN_POINT('',(-51.3773934789558,13.3518312966714,140.));
#15766=CARTESIAN_POINT('',(-51.3773934789558,12.8518312966714,139.5));
#15767=CARTESIAN_POINT('',(-51.8773934789558,12.8518312966714,139.5));
#15768=CARTESIAN_POINT('',(27.6226065210442,12.8518312966714,139.5));
#15769=CARTESIAN_POINT('',(27.6226065210442,13.3518312966714,140.));
#15770=CARTESIAN_POINT('',(-51.3773934789558,48.8518312966714,140.));
#15771=CARTESIAN_POINT('',(-51.3773934789558,13.3518312966714,140.));
#15772=CARTESIAN_POINT('',(-51.8773934789558,13.3518312966714,139.5));
#15773=CARTESIAN_POINT('',(-51.3773934789558,48.3518312966714,140.));
#15774=CARTESIAN_POINT('',(-51.8773934789558,48.3518312966714,139.5));
#15775=CARTESIAN_POINT('',(-51.8773934789558,48.8518312966714,139.5));
#15776=CARTESIAN_POINT('',(-11.8736791112248,32.851831296672,140.000000000449));
#15777=CARTESIAN_POINT('',(-11.8736791112248,32.851831296672,139.5));
#15778=CARTESIAN_POINT('',(-40.3736791112248,32.851831296672,139.999999999873));
#15779=CARTESIAN_POINT('',(-40.3736791112248,32.851831296672,139.499999999543));
#15780=CARTESIAN_POINT('',(16.6263208887752,32.851831296672,139.99999999993));
#15781=CARTESIAN_POINT('',(16.6263208887752,32.851831296672,139.499999999487));
#15782=CARTESIAN_POINT('',(-51.8773934789558,48.8518312966714,128.));
#15783=CARTESIAN_POINT('',(-51.8773934789558,48.8518312966714,128.5));
#15784=CARTESIAN_POINT('',(-25.8773934789558,48.8518312970996,134.));
#15785=CARTESIAN_POINT('',(-51.8773934789558,48.8518312966714,128.));
#15786=CARTESIAN_POINT('',(-51.8773934789558,48.8518312966714,128.5));
#15787=CARTESIAN_POINT('',(-51.3773934789558,48.8518312966714,128.5));
#15788=CARTESIAN_POINT('',(-51.3773934789558,48.8518312966714,128.));
#15789=CARTESIAN_POINT('',(-51.8773934789558,48.3518312966714,139.5));
#15790=CARTESIAN_POINT('',(-51.3773934789558,48.8518312966714,139.5));
#15791=CARTESIAN_POINT('',(27.6226065210442,48.3518312966714,140.));
#15792=CARTESIAN_POINT('',(28.1226065210442,48.3518312966714,139.5));
#15793=CARTESIAN_POINT('',(-51.8773934789558,48.8518312966714,128.));
#15794=CARTESIAN_POINT('',(2.1226065210442,48.8518312970996,134.));
#15795=CARTESIAN_POINT('',(27.6226065210442,48.8518312966714,128.));
#15796=CARTESIAN_POINT('',(27.6226065210442,48.8518312966714,128.5));
#15797=CARTESIAN_POINT('',(-51.8773934789558,48.8518312966714,128.5));
#15798=CARTESIAN_POINT('',(27.6226065210442,12.8518312966714,139.5));
#15799=CARTESIAN_POINT('',(28.1226065210442,13.3518312966714,139.5));
#15800=CARTESIAN_POINT('',(28.1226065210442,48.8518312966714,140.));
#15801=CARTESIAN_POINT('',(28.1226065210442,13.3518312966714,140.));
#15802=CARTESIAN_POINT('',(28.1226065210442,13.3518312966714,117.5));
#15803=CARTESIAN_POINT('',(28.1226065210442,48.8518312966714,117.5));
#15804=CARTESIAN_POINT('',(28.1226065210442,22.3518312966714,117.5));
#15805=CARTESIAN_POINT('',(28.1226065210442,22.3518312966714,140.));
#15806=CARTESIAN_POINT('',(28.1226065210442,22.3518312966714,128.5));
#15807=CARTESIAN_POINT('',(28.1226065210442,48.8518312966714,128.5));
#15808=CARTESIAN_POINT('',(28.1226065210442,48.3518312966714,128.5));
#15809=CARTESIAN_POINT('',(28.1226065210442,48.3518312966714,140.));
#15810=CARTESIAN_POINT('',(-51.8773934789558,13.3518312966714,139.5));
#15811=CARTESIAN_POINT('',(-51.3773934789558,12.8518312966714,139.5));
#15812=CARTESIAN_POINT('',(-51.8773934789558,12.8518312966714,140.));
#15813=CARTESIAN_POINT('',(27.6226065210442,12.8518312966714,140.));
#15814=CARTESIAN_POINT('',(27.6226065210442,12.8518312966714,117.5));
#15815=CARTESIAN_POINT('',(-51.3773934789558,12.8518312966714,140.));
#15816=CARTESIAN_POINT('',(-51.3773934789558,12.8518312966714,117.5));
#15817=CARTESIAN_POINT('',(-51.8773934789558,12.8518312966714,117.5));
#15818=CARTESIAN_POINT('',(2.1226065210442,12.8518312967003,122.5));
#15819=CARTESIAN_POINT('',(-25.8773934789558,12.8518312965866,122.5));
#15820=CARTESIAN_POINT('',(2.1226065210442,12.8518312966435,134.));
#15821=CARTESIAN_POINT('',(-25.8773934789558,12.8518312966435,134.));
#15822=CARTESIAN_POINT('',(-51.8773934789558,48.8518312966714,140.));
#15823=CARTESIAN_POINT('',(-51.8773934789558,48.8518312966714,117.5));
#15824=CARTESIAN_POINT('',(-51.8773934789558,13.3518312966714,117.5));
#15825=CARTESIAN_POINT('',(-51.8773934789558,22.3518312966714,117.5));
#15826=CARTESIAN_POINT('',(-51.8773934789558,13.3518312966714,140.));
#15827=CARTESIAN_POINT('',(-51.8773934789558,48.3518312966714,140.));
#15828=CARTESIAN_POINT('',(-51.8773934789558,48.3518312966714,128.5));
#15829=CARTESIAN_POINT('',(-51.8773934789558,48.8518312966714,128.5));
#15830=CARTESIAN_POINT('',(-51.8773934789558,22.3518312966714,128.5));
#15831=CARTESIAN_POINT('',(-51.8773934789558,22.3518312966714,140.));
#15832=CARTESIAN_POINT('',(-11.8736791112248,32.851831296672,133.));
#15833=CARTESIAN_POINT('',(-11.8736791112248,32.851831296672,133.));
#15834=CARTESIAN_POINT('',(-40.3736791112248,32.851831296672,140.));
#15835=CARTESIAN_POINT('',(-40.3736791112248,32.851831296672,128.5));
#15836=CARTESIAN_POINT('',(16.6263208887752,32.851831296672,140.));
#15837=CARTESIAN_POINT('',(16.6263208887752,32.851831296672,128.5));
#15838=CARTESIAN_POINT('',(2.1226065210442,48.8518312970996,134.));
#15839=CARTESIAN_POINT('',(2.1226065210442,48.3518312967135,134.));
#15840=CARTESIAN_POINT('',(-25.8773934789558,48.8518312970996,134.));
#15841=CARTESIAN_POINT('',(-25.8773934789558,48.3518312966567,134.));
#15842=CARTESIAN_POINT('',(-51.8773934789558,48.3518312966714,128.));
#15843=CARTESIAN_POINT('',(27.6226065210442,48.3518312966714,128.));
#15844=CARTESIAN_POINT('',(27.6226065210442,48.3518312966714,128.));
#15845=CARTESIAN_POINT('',(-51.8773934789558,48.3518312966714,128.));
#15846=CARTESIAN_POINT('',(-51.3773934789558,48.3518312966714,128.));
#15847=CARTESIAN_POINT('',(-51.3773934789558,48.3518312966714,128.));
#15848=CARTESIAN_POINT('',(-51.3773934789558,48.8518312966714,128.));
#15849=CARTESIAN_POINT('',(-51.3773934789558,48.8518312966714,128.5));
#15850=CARTESIAN_POINT('',(28.1226065210442,48.3518312966714,140.));
#15851=CARTESIAN_POINT('',(28.1226065210442,48.3518312966714,128.5));
#15852=CARTESIAN_POINT('',(28.1226065210442,13.3518312966714,140.));
#15853=CARTESIAN_POINT('',(28.1226065210442,13.3518312966714,117.5));
#15854=CARTESIAN_POINT('',(27.6226065210442,48.8518312966714,128.));
#15855=CARTESIAN_POINT('',(28.1226065210442,22.3518312966714,128.5));
#15856=CARTESIAN_POINT('',(27.6226065210442,22.8518312966714,128.));
#15857=CARTESIAN_POINT('',(27.6226065210442,48.8518312966714,128.));
#15858=CARTESIAN_POINT('',(27.6226065210442,48.3518312966714,128.));
#15859=CARTESIAN_POINT('',(27.6226065210442,22.8518312966714,140.));
#15860=CARTESIAN_POINT('',(28.1226065210442,22.3518312966714,117.5));
#15861=CARTESIAN_POINT('',(27.6226065210442,22.8518312966714,117.));
#15862=CARTESIAN_POINT('',(27.6226065210442,22.8518312966714,140.));
#15863=CARTESIAN_POINT('',(28.1226065210442,48.8518312966714,117.5));
#15864=CARTESIAN_POINT('',(28.1226065210442,13.3518312966714,117.5));
#15865=CARTESIAN_POINT('',(27.6226065210442,13.3518312966714,117.));
#15866=CARTESIAN_POINT('',(27.6226065210442,48.8518312966714,117.));
#15867=CARTESIAN_POINT('',(-51.8773934789558,12.8518312966714,117.5));
#15868=CARTESIAN_POINT('',(-51.8773934789558,13.3518312966714,117.));
#15869=CARTESIAN_POINT('',(-51.3773934789558,13.3518312966714,117.));
#15870=CARTESIAN_POINT('',(27.6226065210442,12.8518312966714,117.5));
#15871=CARTESIAN_POINT('',(-51.3773934789558,12.8518312966714,117.5));
#15872=CARTESIAN_POINT('',(-51.3773934789558,12.8518312966714,140.));
#15873=CARTESIAN_POINT('',(-51.3773934789558,12.8518312966714,117.5));
#15874=CARTESIAN_POINT('',(2.1226065210442,12.8518312967572,122.5));
#15875=CARTESIAN_POINT('',(2.1226065210442,13.3518312970295,122.5));
#15876=CARTESIAN_POINT('',(-25.8773934789558,12.8518312965866,122.5));
#15877=CARTESIAN_POINT('',(-25.8773934789558,13.3518312970295,122.5));
#15878=CARTESIAN_POINT('',(2.1226065210442,12.8518312967003,134.));
#15879=CARTESIAN_POINT('',(2.1226065210442,13.3518312970864,134.));
#15880=CARTESIAN_POINT('',(-25.8773934789558,12.8518312967572,134.));
#15881=CARTESIAN_POINT('',(-25.8773934789558,13.3518312970864,134.));
#15882=CARTESIAN_POINT('',(-51.8773934789558,22.3518312966714,140.));
#15883=CARTESIAN_POINT('',(-51.3773934789558,22.8518312966714,128.));
#15884=CARTESIAN_POINT('',(-51.3773934789558,22.8518312966714,128.));
#15885=CARTESIAN_POINT('',(-51.3773934789558,22.8518312966714,140.));
#15886=CARTESIAN_POINT('',(-51.3773934789558,22.8518312966714,117.));
#15887=CARTESIAN_POINT('',(-51.8773934789558,22.3518312966714,117.5));
#15888=CARTESIAN_POINT('',(-51.3773934789558,12.8518312966714,117.));
#15889=CARTESIAN_POINT('',(-51.3773934789558,13.3518312966714,117.));
#15890=CARTESIAN_POINT('',(-51.3773934789558,12.8518312966714,117.));
#15891=CARTESIAN_POINT('',(-51.8773934789558,48.8518312966714,128.5));
#15892=CARTESIAN_POINT('',(-51.3773934789558,48.8518312966714,128.));
#15893=CARTESIAN_POINT('',(-51.8773934789558,48.3518312966714,128.5));
#15894=CARTESIAN_POINT('',(-11.8736791112248,32.851831296672,133.));
#15895=CARTESIAN_POINT('',(-11.8736791112248,32.851831296672,133.));
#15896=CARTESIAN_POINT('',(-40.3736791112248,32.851831296672,127.999999999588));
#15897=CARTESIAN_POINT('',(-40.3736791112248,32.851831296672,127.999999999588));
#15898=CARTESIAN_POINT('',(16.6263208887752,32.851831296672,127.999999999588));
#15899=CARTESIAN_POINT('',(16.6263208887752,32.851831296672,127.999999999588));
#15900=CARTESIAN_POINT('',(2.1226065210442,48.8518312966714,134.));
#15901=CARTESIAN_POINT('',(2.1226065210442,43.4518312966714,134.));
#15902=CARTESIAN_POINT('',(-25.8773934789558,48.8518312966714,134.));
#15903=CARTESIAN_POINT('',(-25.8773934789558,43.4518312966714,134.));
#15904=CARTESIAN_POINT('',(-51.3773934789558,48.3518312966714,128.));
#15905=CARTESIAN_POINT('',(-51.8773934789558,48.8518312966714,128.));
#15906=CARTESIAN_POINT('',(-11.8736791112248,32.851831296672,128.));
#15907=CARTESIAN_POINT('',(-51.8773934789558,17.8518312966714,128.));
#15908=CARTESIAN_POINT('',(-33.0986684155918,17.8518312966714,128.));
#15909=CARTESIAN_POINT('',(9.35131019314226,17.8518312966714,128.));
#15910=CARTESIAN_POINT('',(-33.6901480046815,19.5214547802538,128.));
#15911=CARTESIAN_POINT('',(-33.6901480046815,19.5214547802537,128.));
#15912=CARTESIAN_POINT('',(-38.4031467764902,17.8518312966714,128.));
#15913=CARTESIAN_POINT('',(-38.4031467764902,22.8518312966714,128.));
#15914=CARTESIAN_POINT('',(-51.8773934789558,22.8518312966714,128.));
#15915=CARTESIAN_POINT('',(-51.8773934789558,22.8518312966714,128.));
#15916=CARTESIAN_POINT('',(14.6557885540406,22.8518312966714,128.));
#15917=CARTESIAN_POINT('',(14.6557885540406,17.8518312966714,128.));
#15918=CARTESIAN_POINT('',(9.94278978223189,19.5214547802537,128.));
#15919=CARTESIAN_POINT('',(9.35131019314226,17.8518312966714,128.));
#15920=CARTESIAN_POINT('',(28.1226065210442,48.3518312966714,128.5));
#15921=CARTESIAN_POINT('',(27.6226065210442,12.8518312966714,117.5));
#15922=CARTESIAN_POINT('',(-51.8773934789558,22.8518312966714,140.));
#15923=CARTESIAN_POINT('',(-51.8773934789558,22.8518312966714,117.));
#15924=CARTESIAN_POINT('',(14.6557885540406,22.8518312966714,117.));
#15925=CARTESIAN_POINT('',(14.6557885540406,22.8518312966714,140.));
#15926=CARTESIAN_POINT('',(-51.8773934789558,12.8518312966714,117.));
#15927=CARTESIAN_POINT('',(-51.8773934789558,22.8518312966714,117.));
#15928=CARTESIAN_POINT('',(-38.4031467764902,22.8518312966714,117.));
#15929=CARTESIAN_POINT('',(-38.4031467764902,17.8518312966714,117.));
#15930=CARTESIAN_POINT('',(-33.6901480046815,19.5214547802537,117.));
#15931=CARTESIAN_POINT('',(-33.6901480046815,19.5214547802538,117.));
#15932=CARTESIAN_POINT('',(-33.0986684155918,17.8518312966714,117.));
#15933=CARTESIAN_POINT('',(-51.8773934789558,17.8518312966714,117.));
#15934=CARTESIAN_POINT('',(9.35131019314226,17.8518312966714,117.));
#15935=CARTESIAN_POINT('',(9.35131019314225,17.8518312966714,117.));
#15936=CARTESIAN_POINT('',(9.94278978223185,19.5214547802536,117.));
#15937=CARTESIAN_POINT('',(14.6557885540406,17.8518312966714,117.));
#15938=CARTESIAN_POINT('',(-51.3773934789558,13.3518312966714,117.));
#15939=CARTESIAN_POINT('',(2.1226065210442,17.8518312966714,122.5));
#15940=CARTESIAN_POINT('',(2.1226065210442,17.8518312966714,122.5));
#15941=CARTESIAN_POINT('',(-25.8773934789558,17.8518312966714,122.5));
#15942=CARTESIAN_POINT('',(-25.8773934789558,17.8518312966714,122.5));
#15943=CARTESIAN_POINT('',(2.1226065210442,48.8518312966714,134.));
#15944=CARTESIAN_POINT('',(2.1226065210442,43.4518312966714,134.));
#15945=CARTESIAN_POINT('',(-25.8773934789558,48.8518312966714,134.));
#15946=CARTESIAN_POINT('',(-25.8773934789558,43.4518312966714,134.));
#15947=CARTESIAN_POINT('',(-51.8773934789558,22.8518312966714,140.));
#15948=CARTESIAN_POINT('',(-38.4031467764902,22.8518312966714,140.));
#15949=CARTESIAN_POINT('',(-11.8736791112248,32.851831296672,117.));
#15950=CARTESIAN_POINT('',(-11.8736791112248,32.851831296672,128.5));
#15951=CARTESIAN_POINT('',(2.1226065210442,43.4518312966714,131.25));
#15952=CARTESIAN_POINT('',(-25.8773934789558,43.4518312966714,131.25));
#15953=CARTESIAN_POINT('',(-11.8736791112248,32.851831296672,128.));
#15954=CARTESIAN_POINT('',(11.1226065210442,22.8518312966714,174.263555975774));
#15955=CARTESIAN_POINT('',(9.94278978223189,19.5214547802537,174.263555975774));
#15956=CARTESIAN_POINT('',(9.35131019314226,17.8518312966714,174.263555975774));
#15957=CARTESIAN_POINT('',(-33.0986684155918,17.8518312966714,174.263555975774));
#15958=CARTESIAN_POINT('',(-33.0986684155918,17.8518312966714,174.263555975774));
#15959=CARTESIAN_POINT('',(-34.8699647434939,22.8518312966714,174.263555975774));
#15960=CARTESIAN_POINT('',(-33.6901480046815,19.5214547802538,174.263555975774));
#15961=CARTESIAN_POINT('',(-38.4031467764902,17.8518312966714,140.));
#15962=CARTESIAN_POINT('',(14.6557885540406,17.8518312966714,174.263555975774));
#15963=MECHANICAL_DESIGN_GEOMETRIC_PRESENTATION_REPRESENTATION('',(#9289,
#9290,#9291,#9292,#9293,#9294,#9295,#9296,#9297,#9298),#15964);
#15964=(
GEOMETRIC_REPRESENTATION_CONTEXT(3)
GLOBAL_UNCERTAINTY_ASSIGNED_CONTEXT((#15965))
GLOBAL_UNIT_ASSIGNED_CONTEXT((#15968,#15967,#15966))
REPRESENTATION_CONTEXT('GGP-50','TOP_LEVEL_ASSEMBLY_PART')
);
#15965=UNCERTAINTY_MEASURE_WITH_UNIT(LENGTH_MEASURE(0.005),#15968,
'DISTANCE_ACCURACY_VALUE','Maximum Tolerance applied to model');
#15966=(
NAMED_UNIT(*)
SI_UNIT($,.STERADIAN.)
SOLID_ANGLE_UNIT()
);
#15967=(
NAMED_UNIT(*)
PLANE_ANGLE_UNIT()
SI_UNIT($,.RADIAN.)
);
#15968=(
LENGTH_UNIT()
NAMED_UNIT(*)
SI_UNIT(.MILLI.,.METRE.)
);
#15969=PRODUCT_DEFINITION_SHAPE('','',#15970);
#15970=PRODUCT_DEFINITION('','',#15972,#15971);
#15971=PRODUCT_DEFINITION_CONTEXT('',#15978,'design');
#15972=PRODUCT_DEFINITION_FORMATION_WITH_SPECIFIED_SOURCE('','',#15974,
 .NOT_KNOWN.);
#15973=PRODUCT_RELATED_PRODUCT_CATEGORY('','',(#15974));
#15974=PRODUCT('GGP-50','GGP-50','GGP-50',(#15976));
#15975=PRODUCT_CATEGORY('','');
#15976=PRODUCT_CONTEXT('',#15978,'mechanical');
#15977=APPLICATION_PROTOCOL_DEFINITION('international standard',
'ap242_managed_model_based_3d_engineering',2011,#15978);
#15978=APPLICATION_CONTEXT('managed model based 3d engineering');
ENDSEC;
END-ISO-10303-21;
